customer_id,name,email,city,age
8576,Stacey Salazar,invalid-email,South Jesse,57
3743,Kendra Henderson,smithchelsea@example.com,Port Karenview,43
6232,Michael Farmer,langthomas@example.com,Manuelberg,24
5724,Zachary Howard,william78@example.org,Lake David,59
8988,Robert Kennedy,daniel47@example.net,North Rhonda,52
6523,Jessica Cox,howetimothy@example.com,South Anne,38
3150,Kathryn Peterson,rfuentes@example.net,Bennettport,44
2877,Stephen Williams,jose85@example.net,Bridgesville,28
5915,Cole Garrett,zacharyhernandez@example.com,North Michaelmouth,61
7745,Mary Stephens,rmyers@example.com,Katherinemouth,63
5701,Jack Powell,rickyshannon@example.org,Port Jenniferberg,70
4690,Greg Fuller,johnchung@example.com,East Amy,39
1781,James Richardson,joan82@example.com,Port Jessicaside,21
8905,Jesse Jones,zklein@example.com,Rhondaside,55
4360,Kathryn Blackwell,sbrooks@example.com,Jasonmouth,53
7733,Kathleen Landry,seth01@example.net,East Brenda,27
3795,Jessica Hayes,robert85@example.com,New Lisa,18
3371,Joy Ochoa,jessicamoore@example.com,Lindaberg,57
6014,Brady Gould,vschroeder@example.net,West Elizabethside,69
5804,Abigail Johnston,yolandataylor@example.com,North Carla,23
8779,Veronica Andrews,invalid-email,Suttonfort,55
9078,Michelle Figueroa,marshstephen@example.com,Youngberg,47
3054,Veronica Franklin,garciajames@example.org,Williamshire,66
3289,Nicole Booker,jessicaortiz@example.com,Cisnerosmouth,21
2590,Charles Wallace,uperry@example.org,Lopezshire,61
8058,Emily Howard,kevin06@example.com,East Elizabethmouth,55
4588,Kristin Morgan,seanstephens@example.org,Delgadobury,53
34,Jesus Davis,cummingscaitlin@example.com,Mollyport,21
6389,Becky Taylor,brooksjoseph@example.net,Hannahtown,21
7195,Mandy Davis,danielsjeffrey@example.com,Lake Pammouth,55
8378,Morgan Hernandez,tiffanyhernandez@example.com,Flowerschester,45
4817,Denise Chavez,rossanthony@example.com,Port Davidmouth,62
901,Victor Robinson,kerrmichael@example.com,Lake Seanfort,68
766,Katherine Gross,linda88@example.org,Williamstown,50
7551,Kevin Jones,wromero@example.com,Kimmouth,30
734,Zachary Serrano,amandaburns@example.com,Lake Traci,65
5910,Billy Macias,davisjamie@example.org,West Adamberg,47
569,Sharon Farmer,brandonsmith@example.net,New Karenville,30
1255,Darren Beck,danielthomas@example.org,Port Jamesland,65
9602,Michael Marquez,yharris@example.com,Lauraton,21
3616,Michael Williams,elizabethroberts@example.com,Dawnmouth,44
8354,Francisco Maldonado,josephmonroe@example.org,Buckshire,69
5318,Nicole Harrison,bpatel@example.com,South Jacobfurt,70
40,Sandra Carter,dlee@example.org,Andreaview,32
9202,Sarah Shepherd,odonnelljames@example.com,West Michelle,30
3393,Molly Jimenez,jasonferguson@example.net,North Julie,54
5441,Brian Parks,amber16@example.com,Port Matthewtown,48
3929,David Hernandez,qcruz@example.com,South Lauriechester,65
1414,Wendy Grant,robertoriley@example.org,Lake Drewfurt,29
5290,Daniel Rodriguez,dianabutler@example.org,Jasonfurt,46
9748,Daniel Lindsey,edward65@example.net,Vanceville,35
9161,Joshua Edwards,mcisneros@example.net,Burnsside,52
5182,Kyle Hughes,jennifermartinez@example.net,New Brandon,58
5124,Alan Nixon,matthewsheather@example.com,New Joshuaburgh,33
6422,Andrew Gordon,james69@example.net,West Jamesland,50
9437,Lisa Pugh,oholmes@example.net,East Erik,56
3127,Andrea Jones,darmstrong@example.org,Nguyenborough,34
8841,Sheena Gallagher,christopher17@example.net,Port Wesley,36
1958,Denise Johnson,brandi30@example.org,Harrisbury,43
8970,Justin Day,oscar10@example.net,New Joel,45
1184,Lisa Francis,russellrandall@example.net,West James,36
9104,Daniel Parker,silvachristopher@example.org,Simpsonville,55
4348,John Gonzales,kelly78@example.org,Lake Michaelborough,52
252,Christine Stevens,william86@example.org,Markberg,67
1473,Antonio Mcintyre,delgadocynthia@example.org,South Amy,37
6224,Mark Larsen,marshalltracy@example.org,Vancebury,70
5358,Debra Price,sandovalnancy@example.com,Loganport,42
97,Ashley Hill,marshallkeith@example.net,Cliffordberg,37
7809,Amanda Crawford,tylersanchez@example.org,Port Sandraton,40
4793,Cynthia Bentley,dawn33@example.com,East Gary,40
6484,Gary Mason,tstewart@example.org,Amychester,58
4170,Allen Frazier,mitchelljason@example.net,Dayburgh,33
2393,John Johnson,lawsonkaylee@example.org,Nelsonburgh,25
2445,Blake Garza,mcbridejennifer@example.com,Catherineshire,47
4885,Melinda Arnold,shaneyoung@example.org,Noahton,34
1609,Stephen Campbell,asnyder@example.org,South Henryberg,65
108,Melanie Foster,ronaldbarnes@example.org,Chaveztown,23
9878,Mia James,,West Kellymouth,41
1218,Joseph Frost,ibrown@example.com,South Yvonneton,38
7493,Peter Chambers,ronniebeasley@example.org,Hooverfurt,54
304,Emily Everett,kevin97@example.com,Bryanchester,38
9240,Kevin Figueroa,steven01@example.net,Miguelchester,18
2475,Dustin Russell,annele@example.net,Schultzfurt,41
2336,Andrea Allen,christopher07@example.com,North Kariborough,47
1072,Gabriella Arnold,moralesgail@example.net,North Kristaville,48
1513,Diane Perez,holmescody@example.org,West Seanton,22
170,Mrs. Lisa Simon,mcconnelljoshua@example.net,Port Elizabethton,66
1627,Roy Khan,kellydonald@example.com,West James,22
6005,Kaitlyn Spence,stevewright@example.net,Joelside,59
5326,Cathy Salazar,wkirk@example.org,Burnschester,50
577,Tyler Miller,fisherelizabeth@example.net,North Justin,45
4048,Renee Castaneda,mitchellaudrey@example.org,West Ryan,33
8753,Michael Solis,jamesporter@example.net,North Barbara,66
8141,Stephanie Sullivan,audrey43@example.net,Wilsonside,21
6146,Courtney Lewis,leelori@example.com,Davidborough,21
1651,Jacqueline Waters,braymond@example.net,North Dawn,54
7518,Timothy Jacobs,jonessusan@example.com,East Erikstad,-5
1731,Sophia Villanueva,latoya26@example.net,Leeton,52
8601,John Johnson,crystalbrandt@example.com,Millerhaven,38
7064,Kayla Phillips,oscarpayne@example.net,Davidchester,19
5285,James Pena,ginasanders@example.net,Laurenfurt,46
9730,Peter Maddox,psolis@example.org,Port Jasonburgh,31
7741,Dr. Elizabeth Woods,kimberly10@example.net,Parkermouth,68
322,Angela Oneill,stephenwade@example.net,Lake Philip,44
9024,Corey Watson,angela92@example.net,Tuckerberg,21
2192,Rebecca Hernandez,lopezsamantha@example.com,West Matthewchester,48
4152,Elizabeth Moses,abbottmelissa@example.org,New Jamesfort,38
2974,Victor Whitney,kristinfitzgerald@example.net,Salazarview,57
7876,Chris Johnson,tommymartin@example.com,Kellyview,50
2488,Justin Williams,pcole@example.net,Donaldville,27
7672,Michael Cooper,eric21@example.com,South Eric,61
501,John Hughes,zbaker@example.net,Lake Gary,18
938,Jason Bowers,wilcoxtracy@example.org,Williamston,45
2626,Morgan Martinez,victorobrien@example.org,Harrisville,52
4605,Brittany Jacobson,,Matthewfurt,21
6018,James Terry,thomas45@example.net,Yatesburgh,45
4788,Isaac Fritz,lelliott@example.net,Port Nicole,61
440,Victor Gonzalez,welchmeghan@example.net,Williamfurt,28
7552,Thomas Orr,johnsontoni@example.net,Brianshire,58
625,Harold Johnson,coletaylor@example.net,Thompsonborough,49
1509,John Tate,lisa78@example.net,Allenberg,61
9346,Tara Gonzalez,conradcindy@example.net,Heathertown,44
8766,Victor Mullins,terri92@example.org,Lake Neilmouth,55
2535,Debra Hunt,ashley59@example.com,Port Sarahmouth,25
8889,Shannon Chambers,kelly45@example.com,Waltersland,31
656,Andrea Frank,fstevenson@example.org,North Cherylborough,59
3413,Jamie Johnson,mcdanielpaul@example.net,West Chad,56
7355,Sheila Hooper,russellanna@example.com,Patriciaborough,60
519,Sandra Robinson,justin98@example.org,Stephenbury,23
4990,Austin Davis,shirleyedwards@example.net,Jessicaberg,66
347,Tina Burke,weberbarbara@example.org,Anthonyland,54
5131,Melissa Fritz,gbennett@example.org,North Amandamouth,46
2305,Nicole Lee,kellie21@example.net,Jacquelineport,19
2139,Monica Jones,fieldsjon@example.net,Ronaldhaven,51
316,Joshua Reed,kingalyssa@example.org,Lake Brettfort,54
9364,Michael Thomas MD,emily82@example.org,Snyderburgh,33
674,Amy Gomez,michaelgreen@example.com,East Leahstad,44
2997,Kathleen Perry,anorman@example.net,Claytonside,34
9639,Jeremiah Anderson,moralespaul@example.com,Smithtown,57
3353,Melanie Williams,ashleydavis@example.net,Bellport,61
484,David Villa,bobbyweaver@example.com,East Michael,47
1684,Barbara Macias,martinezholly@example.org,Port Brian,57
8883,Tammy Wilson,danielelliott@example.org,Martinezview,41
9051,Jennifer Fuller,gerald43@example.org,Bradychester,30
7611,Anthony Medina,cindy72@example.org,South James,51
8912,John Webb,kristen56@example.org,Hallhaven,56
1124,Jennifer Sherman,davilacorey@example.com,New Jacqueline,21
5577,Maria Shaw,dana36@example.com,Davisberg,62
6267,Sandra Martinez,invalid-email,East Tracy,53
1596,Elizabeth Snyder,matthew05@example.org,West Laura,31
762,Laura Hughes,kevin05@example.com,Ashleyville,65
8665,Angela Frye,daustin@example.org,Lake Joshualand,32
8350,Amy Moore,michaelferguson@example.com,North Ronald,55
7497,Jorge Bowers,ireilly@example.com,East Haleymouth,59
2030,Tanya Hampton,stephanie97@example.com,Kyleton,24
6836,Christopher Liu,wilsontimothy@example.net,Martinezton,58
3964,Tiffany Hardy,alex81@example.net,Pooleland,35
7499,Stephanie Lynch,cwilson@example.net,South Donna,27
260,Joseph Flores,zgraham@example.net,Lynchtown,19
3095,Taylor Grimes,fcox@example.org,Angelaton,60
953,Courtney Silva,lisacox@example.net,Lake Amberfurt,59
9818,Connie Duran,xanderson@example.org,Harmonberg,36
4056,Jennifer Thomas,michellelewis@example.net,Sarafurt,48
7287,Edward Wilkinson,orozcophillip@example.org,North Amber,31
312,Tracy Porter,harrisdavid@example.org,Jasonland,34
4694,Krista Smith,dianebarnes@example.com,Jodybury,43
2129,Laura Carlson,adamsjonathan@example.com,North Robertside,41
7208,Michael Acosta,petergill@example.org,New Thomas,24
933,Emily Mckenzie,timothymiller@example.net,East Brianburgh,26
32,Robert Vasquez,garneralexander@example.org,Craigberg,40
36,Jessica Turner,valeriemcdaniel@example.com,Wilsonstad,33
6097,Philip Hardy,wendydorsey@example.org,Port Tommyfurt,69
6557,Ashley Adkins,johnsonbryce@example.net,Danielfort,55
9229,Stephanie Conley,christopher65@example.net,West Brianchester,57
6602,Nicole Lloyd,kflores@example.net,East Timothy,0
8787,Brittney Morgan,yhall@example.org,North Nicolemouth,21
6129,Ryan Martinez,vancetraci@example.com,Josephborough,23
3379,Shawn Gomez,ksanchez@example.net,New Matthewview,45
5383,Tyler Murray,destinyray@example.net,South Michael,62
2819,Wendy Spencer,brittanywong@example.org,Davidsonton,55
4050,Phillip Carrillo,yclay@example.org,Port Annette,18
8222,Jamie Smith,johnstonvictor@example.net,Deborahborough,32
6395,Ann Harvey,jeffrey22@example.net,Lauramouth,52
9285,Steven Nunez,whitewilliam@example.net,Lake Williambury,52
3521,Veronica Moss,stephanie24@example.org,Port Garrettmouth,62
6729,Mary Munoz,dfranklin@example.net,Vickiton,45
5307,Michelle Brown,davilafrank@example.com,South Jason,55
296,Marie Wright,spencerpowell@example.org,South Suzannemouth,32
2725,Ricky Bryant,ryan15@example.org,Chavezmouth,58
7768,William Wang,slong@example.net,South Alyssa,53
81,Heather Nguyen,invalid-email,Glennshire,61
5585,Kenneth Brown,brendakelley@example.com,Lambville,48
1954,Carly Randall,jackrodriguez@example.org,Wrightville,31
3394,Matthew Frye,,Port Cynthiaport,28
8858,Kristin Oneill,scottphillips@example.net,Jordanstad,49
4011,Daniel King,josephvelasquez@example.com,Port Christina,38
6728,Paul Williams,prattleonard@example.org,Clarkside,60
1311,Ashley Blackwell,vsanchez@example.com,Adamsstad,33
9924,David Anderson,qhernandez@example.net,Thomasfurt,63
8266,Dustin Hudson,acostajessica@example.net,Stoneport,59
120,Jennifer Graham,taraperry@example.org,Veronicaborough,46
3890,Jonathan Wright,coreycervantes@example.org,South Elizabethchester,41
4780,Julia Arias,christophergutierrez@example.net,South Christinaland,62
6844,James Lewis,suttonlaurie@example.org,Mathistown,57
3209,Alejandro Mcclure,pdaniels@example.net,Jamesborough,41
8828,Amanda Knight,michaelgray@example.org,Lake Samanthahaven,70
8480,Melissa Wolfe,jeffreystanley@example.org,Lake Krystalstad,41
4973,Cheyenne Horton,mgray@example.org,Simmonsberg,67
7582,Victoria Fry,jasonbush@example.com,Myersstad,38
3539,Ashley Morales,erickoch@example.com,New Matthew,30
2516,Betty West,christinebrock@example.net,South Gary,67
7882,Jessica Lyons,xyoung@example.org,North Maryshire,20
2190,Alex Jenkins,willie10@example.org,East Kerri,68
5730,Donna Aguilar,mendozamorgan@example.net,East Kellybury,26
3870,Matthew Caldwell,rmorgan@example.net,Natalieton,45
7723,Joseph Andrews,masseychristina@example.com,West Christopher,27
1146,Jorge Perez,dudleyjonathan@example.net,New Renee,56
1454,Danielle Kidd,martinadriana@example.net,Lewisburgh,37
7710,Robert Spencer,rbridges@example.com,Ellenport,23
2320,Brooke Velez,josephhale@example.org,South Briannaberg,51
3351,Joshua Quinn,uallen@example.com,Spearsmouth,28
2961,Leroy Reyes,michael21@example.net,Morenoland,69
4519,John Strickland,tiffanyvaldez@example.org,North Maryfort,47
1459,David Fuller,perezeric@example.org,Meredithstad,30
305,Norma Huffman,christopher95@example.net,Jackstad,23
9085,Sheila Reid,christinehoward@example.org,Smithport,60
322,Angela Oneill,stephenwade@example.net,Lake Philip,44
3398,Sandra Johnson,qhoward@example.com,Feliciaview,54
5387,John Smith,laurie99@example.com,Mcgeeview,21
4769,Howard Payne,michaelbrown@example.org,New David,65
8313,Nichole Lane,martinezmichael@example.com,Hardychester,53
1544,Christina Chambers,gwolf@example.org,West Reginald,23
2046,Kimberly Bennett,jenniferthompson@example.com,Jessicaview,33
1356,Dean Deleon,bridgetedwards@example.net,Lake Meganhaven,56
622,Erin Elliott,,Lake Justinmouth,35
2253,Bob Jacobson,jeffreyscott@example.net,Hannahburgh,23
8087,Joanna Lee,diazchristopher@example.org,Lake Samuelmouth,21
2685,Ashley Russo,smarsh@example.org,Hallview,23
4851,Jeremiah Martinez,javiershaffer@example.com,East Amber,70
9810,Jaime Jones,sarah60@example.net,Alimouth,25
3402,Stephanie Thornton,brookslawrence@example.org,Wendyburgh,32
2158,Jennifer Brown,stevenharris@example.net,New Jasonfort,42
5357,Nancy Grant,ewingdonald@example.org,Youngberg,60
3910,Sheila Oconnor,josephfloyd@example.net,Patrickhaven,47
6856,Dr. Sherry Jones MD,bhicks@example.com,Ericksontown,70
4229,Jane Howard,kennethjackson@example.net,Boylefurt,55
5995,Sandra Anderson,erikgarcia@example.org,Jamestown,20
7002,Ashley Moran,nataliefitzpatrick@example.com,Taylorchester,47
3746,Rodney Rice,jessica91@example.org,East Markshire,23
1023,Eric Hopkins,dorseymichael@example.net,Port Michael,27
6383,Kenneth Frost,margaretsmith@example.org,Sandovalfurt,40
7270,Linda Guzman,david78@example.org,Lake Nataliemouth,30
3210,Rebecca Todd,gstanley@example.net,Smithshire,40
3072,Denise Horne PhD,phillipsmichael@example.net,North Edward,52
7583,Cody Barry,peter12@example.com,North Maria,57
8084,Taylor Bishop,,Port Katherine,62
3603,Kathryn Hamilton,kelly45@example.com,New Kristenstad,70
5334,Kimberly Terry,jessica97@example.net,South Anthony,41
2255,Carla Brown,thompsonamanda@example.org,East Bethany,52
374,Lauren Steele,jacquelinerichardson@example.com,Port Briantown,23
9357,Justin Smith,fevans@example.org,Lake Lori,54
1834,Larry Perez,itucker@example.com,New Matthew,66
8689,Henry Fuller,pjohnson@example.com,Rebeccafort,64
2520,David Anderson,stacey57@example.org,Tiffanyhaven,27
3609,Eric Malone,emilyevans@example.net,North Meganville,29
1594,Linda Kirk,anitayoung@example.com,Port Collinchester,57
1703,Mr. Donald Welch,sheltonann@example.org,Leeport,47
6563,Patrick Smith,terry24@example.com,Lake Brandonport,42
8447,Kelly Stewart,stephaniejackson@example.com,Manningtown,30
2767,Jacob Ramirez,invalid-email,South Josephland,61
6735,Joseph Warner,cheryl21@example.org,Dorothyview,66
2123,Lance Russell,mitchell56@example.net,Port Robert,31
3474,Matthew Simpson,invalid-email,Gomezton,35
5970,Christine Koch,melissa64@example.com,Thomasview,22
1088,James Hartman,fowlerdrew@example.com,Port Ashleybury,54
6903,Debra Turner,thull@example.com,Ryanview,44
7772,Joshua Martin,travis15@example.com,New Craig,69
2949,Steven Foster,garciabrianna@example.org,Mcdowellside,59
6391,Antonio Watts,greengregory@example.com,North Joseph,36
6111,Nancy Brown,reynoldstoni@example.net,Mendozachester,39
1108,Ryan Barnes,,Brianfort,44
6278,Lonnie Phillips,englishrhonda@example.net,Erinstad,51
3881,Sean Gonzalez,willie64@example.com,Melissastad,61
5478,Sherry Smith,matthew73@example.net,Davidmouth,26
5428,Michael Jackson,freemanbecky@example.com,New Paulfurt,27
9637,Benjamin Williams,thomas15@example.org,East Feliciafurt,66
9601,Stephanie Clay,raymondmays@example.com,Rogershaven,55
714,Jeffrey Smith,thall@example.net,New Jessemouth,62
5747,Gina Williamson,jlowe@example.org,Williamston,150
4719,Maria White,promero@example.org,Torresside,52
3544,Angela Terry,johnsonkristine@example.com,New Anna,56
8696,Monica Johnson,williamsjacqueline@example.com,South Cherylstad,43
8132,Pamela Wong,,Lake Rebecca,31
8453,Stanley Thompson,etrevino@example.net,Port Alyssaland,62
2827,Jeremy Martin,bradobrien@example.org,Davisville,39
3380,Aaron Richardson,mrowe@example.net,East Jennifertown,20
5072,Marie Smith,janetgray@example.org,Lake Sarahtown,40
4336,Sean Hall,maria37@example.com,Cookshire,32
5719,Denise May,nsalinas@example.net,Johnview,46
8851,Kenneth Sellers,velazquezgabriel@example.com,Kristinamouth,44
1761,William Reynolds,jennifer91@example.com,Marilynview,27
8318,Mrs. Kristina Jordan,matthew68@example.org,Franklinview,39
2013,Joanna Brown,rodney17@example.net,West David,39
7691,Michael Hooper,codymarshall@example.net,Port Paigeview,37
9259,Richard Carter,friedmanpatrick@example.com,Allenberg,69
4120,Ryan Sanchez,uleon@example.net,Susanfort,36
7874,Cindy Greene,francoross@example.com,Port Anthonyfort,67
2649,Joseph Hinton,boydkatie@example.org,Richardland,63
5270,Wendy Steele,smithkenneth@example.com,Rodneyport,32
5363,Vincent Stout,teresamartinez@example.org,Lake Jeannefort,22
3132,Christopher Robinson,julie05@example.net,Port Amber,31
2454,Linda Davis,kimberlybenson@example.com,Sandrabury,46
6740,Ian Cox,kennedymallory@example.org,Matthewshire,40
7926,Heather Foley,brookswhitney@example.org,North Jillburgh,41
8012,Mr. William Lopez,thomasmcconnell@example.net,Louisberg,70
120,Jennifer Graham,taraperry@example.org,Veronicaborough,46
9237,Ashley Larsen,sharon93@example.com,East Daniel,50
9327,Megan Trevino,ashaffer@example.org,Morrisburgh,65
7132,Susan Wolf,fryeearl@example.org,North Ronnie,67
336,Terry Coleman,amber73@example.org,Evanshaven,49
1661,Dawn Huang MD,chris49@example.org,New Heatherton,36
9543,Brooke Jacobson,mcleanstacy@example.net,Lake Coryfurt,39
1079,Carl Fleming,invalid-email,Wadechester,19
2471,Jamie Johnson,carmensmith@example.org,New Amymouth,23
4925,Tracey Gonzales,lbell@example.net,Rileymouth,44
6138,William Schmidt,amandagraham@example.com,South Briannastad,63
971,Joshua Mills,vanderson@example.net,Kelseyhaven,69
4413,Kevin Baker,joseph78@example.com,Reynoldsfurt,18
9070,Andrew Rodriguez,invalid-email,Lesliefurt,19
3904,Jeffrey Reynolds,anna51@example.net,Adrianaview,39
7952,Taylor James,irogers@example.com,Brewermouth,39
3354,Mr. Tyler Humphrey,invalid-email,Patrickside,28
3239,Allison Henderson,allen21@example.com,Lake Patrickport,37
107,Sean Edwards,colemanalbert@example.com,Lake Saraview,49
5340,Andrew Williams,edeleon@example.com,South John,45
9626,Candice Davis,john63@example.org,Nguyenville,22
1340,Bridget Jackson,nielsenshannon@example.org,North Monica,20
451,Laura Adams,gclark@example.org,South Amandaburgh,57
7738,Ryan Campos,jameswilson@example.com,Kevinhaven,57
2169,Christopher Jackson,roybowen@example.org,North Julie,62
9315,Allison Ramirez,jenniferdavila@example.org,South Ericshire,55
9400,Henry Anderson,carol18@example.net,Jenniferville,39
5713,Jeremy Howard,kevinreid@example.com,South Thomasburgh,56
7078,Elizabeth Blake,tonigibson@example.org,North Rose,63
7739,Evan Hernandez III,,Theodoremouth,21
3486,Jorge Welch,deansullivan@example.org,Watsonview,48
5703,Kara Morris,jenniferortiz@example.net,Brandonchester,0
3990,Jose Stevens,villaevelyn@example.org,West John,41
3376,Brenda Harris,moorejorge@example.com,North Steven,24
533,Joshua Guzman,zsmith@example.org,Samanthaview,60
8218,Wanda Kent,john70@example.net,Jenniferland,58
4522,Michael Griffith,cmoore@example.com,West Jennifer,26
9110,Joel Hood,andrew84@example.org,Elizabethton,28
3873,Brent Jackson,eking@example.org,Port Erinshire,23
1747,Christina Golden,sshaw@example.org,Port Marilyn,20
5939,Cathy Williams,halejustin@example.com,Lisamouth,36
9976,Thomas Anderson,berrymichelle@example.net,Sandramouth,44
1442,Heather Fry,elizabethmartinez@example.net,New George,39
5899,Trevor Williams,pbryant@example.net,New Patriciamouth,31
1497,Michael Martin,lopezdebra@example.net,Brookeshire,28
9304,Johnny Campos,davidtaylor@example.com,Prestonton,29
1786,Andrew Taylor,christine92@example.net,West Victoriaborough,34
1796,Timothy Roman,cassandra08@example.net,New Anthony,31
8707,Francis Price,gcole@example.com,Carneyview,61
30,Douglas Taylor,invalid-email,Marshallfurt,43
2068,Christopher Miller,romeromelvin@example.com,South Gregoryshire,43
8629,Thomas Howard,charles94@example.net,East Davidchester,32
6419,Miguel Bryant,invalid-email,Port Robin,21
2115,Sharon Elliott,iphillips@example.org,New Katherinechester,40
9296,David Maddox,williamrichardson@example.net,North Crystal,36
7690,Richard Bernard,mitchelldeanna@example.net,New Mariah,39
6863,Lawrence Ramos,christopheraguirre@example.com,Tracyberg,39
1738,Charles Myers,shelleyandrews@example.org,New Olivia,62
3102,Richard Fernandez,erikmartinez@example.org,Fordburgh,60
7938,Amy Estes,anna86@example.org,Marshallshire,53
1659,Dan Kaiser,derekward@example.com,New Michaeltown,70
5420,Deborah Meyer,mayostacy@example.net,Port Andrea,54
3953,David Perkins,lsims@example.net,New Crystal,57
8063,David Hamilton,robertsnancy@example.org,New Ethanville,36
8403,Donald Vaughn,qwilliamson@example.com,South Kristineborough,23
7041,Kevin Rollins,hermandustin@example.net,New Anthonyfurt,25
109,Christopher Wright,ccampbell@example.net,Cobbfort,70
3729,Chris Flores,katrina01@example.org,Calebbury,47
4177,Rose Alexander,whamilton@example.net,Garrisonton,48
3028,Dr. Brianna Martinez,tracyschroeder@example.org,Bartonborough,60
5757,Bryan Frazier,diane89@example.net,Port Andrewshire,66
5455,Anthony Johnson,pcastillo@example.com,Hoganmouth,43
7662,Dan Bean,david54@example.org,West Angelamouth,61
8327,Anne Williams,fowlermichael@example.net,Carsonstad,50
9891,Julie Stanley,tjimenez@example.com,New William,29
3510,Jenna Bond,ogregory@example.org,Franklinmouth,20
9958,David Harris,owenspatricia@example.net,South Derrick,52
9379,Nathan Stein,anthony09@example.net,East Katelynstad,56
2222,Michelle Wells,joycesteven@example.net,Lawrenceton,23
3329,Kerry Garcia,sheila09@example.org,Haleberg,55
9932,James Knight,nicholasjoyce@example.org,Port Brandonville,64
2456,Angela Lewis,richardhall@example.net,Stephensonton,24
1569,Wayne Palmer,lisa42@example.net,New Rachel,58
7439,Cindy Schmidt,lwilson@example.com,Batesbury,59
5615,Suzanne Davidson,ymiller@example.org,Simpsonville,51
7696,Adam Brown,ohernandez@example.net,North Glenn,19
5903,Jason Berg,jparrish@example.org,East Brandonmouth,60
1982,Angel Miller,psimmons@example.net,New Richardview,34
7235,Jessica Murphy,martinjames@example.com,New John,53
5666,Brian Peterson,colesarah@example.net,Port Amber,24
4206,Tamara Clark,doylegregory@example.com,Hughesville,30
9940,Sandra Nixon,codyzamora@example.org,Ritterchester,49
3246,Miguel Fleming,kathleenrobinson@example.com,Stanleybury,20
9530,Helen Smith,ehernandez@example.org,Kathleenmouth,66
8803,Robert Landry,jnguyen@example.org,New Tylerview,25
669,Stephanie Hammond,bmartinez@example.com,Stevestad,21
2771,Alexandra Mccarty,jenniferjohnson@example.org,Jamesville,53
4033,Jessica Robertson,henry27@example.com,Lake Michelle,59
5407,Kevin Schmidt,,South Christopherland,59
6342,James Kelley,zacharyflores@example.com,West Anna,46
1531,Bradley Camacho,denise20@example.com,North Devinville,21
7924,Dennis Chang,rubiotimothy@example.net,Sydneyton,64
4023,Rachel Reyes,rbutler@example.org,Hardinberg,35
5505,Claudia Patton,wmerritt@example.net,Port Christopher,25
1419,Victor Zavala,ksharp@example.net,South Angelaborough,34
294,Denise Jones,patriciajohnston@example.com,East Karenport,64
684,Michelle Stewart,traviscaldwell@example.com,Port Leslie,42
3718,Joann Jordan,woodjessica@example.com,Nelsonport,30
8611,Nicole Tyler,melissa41@example.com,Mannington,45
319,Jimmy Bennett,thompsonalexandra@example.com,Hollandmouth,29
2958,Robert Austin,melody72@example.com,North Sueport,38
9894,Kelsey Thompson,rodney36@example.com,Heatherview,46
6532,Kristen Rodriguez,jonesmartin@example.com,Richardburgh,55
3026,Michelle Conway,petercarter@example.com,West Michael,64
7929,Joshua Navarro DVM,johnsonjonathon@example.org,Brandonfurt,24
4227,Michael Reed,johnsonzachary@example.com,West Jackieland,59
543,Calvin Pacheco,clementstravis@example.net,East Mallory,37
5313,Laura Williams,sharpjames@example.org,North Baileychester,47
2996,Katie Clark,johnathanbuck@example.org,Murraytown,60
5750,Craig Madden,owolfe@example.net,Marietown,18
9988,Kimberly Taylor,alexandra03@example.org,Port Jasonton,48
15,Joseph Gibson,cooleyvanessa@example.com,North Davidburgh,44
6850,Lance Wallace,patrickwebb@example.org,Lake Douglasport,49
9598,Tracy Vincent,esantiago@example.com,New Joshua,64
9406,Kendra Cervantes,carolkey@example.net,North Kimberlybury,22
591,Rachael White,stacey78@example.com,Port Rachel,28
3773,Stephanie Ware,amartinez@example.com,Jonestown,60
3705,Carolyn Martin,itaylor@example.org,Seantown,60
2329,Jessica Deleon,margaret18@example.org,Johnland,29
2359,Nicole Smith,jonesjames@example.org,Foxtown,35
9222,David Cole,smithkristina@example.com,South Jenniferhaven,48
4939,Dana Moore,mezasamantha@example.com,Conleychester,68
8792,Peter Curtis DDS,lisacosta@example.net,North Johnny,36
8856,Brandon Vega,jerrybrooks@example.org,East Cherylmouth,32
8284,Sarah Adams PhD,brent16@example.org,West Craigville,33
3828,Francisco Fischer MD,muellerkevin@example.net,Georgehaven,59
7477,Cassandra Maldonado,pcarter@example.com,North Kristy,33
4112,Karen Baldwin,derek02@example.org,Davishaven,67
2499,James Wilkins,samanthataylor@example.net,Mendezmouth,51
488,Ryan Santana,hhill@example.net,East Danabury,19
5937,Stacy Rhodes,denise62@example.org,East Kathryn,56
4272,Kristi Barrera,hnorman@example.net,West Maryside,29
6969,Cindy Hall,claudia17@example.com,Markview,55
4282,Amanda Long,haleygonzalez@example.com,New Kevin,18
4076,Sarah Flores,ohernandez@example.net,North Kariville,57
5637,Jessica Tanner,williamskathryn@example.net,Angelaport,26
6253,Gabrielle Patel,rebeccasmith@example.com,Simstown,54
93,Thomas Owens,joseph71@example.org,Kimberlyhaven,51
6135,Tyler Stevens,charles39@example.org,Gardnerchester,40
5980,Elizabeth Moss,hnelson@example.net,Mooreton,24
8224,Daniel Williams,patrickthomas@example.org,Bartonchester,20
1902,Melvin Campos,kari10@example.net,Reneefort,55
5141,Kristi Harrell,anthonysmith@example.net,South Nicolemouth,36
9069,Anna Lee,melissajones@example.net,Hesterhaven,60
5932,Latoya Roberts,kristenestrada@example.net,Port Andrew,26
3423,Luke Jackson,samanthastevenson@example.net,South Christian,51
7964,Mark Green,gina91@example.org,Dianechester,28
2686,Anthony Thompson,jameslyons@example.org,Waltermouth,52
3800,Roy Barnett,hannah70@example.com,Port Michael,24
497,Joyce Wagner,monica05@example.net,East Andrew,19
3438,Sarah Myers,irodriguez@example.net,New Danielle,28
4943,Nicholas Nguyen,mfoster@example.net,West Andrea,43
1881,Mr. Scott Jarvis,staceyhernandez@example.com,Victormouth,28
305,Norma Huffman,christopher95@example.net,Jackstad,23
9213,Darryl Wood,davidsonfred@example.com,Oliviachester,51
4964,Michael Pham,nguyenchristopher@example.org,New Tracyberg,51
9938,Christian Henderson,nguyenerik@example.net,Catherinechester,65
7482,Tiffany Jones,laura92@example.org,Porterside,21
7953,Michael Davis,jesse59@example.org,Lake Sarah,69
8998,Matthew Contreras,eingram@example.org,Jamesfurt,42
2234,Andrea Vincent,rhebert@example.org,Susanport,67
7686,Lisa Oliver,kimberlyanderson@example.com,Clarenceburgh,56
4266,Craig Strickland,awebb@example.net,West Heather,65
3131,Haley Holden,jonesjames@example.net,Jaredshire,58
857,Sharon Simmons,rhonda15@example.org,Sabrinaview,42
1278,Rhonda Davis,eddie36@example.net,North Lisachester,29
7792,Courtney Flynn,brittanywilliams@example.net,Lake Jordanfurt,150
9232,Michael Duncan,sbaxter@example.com,Lopezport,68
9698,Daniel Macdonald,iriddle@example.com,New Tina,45
7823,Anthony Young,usanders@example.com,Kennethton,23
3288,Kyle Shepherd,joshualee@example.org,South Jamie,37
2120,Regina Brown,stephanie12@example.net,Port Michael,35
6007,James Hart,sgomez@example.net,Benjaminmouth,26
4098,Karen Clark,harrellmelinda@example.com,East Ashley,30
5413,Samantha Le,shannon51@example.com,North Jonathan,39
6392,John Barron,lunasusan@example.net,Rhodesshire,46
1887,Brenda Bird,invalid-email,North Charlesburgh,70
4249,Victoria Neal,macdonaldkimberly@example.org,New Davidfort,24
1577,Lee Smith,kevinbeard@example.com,North Arielchester,47
4933,Stephen Brown,trichards@example.org,Port Jeffrey,64
1027,Julie Mitchell,randy67@example.com,East Katherineport,24
8519,Margaret Martin,,New Pamela,18
389,Lawrence Perez,jennifer28@example.net,Meyersborough,37
3543,Gregory Flynn,cherylhardy@example.net,West Jason,46
6812,Kurt Cook,evansbrian@example.net,Port Jesseville,46
2240,John Brown,cynthia48@example.com,Johnfurt,62
6474,Diane Lopez,aodonnell@example.org,Jacksonberg,54
1576,Cheryl Taylor,pscott@example.org,Jennifershire,25
3724,Michael Jennings,spearscrystal@example.net,Jacksonbury,36
4511,Virginia Macias,stevengonzalez@example.org,Hernandezbury,39
3316,Jordan Henderson,robert80@example.com,Millertown,68
4402,Frank Wilson,jeremyphillips@example.net,Matthewtown,22
89,Raymond Patton,craig60@example.org,North Matthew,43
511,Casey Howe,robin30@example.net,North Brianmouth,37
8030,Shaun Shepherd,mgonzalez@example.net,East Dawn,67
9043,Troy Reed,terrelljennifer@example.net,South Lisa,69
8485,Ronnie James,ryanguerrero@example.org,Simstown,61
5827,Michelle Johnson,thomascarly@example.com,West Kevinside,37
5492,Jacob Sherman,amanda37@example.org,Lake Melissa,24
7800,Julie Burke,lisa66@example.org,Amberborough,19
8526,Carl Chapman,yrussell@example.org,Port John,35
5858,Mary Frazier,xriggs@example.com,Cannonshire,62
4699,Steven White,collinstodd@example.net,Ericksonfort,22
9148,Alicia Adams,haleydougherty@example.net,New Miahaven,50
2928,Mr. Dillon Mathis Jr.,weaverteresa@example.com,Colemanfurt,70
8975,Daisy Davis,kelsey75@example.org,Taylorstad,53
9980,Patricia Shannon,tyler31@example.org,Port Tommybury,34
4175,Amber Noble,reyeskatrina@example.com,Burkeport,24
5609,Amy White,emiller@example.net,Derekhaven,56
417,Kelly Moon,ronaldmills@example.org,Port Charles,30
2847,Gregory Santos,rwilliams@example.org,Alexandrachester,0
6963,Samuel Chaney,pstewart@example.com,Benjaminland,44
8334,Steven Murphy,youngvictoria@example.net,Zavalatown,56
3950,Dr. Colin Nash,josephalvarado@example.com,East Annland,32
3025,Debra Rowland,angelajones@example.com,South Jacobton,29
5392,Gregory Smith,knightbrandon@example.org,Osbornestad,42
9393,Eric Montgomery,jesus01@example.net,Port Aimee,68
6793,David Pearson,mary27@example.net,Lake Kenneth,67
4900,Elizabeth Medina,etrujillo@example.org,Stewartbury,46
9690,Tammy Valencia,julia62@example.com,Scottport,23
400,Paula Stephens,joshua74@example.net,New Candaceside,64
4367,Jason Smith,alexander08@example.org,Cooperborough,30
7183,Richard Hood,kristybowman@example.net,Hoodport,27
7911,Shawn Phillips,christinevargas@example.org,Rodriguezmouth,47
9398,John Rodriguez,powelldavid@example.org,Jameschester,62
3536,Jessica Harris,oliverjames@example.net,New Josephview,59
6540,Elizabeth Berg,,North Williamland,68
8923,David Knight,petersonjennifer@example.net,South Frederick,69
2770,Kimberly Kelly,jasonlloyd@example.org,South Samantha,63
1069,Bradley Wright,lewisjason@example.com,Anthonyville,61
8110,Rebecca Hughes,qrowe@example.com,Dominiqueton,40
4722,Jennifer Welch,taylor81@example.com,Campbellchester,28
8407,Judy Davis,invalid-email,New Cynthiamouth,28
1570,Stephanie Terry,ryan63@example.org,Moralestown,27
9020,Mr. Mark Taylor,snydernicholas@example.org,Padillaland,32
3915,Ashley Martin,,Nataliechester,58
8375,Victoria Jimenez,elizabeth47@example.com,Port Chad,69
1742,Cheyenne Palmer,cassandrasandoval@example.net,New Patriciahaven,67
583,Jordan Hicks,whitecasey@example.net,Carolynhaven,57
3315,Brian Sloan,ajacobs@example.com,West Gary,47
3880,Cynthia Miller,stevengarza@example.com,Port Edwardbury,32
7200,Keith Aguilar,nnelson@example.org,East Veronica,-5
8424,Deborah Walls,johnsonjames@example.org,Port William,66
1794,Samantha Heath,brentallen@example.org,Lake Tiffanyhaven,39
361,Michael Garner,timothy89@example.org,Port Laura,67
5157,Zachary Johnson,christinebruce@example.org,Port Amanda,25
292,Adam Bell,loweryrhonda@example.net,New David,68
4529,Billy Garcia,xshepard@example.net,Cooperton,47
102,Crystal Ward,john96@example.net,Dicksonberg,36
8937,Derek Rice,kimmiller@example.com,Sandratown,40
9860,Shane Walker,ramirezkara@example.org,East Randall,61
6792,Diane Coffey,williamsmegan@example.net,Lake Codyfurt,23
3662,Samantha Zuniga,tracey74@example.com,Janetburgh,31
4138,Reginald Campbell,tara58@example.net,Waltersstad,45
5139,Laura Howard,arellanojoseph@example.org,South Shelley,18
3680,Ruben Vance,plawrence@example.com,Hardyberg,40
6189,Erika Pacheco,brian70@example.com,Wareport,32
4380,Jeffrey Frederick,brian98@example.net,Howechester,41
6433,Michael Wagner,latasha38@example.com,New Christina,56
2037,Barbara Walker,ireese@example.org,North Jamie,54
7925,Colton Nelson,vbutler@example.net,West Stevenstad,49
6546,Donna Nguyen,eolson@example.net,Port Brittany,27
7977,Gabriel Valencia,bradleydanielle@example.com,Joelburgh,27
2524,Natalie Taylor,karenlin@example.net,Dixonville,62
7475,Matthew Hernandez,erinreyes@example.org,East Michaelville,20
2543,Emma Mcdonald,victoria02@example.org,Marychester,25
564,Mrs. Stephanie Jackson,brownamanda@example.net,New Bradley,47
6687,Mr. Paul Kim,johnmoody@example.org,Johnnybury,54
6605,Elizabeth Ellis,dianamartinez@example.org,Coleview,61
3530,Anna Long,kennedytracy@example.net,New Lori,66
1579,Alexander Lopez,yward@example.net,Howellshire,53
719,Deborah Donovan,dashley@example.net,Christinechester,46
64,Jay Burke,gmurphy@example.com,Emilymouth,43
8243,Michael Griffin,thomasturner@example.org,New Jose,46
4994,Michael Wood,invalid-email,Port Christinemouth,26
6635,Laura Nguyen,jenniferstephenson@example.net,Perezbury,65
1394,Richard Roth,gilbertkayla@example.org,West Courtney,21
2841,John Wilson,patricia38@example.com,Millerland,18
8770,Dawn Bell,fhart@example.net,Halltown,49
5991,Jason Howe,jesse91@example.com,Meyershire,18
6998,Jose Campbell,jackrivera@example.net,Cordovaton,32
9234,Robert Mathews,mcdonaldmitchell@example.net,New Doris,44
2151,Nicole Payne,,Elliotthaven,54
246,Michael George,rachel69@example.com,New Sandrafort,67
2345,Angela Kelly,egilmore@example.org,Port Danielleside,46
6829,Brenda Taylor,jordanwallace@example.net,Johnnyport,29
7761,Dana Cox,richardlowe@example.com,Roychester,57
4619,David Perry,carlnelson@example.org,Robertsland,18
3446,Casey Esparza,raymondhensley@example.net,Robertland,35
2677,Luis Frank,qmitchell@example.com,Patriciafort,53
334,James Thompson,marthathompson@example.com,Ashleestad,40
8822,Aaron Meyers,,West Johnberg,68
3934,Elizabeth Macias,charles48@example.org,Michaelville,68
3995,Trevor Clark,,Erikaport,69
4626,Christopher Whitney,benjamin77@example.org,New Sabrinabury,56
264,Christopher Bryant,gboone@example.com,West Faith,45
4476,Christine Garcia,alejandramiller@example.net,Hansenfort,70
3820,David Fritz,fergusondana@example.net,Port Andrea,21
8895,Teresa Park,christine32@example.com,Alexanderhaven,67
624,Kathy Collins,invalid-email,Amandaside,45
7383,Mark Monroe,bonnie18@example.org,Port Reginashire,36
8406,Keith Brown,jmedina@example.net,West David,62
5222,Debbie Howard,howardrhonda@example.org,South Michael,49
1502,Ryan Delgado,christina48@example.org,Meganside,31
9659,John Smith,haleyscott@example.net,New Amy,42
9281,Angel Sanders,alexandragraham@example.com,Port Connorborough,53
9656,Brenda Anderson,myersmiguel@example.org,Mosleyshire,28
3913,Jeff Rodriguez,johnsondavid@example.org,Lake Annaville,31
368,Christopher Walker,jefferybrown@example.org,Brendaview,45
7250,Pamela Hart,pughjohn@example.org,Vazquezchester,56
3351,Joshua Quinn,uallen@example.com,Spearsmouth,28
8426,Mia Henson,twilson@example.org,Liuhaven,0
961,Connie Diaz,dsherman@example.com,Morrishaven,60
7817,Daniel Ayala,invalid-email,Schmidtbury,51
4818,Elizabeth Trujillo,gomeztanner@example.net,Port Jeffrey,22
9465,Elizabeth Baxter,gjohnston@example.net,North Benjamin,47
3456,Jonathan Erickson,hughesalan@example.com,South Susan,66
7613,David Diaz,eatoneric@example.com,Harringtonmouth,18
6106,Carl Ryan,foxadrian@example.com,West Davidstad,60
4218,Laurie Hunter,haleelizabeth@example.com,Port Robertoburgh,35
6301,Maureen Johnson,langshannon@example.org,Susanhaven,60
4512,Melissa Sims,garyjames@example.org,Holmesmouth,59
6370,Douglas Ramirez,stacy94@example.com,Jenniferhaven,19
4897,Bethany Silva,nrose@example.net,North Christopherland,54
7967,Deborah Mendez,tcole@example.org,West Veronica,61
77,Nicholas Keller,kristenrocha@example.net,Port Michael,51
7607,Kimberly Mahoney,scott14@example.net,Charlenemouth,65
7106,Cynthia Wilson,curtis49@example.net,New Kevin,21
8626,Joshua Campos,danielwilliams@example.org,East Yvonnemouth,42
8252,Phillip Bailey,brianshelton@example.org,Adamfurt,35
5711,Erica Jenkins,cookshane@example.net,Bryantmouth,28
8594,Carol White,kimberlylewis@example.org,Ryanview,36
4598,Jared Moon,jeffrey21@example.net,Lake Emilyhaven,49
9175,Erik Torres,jonathon89@example.com,Walkerborough,19
1559,Alex Jenkins,umiller@example.org,Phillipston,23
1826,Robert Perkins,joshuajackson@example.org,New Josephport,42
6251,Jamie Kemp,joshuamckenzie@example.net,Port Danielleville,37
736,Devin Peters,amanda34@example.org,Bennettberg,45
4,Charles Levine,elizabethmorse@example.org,Ayalafurt,67
648,Stephanie Crosby,jacquelinevincent@example.org,Lake Chelsea,65
1433,Lisa Glover,jacqueline30@example.org,Brianbury,50
5994,John Parker,invalid-email,Coreybury,44
291,Jason Schwartz,sarahboyer@example.com,East David,40
5533,Evan Davis,lopezdouglas@example.net,West Albertbury,67
1517,Amy Combs,csaunders@example.org,South Dennis,19
8843,Johnathan Gonzalez,suzannegross@example.net,Bensonstad,69
1254,Tammy Greene,hramirez@example.net,Adrienneview,28
6714,Sharon Williams,maryking@example.net,New Billyfort,64
1150,Tracy Barnett,fhayes@example.org,New Laura,23
8048,Jared Flowers,dominiquemiller@example.org,Lake Michaelmouth,47
6480,Andrea Maxwell,lewisbobby@example.net,Salazarstad,49
5630,Brandi Long,audreyhill@example.net,Phillipsborough,27
2111,Christopher Park,,Anthonychester,45
136,Jeffrey Armstrong,joann69@example.net,Williamburgh,51
6443,Sharon Mckay,mrivera@example.com,Lake Sarahland,52
7945,Ryan Love,rosalesguy@example.com,Wellsville,36
1248,James Davis,gparker@example.org,Jessechester,69
4242,Thomas Campbell,kreeves@example.com,Deanmouth,59
8016,Jasmine Horne,grace33@example.net,Lake Eric,65
9172,Shawn Moreno,jacksonjordan@example.net,Martinezshire,27
4337,Stephanie Spencer,christopherwilliams@example.com,Michellefurt,54
2493,Joseph Kim,dzavala@example.net,West Travis,59
8050,Jasmine Whitaker,johnfarmer@example.net,Kennethstad,68
4353,Rachel Johnson,chenkaren@example.org,New David,52
2824,Christopher Casey,kcarter@example.org,New Emilychester,66
8702,Christina Vargas,miguelkelly@example.org,West Jenniferton,60
1632,Brian Moore,shannon43@example.net,Andrewborough,43
959,David Anderson,ttorres@example.net,Evansburgh,62
7920,Alexandria Joseph,ihoward@example.net,Port Keithland,66
5835,Andrea Obrien,romerojody@example.net,Floresbury,65
4732,Mr. Dylan Conley,christina34@example.net,Palmermouth,29
5166,Michael Valenzuela,invalid-email,Nicholasville,64
8414,Jason Carter,belljesse@example.org,Lake Sherrihaven,25
331,Nicole Terrell,thomas99@example.net,Horneside,69
7584,Darius Myers,townsendjeffrey@example.com,Port Katherineberg,40
5228,Elizabeth Morgan,smithmichael@example.org,Colechester,44
6840,Cynthia Schroeder,michaelevans@example.com,Blakemouth,66
8907,Mitchell Smith,kmcclure@example.net,North Rachael,69
3124,Catherine Martin,kempwayne@example.net,Port Jason,42
3888,Jordan Perkins,jesse59@example.net,Wilsonton,37
3502,Amy Sexton,christopherwalton@example.org,West Ashley,66
6879,Brittany Johnson,lchapman@example.org,West Courtney,45
382,William Wilson,lori29@example.com,East Christinachester,25
4374,Roberto Cardenas,douglasbaker@example.org,South William,70
4027,Thomas Khan,mblake@example.org,New Vincent,31
9180,Michael Smith,rodneygraves@example.org,North Briannaborough,53
705,Michael Williams,wmontes@example.com,Clarkburgh,38
2589,Lisa Diaz,alexandria41@example.net,Frostside,36
4864,Logan Smith,wbarnes@example.org,Rodrigueztown,19
6410,Kayla Hicks,allenmckay@example.org,Port Teresa,38
3920,Paul Lawson,maciassherry@example.net,Lake Lori,49
2288,Kelli Holt,hernandeznancy@example.com,Ericstad,40
3211,Alfred Irwin,johnjohnson@example.org,East Leslie,20
2341,Sharon Reid,kennethcunningham@example.org,Youngshire,58
2883,Andrew Gray,paynemackenzie@example.org,Port Jeremytown,39
5269,Joseph Grant,margaret19@example.com,Johnmouth,23
7904,Andrew Schmidt,bowenmichael@example.com,Jamesville,33
9012,Todd Todd,briannagarcia@example.org,Lake Lisaview,38
3147,Paul Edwards,jwood@example.org,South Richardmouth,39
4735,Mrs. Sarah Sawyer DDS,elizabeth87@example.net,Juliechester,42
9785,Paul Randolph,kaylascott@example.org,New Daniel,24
2523,Kenneth Warner,scottamy@example.com,Beanside,28
5295,Brian Price,cassandra09@example.org,Krauseport,22
8314,Anthony Brown,jonathandawson@example.net,Michaelmouth,51
4490,Robert Hernandez,bgonzales@example.net,Roachmouth,35
4915,Matthew Mayer,awilson@example.com,Port Natasha,45
3434,Benjamin Williams,usalazar@example.net,South Heather,26
795,Brian Perez,kristina17@example.org,Dyerfurt,21
5415,Valerie Jenkins,invalid-email,East Kevin,54
7024,Natalie Bean,tuckerpamela@example.com,Matthewfort,65
5530,Tammie Brown,pthompson@example.net,South Juliaville,65
2816,Amy Vargas,christina37@example.org,West Danielton,47
7653,Adrian Chan,cball@example.org,South Amanda,23
7306,Stanley Smith,invalid-email,Burnsside,52
9193,Keith Turner,,North Amy,150
2593,Lauren Crosby,esmith@example.com,Brittanychester,44
9963,Stephanie Curtis,glen12@example.com,Phillipton,59
4743,Joshua Cooper,rochachristopher@example.com,Aprilland,34
3542,Jennifer Mcclure,pricethomas@example.net,Port Trevorside,35
2778,Angel Hopkins,vargasjoseph@example.org,Davidview,53
8604,Stacy Pierce,laura64@example.com,New Billyview,62
1077,Stephen Cunningham,mitchelllinda@example.org,Knightchester,54
1209,Thomas Chan,castanedalaura@example.com,Samanthaberg,44
9374,Misty Giles,audreymoon@example.org,North Laura,43
6171,Destiny Cross,darrylbryant@example.net,Danielchester,44
4293,Dana Hodge,shane46@example.org,West Erika,26
5740,Suzanne Chavez,regina86@example.net,South Cynthiamouth,56
3687,Tanya Jimenez,pmckay@example.org,South Victoriamouth,55
6179,Melissa Powell,dzamora@example.net,Danielmouth,33
1157,Maurice Smith,timothy12@example.com,Lake Sharon,66
145,Jose Berry,crussell@example.org,Port Frank,64
1191,Blake Taylor,sherri65@example.net,New Jose,49
5130,Wesley Brandt,greentina@example.com,North Elizabeth,49
7728,Jim Brooks,padillacory@example.net,New Katherineton,35
7397,Carl Lee,danielcooper@example.net,New Colintown,66
7075,Jesse Robinson,kchapman@example.net,South Nicole,34
3747,Brandon Hodges,joanne55@example.org,New Leeville,35
7782,Elizabeth Underwood,drakejeffrey@example.net,West Stephen,38
8749,Francisco Glenn,nicholasrogers@example.net,Kimberlyside,23
759,Barry Murray,joshua84@example.com,Lewisborough,37
9377,Patricia Pugh,,North Rachel,21
7919,Robert Wilkins,cherrera@example.org,North Vincent,41
1471,Logan Nolan MD,,Port Linda,36
8878,Jeffery Johnson,crobinson@example.net,Elizabethchester,50
3471,Jason Garza,codonnell@example.net,Megantown,23
7400,Christopher Richards,jodi85@example.net,Fuentesmouth,30
9908,Patricia Williams,amandabennett@example.com,New Michael,60
2361,Lisa Hughes,jchan@example.com,Lake Brianhaven,52
3442,Stephanie Taylor,david79@example.com,Claytonmouth,21
6461,Amber Allen,westkaylee@example.com,Cindybury,55
7021,Tonya Sherman,kimberly60@example.net,East Kerrimouth,54
2125,Rebecca Cervantes,xtrujillo@example.net,Paigehaven,26
2376,Kelsey Diaz,daniel73@example.net,Lauraborough,69
6232,Michael Farmer,langthomas@example.com,Manuelberg,24
5472,Nicole Torres,asanders@example.net,Richardsonmouth,49
2674,Diane White,harrisnicholas@example.com,South Kristenton,68
8682,Emily Hayes,,Masonbury,61
3283,Stacy Vega MD,owhite@example.net,Davidfort,36
2407,Tracy Garcia,ocameron@example.net,Catherineland,43
4092,Belinda Johnson,zhurley@example.org,Lake Kayleehaven,38
3768,Alejandro Mills,mannlynn@example.net,Lake Michaelfurt,32
4300,Sue Williams,fsims@example.net,Boonestad,50
7878,Susan Lopez,jonescrystal@example.net,Analand,54
9971,Robert York,matthew58@example.org,North Dianefurt,18
4368,Nicholas Reed,efoster@example.org,Zacharyview,34
1,Michael Cook,jordangonzalez@example.com,Colemanfurt,49
5971,William Cooper,kanthony@example.net,Port Anne,31
1176,Bradley Santos,karinacabrera@example.org,West Brent,65
544,Tammie Morse,fsullivan@example.com,Mitchellburgh,56
4958,Christina Miller,twalsh@example.org,Michaelfurt,35
350,Mark Gomez,sjenkins@example.com,North Miranda,58
2261,Elizabeth Sandoval,cmartinez@example.org,Rangelstad,24
1607,Philip Cardenas MD,hoodjennifer@example.org,North Brenda,39
3694,David Fritz,efinley@example.org,Brettbury,53
8170,Karen Harmon,jenna66@example.org,Abigailchester,62
6115,Sarah Wu,cunninghamanna@example.com,Jonathantown,49
458,Priscilla Beard,kfoster@example.com,North Nicholasport,69
4129,Crystal Bowman,stephanie20@example.com,Lukehaven,56
2292,Ryan Hoffman,vgraham@example.com,Jacquelineton,40
3835,Frances Lowe,sandovalkelly@example.org,Oliverport,58
4686,Cynthia Schwartz,danielgomez@example.com,South Kevinfort,36
5791,Michelle Werner,lmartin@example.org,Maddenborough,29
5573,Laura Cortez,onicholson@example.net,East Marcusberg,62
9948,Glenn Hancock,xcosta@example.org,Johnsonport,25
132,Autumn Gillespie,brandonrodgers@example.com,Lake Kelseyberg,42
4976,Wendy Mccarthy,bonnievasquez@example.com,Pearsonport,54
4111,Kimberly Cooley,codymartinez@example.net,Kylemouth,47
5768,Linda Zuniga,martha19@example.com,Camachoside,46
5408,Shane Jones,amandacobb@example.net,South Rosestad,39
4130,Alan Taylor,brandy65@example.net,Bryanton,31
9546,Amber Anderson,zachary89@example.com,Susanside,50
5406,Nicole Ramos,coxryan@example.net,Baldwinville,31
3785,Brittany Grimes,,Henryland,32
8723,Michael Friedman,wbeck@example.net,Mckenzieside,63
8569,Laura Oneal,woodlaura@example.com,Lisamouth,49
7181,Michael Hayes,kellymcdonald@example.com,North Monicafurt,25
1091,Amy Lucero,sharpkenneth@example.org,South Melissastad,69
4809,Audrey Reed,,South Brittany,38
8372,Matthew Bowen,carriefisher@example.com,Port Amyville,63
593,Jessica Perkins,shaffermelissa@example.org,Singletonfurt,20
7056,Christine Bright,smithcynthia@example.org,Jermaineport,38
1733,Erika Flowers,edwardsdennis@example.org,New Jackiefort,37
2890,Todd Hicks,julie99@example.com,Alejandroside,31
851,Kathleen Fischer,asimmons@example.com,Port Meganport,63
6667,David Parker,kevin58@example.org,Gregoryton,19
1057,Christina Wright,jack45@example.com,Edwardsfort,54
796,Erin Curtis,erika54@example.net,Kellyborough,27
9474,Ann Chapman,adelgado@example.net,Frankport,44
7851,Robert Taylor,invalid-email,Tammyfort,51
5983,Anne Russell,cheryl71@example.com,North Michael,27
9007,Benjamin Sullivan,williamsamanda@example.org,North Josephbury,28
4906,Billy Schaefer,aherrera@example.com,Port Mindy,63
3065,Kathryn Russell,paularodriguez@example.net,Poolebury,35
5275,Robert Lewis,jeffreymoss@example.com,West Samanthaland,38
7013,Paul Clark,marcgray@example.com,Jamesview,66
8122,Scott Harvey,thomaslisa@example.com,New Katiefurt,44
4909,Stephanie Brooks,samuel89@example.com,Lake William,54
5655,Erin Brown,cward@example.com,Karastad,150
6880,Kendra Roberts,gbrown@example.org,New Raymondberg,21
8743,Emily Vargas,,North Daniel,35
7641,Judy Day,alexanderthompson@example.net,Suttonmouth,63
4908,Ralph Montgomery,nicolas14@example.net,Jonesview,65
3571,Taylor Mueller,ncooper@example.org,Rogersville,56
6110,Dawn Ruiz,ryantate@example.org,Obrienville,59
266,Mary Coleman,hamiltonalyssa@example.com,Brownton,37
5147,Derek Williams,benjamin14@example.com,Branditon,55
1964,Kimberly Hughes,umcmahon@example.org,Hollyborough,43
2860,Christopher Brown,sarahbarrera@example.net,West Chelsea,61
3101,Marissa Oconnell,ureed@example.net,East Jamesview,41
6152,Terry Mccarthy,lisa77@example.com,South Samanthachester,43
8541,Gina Watkins,rhondasimmons@example.net,Marybury,55
5115,Taylor Walker,smallkelly@example.org,Joneston,31
2593,Lauren Crosby,esmith@example.com,Brittanychester,44
7948,Edward Willis,kathygarcia@example.com,Nelsonport,45
7837,Andrew Smith,xphillips@example.net,Karlafurt,24
317,Justin Mcdonald,stephenbrown@example.com,Lewisport,35
6795,Annette Silva,donnamcmahon@example.com,South Thomas,63
1784,Darren Barrera,marissamathis@example.net,Hernandezview,43
8355,Jessica Poole,tkerr@example.com,West Laurie,21
5352,Joseph Patrick,lbates@example.com,East Lisaborough,57
9013,Renee Nelson,ashley05@example.com,New Chad,55
5897,Jeffrey Jones,doughertysabrina@example.net,North Noahville,47
5647,Janet Brooks,mhughes@example.org,New Judithton,55
4608,Jerry Wilson,ronald13@example.net,New Melissa,29
4627,Laura Nelson,jacquelinenicholson@example.com,Nicholasstad,45
2237,David Wilson,cwilliams@example.org,New Justinmouth,36
7175,Jasmine Reyes,kcole@example.com,East Sandra,46
4846,Megan Gray DVM,bgibson@example.org,Conleybury,50
3678,Brandy Romero,jacob54@example.org,East Elizabethport,45
2699,Kimberly Knox,jaguirre@example.org,West Joseph,43
2338,Amber Evans,jennifer36@example.com,New Danielleville,67
104,Christopher Romero,ashley91@example.net,East Nicoleland,38
6682,Alexis Murphy,jonesmelissa@example.net,Port Edwardshire,65
1898,David Henderson,colemanjerry@example.net,New Grace,59
3762,Robert Guzman,alicia62@example.com,Jasonland,34
7336,John Simpson,invalid-email,Lake Michaelton,64
6637,Timothy Barber,imoore@example.org,Port Gregoryland,66
7104,Donna Lawrence,pkane@example.org,West Shari,42
4188,Gary Bishop,msimpson@example.net,Port Jessica,61
8910,Melissa Holt,lopezdaniel@example.com,Lake Greg,23
1719,Sandra Smith,taylorwilliam@example.org,North Wendy,19
9344,Catherine Harrington,andrew45@example.org,Jefferystad,48
8137,Dillon Hubbard,carrpeter@example.com,Stephanieport,65
7406,Seth Stafford,rubiomichelle@example.org,Donaldville,34
9347,Rachel Mathis,ihoover@example.org,East Michael,-5
5324,Renee King,nashjenny@example.org,East Jenniferburgh,20
9904,Valerie Bennett,alexisdonovan@example.net,Kennethhaven,25
9636,Douglas White,jameswhite@example.net,South Bethany,44
2803,Martin Manning,carrollwilliam@example.org,East Amanda,56
6477,Alexis Curry,quinnduane@example.com,North Michael,33
7732,Danielle Johnson,jon39@example.com,Toddside,47
8268,Jeffrey Hammond,owensjack@example.net,Jennyburgh,36
5803,Hannah Nelson,smithjerry@example.org,Lake Ashleyhaven,56
287,Ashley Lopez,,Lake Christina,55
1200,Chad Parker,carlariley@example.net,West Marie,41
9931,David Mathews,danielleday@example.org,New Ashley,57
5795,Allen Marquez,bbell@example.com,Powellbury,40
9773,Mark Douglas,pgreene@example.com,Port Jeffreyside,52
4611,Alexander Perez,victor26@example.net,Rhondaburgh,20
8993,Brian Cunningham,leeamy@example.org,Lake Nicholasshire,42
5560,Lisa King,melissacarter@example.net,South Joyside,51
1922,Wendy Nelson,courtney09@example.com,Lake Jessica,65
9,Bianca Wiley,tpeterson@example.net,Gonzalesborough,50
8448,Christina Bailey,william54@example.com,East Shannonville,57
9506,Douglas Nelson,,Lake Alanchester,45
2413,Maria Anderson,pgreen@example.org,Gonzalestown,29
8732,Kara Little,trevordouglas@example.net,South Carrie,62
2185,William Villa,wtorres@example.net,Port Lindsaytown,50
6693,Rebecca Lee,nhiggins@example.org,Johnsontown,33
3252,Karen Evans,desireeanderson@example.net,Port Thomas,25
568,Martin Cole,markshaw@example.org,South Robertmouth,54
3843,Karen Gibson,grosswhitney@example.org,South Douglas,49
7560,Stephanie Ramos,matthewsrobin@example.com,Lewisland,26
8669,Heather Todd,thomasdonovan@example.net,Lake Deborah,27
1863,Jade Blankenship,qrichmond@example.net,Nicholasland,65
5423,Billy Green,kellywagner@example.com,South Claytonfort,21
5938,Darryl Cooper,loneill@example.org,Williamberg,70
9196,Joshua Kent,williamking@example.org,Deborahville,70
7841,Matthew Kirby,jason46@example.net,South Samuelstad,58
4697,Matthew Kent,christianfields@example.org,Lake Hannah,22
783,Alexandra Jones,joshuamcgee@example.org,North Anita,26
7426,Jennifer Turner,markgray@example.org,North Seanshire,20
8288,Kayla Thomas,brianna28@example.net,New Matthew,44
9741,Brooke Walters,alicia77@example.com,Lake Dianeton,62
3185,Anita Thomas,vstephens@example.net,Port Stacyville,20
1181,Jennifer Duran,courtney97@example.net,Zacharyview,70
8887,Angela David,davidbean@example.net,Jodimouth,51
1618,Emily Sosa,wcunningham@example.org,South Michaelshire,51
2418,James Gordon,janeconley@example.org,Port Elizabethtown,52
9486,Wayne Murphy,rodgerskyle@example.org,Lake Matthewfurt,53
8972,Sarah Robertson,david41@example.net,Port Kristachester,33
8529,Krista Rodriguez,jeremy87@example.net,North David,64
3884,Thomas Moore,bdavidson@example.org,Smithchester,53
8982,Kelly Vance,crice@example.org,Alexandrabury,37
3035,Emily Stevens,fthomas@example.com,Patrickstad,55
4956,Wanda Ferguson,bellmichael@example.com,South John,66
3657,Jean Stevenson,kingcalvin@example.net,North Laurahaven,63
4478,Jason Orr,omontes@example.com,North Daniel,51
765,Christine Fritz,dhudson@example.com,Victoriabury,34
9181,Cynthia Knight,rebecca27@example.com,West Tiffanytown,22
1156,Kaylee Franklin,michellemckee@example.org,East Sarahborough,57
9502,Kristopher Schneider,anneirwin@example.org,North Sara,32
4231,Dean Singleton,michael72@example.net,Melanieland,23
37,Stephanie Rodriguez,suemoss@example.org,West Jason,18
9427,Chad Baker,uatkinson@example.com,Rodgersborough,25
2834,Joan Rodriguez MD,qlewis@example.net,Alexandriaview,47
5236,Alison Reyes,sandersbrad@example.net,East Leslie,36
1924,Tyler Baxter,shawn95@example.com,Jessicachester,34
5677,Adam Waters,ctorres@example.org,Shannonland,46
1113,Robert Livingston,andrew87@example.net,Sandramouth,41
3273,Kathy Watkins,felicia60@example.com,South Barbara,54
4024,Juan Smith,billy16@example.com,West Mike,59
5636,Jasmine Moore,curryjames@example.com,Lake Ralph,55
30,Douglas Taylor,invalid-email,Marshallfurt,43
4123,Chase Bernard,alicia50@example.com,Audreyview,42
578,Matthew Guerrero,tfox@example.org,North Jason,51
2040,Erica Jones,bryan90@example.net,Karenstad,31
5397,Nathan Parker,jamie11@example.com,Gonzalezshire,33
7380,Kelsey Mason,trujilloduane@example.org,Brownfort,27
1624,Ann Boyd,vanessadavila@example.com,Lake Lance,55
2070,Jerry Hodge,cwebb@example.com,Gregoryfurt,69
1692,Matthew Shannon,jjimenez@example.org,New Charleschester,27
9194,Douglas Harrison,natashabuchanan@example.net,New Sharonburgh,70
2616,Daniel Woods,bbaker@example.com,Dixonfort,65
5883,Michael Logan,,Jacquelineton,25
3650,Brandi Hart,robert52@example.com,South Jillville,60
1189,Rachael Gonzalez,deborahfry@example.net,South Ernestville,44
211,Autumn Davis,natalie51@example.net,Emilychester,33
3430,Amanda Morris,michael05@example.org,Lopezburgh,40
6337,Jacob Arias,karenherrera@example.org,West Melanieville,55
2612,Amy Jones,richard03@example.com,Rogersshire,69
2885,Erin Bates,lindawilliams@example.org,East Andrew,21
8405,Rebecca Day,lindsey06@example.com,West Christopher,32
2276,Stephanie Shaffer,lawrencejerry@example.net,South Anthonyshire,24
9728,Michael Roach,robertcarter@example.org,Lambshire,35
8591,Diane Johnson,dorismoore@example.com,West Heather,54
1804,Chelsea Holloway,halegeorge@example.net,Port Joeton,63
638,Elizabeth Jordan,nsherman@example.org,Lewisside,30
48,Mckenzie Petersen,rwebb@example.org,North Patrickport,50
9594,Connie Hendrix,dknight@example.org,South Cynthia,54
6001,Bobby Costa,davisrobert@example.org,Robertland,20
1741,David Lam,petersonjulia@example.org,Brittanyborough,43
2179,John Floyd,rcarroll@example.com,Fosterhaven,63
3938,Stacey Matthews,chavezantonio@example.com,Danielsborough,66
7572,David Parrish,john99@example.com,Lake Daltonmouth,49
4890,Wanda Perkins,hallsheri@example.net,Debrabury,44
3119,Jeffrey Peterson,joneswendy@example.org,South Jenniferton,61
150,Jessica Hammond,bspencer@example.org,Kendraview,44
7540,Lance Gordon,tina00@example.com,Davidberg,32
7225,Todd Anderson DDS,veronicamurphy@example.com,South Maria,30
9328,Shane Gonzalez,kingkatherine@example.org,North Rachel,61
9843,Brian Vaughan,uhill@example.com,East Jennifer,51
6763,Ernest Newton,rswanson@example.net,Millsstad,52
1112,Douglas Walter,ogreen@example.net,Gentryfort,32
1319,Patrick Lewis,darrell25@example.net,Shieldschester,30
4085,James Matthews,debra99@example.net,New William,54
2992,Kerry Edwards,juliafisher@example.com,New Scottton,39
8623,Joseph Fuller,shawn49@example.org,Conniechester,64
8811,Daniel Barnes,richardsmith@example.net,North Cynthia,49
800,Matthew Smith,abigail37@example.org,South Austin,43
9681,Sabrina Malone,kcain@example.net,Port Teresa,37
3208,Eric Wright,craigmills@example.com,Lunafurt,53
8415,Michael Cruz,kbaker@example.com,Lake Susanton,21
534,Heather Moore,agreene@example.org,West Amanda,23
9962,Todd Ward,julie44@example.org,Susanview,39
5019,Jorge Campbell,macdonaldtina@example.org,East Alexandermouth,61
9352,Mandy Quinn,hunterivan@example.net,Barronshire,20
6022,Brenda Flores,spencermichael@example.org,Byrdton,25
743,Johnathan Jackson,heatherterry@example.org,Johnsonside,22
2904,Tyler Sanchez,tiffanydavis@example.com,New Meganmouth,19
3579,Robert Bradley,carcher@example.org,South Sara,27
2271,Vanessa Savage,owhite@example.net,Scottland,31
3275,Eddie Novak,tamarascott@example.com,Bryanland,66
2153,Sonya Marquez,parsonsjessica@example.net,East Douglashaven,51
1331,Denise Johnson,tommy73@example.net,Destinyhaven,67
2969,Alison Elliott,melaniebarber@example.com,Lorettaborough,31
1806,Justin Gibbs,eowens@example.net,North Alex,47
7954,Stephen Pennington,wilkinsmeghan@example.org,New Maryburgh,57
1670,Misty Lucas,careyjulie@example.net,Ramosberg,26
3140,Margaret Marks,john78@example.com,Harmonville,38
5263,David Nunez,brian99@example.com,West Michaelmouth,49
800,Matthew Smith,abigail37@example.org,South Austin,43
4640,Sergio Nash,elizabeth97@example.org,South Stephen,36
5279,Travis Flores,susangomez@example.net,Hartmanstad,32
1085,Tiffany Adams,hilllauren@example.net,Rachelport,18
6796,Tristan Williams,umorton@example.org,Nelsonville,67
1370,Michael Johnson,jacksonrhonda@example.org,New Shannon,70
1122,Seth Mckinney,fhenry@example.com,Madelinefurt,35
4099,Kevin King,andrewbrock@example.org,Thomasburgh,31
2575,Joseph Reynolds,james21@example.com,Deantown,47
9768,Melissa Allen,andersonanthony@example.com,West Benjamin,69
587,Robert Martin,christopher78@example.org,Williamstown,25
2378,Leah Murphy,joseph18@example.org,East Tracistad,49
5462,Dorothy Ross,danadavis@example.com,Port Kristineberg,43
4703,Jamie Bryant,mathew76@example.net,Jasonville,48
7663,Mary Schwartz,,Port Michelle,59
4440,Danielle Duffy,,Port Daniel,45
4961,Victor Simmons,dschultz@example.com,North Tylerfort,34
8625,Thomas Tate,obaldwin@example.org,Lake Hollytown,53
24,Lee Allen,pthomas@example.net,Deniseside,46
7503,Jennifer Mccann,cynthia34@example.net,Arnoldfort,55
790,Cassandra Lin,anthonyross@example.com,New Jasmineborough,55
1489,Jessica Lewis,smithedwin@example.org,Danielberg,35
7360,Joseph Miller,dwaller@example.org,West Leslie,30
1148,Terry Wall,carlareilly@example.net,Deniseshire,33
9354,Debra Torres,alisonedwards@example.org,East Alanland,48
2909,Julie Wells,travishansen@example.net,Greerville,39
9075,Dawn Peters,tmullen@example.org,Murraytown,67
1348,Sandra Kelley,crystal16@example.com,Micheleton,28
6250,Suzanne Salas,laura83@example.org,West Felicia,52
9781,Robert George,alexanderhall@example.org,Jeremychester,67
1361,Lauren Jenkins,emilyowens@example.net,Alvarezburgh,61
606,William Long,scottsamuel@example.net,Martinezhaven,52
2474,Alicia Burke,hollybarr@example.com,Lewishaven,48
994,Jose Reese,michael86@example.com,Goldenmouth,52
6922,Laura Cooper,milleranne@example.org,Grimesmouth,65
1161,Blake Richards,kristinturner@example.net,Jacksonchester,33
5226,Amy Williams,pwallace@example.com,Michaelport,49
7135,Craig Atkinson,julie36@example.org,Cindyhaven,45
7119,Linda Smith,amy45@example.org,Port Jonathanville,56
6524,Timothy Wade DDS,tiffany92@example.org,Benjaminborough,64
2019,Tyler Espinoza,yriggs@example.org,East Monica,35
4826,Brian Rose,chamberscarolyn@example.com,South Debrabury,20
4902,Jennifer Alvarado,ronald18@example.com,Matthewborough,54
6201,Timothy Mccormick,hgarcia@example.net,East Bryanfurt,53
4314,Christopher Stewart,christinerogers@example.com,Port Shannon,69
3308,Derrick Valencia,davidlewis@example.org,Brownmouth,30
2211,Edward Miller,john25@example.net,Grahammouth,37
1759,Melissa Hernandez,hallcurtis@example.org,Webbbury,68
4158,Cathy Reynolds,sarah22@example.org,North Courtney,28
1942,Julie Jacobs,ofrank@example.org,Penningtonville,30
2871,Daniel Collier,susan07@example.net,Brandontown,61
1693,Holly Kemp,kimberly75@example.net,Sheryltown,25
5984,Sylvia Daniel,brian51@example.com,West Martin,31
6373,Samantha Paul,coxveronica@example.org,West Larry,62
4340,Samantha Young,invalid-email,Woodshaven,70
8040,Michelle Hill,,Williamfurt,23
268,Samantha Ward,meredith20@example.org,Dawnbury,35
4825,Charles Rivers,yvonne11@example.org,South Timothymouth,42
6595,Kerry Hodge,austin63@example.net,Allenport,54
3621,Robert Blanchard,kaiserscott@example.org,North Cassandra,68
1619,Amy Jimenez,lindsay57@example.org,Kimberlyburgh,65
9333,David Williams,brittanyhale@example.org,Bonniefort,47
966,Sarah Wade,dariuswolf@example.org,Port Tonya,27
253,Lisa Schroeder,rebeccaanderson@example.org,Paulhaven,70
2068,Christopher Miller,romeromelvin@example.com,South Gregoryshire,43
6890,Sharon Odonnell,qdeleon@example.com,Port Jenniferstad,18
51,Derrick Ward,bwarner@example.net,Port Anthonyborough,60
4520,Scott Skinner,toddcompton@example.org,Shannonburgh,68
873,Patty Benjamin,kendrapham@example.org,Lake Christopherborough,52
9461,William Smith,jodydavis@example.com,Jacobsstad,62
6075,Bradley Cowan,samuel05@example.org,Port Meghanberg,50
6093,Angela Holland,amy94@example.net,New Sabrinamouth,41
3081,Robert Moss,dkennedy@example.com,Victoriafort,70
9606,Nicholas Meyer,bcarlson@example.org,Carlosville,38
3133,Amanda Smith,cunninghamjeffrey@example.com,Franklinside,63
1748,Cathy Levine DDS,anthonychavez@example.net,Lake Johnchester,66
249,Ashley Jones,vincentsmith@example.com,Moorebury,40
8605,Bethany Hall,martinsydney@example.org,Smithmouth,45
5303,Sheila Hardin,brandonbeck@example.net,Port Keith,26
7055,Sarah Pena,dianebaker@example.org,Alyssaborough,43
4393,Ryan Carlson,nmartinez@example.net,Schultztown,62
972,Suzanne Gonzales,phillipclark@example.org,New Stephanie,41
8215,Kathleen Massey,kimberlykelly@example.net,Port Hannah,52
3551,Jay Strong,smithkevin@example.com,South Markhaven,30
6196,Laura Griffin,alec60@example.org,Port Andreaberg,22
2895,Kevin Gordon,dean27@example.org,South Jessicamouth,30
8947,Hannah Barry,petersonjeremy@example.org,East Robert,41
6309,Steven Wiley,vprice@example.net,Shortview,47
8760,Tara Harvey,stuart68@example.com,Brooketon,22
6341,Kelsey Yang,sandraabbott@example.org,Murphyberg,67
448,Seth Munoz,wwilliams@example.com,Francesview,40
7404,Alexander Thomas,martinbecker@example.org,Port Morganbury,47
8065,Kathryn Graham,donald80@example.com,Andrewtown,20
9479,Nathan Brown,,Port Alex,23
1671,Peter Glover Jr.,turnersteven@example.org,New Brittany,60
1769,Paul Morris,austinwalls@example.net,Lake Christopher,64
5624,Sherry Washington,kristen05@example.net,North Marissa,26
8184,Aaron Horne,chantaylor@example.com,Curryborough,45
462,Alexander Armstrong,joanneburke@example.com,East Tony,43
6751,Alicia Harrison,makaylafrederick@example.com,Flemingview,50
1878,Calvin Mathis,carterlauren@example.com,Grahamhaven,24
9716,Terry Phelps,,Greeneton,40
7284,Jacob Holt,qmiranda@example.com,Williamborough,54
377,Ryan Green,asolis@example.net,Johnport,60
411,Joseph Boone,xmartinez@example.com,Williamsbury,43
9492,Brittany Perez,phopkins@example.net,Allisonhaven,65
3400,Dr. Jeffrey Barr Jr.,davidwebster@example.net,Lake Christy,45
6326,Tiffany Graham,colleenwilliams@example.com,Ruizland,40
9058,Brandy Ward,tparker@example.net,Christopherbury,28
2679,Miranda Dunn,moralesfrances@example.com,Livingstonmouth,53
8261,Kimberly Aguirre,saramorris@example.com,Dixonshire,58
1865,Christopher Lowe,angela65@example.net,New Katherine,34
1510,Lisa Hernandez,whitedonna@example.com,Lake Carl,31
9554,Megan Chavez,fduncan@example.org,West Jordanburgh,58
8633,Christopher Garcia,tiffany76@example.net,Greenbury,18
275,Darius Williams,yorozco@example.org,Lindaville,46
2752,Julie Alvarez,turnerjimmy@example.org,East Justinport,23
2587,Scott Brooks,nroberts@example.org,Andrewburgh,48
1761,William Reynolds,jennifer91@example.com,Marilynview,27
8392,Tyler Church,donald69@example.net,South Edwardbury,65
7883,Julia Allen,carlporter@example.com,Frenchland,65
2479,Heather Blankenship,bryantvictor@example.com,Danielsport,56
6463,Kristina Cunningham,perezcheryl@example.org,East Edward,25
7198,Caitlin Alexander,thompsonjohn@example.com,Hartmouth,61
5158,Cheryl Banks,charles86@example.org,South Stephanie,55
2302,Daniel Goodwin,floydmelinda@example.org,Adamston,35
8041,Christian Ramirez,ian74@example.org,Carrilloberg,24
6144,Kelsey Carter,robinwolfe@example.net,Lake Lukeview,37
7258,Monica Gates,singhjillian@example.net,Port Erin,41
7967,Deborah Mendez,tcole@example.org,West Veronica,61
9279,Robert Davis,mbrennan@example.net,Rodriguezport,31
4798,Brooke Yang,melissa17@example.net,Richardfurt,47
6533,Thomas Bryant,wallsshannon@example.net,Port Xavier,49
7378,Cody Walker,opark@example.com,Oconnorborough,67
514,Wendy Gould MD,margaret44@example.org,East Deannaton,54
2708,Sharon Palmer,imolina@example.com,Port Yvonnebury,58
1403,Mrs. Samantha Torres,cgrimes@example.net,Port Nicole,26
9396,Nicholas Wallace MD,stewartduane@example.net,Port Jessicahaven,22
922,Karen Howe,brent57@example.org,West Tonyaborough,40
6871,David Long,carmenwarner@example.org,Michaelchester,42
2755,Kevin Mason,erin63@example.com,Daughertyside,53
8535,William Phillips,jeromebowen@example.net,Kinghaven,53
2076,Tyler Lopez,matthew05@example.com,Whitestad,36
475,Rachel Lambert,jacevedo@example.org,Sharonberg,48
4103,James Gonzales,williamsonchristy@example.org,Charlesport,64
6614,Elizabeth Strong,njohnson@example.net,West Jamieton,20
8832,Andrew Gibson,rjohnson@example.com,North William,32
3509,Brandon Smith,jenniferflynn@example.org,Coxhaven,57
8362,Dr. Michael Brown,jennifer28@example.net,East Erikaburgh,43
3108,Patricia Pittman,jonesshawn@example.com,Jeremymouth,28
6508,Luis Smith,ugregory@example.org,North Derrick,38
481,Bryan Anderson,wrightrichard@example.org,West Erik,56
5945,Christopher Smith,invalid-email,North Deborahtown,55
3152,Louis Martin,annawhite@example.org,North Michelestad,69
3652,Victoria Henderson,misty87@example.org,Tiffanyville,28
9101,Brian Foster,bgreen@example.net,East Michael,60
6568,Joshua Richardson,,Melissaside,65
9000,Kathryn Lee,vwilcox@example.org,East Jaime,68
7537,Christopher Fitzgerald,qbrown@example.com,West Sharonshire,60
2168,John Wilson,mcbrideandrew@example.com,Port Kelly,45
7541,Jessica White,sarah17@example.net,Rowlandville,55
5310,Paul Alvarado,danielmaxwell@example.org,Lake Jennifermouth,44
9880,Paul Morales,thomastom@example.org,Perezside,26
3173,Luis Mitchell,mendezsabrina@example.org,Rebeccafort,59
9551,Matthew Ward,jessicastanley@example.net,North Kelseyland,66
7753,Michael Santiago,elizabeth67@example.org,Port Tammiechester,45
5507,Melanie Bruce,portergregory@example.net,West Kara,19
4216,Marvin Hansen,robertslaurie@example.net,Port Robertside,30
3788,Brooke Stewart,chloecooper@example.net,Danielschester,69
9742,Elizabeth Mitchell,shannon82@example.com,Brownshire,22
715,Emily Rivera,julia75@example.com,East Sarahberg,37
5767,Ruth Ferguson,danielle08@example.com,South Andrewside,59
7786,Mark Ortiz,ruizlynn@example.org,Harrisland,30
8399,David Holder,moorelouis@example.org,Vincentview,44
1225,David Caldwell,brucejones@example.net,Watsonmouth,65
5432,Mike Thompson,mjohnson@example.net,Fergusonhaven,53
8330,Jonathan Bishop,rayjohn@example.net,Jacksonchester,70
8251,Brendan Martinez,qrobinson@example.org,South Michaelstad,28
1021,Melissa Boone,gkelley@example.com,South Sandra,38
706,Mr. Tyler Mills,david44@example.org,Joanshire,66
7693,William Davis,owenalejandro@example.org,New Kara,57
5808,Angie Moore,hornejoseph@example.net,Port Bradside,24
2555,Marcus Rich,wmontgomery@example.org,West Johnny,66
4618,Mark Trujillo,anthonyjames@example.org,Kelleyton,18
909,Lori Thornton,itaylor@example.net,West Meganberg,44
3017,Jennifer Williams,thomasle@example.net,Sarahhaven,44
5169,Emily Flores,asnyder@example.com,North Kylefurt,46
7932,Jay Daniels,zbrown@example.com,New Jason,51
3046,Madison Bailey,nicholasraymond@example.com,Smithberg,65
4773,Christopher Freeman,veronicarogers@example.com,North Thomasmouth,70
595,Megan Serrano,ffox@example.org,Johnsonmouth,20
9725,Isaac Watson,markgraham@example.net,Wrightland,69
441,Bradley Thompson,vbennett@example.net,West Nicole,69
7090,Jacob Wilson,montoyacaroline@example.org,New Marcus,150
4334,Tyler Ross,ryan26@example.com,East Lisa,32
7029,Steven Williams,davisrichard@example.net,New Matthew,24
11,Alicia Allen,amandalarsen@example.org,Turnerbury,44
8034,Shawn Leon,jeffersoncurtis@example.com,Camposchester,18
6750,Sabrina Kramer,angela25@example.net,Marialand,39
6197,Charles Smith,kevans@example.com,Port Matthew,57
6632,Noah Clark,ogarcia@example.org,Bridgesview,27
94,Kristen Hall,emily93@example.com,Port Sheri,52
3320,Betty Wallace,bporter@example.com,Port Paulshire,56
9708,Makayla Williams,shelley16@example.net,Staffordtown,21
3339,Megan Parks,benjamin76@example.com,Elizabethfurt,69
5071,James Ibarra,xwright@example.org,Lake Angela,65
8078,Mary Burke,zacharyspears@example.org,Erichaven,32
2408,Kara Jordan,,Cardenasfort,53
293,Crystal Williams,,Williamsmouth,31
789,Haley Morrison,garymartin@example.org,East Kyleberg,67
4831,Megan Brewer,angel34@example.com,Shermanchester,0
3255,John Burke,foxcarl@example.com,Amybury,52
6999,Heidi Clements DDS,kdixon@example.com,West Corey,53
8186,William Hunter,bonnie10@example.com,Alexanderberg,60
1374,Brian Ray,peter98@example.net,South Kristineberg,51
4682,Zachary Harris,conraddonna@example.net,New Brandonmouth,32
1795,Antonio Sutton,bennettjennifer@example.org,Mitchellfurt,28
6787,Jacqueline Pennington,steven98@example.net,Sarahland,46
6555,Casey Rodriguez MD,zmarshall@example.org,New Emilyside,20
2134,Kimberly Davis,iwilliams@example.com,New Nicole,53
3464,Beth Williams,phillipslaura@example.com,South Kimberlyton,47
4899,William Moore,yateskevin@example.com,West Aaronton,57
3033,Don Ellis,brooksandrew@example.com,East Andres,50
4727,Kevin Dean,palmerabigail@example.org,West Louis,56
2887,James Young,sjones@example.org,Kevinhaven,32
9126,Jason Peterson,erika26@example.com,Amandahaven,22
8258,Eric Ward,mtate@example.net,New Paulamouth,35
3774,Steven Thomas,smalllisa@example.com,Lopezstad,150
7700,Kyle Perry,guystewart@example.org,Adamsville,61
6454,Elizabeth Hardy,floreswalter@example.com,Petersonland,19
4274,Melissa Norris,laurengiles@example.com,West Jimmyport,42
2184,Kelly Hernandez,nataliehuerta@example.org,Raymondburgh,65
3188,Robert Scott,olivia28@example.com,Marissaburgh,70
2817,Brenda Moore,nicolejones@example.com,Louischester,53
3313,Mary English,zunigawilliam@example.org,New Markview,23
3106,Thomas Spencer,brownadam@example.net,South Jessicaside,30
5562,Stefanie Miller,brittanyward@example.com,Meganland,22
6514,Connie Burke,ncase@example.org,East Johnhaven,46
8514,David Curry MD,jerryperry@example.net,South Christopher,52
6536,Joseph Robbins,nbeltran@example.org,Bondmouth,65
838,Jamie Watkins,brian30@example.net,Bellhaven,28
5874,Lauren Hernandez,hcabrera@example.org,Port Jaime,70
361,Michael Garner,timothy89@example.org,Port Laura,67
6038,Scott Roberts,wanda36@example.net,North Juliemouth,26
6965,Ryan Watson,xhartman@example.net,Domingueztown,28
9959,Manuel Craig,brian29@example.org,North Philliptown,38
4863,Jeremy Garcia,jennacastro@example.com,North Kelseyland,41
6212,Brett Nichols,gilestammie@example.org,South Christopherport,22
8962,Shawn Elliott,brandonsanchez@example.org,Heatherhaven,42
9124,Christina Chandler,invalid-email,New Stephanie,32
7368,Jorge Harris,mariaward@example.net,North Christina,38
8216,Alex Hernandez,christopher62@example.com,West Oscar,26
4002,Carolyn Turner,qmejia@example.com,New Emily,53
6400,Charles Johnson,invalid-email,New Kathleen,-5
5459,Mark Vincent,julie72@example.org,Timothyberg,21
6031,Robert Garcia,lmiller@example.com,South Lori,52
3626,Abigail Crawford,brittany97@example.net,East Katelyn,36
6095,Albert Medina,gball@example.org,Hannahhaven,30
2406,Brandon Hopkins,ujohnson@example.com,South Brandi,38
3985,Scott Prince,paulajones@example.com,Wrightville,47
701,Stephanie Lopez,lmartin@example.com,Julieview,38
5614,John Medina,kayla84@example.org,Austinchester,67
1447,Travis Nolan,hbarron@example.org,Richardstad,19
8010,Eric Olsen,joel75@example.org,New Brianborough,37
9588,Samantha Gonzalez,savagetodd@example.org,Port Matthew,27
2089,Ana Howard,laura08@example.net,Sotostad,25
6062,Dr. Melissa Thompson MD,hebertstephen@example.org,New Rachelshire,36
5708,Matthew Elliott,jonesleonard@example.com,East Jonathon,21
8847,James Peterson,nancykerr@example.net,South Jaredton,65
8502,Donna Davis,sextongarrett@example.net,Fieldshaven,39
6604,Isaiah Miller,xjames@example.net,Bonillaville,44
8027,Jose Murray,tammyguerrero@example.net,South Christopher,19
7282,Nicole Hartman,ywilson@example.com,North Marcusburgh,30
736,Devin Peters,amanda34@example.org,Bennettberg,45
9619,Diana Huff,ogonzalez@example.org,Greerchester,32
8325,Kevin Ferguson,katherine95@example.net,West Cameronton,57
8064,Morgan Gordon,diana92@example.com,New Katrinatown,41
5869,Michael Wagner,sarahgriffin@example.com,Charlesfort,68
9830,Megan Perkins,xbrown@example.com,Smithburgh,33
4721,Chris Salazar,joshuali@example.org,Deannastad,41
4096,Kylie Ortiz,carmstrong@example.org,East Brian,26
4872,Jay Ray,tylercooper@example.net,Richardport,35
3024,Alexandra Calderon,wkim@example.net,East Kimberly,59
9669,Jody Anderson,cynthia08@example.net,Port Jennifer,37
9373,Ryan Vasquez,jturner@example.org,Rodriguezton,59
2109,Matthew Gonzalez,invalid-email,Williamchester,66
8495,April Morris,uwiley@example.com,Port Charleston,55
604,Thomas Lee,glennpatton@example.org,Leeside,40
9140,Chloe Steele,toddwood@example.com,Cynthiafurt,49
6837,Emily Miller,cainmichele@example.org,North Kaylaton,34
394,Christine Hudson,kristindavis@example.org,Davidstad,65
6647,Alexis Marquez,jmiller@example.net,North Jacksonville,46
8438,Michael Kennedy,jamesdavidson@example.com,New Marilynside,64
5033,Samuel Alvarez,timothy24@example.org,East Sara,54
4296,Nicole Gonzalez,romerocameron@example.org,Garrettfort,51
96,Michelle Smith,cheryl27@example.com,North Janehaven,67
7095,Ryan Porter,invalid-email,South Benjaminside,42
2458,Michael Jackson,michael45@example.org,Lake Adamburgh,39
9114,Erin Ellison,janicepotter@example.net,Port Robertborough,60
4713,Amy Kelly,kevinfreeman@example.org,Toddberg,45
7335,James Williams,mooneyjustin@example.net,Melindafurt,30
7771,Taylor Lee,lindagonzalez@example.net,Burchborough,29
9197,Craig Huffman,jose59@example.net,South Casey,35
3318,Jack Garrett,invalid-email,Port James,68
8617,Kenneth Ryan,morenostephen@example.org,Mariafort,40
7801,Stacy Holland,invalid-email,Mooreton,27
3080,Jordan Garcia,martinezpeter@example.com,New Theresabury,20
3245,Ashley Grimes,jennifermiller@example.net,Calhounland,62
5095,Bradley Kent,,Duncanbury,23
6056,Erin Johnson,hilllawrence@example.com,Thomasfort,62
9734,Jennifer Zuniga,jasminebauer@example.org,Port Greg,30
8425,Holly Crawford,austinespinoza@example.org,Lake Michael,35
8028,Timothy Alvarado,michaelgoodwin@example.org,Lake Christopherside,64
7589,Christopher Saunders,grahamtyler@example.org,Sarahmouth,26
3847,Kevin Sexton DVM,mccoykathleen@example.com,North Brett,34
8234,Kyle Turner,vincent50@example.org,Port Joshuafort,21
9824,Timothy Green,carolynboyd@example.net,Lake Frankfort,20
2026,Timothy Chen,qmartinez@example.org,Markside,36
4827,Jennifer Martin,davidperkins@example.org,Patriciafort,62
6432,Steven Mcclain,misty03@example.com,Port Aprilville,60
4951,Alexis Wolf,roblesgary@example.org,West Joseville,29
2228,Robert Bennett,qsloan@example.org,East Hunterside,23
5839,Alexandra Bradshaw,kgarcia@example.net,East Isaiah,26
2957,Daniel Kelly,hhicks@example.com,Jacquelineland,21
7640,Ronald Moore,donna62@example.org,Jamiefort,35
20,Steve Richardson,,Port Davidbury,59
2956,William Scott,taylortodd@example.net,Lake Madisonstad,20
7210,Lisa Mcdonald,invalid-email,Chavezton,66
6002,Audrey Perez,jenniferwatson@example.com,Melendezville,26
7249,Kathryn Mccarthy,invalid-email,Katherinemouth,57
2931,Martin Brooks,randallchambers@example.net,Port Joseph,63
6388,Robert Riley,mary04@example.net,Jimmyport,45
1262,Elizabeth Chung,steven58@example.org,Mcdanielside,65
7221,Aaron Russell,ashleymorris@example.net,West Brianville,47
810,Eric Nelson,joshua46@example.org,New Veronica,48
5206,Deanna Frazier,rhuang@example.org,Muellerville,40
9074,Courtney Crawford,jeffrey76@example.net,North Amandafurt,35
6708,Robin Williams,lawrence69@example.org,Rodrigueztown,25
3998,Walter Lloyd,aprilgarcia@example.net,East Ronald,30
9610,Mr. Martin Mitchell,kevinmontgomery@example.org,Lake Amberville,18
3280,Penny Wright,amosley@example.org,West Coryfort,65
7702,Noah Rice,brandy61@example.org,New Anna,41
9929,Chris Smith,pwheeler@example.net,North Robertport,35
1143,April Bryant,samantha70@example.com,Elizabethmouth,39
7220,David Parker,victoria52@example.net,North Christopherfort,56
2246,Jerry Wong,keithbutler@example.com,Lake Brittneyton,57
3038,Victoria Barry,qarnold@example.org,Lake Joshua,48
3711,Tracy Davis,jwinters@example.com,Phillipshaven,43
2610,Richard King,stephanie09@example.com,Stephaniefurt,18
9756,Nicholas Diaz,lancegates@example.com,Chapmanborough,23
3071,Katherine Morgan,lindseysmith@example.net,Davidburgh,21
1600,Tammie Thomas,nstephens@example.com,New Codyville,35
4254,Brandy Mccarty,taylorwillie@example.org,East Christinamouth,36
8825,Stephanie Conner,jmoore@example.com,Jacobstad,65
4318,John Gay,littlesarah@example.net,Butlerstad,26
8751,Natalie Brown,vpadilla@example.net,Nicholsmouth,29
621,Laura Matthews,howardjennifer@example.org,Hendrixborough,54
5427,Benjamin Williams,brownjennifer@example.org,Taraburgh,61
5873,Stacie Soto,lance20@example.org,East Donnafurt,47
1409,Jennifer Ryan,nmcdowell@example.net,West David,57
6990,Alexander Dunn,churchjean@example.org,Smithborough,27
9527,Gabrielle Frazier,dan69@example.com,New Jessica,70
4255,Ryan Gibson,wigginsrobert@example.org,South Jasonside,19
1047,Jamie Hudson DDS,raymond36@example.net,South Charles,35
3059,Brittany Simpson,jason89@example.com,Port James,31
3401,Gina Duncan,kathryn70@example.com,Petersonhaven,46
4065,Joseph Carr,invalid-email,West Meghan,64
1766,Danielle Herrera,justin71@example.com,Lake William,53
744,Crystal Turner,richard65@example.org,Hernandezport,35
223,Katie Prince,georgeortiz@example.org,New Caseyview,23
2392,Christine Ellison,invalid-email,Port Bonnie,60
626,Timothy Patel,invalid-email,West Williamview,44
3488,Jaclyn Mason,leslie60@example.net,North Veronica,70
5101,Christopher Nelson,,Kingfurt,26
5152,Mary West,patricia92@example.com,Rosariomouth,70
4871,Melissa Swanson,ooliver@example.com,South Anthonyhaven,57
2681,Megan Russo,hrobinson@example.net,Seanside,55
7889,Shannon Bennett,yangrichard@example.org,Robertton,23
6992,Jose Anderson,mosesshawn@example.org,Calderonport,46
1316,Brandon Miller,xmays@example.com,Lake Joseph,46
5096,Kayla Moses,brianmarsh@example.org,New Chelseamouth,23
3018,Vanessa Henry,wheelerwendy@example.org,Westbury,24
8645,Regina Lopez,jasonbell@example.net,Latashaville,55
3661,Christopher Sherman,torrestony@example.com,Mooretown,32
354,Charles Harvey,dawncoleman@example.net,South Shawn,39
7077,Amber Hart,michael94@example.com,Christinachester,40
457,Mr. Daniel Wall II,acostatonya@example.net,West Georgefurt,56
7333,Cheryl Hicks,uwhite@example.net,North Heather,37
3885,Danielle Sanders,nancy69@example.com,Lake Stephanieside,52
240,Justin Lee,steven96@example.net,East Joseph,63
9319,Adam Jones,latashajuarez@example.net,Port Chadbury,41
7353,Michele Carlson,krystal77@example.org,Mcdowellburgh,21
7595,Andrew Hall,mmejia@example.com,West Davidshire,33
9100,Troy Kemp,amy20@example.com,South Johnton,63
2754,Jeffrey Rodriguez,colemichael@example.com,Port Wesley,49
6897,Joel Martin,gilmorewesley@example.org,Hamiltonland,39
5900,Joseph Solomon,fmiller@example.org,North Emily,31
6919,Nicole Vance,awilliams@example.org,South Eric,35
3796,Gregory Gonzalez,oward@example.org,New Sophia,33
1019,Mariah Turner,stuart13@example.org,Stacyville,65
6805,Matthew Brown,williamschristopher@example.org,West James,65
6441,Dr. Garrett Silva,annahenson@example.net,Benjaminville,51
5565,Jessica Swanson,johnsoncarol@example.net,Port Kathy,21
9355,Zachary Green,jacksonsara@example.net,New Joannfurt,33
1104,Stacy Robinson,daniel97@example.com,New Jonathanton,23
4395,Tammie Moore,gene04@example.net,North Juliemouth,46
7454,Martin Villarreal,phillipsanchez@example.org,Roychester,62
2056,Lisa Murphy,xluna@example.com,Jennifershire,69
7913,Renee Nguyen,margarethill@example.org,Millerberg,37
7783,Amber Smith DDS,mitchellapril@example.net,Palmershire,45
1852,Amy Taylor,ibentley@example.org,East Christopher,25
2875,Susan Morales,scott89@example.net,West Richardport,36
9411,Jessica Molina,,Delgadofurt,34
9766,Pam Colon,alexandra55@example.com,North Samantha,26
9426,Jennifer Gutierrez,jessicaking@example.net,Kingside,41
4072,Anthony King,cherrykenneth@example.net,Port Anthonyburgh,61
1635,Ronnie Neal,smithalicia@example.org,Dunnland,63
3567,Jennifer Brady,kendrayoung@example.net,Jenniferfurt,26
9534,Jeffrey Conway Jr.,katierobinson@example.com,West Michael,50
1384,Robert Patton,browncharles@example.org,Port Michaeltown,31
9609,Kristie Young,cjones@example.com,Shellyland,37
2751,Dr. Kenneth Campbell,moorekathy@example.org,Jacksonfurt,50
218,Anna Garcia,vwade@example.org,Port Albert,33
7521,Peter Taylor,kariescobar@example.org,Carrhaven,33
1069,Bradley Wright,lewisjason@example.com,Anthonyville,61
8586,Hector Martin,brownmelinda@example.com,North Patricia,55
1035,Amy Hughes,wyattanthony@example.net,Deannastad,36
9786,Charles Smith,robertsoncourtney@example.org,Kingborough,52
7264,Rachel Santana,cindy57@example.com,Wagnerville,69
4455,Michelle Kelley,,Deanfurt,40
9703,Dennis Peterson,allison26@example.net,West Brianton,26
1892,Martin Hughes,fgreen@example.org,West Kylehaven,62
907,Eric Davila,peterblack@example.org,Lake David,43
7593,Kaitlyn Gomez,,Wolfefort,58
6496,David Humphrey,tsmith@example.com,East Timothyside,52
6028,William Roberson,amandaramirez@example.net,Port Lisastad,41
8223,William Rodriguez,johnjacobs@example.com,Tonyaport,42
8053,Kelly Skinner,david72@example.org,Brianchester,25
8052,Amanda Chase,rebecca76@example.com,East Kyle,60
4774,Kirk Henderson,muellerjavier@example.net,Davisburgh,19
4484,Jill Foley,hhull@example.org,East Alexandermouth,69
6649,Travis Morgan II,ashleyhodges@example.com,Baldwinfort,27
5664,Angel Clarke,invalid-email,North Rickeyport,40
4285,Tammy Martin,invalid-email,Derekside,24
2702,Amy Moran,brian41@example.com,Karenborough,31
2920,Michael Tyler,ortizjames@example.org,North Stephen,35
3264,Ms. Betty Villegas MD,stevenscharles@example.net,Thomasborough,32
853,Benjamin House,michael29@example.org,Kaylaland,31
3943,Matthew Tucker,,West Alan,43
2465,Carolyn Keller,camposkathryn@example.com,Mayerburgh,65
7867,Lauren Gray,deniseodom@example.org,West Mitchellville,47
3974,Ronald Shields,andreahess@example.com,Kristishire,19
9591,Anthony Williams,frankkathryn@example.net,South Janet,22
5138,Amy Thornton,granttimothy@example.org,Michelletown,44
7342,Daniel Wilson,hoffmanheidi@example.com,North Sean,70
3382,Rhonda Holloway,fgriffin@example.com,Roblesmouth,27
6359,Carlos Leon,ernest62@example.net,East Felicia,53
8754,Deborah Jackson,alyssageorge@example.com,Gardnerberg,68
1808,Alec Nguyen,danielrogers@example.net,South Courtney,38
748,Tiffany Sanford,eugene00@example.net,South Amanda,50
7877,Andrew Pace,ronaldkey@example.net,North Veronicaland,48
348,David Donovan,amberrogers@example.org,Pamelaland,39
3617,Martin Allen,waretara@example.org,Elizabethberg,29
3083,Gabrielle Gilbert,mcgeeomar@example.org,Port Paulchester,35
8020,Joseph Ruiz,ywebster@example.net,New Josephview,60
7236,Ashley Kirby,ismith@example.com,South Dale,68
2010,Michael Rangel,washingtonmelissa@example.org,East Patrickstad,31
3892,Ashley Pineda,george41@example.net,Lake Kellystad,69
3007,Timothy Davies,antoniohudson@example.net,North Michael,59
3064,Robert Barnes,gonzalezjoseph@example.org,East John,26
1524,Julie Lewis,qthompson@example.com,South Christophermouth,41
8891,Teresa Ellis,diana36@example.com,Lake Zachary,56
8640,Cynthia Ward,ccunningham@example.org,North Jasonside,67
9289,Wanda Ferguson,simmonsheather@example.org,Lake Jennifer,57
5029,Kerry Nguyen,ujackson@example.org,Lake Tim,27
6902,Matthew Joseph,poncetammy@example.org,Lake Samanthaborough,44
3689,Debra Mcbride,stephanie52@example.com,Morganberg,68
4984,Jessica Potter,gdalton@example.com,Port Allenmouth,58
764,Jesus Tran,sreeves@example.net,Judithport,54
2389,Steven Neal,richardvalerie@example.com,South Amanda,61
6752,Christopher Smith,paula64@example.org,Michaelfurt,62
9026,Jon Rose,jacksonterri@example.net,Port Robertshire,45
1836,Carl Zamora,harrisdaniel@example.net,West Andrewchester,65
8026,Casey Allen,shirleycoleman@example.com,Riosshire,63
1223,Gary Graham,longcynthia@example.com,North Cesartown,62
6487,Caleb Holmes,myersmandy@example.com,North Ryanmouth,38
5376,Brian Mccall,rhall@example.com,Jonesshire,58
8244,Justin Wallace,westheidi@example.org,West Melissachester,19
1792,Brandon Blanchard,lawrencemargaret@example.org,Howardville,47
8638,Tara Murphy,cgallagher@example.org,Lake Seth,21
9969,Barbara Long,joshua44@example.net,Jeffreyborough,54
8863,Karen Duran,zhall@example.com,Davischester,38
2836,James Harris,hwelch@example.org,Port Chelsea,43
709,Chad Stone,nathan70@example.com,Port Linda,53
510,David Lyons,npeck@example.org,Andreahaven,46
8035,William Hicks,michaelholland@example.net,Rogersstad,68
7839,Patricia Martinez,christinadavis@example.com,East Joshua,33
8391,Tyler Mcdonald,reeddavid@example.com,Tylerview,54
9644,Jennifer Orozco,rodriguezdiane@example.org,New Ryan,24
4561,Nicholas Brown,daisy49@example.org,Fernandezborough,58
7026,Michael Bush,kathleenfisher@example.org,East Debbie,31
7709,Michael Crawford,thomaskane@example.org,Gillland,48
7123,Nicholas Allen,yayala@example.com,Kristifort,25
7107,Jose Morton,zhernandez@example.com,New Patrickbury,18
4316,Robert Hill,washingtonmichael@example.org,Morrisonmouth,20
4843,Michael Clark,joan11@example.org,Port Rickyhaven,37
4133,Kaitlyn Berger,invalid-email,Juliestad,27
4646,Rita Estrada,morriskaren@example.com,South Brianview,0
712,Katherine Davis,tyler69@example.com,Port Jimmyton,18
7297,David Willis II,sergio58@example.net,South Melissachester,64
9313,Donna Murphy,dbowers@example.com,Port Michael,23
1617,Linda Montgomery,melissa45@example.com,Sandraborough,70
4819,Hannah Bowers,jenniferbarrera@example.net,Kellerbury,63
1373,Joseph Kerr,hmalone@example.net,North Dustinborough,50
3126,Tammy Simpson,jlong@example.com,Port Raymond,63
713,Kristina Grant DDS,andrewshah@example.com,Port Melinda,48
4708,Jacob Olson,rosalessharon@example.org,Jennifermouth,66
1246,Jessica Mckee,munozarthur@example.net,Lake Karastad,48
9002,Anthony Bartlett,dsanders@example.com,Mariahfort,21
4405,Jessica Guerra,bruce87@example.net,East Claudiahaven,39
8778,Nicholas Murillo,joywhitaker@example.org,South Joannehaven,43
716,Ronald Perez,ramseymelissa@example.net,South Jennifermouth,59
1685,Matthew Little,zmolina@example.org,Royton,40
7248,Jasmine Davis,peternelson@example.com,Bennettstad,25
1483,Christopher Bell II,francovanessa@example.com,East Monique,43
6875,Tamara Walker DVM,stevesingh@example.com,Port Jason,38
2620,Brandi Green,stoutrobin@example.com,Edwardsland,29
3871,Brandon Young,hwilson@example.org,Natalieshire,57
8981,Grace Jarvis,invalid-email,Davisbury,24
2128,Jason Bowers,,New Andrewview,51
3258,Brandon Casey,jshannon@example.net,Lake Belindaside,37
1884,Lauren Fowler,adamsvincent@example.org,Ramirezfurt,33
213,Anna Scott,michael29@example.net,East Karenbury,39
3051,Judith Lopez,chavezjessica@example.com,Chadtown,56
4695,Vincent Gonzales,catherineadams@example.net,Carriebury,51
1011,Derrick Mckinney,josephlarson@example.net,West Sonyabury,25
324,Tanya Harris DVM,hernandezrobert@example.org,Schultzview,45
3571,Taylor Mueller,ncooper@example.org,Rogersville,56
1098,Tara Nelson,christophermorales@example.net,Caitlinstad,22
1563,Laura Mccormick,elester@example.com,Williamberg,22
3425,Margaret Garcia,idoyle@example.com,North Tina,48
335,Andrew Hawkins,ronnie48@example.com,South Alicia,35
2698,Justin Clarke,johnsonnicholas@example.org,Oliverport,23
6217,Brittany Montgomery,cartermatthew@example.com,Sanchezchester,40
2808,Nicholas Mitchell,ubanks@example.net,Johnsonville,30
6821,Emily Fox,megan77@example.org,Lake Stephanieville,40
793,Antonio Robertson,phines@example.net,North Danaborough,25
234,Anthony Bray,baileychad@example.net,East Charlesland,37
5844,Amy White,halvarado@example.org,Jeanneshire,63
2733,Terry White,randy97@example.net,Hermantown,36
5919,Alyssa Nguyen,carlsonalicia@example.com,Williamsfort,50
2514,Jessica Bautista,richmondjohn@example.com,Darrenchester,21
7428,Sheena Rivera,fjoyce@example.com,Tiffanytown,41
5886,Johnny Anderson,dylan14@example.net,North Scott,30
7488,Ryan Lane,rbryant@example.net,East Darrellmouth,37
5260,Eric Benton,knewman@example.org,Marcusborough,52
8103,Patrick Jones,,West Michael,69
6444,Jeffrey Burke,phamkimberly@example.net,Ramirezland,57
9225,Clinton Hudson,osmith@example.com,West Matthewhaven,37
9687,Jason Anderson,hudsonjose@example.com,Fisherhaven,58
5171,Julie Singh,howelljason@example.net,Annetteview,48
775,Savannah Myers,tonyamelton@example.org,Crosbyshire,40
1495,Calvin Bates,dianefisher@example.org,Baileymouth,31
1598,Molly Foster,vaughanray@example.org,West Michael,40
872,Michael Wright,jim13@example.org,Davidfort,56
5172,Jason Clayton,calhounbrenda@example.org,New Gregoryview,49
1264,Kenneth Wilcox,mitchellheather@example.com,Port Christopher,61
5283,Christopher Reyes,,Howardfurt,23
4150,Robin Russell,cody44@example.com,North Brittanyton,28
7202,John Thompson,rebeccadavis@example.com,Port Brandon,66
4157,Jordan Taylor,cassandra73@example.com,Dawsonton,25
2108,Anthony Douglas,theresa70@example.net,New Jessica,36
1221,Michele Bradshaw,walteremily@example.org,New Jeffreyton,23
7172,Devin Gutierrez,marysingleton@example.com,Schroederside,65
2349,Connor Garza,nsmith@example.net,Patrickland,58
409,Cody Graham,yangshannon@example.org,Port Stephen,26
5203,James Miller,stephenhowell@example.net,Joshuaton,18
4163,Holly West,hpowell@example.net,Terryburgh,48
1514,Matthew Cruz,robertsteele@example.com,Port Melinda,61
8557,Joy Bernard,gpowell@example.net,Ericatown,61
4247,Todd Huber,mccallchris@example.org,North Cassandrafurt,61
2146,Meredith White,dawnwang@example.com,Jamesmouth,49
5293,Phillip Anthony,kimberlydaugherty@example.net,South Michellefurt,42
4562,Kara Lopez,allison61@example.com,East Samuelshire,51
6913,Matthew Thornton,saraalvarez@example.org,Lambertshire,45
7237,Leon Young,sharonreed@example.com,Maxwellfort,57
7481,James Smith,douglaswilliams@example.net,South Patrick,20
3161,Sandra Black,stephenlynn@example.org,Ashleystad,28
5607,Alexandra Williams,burkeholly@example.com,East Williamborough,70
9224,Brandon Townsend,zreynolds@example.com,Austinberg,53
8531,Tina Preston,bryan44@example.org,Jonathanland,66
5650,Eric Campbell,,East Joshuaside,61
8200,Jason Gonzalez,reyespatricia@example.com,East Hannah,60
5770,Jason Bates,collinsbrenda@example.org,Susanville,42
8748,Janice Wong,april57@example.net,Carrillostad,58
5840,Curtis Crawford,rowekevin@example.com,New Nancyville,24
3529,Laura Ball,allen13@example.net,South Sarahside,50
5008,Matthew Garcia,carriewilliams@example.com,Castanedabury,43
7366,Timothy Martinez,jonathan32@example.net,Simmonsport,0
3667,Teresa Miller,keithortiz@example.com,Port Sarah,22
3146,Oscar Hill,ygilbert@example.com,Joneshaven,62
5379,Wendy Greene,invalid-email,Jonathanville,46
9628,John Mcgee,amiller@example.com,South Joseburgh,52
1776,Erin Bryan,jessicaho@example.org,East Larry,36
1499,Melissa Oconnor,hubbardpatricia@example.net,East Gabrielle,28
1480,Mathew Ortiz,kimshaw@example.net,Schmidtside,67
6121,Melissa Miller,mferguson@example.net,West Lisashire,19
714,Jeffrey Smith,thall@example.net,New Jessemouth,62
7816,Joseph Rogers,wendy62@example.org,North Kristenside,66
6718,Adrian Wiley,quinnkarina@example.org,New Richard,30
1663,Renee Williams,,Brandyville,46
3799,Eric Edwards,ehicks@example.net,Port Jeromeborough,25
4090,Christopher Ramirez,sarah20@example.net,Allenland,69
4979,Edward Richard,xsims@example.com,Lisaland,38
8697,Tony Prince,browntimothy@example.com,Lake Jasonborough,56
5184,Donna Meyer,hendersonwendy@example.net,New Howardfurt,59
3947,Andrew Williams,,Alexandraview,40
6585,Peter Gibson,tapiarandy@example.com,Gutierrezside,62
746,Jesus Wood,williamspaul@example.net,West Margaret,24
7574,Stephanie Mclean,barbermichael@example.com,North Wendyland,69
711,Laurie Edwards,omora@example.com,Deborahchester,39
380,Billy Cummings,shannonhanna@example.com,Alejandroton,51
6385,Theresa Washington,samanthasantos@example.com,Robertsville,56
3128,Jonathan French,matthewmiller@example.net,Andrewborough,43
9037,Jessica Cruz,michaelmathews@example.net,West Dawnfort,50
7441,Jeremy Pace,sanchezrodney@example.com,Perezville,18
9399,Victoria Guerrero,erikcortez@example.com,South Davidmouth,53
9701,Dawn Moore,joseph41@example.org,South Codymouth,46
8458,Christine Wade,olivia80@example.org,New Annfort,41
4662,Molly Smith,martinjennifer@example.org,Lake Faith,63
4792,Teresa Wu,mcculloughcalvin@example.net,Mooreview,60
5853,Joshua Nguyen,hughesricardo@example.net,Bowmanstad,55
6943,Amanda Jones,tgeorge@example.net,Ericatown,66
9607,Cheryl Miller,sharonperez@example.com,East Christopherport,53
5014,Laura Morgan,meyersbreanna@example.net,Hawkinsview,40
1314,Cody Black,garylara@example.net,Port Joseph,33
4615,Larry Thompson,timothywilliams@example.org,Sarahchester,38
9496,Mary Wright,leegeorge@example.net,North Gabriel,25
4599,Victoria Lee,kristinschultz@example.net,Lake Scottfurt,47
9049,Carolyn Cabrera,pwagner@example.com,West Susan,57
8684,Shawn Watkins,kristina21@example.net,East Jillview,52
1286,Christopher Davis,lopezterry@example.org,Laurenburgh,58
4554,Allison Rodriguez,mollygarcia@example.org,Robertmouth,35
6331,William Bryant,joycerogers@example.net,Port Annaburgh,41
1350,Katelyn Hansen,qelliott@example.net,Youngside,57
9280,Cynthia Miller MD,swright@example.org,Kristamouth,31
2690,Amy Armstrong,grantlarry@example.com,East Bryanberg,69
7117,Emma Marsh,qortiz@example.net,Woodchester,56
4211,Rachel Dominguez,greenematthew@example.net,South Donaldbury,52
428,Erik Ford,omendoza@example.com,Ashleyton,38
654,Shannon Chapman,dyoung@example.com,Cooktown,60
8263,Nicole Tate,danielsanchez@example.net,Thomasstad,42
5578,Judy Hickman,warrenisabel@example.com,West Stephenshire,41
8049,Monica Hess,patricia46@example.com,East John,35
4891,Edward Wilson,fgalvan@example.org,New Stephanie,18
5412,Lauren Graves,williamsthomas@example.org,East Kevin,40
4931,Evan Noble,smithbrian@example.com,Cartertown,47
8000,Teresa Underwood,tamaratucker@example.net,South Matthewborough,41
7158,Marie West,douglasbrian@example.org,Andrewfort,35
3079,Ashley Burnett,castanedacandice@example.com,Patrickland,35
6572,Suzanne Morris,jonesjessica@example.org,Larryshire,37
612,Valerie Flynn,beverlygraham@example.net,North Katelyn,20
7626,John Smith,sharon97@example.net,West Stevenside,27
8296,Tricia Burke,donnasmith@example.net,West Richard,21
8834,Angela Henry,scottleonard@example.net,South Tara,42
6330,Carolyn Hill,dbowers@example.net,Floresberg,39
5122,Scott Delgado,blairkatherine@example.org,New Kennethfort,36
8371,Logan Dawson,reidbonnie@example.com,Nicoleport,63
1119,Catherine Simpson,prattkerri@example.net,Whitemouth,43
555,Mario Levy,websteramanda@example.net,Jackbury,47
9447,Kim Herman,vmunoz@example.net,Beanfort,50
512,Robert Frye,jameshill@example.net,Nicoleborough,58
7291,Rebecca Andrews,bassseth@example.com,Chelseahaven,41
4534,Thomas Bennett,,South Kimberly,64
968,Jared Cohen,fmartinez@example.com,Normanfort,64
2289,Andre Anderson,tammy85@example.com,New Elizabethborough,39
8422,Jennifer Snow,lewissamantha@example.net,Sarahton,27
2021,Patricia Boyd,russellkristen@example.com,West Brad,66
7051,Xavier Potter,wjohnson@example.net,Johnsonshire,31
6616,Lauren Sanchez,kathleen47@example.net,Turnerborough,63
6587,Tammy Wilson,leverett@example.net,New Brendaland,64
6182,Jesse George MD,kristineswanson@example.org,East Tyler,41
4394,Barry Melton,crawfordmarcus@example.org,Aaronburgh,46
4430,Paula Horne,donald92@example.org,Lake Yolanda,18
6928,Roy Frost,tammylowe@example.com,South Rick,39
9113,Megan Salazar,tmeyer@example.com,South Stephenstad,30
8653,Jonathon Long,fletcherlisa@example.net,North Erica,56
6276,Mark Jennings,alejandrodavidson@example.net,Lake Cheryl,31
3468,Andrew Peterson,dcampos@example.net,Jimenezborough,27
7204,Jennifer Russell,mariakemp@example.com,North Michaelfurt,62
4693,Travis Grant,mendozanicholas@example.org,North Hayleyville,33
1110,Jonathan Potter,nicole39@example.net,Lake Samanthaside,28
5964,Richard Thompson,vmartinez@example.org,Andrewton,57
5268,Michael Marshall,juanwoods@example.com,Dawnfurt,26
1039,Kathleen Davis,swansonsarah@example.org,Kellerstad,41
1195,Michael Harrison,milleralexis@example.net,North Carol,20
3061,Oscar Potter,uhernandez@example.net,Derrickfurt,30
3782,David Welch,iosborn@example.org,New Rhondahaven,59
8465,Michelle Rich,vyoung@example.net,Jennyburgh,29
4475,Joshua Jordan,nataliemiller@example.org,Carlaborough,39
9155,Mrs. Kristin Brown MD,tgomez@example.org,Lake Karla,20
2692,Daniel Bryant,jcarter@example.net,North Michael,50
935,Edward Garcia,uhorn@example.com,Herrerashire,30
7301,Evan Gibson,wolfanthony@example.com,Jacobsstad,28
2110,Tracey Stone,heatherholland@example.net,Stephanietown,53
5404,Rebecca Williams,guerrerorandy@example.org,North Sara,24
6724,Dr. Sara Duncan DVM,sean94@example.com,Joshuaburgh,66
395,Jason Nelson,farleydale@example.net,Port Roberthaven,63
8694,Albert Delgado,murphychristian@example.com,Danielside,21
7829,James Hurst,frice@example.com,Harrismouth,28
9351,Brandon Young,maria71@example.org,Timothyside,21
6569,Megan Krueger,melissa03@example.com,Annefurt,38
7792,Courtney Flynn,brittanywilliams@example.net,Lake Jordanfurt,150
4639,Tamara Rodriguez,bonniewang@example.net,Evansside,57
1298,Alyssa Price,mclark@example.com,Caitlinfurt,47
5255,Christopher Stark,,Lake Patricia,52
1163,William Roth,michael04@example.net,Gonzalezland,26
4420,Brooke Woods,angelabuchanan@example.net,Jenniferfurt,44
1672,Andrea Lee,nicholasblack@example.com,Princeburgh,33
9025,Amy Powers,gabriellemcconnell@example.net,North Fernando,40
2923,Matthew Howell,julia70@example.org,Mannshire,46
1528,Tamara Warner,ruth95@example.net,Lawrencetown,45
4515,Mark Brady,danielswhitney@example.org,Lake David,49
3525,Brandon Weber,scastillo@example.org,Elizabethburgh,39
8002,Lisa Martin,kyle26@example.org,Nelsonton,66
3060,John Lee,nicholascarr@example.org,Kerryland,42
59,Matthew Williams,fgonzalez@example.org,Elizabethland,44
8690,Elizabeth Pena,joseph21@example.net,Colestad,40
5906,Darryl Lozano,karen41@example.net,East Charles,30
8860,Shelly Burns,williamcline@example.net,New Victoriafurt,55
4709,Jennifer Burton,wongstephen@example.org,North Jose,68
8187,Teresa Jennings,jessica96@example.org,Barbaraberg,55
6253,Gabrielle Patel,rebeccasmith@example.com,Simstown,54
8384,Blake Barry,daniel54@example.com,Heatherfort,60
3460,Kenneth Richardson,teresa72@example.org,Pottsport,50
6651,Monica Weber,ztorres@example.org,Michelleburgh,60
7808,Patricia Huff,denisedavenport@example.org,Richardton,18
4658,Donna Mccoy,davidscott@example.net,South Jeffreyburgh,64
2304,Stephanie Marshall,dianelewis@example.com,Hallfort,35
3291,Douglas Hammond,loweryelijah@example.org,Lesliehaven,54
677,Charles Smith,josephlopez@example.org,Lopeztown,40
7803,Paul Wilson,pneal@example.com,East Kristinmouth,64
4292,Maria Collins,brownchristopher@example.org,Brookestad,23
5528,Adam Pruitt,vangmichael@example.com,Lake Kevin,23
1938,Nicholas Morton,kevinosborne@example.com,Cardenasbury,38
9692,Victoria Jenkins,robert73@example.org,Lake Beth,59
7526,Hannah Mueller,csalas@example.com,Lisaborough,53
7092,Susan Case,tiffany22@example.net,Robinsonberg,46
2710,Anita Aguirre,richelizabeth@example.com,Theresaville,56
8548,Daniel Murphy,sarahmay@example.net,Mcguireview,33
5981,Juan Whitehead,jennifer09@example.net,Port Kelly,54
6648,Christopher Mckenzie,lmartin@example.net,South Michaelside,54
3699,Noah Middleton,larsonsandra@example.org,Jenniferchester,67
5468,Michele Barker,susanferguson@example.com,Brittanyview,18
867,Carolyn Rivera,jensenmary@example.org,East Clairemouth,53
3429,Carla Molina,owensbrad@example.org,North James,35
8525,Elizabeth Robinson,rjohnson@example.net,Ramirezfurt,33
4748,William Smith,shaneferrell@example.org,North Tammyfort,19
8340,Latoya Paul,zgonzalez@example.net,Houstonfort,28
5004,Sandra Barnes,michael93@example.org,Lindseyborough,18
1818,Jessica Lambert,wuelizabeth@example.com,Port Jamiebury,28
5517,Katherine Heath,annparks@example.net,Aprilbury,70
2909,Julie Wells,travishansen@example.net,Greerville,39
8899,Jason Williams,michaelrodriguez@example.net,Hillfurt,67
1966,Philip Berry,chadzimmerman@example.net,North Eddie,20
5729,Deborah Alvarez,smoore@example.net,North Susan,32
9895,Mary Riley,hannah09@example.org,Chanville,68
2639,James Perez,clineamber@example.com,West Vickistad,25
8654,Ashley Andrews,,West Tamaramouth,33
4685,Michele Pham,nicholas70@example.org,Wilsonstad,28
1211,David Stokes,invalid-email,West Kathleenbury,39
5642,Jordan Camacho,cdavis@example.net,Garystad,45
7928,Sheena Robinson,perrytimothy@example.net,North Danaburgh,63
1727,Anna Allen,bwatson@example.net,Melissatown,50
8346,Michael Wilcox,matthewhart@example.org,Briannaview,54
3937,Olivia Caldwell,lori02@example.net,Lozanoland,39
6439,Karen May,travis49@example.org,South Richard,68
6854,Scott Mccarty,award@example.com,Hernandezborough,63
8144,Christopher Carter,robertsonandrea@example.net,Gonzalezside,20
4953,Heather Mcclain,omartinez@example.net,Crawfordchester,34
7177,Martin Holden,kathrynchapman@example.net,Chapmanchester,25
3461,Jerry Ortega,kwhite@example.org,Port Elijah,39
8934,Vicki Rocha,jamesgeorge@example.org,Danielview,20
618,Mrs. Mary Mills DDS,monroecheyenne@example.org,South Michael,60
6078,Elizabeth Chambers,mcleanvanessa@example.org,East Michaelmouth,61
6379,Emily Baker,robertjones@example.net,West Belindahaven,56
7725,Elizabeth Jones,mwelch@example.org,South Jamesshire,36
3306,Andrew Wagner,galvanpaula@example.net,Aliciaview,66
767,Cynthia Horn,dperez@example.org,West Christopher,27
6502,Caleb Lee,amanda92@example.org,Maryburgh,58
9981,Christopher Alvarez,sarah11@example.com,Garzafort,63
5502,Ronald Robinson,teresa63@example.org,East Lisa,65
2073,Jerry Wright,pamela42@example.net,Gilberthaven,39
1145,Leah Marshall,christine49@example.org,Palmerfurt,21
2311,Jennifer Hicks,webbanna@example.com,Stewartview,67
4506,Jason Schneider,johnstondestiny@example.com,Karenberg,23
463,Nancy Baker,xmcdonald@example.net,Andersonton,48
5596,Brenda Patton DDS,jacquelinebaker@example.net,North Elizabeth,56
6482,Miguel Price,hogandorothy@example.org,Andersonport,37
8671,Maria Miller,manuel38@example.com,Martinfort,62
6931,William Ross,lopezelizabeth@example.com,Port Edward,56
4396,Emily Martin,ievans@example.org,New Justinfurt,30
6316,Vanessa Banks,tracyavila@example.com,New Heather,59
7048,Amy Wells,waynefarley@example.net,Rodriguezside,23
3545,Gabriel Clark,zschroeder@example.org,Edwardstown,58
9077,Dustin Rogers,robert01@example.com,Davidberg,25
6104,William Baird,daniellemullen@example.com,Port Josechester,50
7372,Jessica Swanson,sarahwilliams@example.com,Williammouth,54
829,Leah Wilkinson,kim94@example.com,South Nicole,63
6757,Ruth Williams,johnstone@example.org,Millerberg,68
4190,Kristina Hinton,wardconnie@example.com,West Derrick,52
1673,Jerry Hall,mkerr@example.org,Valerieview,57
2693,Shelly Rios,morrisonnicholas@example.com,North Lucas,29
1689,Annette Lindsey,martinezrichard@example.net,Castanedamouth,34
2849,Katie Mcdonald,scotttina@example.com,Davidmouth,57
5982,Nicholas Jenkins,virginia40@example.org,Port Alyssamouth,59
4830,Elizabeth Carlson,gwiley@example.com,Tinamouth,60
4881,Robert Valentine,williamstodd@example.com,New Randy,46
8745,Samuel Brown,tterry@example.net,Robertmouth,46
6898,Eileen Robinson,buckjonathan@example.com,Lake Aaronmouth,18
8747,Gerald Graves,okim@example.org,Ashleyview,52
8192,Olivia Cervantes,invalid-email,Whiteshire,38
1714,Ms. Dawn Joseph,ojames@example.net,Stephenmouth,-5
21,Nicholas Moon,teresasnyder@example.net,Harrisburgh,38
6780,Victor Stevens,jasmineking@example.org,South Donald,58
9236,Tony Blake,pwilson@example.com,Anthonyport,63
7846,Angela Tanner,chasesandoval@example.org,West Evantown,40
4849,Barbara Montoya,michaelwolfe@example.org,West Jamesland,61
1965,Thomas Wilson,,Williammouth,70
6160,Mary Reed,ctaylor@example.com,Lake David,18
7356,Robert Armstrong DVM,invalid-email,Lake Cindy,54
1296,Amber Finley,rebeccawilliams@example.org,Spencerland,18
4523,Annette Phelps,kristinmoore@example.org,West Michaelport,58
592,Caroline Armstrong,brendaanderson@example.com,Heatherport,23
1407,Dana Green,,East Steve,24
222,Andrew Turner,jacquelineanderson@example.org,Lake Michelle,23
8386,Joshua Berry,lshaw@example.org,Johnville,64
5852,Lisa Meyer,harveyrichard@example.org,Gibbstown,19
7559,Monica Whitney MD,patrickwilliams@example.net,Dianaburgh,29
9029,Alan Taylor,xkidd@example.net,New Matthew,31
859,Sarah Hall,anthony03@example.org,South Renee,31
2031,Tracy Flowers,kimberly26@example.net,East Nicoleborough,23
6462,Elizabeth Marshall,manuel09@example.com,Jeremystad,38
4845,Gloria Mills,watsondavid@example.com,Lake Deannatown,55
842,Christopher Washington,masonchris@example.net,Pachecoview,27
1732,Alyssa Morrison,nicholasmiles@example.net,Darlenemouth,48
9433,Christopher Harrison,jsmith@example.net,South Gabrielburgh,51
2517,Julie Alexander,justinlewis@example.com,Port Elizabeth,37
8971,Crystal Jones,fordanne@example.net,Christinehaven,40
7563,Donald Mcdonald,invalid-email,South Gregorystad,21
1656,Kaitlyn Owens,afarmer@example.com,Port Ronald,21
995,Kayla Keller,vjohnson@example.org,East Larry,68
5400,Leslie Mitchell,thomasgarcia@example.net,Wongfurt,44
731,Dustin Wilson,matthew49@example.org,Gregoryhaven,38
1555,Jeffrey Martin,amberwhite@example.net,Williamsburgh,27
9986,Andrew Barnett,sean71@example.net,Shannonside,28
8876,Albert Soto,phillipsjames@example.org,Boothfort,69
9485,Robert Meyer,jennifer28@example.net,Maryburgh,52
6350,Nicholas Morrison,kfigueroa@example.com,Lewisport,0
6068,Katie Nguyen MD,rjacobson@example.com,Garyborough,19
3007,Timothy Davies,antoniohudson@example.net,North Michael,59
1767,Bryan Hall Jr.,nicolemoore@example.org,Pattonburgh,22
4329,Kevin Wright,,North Amberville,22
5333,Collin Chandler,savannahbraun@example.net,North Jacobmouth,32
3048,Richard Sanders,john96@example.com,New Mercedesberg,52
6154,Deanna Smith,xaviermartinez@example.com,New Michellebury,51
466,Carol Rogers,leekevin@example.org,Doylemouth,20
4330,Faith Alvarez,martinjerry@example.org,East Kevin,52
7035,Jeffery Smith,robertschristopher@example.com,Shawburgh,150
8257,Melissa Baker,kroth@example.org,Reneechester,38
4416,Keith Smith,colleenyoung@example.org,Port Territown,47
4723,Brett Soto,stevendavis@example.net,Samanthastad,45
158,Mark Kelly,williamwilson@example.org,Perkinsberg,47
5958,Katie Schroeder,nhill@example.net,Watsonbury,19
8871,Leslie Griffin,rojasjohn@example.net,Jacobchester,49
3405,Micheal Ramirez,lrivera@example.org,Washingtonborough,31
186,Patricia Williams,gilbertharris@example.net,New Nicholastown,43
1003,James Ball,glenn38@example.com,Ninafurt,66
3144,Kayla Cobb,zharris@example.org,Nicoleshire,56
6554,Kyle Edwards,ymccormick@example.org,Carpenterchester,31
401,John Baldwin,slopez@example.net,New Evelyntown,60
8865,Meagan Turner,bhenry@example.com,South Kirsten,48
2856,Tamara Romero,goodmanrandy@example.org,West Johnshire,21
6256,Samantha Williams,jennifer73@example.net,West Melissa,22
5825,Sandra Chen,javier07@example.com,Stephanieton,29
3383,Joseph Johnson,masonrandall@example.org,Meganchester,20
7636,Earl Underwood,beverlywebb@example.net,Grossfort,32
5156,Alison Wilson,ttrevino@example.net,Cynthiashire,27
3384,James Harris,qreyes@example.com,Donaldport,26
4030,Russell Turner,wdavis@example.net,Christopherview,63
2250,Teresa Roy,ivangarcia@example.net,Ambertown,54
6652,Adam Robertson,brownbrandon@example.com,West Cindyhaven,48
1251,Heather Collins,hernandezcody@example.org,Fernandezport,61
2214,Gabriella Roman,angelagraham@example.org,North Stephanieside,56
5418,Frank Burton,lfitzgerald@example.net,Port Christine,26
60,Richard Young,alexis85@example.net,Patrickstad,45
9896,Steven Brown,cynthiarivera@example.com,Ortizmouth,54
1114,Monica Obrien,jonathan07@example.org,Maryport,60
3298,Joseph Sparks,,Brianmouth,33
3096,Diana Harvey,,Gregoryside,64
9095,Martha Gilbert,jeffreyleonard@example.org,South Jerry,59
1329,Jacob Hoover,lwelch@example.org,Fitzpatrickport,41
4650,Rebecca Ball,jenniferdalton@example.com,Fullershire,35
6955,Tracey Edwards,danielrocha@example.org,West Mark,43
6691,Douglas Palmer,cameronwells@example.net,Stephenmouth,67
9595,Robyn Patel,james93@example.com,Jamesshire,32
4305,Tracey Bean,westrenee@example.org,Port Hannahmouth,35
7771,Taylor Lee,lindagonzalez@example.net,Burchborough,29
5699,Donna Caldwell,,North Lorraineburgh,60
7869,Kristina Trevino,davidmartinez@example.net,Rowebury,66
3015,Alyssa Cook,michaelmiller@example.net,Port Logan,54
1551,Robert Caldwell,joseph99@example.org,Lake Laurenmouth,38
1010,Donald Baker,michaelwilson@example.com,Aaronbury,36
1955,Kevin Mills,jamessarah@example.org,New Jessicamouth,47
4451,Tara Webb,maria09@example.net,Robertberg,67
6238,Roy Rush,ambersingh@example.org,Mccannfort,32
1613,Linda Lindsey,jacquelinemccarty@example.net,Aguilarmouth,30
3965,Richard Mitchell,kaitlin12@example.com,Deckertown,66
2863,Ian Day,joseph72@example.net,New Melanie,47
8199,Maria Reed,justintodd@example.org,Hardymouth,68
1964,Kimberly Hughes,umcmahon@example.org,Hollyborough,43
6560,Angel Cruz,,North Markton,67
649,Ethan Brown,longtina@example.org,Christopherbury,27
1196,Timothy Harris,lopezmatthew@example.com,Port Davidfurt,56
9233,Theresa Sullivan,cindynewton@example.org,South Carolynchester,54
880,Arthur Villarreal,cassidypage@example.org,Johnsonstad,33
5847,Melissa Mcpherson,harrissteven@example.com,Portermouth,49
6861,Jose Colon,nicholaspierce@example.net,Vincenttown,47
3791,Joel Lopez,william55@example.org,Donnabury,43
3058,Teresa Williams,susan07@example.org,Lake Jennifer,30
4962,Heather Moore,marybrown@example.net,East Meaganland,63
4124,Joshua Ramsey,peter69@example.org,West Matthew,44
551,John Elliott Jr.,jennifer15@example.net,West Frederick,21
8576,Stacey Salazar,invalid-email,South Jesse,57
9917,Pamela Harris,dennisjon@example.org,South Rhonda,22
5020,Billy Allen,reynoldsmelinda@example.com,Lake Paulberg,32
884,Jeffrey Hart,mendezaaron@example.net,New Olivia,53
2459,Cynthia Allen,brian75@example.net,Patrickburgh,47
6139,Justin Alvarez,jeffrey22@example.net,South Anthony,18
4421,Taylor Ruiz,ricechelsea@example.net,Ramirezfort,43
212,Nancy Clark,jamievance@example.com,Sabrinaville,25
2743,Kathleen Branch,,Kellystad,59
2933,Thomas Gray,singletonrandy@example.org,Aaronside,50
5390,Henry Castaneda,james51@example.org,Bradleyside,50
4839,Christina Warner,,North Nicoleberg,66
2628,Victoria Anderson,lorimiller@example.com,South Alecfort,19
4626,Christopher Whitney,benjamin77@example.org,New Sabrinabury,56
9214,Mary Obrien,hilltina@example.org,West Paula,69
1439,Ashley Johnson,karen35@example.net,Youngborough,22
468,Cindy Thompson,rodriguezjessica@example.com,Susanside,31
7901,Joanne Scott,bowenheather@example.net,Port Angela,45
1916,Heather Roberts,hobbsandrew@example.net,South Lindseystad,57
7305,Jason Armstrong,osmith@example.com,New John,53
7431,Victoria Valencia,jenniferdennis@example.com,Kevinport,39
9729,Patricia Russell,michaelkane@example.com,Lake Sophiaburgh,46
697,Valerie Simpson,ballchad@example.org,South Taylorstad,54
8688,Morgan Johnson,dthomas@example.org,New Heidishire,41
4882,Michael James,uanderson@example.com,North Maryville,57
4310,Stephen Adams,stewartamber@example.net,Angelaland,65
9329,Raymond Turner,nelsonwilliam@example.net,Andersonfurt,54
5583,Cynthia Leonard,staceywilson@example.org,Kimberlytown,27
7153,Kathleen Brooks,gwendolyn96@example.com,Andrewmouth,18
1315,Kelly Myers DDS,melendezmakayla@example.org,Port Jonathanchester,21
9478,Nicole Ortiz,rileyannette@example.net,West Heather,67
8483,Paul Wyatt,edwardsmark@example.com,Port Michael,32
7592,Elizabeth Smith,zkelly@example.net,Port Richardmouth,32
6741,Michael Donaldson,invalid-email,West Troy,58
7712,Sharon Lucas,xhuang@example.net,Wongshire,36
915,Joshua Bruce,amoore@example.com,Aaronland,67
13,Collin Cooper,hernandezvictoria@example.org,Rachaelmouth,57
5121,Angela Ward,uwarren@example.net,Nathanielside,24
6694,Sherry Lane,invalid-email,Port Christophertown,61
1537,Diane Mason,barneskrista@example.net,East Kathleen,47
737,Chelsea Scott,sharon38@example.com,East Karinaview,52
1347,Patricia Smith,kimvaughn@example.com,Cindyfort,39
8827,Patrick Mueller,phillipgrant@example.com,Lake Evelynmouth,59
454,William Martinez,ijenkins@example.org,Port Jasonborough,41
8253,Melissa Shannon,russosteven@example.org,Mccormickville,25
928,Matthew Levine,kstephens@example.org,Torresview,31
3285,Gabriel Cline,wilsonstefanie@example.org,Ashleymouth,34
4620,Nicole Curtis,rmontgomery@example.org,East Samuel,30
6976,Nicholas Mcpherson,kayla09@example.com,East Annastad,32
6743,Richard Cruz,bjenkins@example.org,Amychester,38
38,Heather Cardenas,dale11@example.net,South Kimberlyside,28
3942,Lisa Butler,meganfox@example.net,Feliciabury,69
5191,Desiree Zamora,daniel64@example.net,Jasonburgh,34
9517,Kimberly Harrison,anna40@example.org,Clayborough,18
971,Joshua Mills,vanderson@example.net,Kelseyhaven,69
4672,Brandon Gardner,marybryant@example.net,Ingramstad,37
941,Garrett Campbell,zwashington@example.net,North Nicholasstad,50
4716,Barbara Baxter,johnstonmelissa@example.org,Port Phillipchester,37
6292,Scott Henry,michaelwilson@example.com,South Michael,51
8430,Kimberly Richardson,ramoslogan@example.net,Johnfurt,29
9600,Brandon Mcmahon,jamesbarrett@example.org,Wadeton,50
2317,Erik Williams,edwardschristine@example.org,Kevintown,53
3299,Kayla Harrison,bradysonya@example.org,West Christopherstad,57
9599,William Powell,williamhester@example.net,Gardnerberg,21
739,Natalie Coleman,emmaherring@example.net,West Amy,21
539,Bonnie Griffin MD,derekanderson@example.com,Gayburgh,45
4333,Aaron Newman,ncortez@example.net,Delacruzfurt,42
7930,Barbara White,jefferyhuynh@example.net,Daniellechester,35
2099,Evan Parker,susanmckee@example.net,West Davefort,29
1401,Michael Smith,jameswalters@example.org,Port Emilyshire,33
4741,Andrew Rowe,james06@example.net,Port Brandonfurt,24
5351,Jamie Ryan,kimberly83@example.org,Dawnfurt,32
2233,George Pratt,invalid-email,West Mariaton,20
8655,Veronica Simon,madisonpineda@example.org,Lake Melissaton,56
4354,Daniel Morales,stevenwalker@example.net,Millerton,57
3899,Melissa Fisher,michaelcollins@example.org,South Latoya,36
5769,Johnny Rodriguez,deannagonzalez@example.net,Williamsstad,69
4907,Hector Mccormick,james03@example.net,West Travis,19
6747,Tammy Ruiz,,East Dianeside,55
2821,Alexandra Johnson,david29@example.com,Armstrongshire,57
4439,Julie Simmons,jenniferparker@example.org,New Diana,35
9307,Christopher Cruz,elizabeth31@example.com,New Stephanie,22
8698,Jessica Morrow,james66@example.org,Maryborough,58
6046,Jeffery Ortiz,invalid-email,Karlafurt,69
4930,Jasmine Moreno,,New Tinabury,61
4197,Nicole Hardy,bguerrero@example.com,Lake Amanda,46
9906,Alexis Hoover,mark14@example.org,North Charles,53
5329,Jose Barnes,voliver@example.org,Brendaport,52
7206,Tracy Anderson,dominguezcory@example.com,Sanchezland,-5
7915,Carlos Pace,bradley08@example.net,Hullhaven,64
6506,Juan Munoz,ydavis@example.com,Dominguezville,66
5341,Joshua White,barnettluke@example.com,New Cathy,52
1740,Danielle Wallace,kevin79@example.com,North Charles,57
6168,Kari Brown,qbriggs@example.org,Lake Jodyfurt,48
4772,Joseph Blackwell,jenniferpatel@example.com,South Andrewfurt,34
7384,Charles Baxter,elizabethwhite@example.net,North Lisaton,55
7334,Stacy Cooper PhD,handerson@example.com,Hannahchester,56
6851,Mark Young,ashleyjackson@example.com,Blakeshire,59
2390,Matthew Estrada,wbrewer@example.net,Meganborough,65
3397,Ashley Huffman,handerson@example.org,Ianbury,53
1564,Joshua Salinas,invalid-email,Monicatown,55
2484,Michael Daniels,lauriehall@example.net,Port Jessica,32
2200,David Benton,asantos@example.net,South Paulfurt,40
6690,Tyler Powers,dominique38@example.net,Port Jerry,66
7953,Michael Davis,jesse59@example.org,Lake Sarah,69
2944,Cheryl Lopez,lisa01@example.net,New Amychester,42
8938,Patrick Rangel,michaelnixon@example.com,Hurleyberg,48
9128,Justin Larsen,qhall@example.org,Port Kaylatown,58
9462,James Hendricks,estradamonica@example.org,South Joshuafurt,40
4343,Anna Thompson,rosetracy@example.org,East Michaelbury,66
5082,Daniel Smith,andrea42@example.com,Rodriguezmouth,66
7740,Christopher Kelley,hughescody@example.net,Gardnerbury,61
9761,Ashley Smith,brittanyclay@example.com,North Paul,41
9866,David Nolan,rhodeswilliam@example.com,North Tammyview,43
8855,Melissa Clark,daniellemonroe@example.net,Josehaven,50
5876,Jessica Austin,crosbyjudith@example.com,West Jenniferburgh,0
9402,Michael Graves,eileenrodriguez@example.org,Garychester,70
834,Crystal Howell,steven86@example.org,East Sharon,45
6769,Tamara Reyes,ygamble@example.com,Hoodton,58
8107,Elizabeth Silva,gfuller@example.org,Garzaberg,68
7744,Brianna Jenkins,oandrade@example.net,South Ronald,37
6511,Edward Hudson,ryanlevy@example.com,Calvinshire,70
5728,Cynthia Lee,ballardamanda@example.org,Robertstown,37
3236,Tina Nguyen,riggsmark@example.org,Fritzfort,19
5422,Kristin Rodriguez,michaelrice@example.com,Jamesfurt,44
6216,Amy Torres,reyeschristopher@example.org,Kennethstad,30
3874,Cheryl Brown,jonesangela@example.org,Port Heather,19
5093,John Kim,invalid-email,Ginaborough,43
9226,Christopher Shannon,smendoza@example.net,North Nathan,48
2466,Francis Larson,jonathansimpson@example.com,Port Taylorborough,32
8544,Charles Pratt,thomasbrian@example.org,Port Kristyfurt,53
2532,Pamela Mills,kbrown@example.org,Lake Matthewbury,57
1198,James Fields,wardjim@example.net,Lake Scottton,62
5280,Brandon Andrade,johnathancrosby@example.net,Ortegastad,28
7719,Jordan Neal,james61@example.net,Lake Christopher,27
6606,Todd Smith,hallalexandra@example.net,East Erica,56
1430,Robert Moore,bcarr@example.com,Cunninghamburgh,24
6352,Kathleen Burton,basscharles@example.org,Ryanmouth,67
6659,Anna Mcdowell,phillipsaaron@example.org,New Tammy,28
1154,Trevor Garrett,johnathandoyle@example.com,Ramirezstad,22
3134,Latoya Reed,pdavis@example.org,New Brettfurt,54
8668,Heather Taylor,charlesclements@example.net,Tiffanymouth,63
4541,Bruce Bates,davidrichardson@example.net,North James,64
6562,Nicholas Knapp,alexandermatthews@example.com,Brianfort,70
8986,Karen Thomas,paul16@example.net,Williammouth,25
965,Sara Marshall,michael26@example.net,New Ann,54
4837,Vincent Bartlett,raybrittany@example.org,Franciscomouth,54
8921,Laura Mitchell,sandra83@example.com,East Lisa,62
7670,Frank Brown,crice@example.com,Port Roberto,54
2166,Shaun James,brian47@example.net,South Johnnyside,38
1484,Kathleen Sherman,lauraayers@example.com,North Christine,67
2985,Robert Phillips,randerson@example.com,Port Katherineborough,43
3111,Kara Stephens MD,crystal66@example.org,Reedview,52
4978,Kimberly Walton,schmidttaylor@example.org,Mcneilchester,57
1427,Jack Carter DVM,jodycabrera@example.org,South Catherine,45
3618,Kristin Collier,kelli90@example.org,Lake Danielland,22
6367,Philip Wright,petersonjennifer@example.org,North Ginaberg,35
9425,Erik Boyd,malloryriley@example.org,Benjaminside,25
1058,Ashley King,jamie32@example.com,Lake Alice,53
4369,Alexis Tran,dunngarrett@example.com,Millerport,52
4059,Stephanie Arellano,harringtonjose@example.org,Port Roseview,45
3575,Susan Stanton,padillakevin@example.net,Annefort,41
8105,Scott Mcconnell,paul70@example.net,Andreamouth,43
9884,Jose Cox DVM,dustinsalinas@example.com,Christopherton,40
9442,Tracey Adams,brennanjulie@example.com,Jonesfurt,46
1545,Nichole Fisher,brenda60@example.org,North Bruce,64
7376,Tiffany Gomez,leevalerie@example.com,South Sarahside,53
6548,Mark Gilbert,melissa18@example.com,Johnsonberg,26
7247,Amanda Kelly MD,obriensusan@example.org,New Martin,21
725,Alison Simon,xlewis@example.org,Calebberg,29
6067,Mary Gomez,sally12@example.com,Port Sarahhaven,61
5720,Brittany Walsh,robert75@example.com,New Marissa,57
1128,Chelsea Figueroa,adamsjoseph@example.net,South Kimberlyville,38
5821,Miguel Bradley,brios@example.com,Scotttown,68
8546,Diamond Davidson,shelbywilliams@example.com,North Julie,62
5012,Felicia Rodriguez,twalker@example.com,West Bryanshire,28
6333,Pamela Fitzgerald,christopher07@example.org,South Scott,19
6464,Kari Miller,ryanvaughn@example.com,Port Marymouth,67
6481,Luis Dean,jstanley@example.org,South Carrie,38
5497,Matthew Sampson,wileyclaire@example.com,New Zacharychester,44
1562,Joseph Harvey,williamsjessica@example.net,Kathyland,38
3932,Michael Schultz,pdelacruz@example.com,West Kevinside,39
5317,Diane Tran,livingstonmanuel@example.com,East Mary,48
6682,Alexis Murphy,jonesmelissa@example.net,Port Edwardshire,65
6415,Cynthia Serrano,melissa34@example.com,Stephensfort,34
8440,Darryl Jones,samanthasuarez@example.net,New Karenmouth,35
8693,Joyce Little,invalid-email,East Philip,29
2651,Kyle Brown,kingedward@example.org,South Robert,70
2546,Frank Cohen,parkermarc@example.org,Port Jamesmouth,55
8985,Aaron Barnett,brianna69@example.com,Duarteborough,19
2448,Juan Gentry,anthonyacevedo@example.net,Aprilchester,70
6460,David Simmons,philipball@example.net,Scottmouth,25
3008,Andrew Gordon,plucas@example.com,Salazarport,32
8449,David Williams,hannahwarner@example.net,West Teresa,69
4036,Sharon Campos,erica38@example.org,West Melinda,60
7836,Michael Williams,qperez@example.com,North Micheleton,21
1393,James Clark,sandra80@example.com,Lake Paul,48
3906,Mario Fisher,rachel42@example.net,North Carl,70
9964,Jessica Merritt,obauer@example.net,East Matthew,20
2795,Nicole Fuller,nroach@example.org,North Donna,52
7665,George Patel,valerie68@example.org,Carrilloberg,39
5399,Tina Washington,paul72@example.net,Danielleshire,19
18,Jade Horn,danielbenton@example.net,Port Kylechester,61
1771,Dana Thomas,randerson@example.net,Seanbury,57
1889,Brian Parrish,tammystewart@example.net,Crystalbury,25
1643,Michael Zimmerman,jamesbuck@example.com,South Hollyberg,67
133,Charles Galloway,johnlee@example.com,Rosalesshire,44
5066,Victoria Downs,wellsdanielle@example.net,Wintersmouth,53
2426,Matthew Conner,conleynicole@example.org,South Henryton,21
9910,Jessica Warren,rebecca79@example.net,Erinbury,43
8168,Stephen Curry,guerrerojeremy@example.com,Sarahville,63
1096,Michael Jones,klee@example.com,New Wendychester,56
4182,Leah Shannon,smithronald@example.com,Gomezside,40
4114,Cheryl Soto,xklein@example.org,Port Georgeton,40
528,Mindy Thompson,shawnescobar@example.com,Collierside,22
4263,Matthew Davis,rhansen@example.com,Kimberlyburgh,43
2003,Nicole Mccarty,vgarcia@example.net,Port Rebecca,27
6953,Tami Frazier,sfloyd@example.com,Martinezborough,36
169,Dawn Parks,campbellzachary@example.org,Port Todd,68
6149,Kristin Alexander,cindyhenderson@example.net,Port Stacey,21
1920,John Lopez,greenricky@example.com,Port Ashleyshire,40
4295,Tracey Mcgee,craigchristopher@example.net,Powellfort,48
9267,Jonathan Wells,marco50@example.net,New Michaelbury,45
2216,Mary Raymond,fordalex@example.net,Shermanshire,65
7794,James Gomez,joelford@example.org,Cannonberg,19
7179,Rhonda Hansen,matthewschwartz@example.org,Hernandezshire,70
7887,Joseph Zamora,frederickkaitlin@example.org,West Matthew,19
8149,Jeremiah Mccarty,penabradley@example.com,Lake Jimmyborough,52
1299,Melanie Smith,russellarnold@example.net,Lake Randall,32
2518,William Rojas,nicoletaylor@example.net,Madisonchester,70
1353,Samuel Jefferson,alexander16@example.net,Amandastad,49
7671,Jo Arellano,jonathanhernandez@example.org,South Mirandaview,52
7746,Kristen Gonzalez,stevensonryan@example.com,Sydneyfort,21
1288,Marissa Allen,nstephenson@example.net,Donaldmouth,39
4246,Adam Hamilton,brianrichards@example.com,Christensentown,47
6642,Maria Johnson,reidandres@example.net,East Adam,61
7031,Jerry Jones,james56@example.net,Deanview,59
4210,Amy Foster,nathanielreed@example.com,Lake Robertbury,38
2014,Norma Harris,walkerlaura@example.org,South Alvin,69
5426,Joshua Moore,jennifer31@example.org,West Lesliehaven,29
8641,Ruth Roberts,abautista@example.com,Michelleland,55
4550,Ashley Brooks,tara49@example.net,North Samantha,48
2424,Robert Beck,fsmith@example.net,Brendaborough,46
3066,Phillip Delacruz,stephanie49@example.org,Meganfort,35
2148,Rachel Harris,alishadavis@example.net,South Garyfort,29
7435,Melissa Willis,garzajames@example.com,Andersonport,49
9927,Denise Novak,rhondajones@example.net,Gregshire,57
4004,Kimberly James,brenda75@example.com,Stacytown,64
450,Matthew Mercado,reesecarol@example.com,Smithchester,60
6975,Emily Patterson,ronaldcollins@example.com,Laurenport,39
7278,Angela Jones,susanjohnson@example.org,Port Bradleyport,38
811,Christine Hoover,walkerjohn@example.com,Port Victoriastad,42
4752,Joseph Ward,,New Brian,20
6761,Robin Johnson,jenniferwilliams@example.com,Caseyview,54
8036,Stacey Mata,smithdavid@example.org,Stephanieport,49
9811,Luke Crosby,christophercrane@example.net,Coxmouth,54
972,Suzanne Gonzales,phillipclark@example.org,New Stephanie,41
7020,Richard Roth,amanda97@example.net,Danielfurt,62
8744,Joseph Ferrell,erikharrison@example.com,Sanchezland,56
9446,Diane Munoz,patrickwilliams@example.net,East Melanie,24
1478,Megan Martinez,nicolecraig@example.net,North Brandonstad,26
1791,Kenneth Page,invalid-email,South Shawn,24
2009,Dennis Reed,brownelizabeth@example.com,South Kaitlynbury,25
683,Tina Johnson,james38@example.com,Port Janet,21
3520,Karen Brewer,rachelgoodman@example.com,South Danielberg,59
4344,Mary Smith,karawilson@example.net,Greenmouth,33
7754,Tammy Valencia,,New Juliechester,50
58,Alicia Clark,josephadkins@example.com,Sandrahaven,61
6734,Laura Grant,utaylor@example.org,Port Robert,60
4304,Michael Fitzgerald,timothy84@example.com,Brownmouth,42
5077,William Levine,hcastillo@example.net,East Lauramouth,58
3556,Justin Michael,alexanderpetersen@example.com,Elizabethmouth,56
47,Maria Griffith,tammy13@example.com,Russellmouth,35
31,Timothy Johnson,jason90@example.net,Robertsonmouth,65
3972,Curtis Gray,enelson@example.org,New Madeline,30
5015,Kevin Green,beckmark@example.net,East Patriciaberg,48
1469,Peter Jimenez,amorrison@example.net,Josephmouth,28
1666,Lydia Wallace,zvasquez@example.com,Josephview,53
1417,Megan House,dmiller@example.com,Lake Wanda,34
6973,Nathan Stevens,qwest@example.org,West Richard,69
3750,Becky Downs,zlewis@example.net,Evansview,43
8845,Kirk Page,,North Samanthaborough,27
7790,Brian Kent,jonathanbennett@example.com,Ingramview,40
5258,Patrick Pierce,stevenmalone@example.net,New Tracy,27
430,Linda Rodriguez,invalid-email,Natashaburgh,21
5466,Alicia Mendoza,odavis@example.org,South Kristin,23
9010,Dr. Chelsea Dunn,bjoseph@example.org,Ballton,29
386,Michael Thomas,michaelrussell@example.net,Curtisborough,35
1946,Kristina Juarez,jessica60@example.net,East Shelleyborough,64
4388,Jill Maxwell,ceaton@example.com,East Michaeltown,30
474,Samuel Leon,morgangardner@example.org,Port Danielbury,60
2287,Karen Cooper,ronaldhall@example.com,Schultzchester,67
8019,Sandra Wiggins,leerobert@example.org,Kellyfurt,29
5036,Stacy Morris,joshuasullivan@example.com,Ochoabury,64
6827,Kelly Ball,christiansimmons@example.com,Port Jasonland,31
7676,Christopher Diaz,gcarter@example.com,Brianhaven,66
1056,John Wilson,bellalicia@example.net,West Peterview,32
3498,Caitlin Velazquez,chancock@example.net,Christopherborough,18
2971,Brian Lozano,ewillis@example.com,Randallborough,57
3334,Anna Carr,kcastillo@example.org,Greenfort,51
6058,Troy Gibson,ghenderson@example.net,Jessicabury,29
812,Wendy Montoya,josephgreen@example.com,Port Ericahaven,55
7300,Christina Lam,samuelgreene@example.org,Holmesside,63
4195,Justin Padilla,richard84@example.org,Dianemouth,46
5289,Kellie Long,nicholas87@example.com,Port Tara,28
4673,Katherine Brown,tapiadouglas@example.net,South Dakota,42
6486,Benjamin Garcia,kathy29@example.org,Wilsonland,37
112,Thomas Fowler,bwalker@example.net,Adamborough,25
9089,Ronald Zimmerman,benjamin31@example.org,Davenportshire,41
1746,Amanda Taylor,cherylcarter@example.org,East Jamieville,32
2274,Sarah Love,lgardner@example.org,Port Chasefurt,41
1453,Lisa Day,,Port Mariafurt,68
2150,Adam Dunn,hillmichael@example.com,Averyburgh,22
320,John Cole,mary35@example.org,Whitehaven,59
3062,Emma Owens,erinpatterson@example.com,Lake Christophermouth,24
7394,Kenneth Norris,deanscott@example.net,North Judy,45
1923,Jennifer Brown,brianbuck@example.net,Thomastown,70
6108,William Lewis,holmesshawn@example.net,Woodton,21
7845,Wendy Buchanan,eric70@example.org,Holand,68
4801,Abigail Mcclure,johnsonronald@example.com,New Tylermouth,29
4442,Christopher Donaldson,zhughes@example.net,Lake Andrew,22
2955,Daniel Williams,gilbertday@example.net,Lake Andrewchester,26
2130,Michael Montgomery,kim71@example.com,Dannytown,56
6516,David Smith,,North Natalie,56
3786,Christopher Phillips,stephendean@example.com,New Samantha,30
7769,Leslie Estes,maciastracy@example.org,Kellyhaven,35
7894,Scott Rodriguez,johnsondonald@example.net,South Scott,28
1053,Brian Butler,brian38@example.com,Michaelfurt,18
6227,Linda Thornton,sroach@example.net,Hernandeztown,67
8849,Vanessa Price,,Laurentown,25
100,Carol Mcdaniel,seandixon@example.net,New Taylor,18
6671,Troy Townsend,csteele@example.net,Teresaberg,44
1457,Justin Kaufman,rachelcarson@example.org,Rayside,55
7999,Christian Hernandez,obriengreg@example.net,West Melindaport,47
813,Sarah Griffin,solomonjason@example.com,Petersonport,37
1093,Julie Reynolds,rick84@example.com,Kimberlymouth,35
4398,Nicole Johnson,stephaniejones@example.org,Stoutton,68
5080,Lori Gomez,michael66@example.net,Hutchinsonberg,52
7199,Emma Henderson,dmcdonald@example.com,Williamfurt,40
4449,Victor Webb,annette55@example.com,Andersonchester,61
6423,Bryan Hamilton,tamaradavis@example.com,Nicholasshire,58
6730,Crystal Murphy,clarkepaul@example.net,Port Jamesburgh,29
5251,Joshua Prince,kellydawn@example.net,Smithton,33
1415,Laura Jones,timothyedwards@example.net,New Kimberg,63
541,Tara Baker,cstewart@example.net,West Rebeccashire,62
6709,Jordan Jones,daniel17@example.com,Trevorville,48
4140,David Mcdonald,,Lake Alisonborough,61
5658,Robin Norris,mary27@example.com,Jameston,46
9540,Todd Morse,millerbrittney@example.net,Lake Albert,49
755,Sharon West,christopherlucas@example.org,North Sonyastad,53
3406,Daniel Stone,douglasmoss@example.com,Clarkport,41
7111,Molly Jackson,martinezkatrina@example.net,Jonesfort,70
4701,Cody Jensen,jamesbeltran@example.net,Goodbury,20
9712,Tara Harvey,qgray@example.com,Kevinfurt,28
4166,Hailey Jones,kelly03@example.com,Tonyborough,52
4583,Isaiah Clarke,nlarson@example.org,Kimberlyfurt,37
7108,Amber Lang,bcooper@example.com,Bradfordfort,18
3012,David Miller,mcdanielmelanie@example.org,Leetown,58
5274,Jane Brown,andersondaniel@example.org,Johnsontown,23
8242,Julia Mills,ycampbell@example.net,Tylermouth,40
8650,Carly Russell,russelltyler@example.org,Kirbymouth,20
5618,Tyrone Reynolds,jpowell@example.com,Burgessbury,55
2508,Dennis Thornton,kelly72@example.com,South Peter,28
8786,Morgan Forbes,,Foxberg,59
4790,Dawn Cain,candacedodson@example.org,Vanessaborough,50
602,Stephanie Morgan,connor76@example.org,Taylorburgh,18
7916,Louis Bolton,matthew79@example.net,West Joshua,64
9099,Phillip Cox,mckinneyerika@example.org,Kennedyville,43
5119,Steven Woods,wzimmerman@example.org,Flemingmouth,60
5682,David Lopez,mendezalex@example.com,Michaelchester,24
4113,Brandon Bell,kelly10@example.net,South Kennethland,46
7448,Pamela Powers,fyates@example.com,Sheilatown,28
1045,Cameron Johnson,cmcgee@example.org,New Josephfort,46
7627,Angela Wolfe,brownlarry@example.com,South Paul,19
1558,David Taylor,htrujillo@example.org,East Brad,57
4032,Laura Banks,cshaw@example.net,North Jamesburgh,46
7455,Kelly Garcia,glowe@example.com,Andersonfort,34
181,Tyler Berger,pharper@example.com,South Amanda,67
2116,Ricardo Young,harrellsamuel@example.com,North Nicole,59
1700,Christopher Greer,invalid-email,Krystalfurt,29
1380,Laura Sandoval,rayjamie@example.org,North Alyssafort,59
5973,Mindy Harding,michelle91@example.com,Port Olivia,45
7519,Erika Wilson,denisewelch@example.net,Lake Kristinmouth,48
6290,Jennifer Gilbert,erica02@example.com,North Jeremytown,28
619,Erin Spencer,fwilliams@example.org,Isabellaport,29
5911,Heidi Eaton,joseph08@example.com,Lake Nicoleshire,18
2305,Nicole Lee,kellie21@example.net,Jacquelineport,19
1601,Lisa Davis,noah80@example.com,Meganshire,58
6210,Brandi Brown,amandaporter@example.net,Darlenehaven,28
1616,Kenneth Espinoza,maria44@example.net,Lake Brian,46
6164,Karen Phillips,dyoung@example.com,Port Mandy,20
439,Dominique Rose,susan13@example.org,Carpenterberg,26
4148,Elizabeth Christensen,cynthiathomas@example.org,West Richardport,35
2084,Erik Freeman,tjohnson@example.net,Andrewshire,55
3266,Diana Sawyer,robertyoung@example.net,Joelstad,30
3317,Kelly Bryant,ynorris@example.com,Wadehaven,23
9664,Adrian Reynolds,tiffanyleonard@example.net,Williamshire,28
4771,Jaime Mann,georgerebecca@example.org,Lauraberg,22
5107,Natasha Salazar,bsmith@example.com,Whitefort,32
7085,Anthony Perez,jortega@example.com,East David,31
8367,Michelle Cowan,mackkristen@example.net,Henryshire,35
7742,Kathleen Bond,alexander86@example.com,New Vanessaton,63
8498,Valerie Smith,rvalenzuela@example.net,Rodriguezchester,19
1919,Julie Baldwin,kimberly56@example.com,Bishopchester,20
8494,Derek Stewart,todd27@example.com,West Deborah,67
5943,Laura Rosario,gfoster@example.com,Sellersfort,32
5610,Anna Lee,campbellamy@example.org,Davidshire,21
6866,David Johnson,schmidtpaul@example.org,New Garyberg,28
6600,Mrs. Robin Holmes,ecole@example.net,Davidborough,51
2055,Joshua Tucker,zjones@example.com,North Jesse,56
2486,James Gentry,dallison@example.org,North Austin,19
9397,Wendy Ball,scott21@example.net,Peterburgh,31
2363,Michael Marshall,michaeljohnson@example.com,North Jacob,23
2226,Kristy Gibbs,cynthiamerritt@example.org,Heathfort,48
8023,Carrie Cowan,zacharybaker@example.com,Phyllisstad,68
1127,Michelle Booth,gmolina@example.net,Lake Cassandrafurt,25
6334,Nicole Stewart,kmitchell@example.org,North Sarahmouth,18
9539,David Fitzpatrick,mrivera@example.com,Adamsstad,28
8270,Jeffrey Hughes,mollyperry@example.net,Lake Cynthiamouth,35
9943,William Cummings,gregbaker@example.net,Harmonborough,53
1323,Kathleen Sims,wanderson@example.net,East Jessicaburgh,29
1604,Brenda Jennings,wfields@example.org,Kimberlyport,36
5744,Jamie Brown,davidtorres@example.net,Wandafort,51
7720,Emily Prince,joseph93@example.com,Lake Alexander,32
5971,William Cooper,kanthony@example.net,Port Anne,31
8337,Katherine Gutierrez,toddrojas@example.com,Lake Elizabethtown,55
4585,Mark Garcia,ywilliams@example.com,Thomasview,30
5205,Tara Garza,ekramer@example.com,Charlesburgh,61
8869,James Cohen,tmcneil@example.org,Melissaburgh,19
9531,Mary Smith,joycecarter@example.org,Perezview,18
2565,Jeremiah Waller,moorekaren@example.net,Lake Michelle,23
9560,Joshua Pierce,cookejuan@example.com,Pearsonhaven,47
1560,Sergio Lopez,traci82@example.net,Janefort,40
4869,George Collins,daniellemcclure@example.com,Lake Albertmouth,53
2895,Kevin Gordon,dean27@example.org,South Jessicamouth,30
5485,Ian Nguyen,pbrown@example.org,Amandashire,19
2738,Brandon Dean,,West Johnchester,61
6830,Hannah Kennedy,ereed@example.org,Nataliehaven,38
8547,John Jacobs,josephbishop@example.net,Popeview,39
1355,Brandon Patel,raymond91@example.org,Tinaland,39
46,Nancy Lopez,kaitlyn02@example.com,East Michael,37
3003,Sheena Foster,tmcgrath@example.org,Port Mark,61
749,Cynthia Espinoza MD,rayers@example.com,Port Dennisfurt,62
8890,Natalie Humphrey,bradshawanthony@example.org,West Mindyburgh,63
6163,Paul Bush,crawfordrobert@example.com,Petersenbury,55
5813,Stephen Howard,rhonda74@example.net,Nelsonland,70
4844,David Stewart,ramirezdeborah@example.net,Schultzstad,42
7617,Patricia Alvarado,jmills@example.org,Francesmouth,35
4760,Robert Patel,cindy65@example.com,Port Kevin,65
9017,Zachary Johnson,earlclark@example.net,New Adriana,18
7459,Steven Lopez,xwilliams@example.org,Douglasberg,61
2252,Scott Taylor,paul31@example.com,Andersonborough,69
9001,Sonya Hardy,johnsonann@example.net,Vegafurt,40
2761,Tara Roberts,rebecca21@example.org,North Scottview,20
5837,Kelly White,thomasmichael@example.org,Derrickbury,62
9299,Richard Nguyen,erin31@example.com,Millerhaven,33
4477,Tyler Watts,derrickgonzales@example.net,North Jonathantown,24
3946,Dr. Lisa Bryant MD,lanceharris@example.com,Richardsonmouth,35
4919,Patrick Clements,thomasjones@example.org,Douglasberg,61
4853,Christine King,christopherwillis@example.net,Currymouth,48
4128,Kaylee Olson,glong@example.com,Holmesville,32
9833,Matthew Taylor,jessicamartinez@example.net,Katherineberg,34
9670,Robert Nash,usparks@example.com,North Yolandaberg,65
665,Michael Jensen,christopherthomas@example.com,Chenmouth,25
2485,Richard Oneal,levinecynthia@example.com,South Bethland,63
7542,Henry Miller,davidmorgan@example.net,North Bradleyside,19
6766,Brian Moon,austinmatthews@example.com,Davismouth,57
9794,Lisa Hall,logankatherine@example.org,Berrychester,43
3300,Christopher Wagner,hernandezrobert@example.org,Greenberg,70
676,Zachary Dominguez,ifields@example.com,Samanthatown,37
3039,Kimberly Jones,david54@example.net,Candaceborough,53
3583,Tristan Johnson,kim07@example.com,Lloydfort,22
7173,Kevin Bishop,mjones@example.com,North Janetburgh,32
1963,Katherine Hunter,bdavenport@example.com,South Marthaton,25
1841,Matthew Galvan,ljohnson@example.com,Port Christina,28
4383,Rachel Roach,mitchell26@example.com,Estradamouth,28
7066,Philip Meyer,stevenreed@example.net,Garrettton,57
3816,Dr. Katherine Ferguson,brookelove@example.org,Sullivanport,34
9409,Rachel Padilla,jerry18@example.org,Kelseyburgh,34
7862,Erica Fry,kimberlyedwards@example.net,South John,31
9592,Bobby Burgess,jeanettebeasley@example.net,Port Alisonborough,50
9187,Ann Mills,thompsonrobin@example.org,Port Brandonfurt,59
3887,Sandra Smith,benjamin40@example.org,North Mark,50
8474,Kimberly Johnson,reginastewart@example.org,Richardsbury,40
6244,Timothy Wilson,samanthawilson@example.org,Lake Angelaberg,62
412,Paula Baker,skeller@example.com,Freemanton,69
614,Zachary Johnston DDS,frederick02@example.com,East Derek,68
3016,Eric Ward,hwalker@example.net,West Scott,43
5429,Michelle Aguilar,shelby96@example.org,South Timothy,40
1431,James Thompson,lee39@example.com,Lucasburgh,18
8919,Melissa Dodson,gabrielamoore@example.org,Amandashire,38
7776,Richard Turner,coreycasey@example.com,Lake Nicoleton,70
5957,Jennifer Schwartz,madisonstone@example.org,South Amandatown,38
6361,Brian Johnson,ashleyhays@example.net,Matthewshire,37
9405,Mckenzie Russell,robert75@example.net,New Sherri,150
1418,Teresa Orr,campbellkeith@example.com,Deniseton,27
5401,Todd Bullock,kathleenmay@example.com,Lake Derek,55
605,Jesse Stanley,,Jamesfurt,28
1273,Kathleen Reid,deleonbenjamin@example.com,Randymouth,61
4185,Elizabeth Thompson,david11@example.org,Lake Diane,23
7705,Dr. Mario Padilla,johnsondakota@example.net,North Brian,40
6832,Kim Bowen,lisasalas@example.com,Wongton,46
6960,Gregory Dennis,julia20@example.net,Ramirezbury,67
248,Joseph Wheeler,castilloapril@example.org,Rachelmouth,20
4503,Joseph Richards,michaelkidd@example.org,Hernandezmouth,61
1983,Joshua Jackson,shepardcarl@example.com,Brandonport,38
9526,Kelly Wright,roy40@example.com,Kristenfurt,67
5555,Jesus Esparza,melissadickson@example.org,South Vincent,30
200,Andrew Mitchell,richard25@example.com,Port Nancy,61
486,Jimmy Williams,jennifercarrillo@example.org,Grahamstad,67
6336,Samantha Poole,jasonramirez@example.org,Romerohaven,49
9182,Latasha Good,turnerkayla@example.net,New Rachel,44
456,Miranda Phillips,,Dawnchester,68
9996,Jennifer Chapman,bbell@example.net,Joannahaven,61
9004,Joseph Allen,avaldez@example.com,West Robin,54
6786,Brandy Lewis,gallagherchristine@example.net,Kathrynview,42
1722,Nicholas Watts,lharrington@example.com,Susanmouth,39
5370,Charles Simpson,david74@example.com,Spearsside,42
8695,Nicholas Thomas,waltersmelanie@example.net,Lake Kenneth,40
8342,Julie Robinson,csingh@example.net,Ericshire,67
9841,Kristen Johnson,,Gilbertfurt,45
7469,David Warren,yrice@example.net,Wardside,61
6323,Dennis Adams,georgegregory@example.com,West Angelica,66
863,Holly Cox,tinabrown@example.org,Emmachester,33
2095,Diane Oneal,amymiller@example.org,South Jose,66
948,Katherine Walton,agross@example.net,Robertmouth,40
2615,Christopher Smith,jessicajohnson@example.org,East Michael,70
1445,Jay Waller,kevin69@example.com,Darrellberg,41
1281,Jeffrey Pham,whitebryan@example.org,Rubioton,42
3356,Aaron Lambert,rebecca85@example.com,South Edward,30
4378,Maria Fitzgerald,baldwinmike@example.net,Port Grace,31
3839,Jared Jones,cmcdonald@example.org,West Natalie,46
8306,Jennifer Wilkerson,heather81@example.org,North Sarabury,54
6248,Ryan Terry,fosteremily@example.net,North Laurie,60
2303,Amy Boyd,jtucker@example.org,Robinsontown,52
2005,Marie Jackson,vanessa09@example.com,Davidton,49
3911,Shannon Copeland,qcraig@example.org,Desireeville,68
8879,Melissa Martin,chadgrant@example.org,New Anthonyshire,54
1006,Anthony Howard,laurentaylor@example.net,Port Jessica,62
3935,Molly Adams,george88@example.org,North Julieborough,32
3919,Cody Henderson,jessicahicks@example.org,Davidtown,47
7418,Shari Mccarty,jennifer03@example.com,Odonnellland,52
3040,James Lewis,jacobdaniel@example.net,Lake Mary,49
2133,Mary Dunlap,elizabethsanchez@example.com,Port Scotthaven,20
4632,John Ramsey,nmorales@example.org,Hoodstad,30
2058,Summer Bonilla,staffordtiffany@example.com,Danatown,41
6825,Krystal Palmer,nicholas68@example.net,Seanbury,36
230,Joseph Hill,april30@example.net,Port Kristiemouth,56
3112,Cynthia Moore,alexacrawford@example.org,Whitebury,45
9620,Sandra Jones,amandapace@example.net,West Jasonberg,35
6245,Mark Ortiz,wendywatts@example.org,East Derrickberg,55
2621,Patrick Hanna,ericpatrick@example.net,East Amymouth,25
3681,Perry Gibson,danielleowen@example.net,South Crystal,58
8545,Michael Williams,heatherpeterson@example.com,North Justinville,23
210,Cassandra Bradley,james09@example.org,Shieldsport,69
8687,Kristine Lopez,robert64@example.org,New Michaelborough,60
6888,Ashley Ramirez,richard11@example.org,New Christopherberg,58
3182,Timothy Reed,dixonshannon@example.org,Ryanfort,19
7403,Maria Duran,djohnson@example.com,Port Phillip,21
3945,Katherine Kelly,welchnathan@example.org,Walterstown,45
1729,Kristin Richards,rojasbarbara@example.net,Lake Curtisport,58
4338,Mark Garcia,jmcbride@example.net,East Jeremy,69
338,Yolanda Goodwin,stevenhudson@example.com,East Ashley,40
5246,Brady Parker,garystewart@example.org,Princeshire,60
4510,Alyssa Mills,leonard04@example.net,North Sean,70
7538,Kayla Baker,,Adamfort,38
4986,Jason Neal,woodtanya@example.org,Port Christina,35
1227,Anthony Andrade,feliciacollins@example.com,Kellybury,59
7146,Sierra Washington DDS,zrobinson@example.com,Allenborough,66
5525,Keith Grant,gsmith@example.com,South Paulfort,52
3818,Lisa Jackson,alison14@example.org,Brianbury,39
8949,Isabella Rice,esullivan@example.org,South Scott,69
7050,Alexis Lester,robert57@example.net,Lake Ricardoside,59
2112,Patricia Burnett,thompsonhenry@example.org,West Rodneyborough,61
7186,Lori Davis,nicholasanderson@example.org,Hendersonmouth,61
3001,Jessica Brennan,bryantgabriel@example.net,Banksville,32
4000,Anthony Walker,william84@example.net,Port Dorothyshire,39
1018,Jordan Thompson,jeremyfernandez@example.org,North Jared,63
8308,Claudia Potter,odickerson@example.org,Jodibury,21
3622,Mark Chaney,ojohnson@example.net,Port Michellebury,45
6023,Matthew Zavala,zavalamallory@example.net,Russellland,59
1929,Edward Lyons,michaelstafford@example.com,Hoville,65
351,Michael Mcdaniel,randallwagner@example.net,Wigginshaven,25
2202,Jesse Roberts,nathaniel37@example.com,New Michelleburgh,41
4355,Robert Fox,alexanderhall@example.net,West Kaylamouth,60
1935,Tiffany Walker,kimberlyacosta@example.org,West Rebecca,47
7182,Kevin Turner,,West Kathryn,45
5021,Lisa George,herringmichelle@example.com,Port Sydney,67
5305,Brandy Morgan,invalid-email,Port Melaniemouth,26
565,Kelly Romero,gillespiejohn@example.com,New Lisa,42
1583,Amanda Murray,smithcaitlin@example.net,Cookchester,63
3838,Mary Taylor,allisonsamantha@example.org,Coxton,28
2176,James Dickerson,austingarcia@example.com,Millerhaven,66
8310,Robert Boyd,monicajackson@example.net,Port Christopher,42
2541,Michael Roberson,melindacarr@example.net,Kyleland,63
5198,Brian Davidson,nbrandt@example.com,North Tammyport,49
2229,Christian Martin,ywright@example.net,North Christopher,60
1116,Jeremy Gutierrez,nnichols@example.net,North Rachel,40
6381,Jeanne Taylor,alyssa35@example.org,Lewismouth,30
2772,Ryan Brown,tiffany31@example.org,Lake Thomasshire,62
5838,Katherine Phillips,fbutler@example.net,West Davidhaven,30
7217,Richard Sanchez,dalton49@example.org,New Matthewborough,69
5557,Nicole Nelson,robertsdavid@example.net,Daniellefurt,47
7773,Kevin Fields DDS,dennis50@example.org,Beckton,20
822,Daniel Johns,joseph04@example.net,South Andrewborough,31
5571,Anthony Turner,ijohnson@example.net,Hinesfort,24
2273,Carlos Anderson,pamela27@example.org,Burkeview,33
5776,Kenneth Kaiser,kentrobert@example.net,Miguelview,53
82,Paul Flores,christinesnyder@example.com,West Michealborough,31
1324,Morgan Jimenez,camachoalexander@example.net,North Cynthia,55
4202,Suzanne Graham,cookvickie@example.com,Brendaland,37
1615,Destiny Morris,cervantessheila@example.org,Haleyland,18
832,Jennifer Ross,anthonymorris@example.org,Cannonfort,67
5266,Brandi Fry,april67@example.com,Tammiehaven,38
5364,Patricia Lee,normasanchez@example.org,Jennymouth,32
2421,Austin Sullivan,laura95@example.org,Rebeccaport,24
4641,Felicia Johnson,,Smithside,30
5448,Gabriella Baker,morganheather@example.org,Franklinport,54
8278,Brandy Jones,kimberly05@example.com,Connieview,28
1650,Jose Thomas,douglasbell@example.net,East Davidborough,36
4239,Casey Rogers,allenjeffrey@example.net,Mckenzieville,70
9239,Matthew Fields,ashlee53@example.org,Palmerport,51
4813,Matthew May,goodmanamanda@example.net,Medinaberg,62
2759,Matthew Black,benjamin12@example.com,New Brittany,21
6995,Nicholas Gonzales,,Faulknerfurt,35
7432,Janet Brooks,ylane@example.net,East Andrewside,55
7170,Kevin White,bjackson@example.net,Robertton,57
4289,Francisco Joyce,christopher02@example.org,New Bonnie,30
4013,Brian Yoder,bryantbradley@example.org,Cassandrafort,54
2603,Lauren Monroe,whitneyerika@example.org,North Krista,46
750,Christine Rogers,arivera@example.net,East Charlesport,51
5494,Robert Williams,robert85@example.org,Lake Angelicashire,33
2374,Garrett Williams,shall@example.net,Martinview,70
2443,Derek Yoder,brogers@example.org,Kennedyberg,69
4880,John Mcfarland,mcconnellsamantha@example.net,West Victoriashire,56
9500,Ashley Perez,stacey63@example.com,New Wesley,46
9921,Lisa Garner,joshua70@example.com,Kingchester,59
3435,Kimberly Ramirez,esparzaabigail@example.org,Lake Kathryn,50
9162,Matthew Carter,halljennifer@example.net,South Mark,34
7699,Jeremy Moore,ycoleman@example.net,West Dustin,25
9805,Joseph Patterson,whitescott@example.com,Meyerchester,32
4833,Caleb Smith,nancy64@example.net,Lake Curtis,62
7047,Patrick Ramirez,brian00@example.org,Samuelland,38
5762,Andrea Brady,callahanmarvin@example.net,West Pamelaborough,45
9434,Kenneth Levine,invalid-email,Careychester,20
8119,Meghan White,nlucas@example.org,Matthewsfort,24
9384,Michael Evans PhD,carl94@example.net,New Elizabethland,22
4631,Tyler Donovan,andersonfrederick@example.org,Bartonfurt,45
1140,Jeff Stokes,michael20@example.net,Ashleyfurt,25
7939,Jordan Bartlett,melissashannon@example.org,Port Steventon,18
2232,Joshua Clark,jgardner@example.com,East Joseph,24
2165,Eric Hall,mcmahontamara@example.com,Susanfurt,60
6815,Matthew Castillo PhD,dshields@example.net,West Latoyafort,58
2546,Frank Cohen,parkermarc@example.org,Port Jamesmouth,55
7815,Andrew Snyder,henryjennifer@example.com,Frankborough,34
2665,Brandon Miller,kayla97@example.com,Morenostad,22
1571,Christopher Hernandez,emunoz@example.com,Erinberg,50
173,Katrina Rogers,csmith@example.net,North Amberburgh,19
7453,Lori Gibson,boyermatthew@example.org,Brianland,47
2088,Miss Victoria Rhodes,daviskaren@example.org,Chadmouth,61
3056,James Fields,kcook@example.net,West Susan,54
4746,Taylor Bell,natalierodriguez@example.net,Oliverbury,33
7373,Mr. Adrian Taylor,samuelgallagher@example.com,Jasonville,21
9522,Katelyn Fitzgerald,thomashunt@example.com,Michaelberg,55
7310,Caleb Castillo,lawrencemccullough@example.org,South Ashley,52
2886,Jason Sanders,johnsilva@example.org,North Stevenside,40
1833,Amy Golden,wilsonlisa@example.net,Barkerport,45
5322,Tracy Jackson,christinejohnson@example.com,Tiffanytown,27
6150,Maria Moran,,Port Robertburgh,54
9314,Mr. Michael Owens,jennifertucker@example.org,Henryview,33
3528,Cindy Rivers,uwilliamson@example.org,South Connor,68
8551,James Perez,ashleymarsh@example.net,Hunterport,38
3860,Bonnie Benton,christopherjohnson@example.net,Jillmouth,49
5267,Susan Carpenter,akennedy@example.com,Port Lawrence,30
835,Jessica Dalton,halljimmy@example.net,Nicholasberg,43
2487,Shannon Holloway,cstafford@example.net,South Traceymouth,54
9990,Troy Jones,lisa73@example.net,Carlafort,46
4555,Richard Jackson,carrolljuan@example.net,Lake Tinabury,48
4717,Gabrielle Mcdonald,bmartin@example.com,Brandiview,26
2964,James Rice,garymarshall@example.net,East Samantha,24
3783,Jennifer Wright,ronald92@example.net,Port Hannahberg,24
9201,Kristin Cardenas,jocelyn44@example.net,Timothyfort,69
3693,Karen Stout,taylormark@example.net,West Kylefurt,48
66,Aaron Chan,michellemoore@example.net,North Sheila,68
5862,Adam Newton,bethvalentine@example.org,Stouttown,20
3961,Elizabeth Williams,bhaynes@example.org,New Markville,31
4025,Karen Cummings,,Martinezberg,63
355,Aimee Nolan,charlesmills@example.org,West Olivia,42
9624,Angela Bass,aaronbailey@example.com,West Helenton,32
8226,Jose York,,Danabury,46
3013,Zachary Larsen,tmccann@example.net,Port Christinahaven,40
7433,Erik Wright,taylorchristopher@example.org,Lopezmouth,65
7014,Michael Perez,jennifermills@example.com,Buchanantown,23
4803,Benjamin Gutierrez,yoconnor@example.net,Delgadoborough,45
8823,Crystal Anderson,vking@example.net,West Alicia,65
8283,Kristi Castro,zshaw@example.org,New Michael,68
4276,Christopher Norris,alexander79@example.org,Deborahbury,49
4706,David Garcia,cruztimothy@example.net,Lake Ashley,35
473,Jenna Meyer,ramseychristopher@example.com,Livingstonberg,56
7151,Oscar Smith,huntdevin@example.org,Lake Claudiashire,67
6193,Derek Abbott,qdouglas@example.net,East Kathrynside,46
5670,Daniel Browning,jeremymorgan@example.org,South Patricia,27
7689,Michael Murphy,moorerebecca@example.net,Lake Melissa,22
869,Sophia Taylor,fmarquez@example.org,South Robert,57
6640,Valerie Levy,ymoore@example.net,New Ashley,67
7579,Pamela Shannon,,West Dalton,42
1507,Karina Spencer,bellnicole@example.org,Wattsbury,48
7625,Patricia Turner,hamiltonbethany@example.net,North Seanmouth,47
5471,Stacy Glover,ricekimberly@example.net,Jonesburgh,51
6254,Thomas Finley,john92@example.com,Shannonburgh,43
6235,Nicholas Farmer,ryan83@example.com,South Tammybury,63
9518,Michael Mcdonald,fergusonjulia@example.net,South Gabrielle,22
5875,Rose Knight,wolfdonna@example.com,Marieton,20
7875,Jeremiah Harper,amycooper@example.org,South Andrew,62
4533,Laura Bowman,ogross@example.net,Ariasview,66
1076,Matthew Benson,gregorymiles@example.com,Markborough,32
6726,Austin Buckley,pknight@example.com,New Thomas,61
5345,Amy Bauer,colebrian@example.net,Michaelstad,22
9557,Sara Jones,rdiaz@example.com,West Randyburgh,48
4481,Theresa Taylor,erica38@example.com,Zavalastad,61
5437,Elijah Aguilar,stephanieblack@example.net,Nelsonfort,24
6940,Jennifer Powell,wendy67@example.org,New Kelseystad,26
4008,Diane Gibson,katiethomas@example.com,Stephaniefurt,31
7307,Monica Mendez,qcontreras@example.com,Port Valerieside,38
6148,Kiara Lewis,donnasmith@example.com,South Jenniferland,36
7451,Rachel Wagner,dhenry@example.org,South Carol,42
74,Madison Guerrero,oross@example.org,Carmenside,65
6844,James Lewis,suttonlaurie@example.org,Mathistown,57
7018,Johnathan Zimmerman,taylormorrison@example.net,Port Christinaside,19
9960,Amanda Miller,darrellcarney@example.com,Marieville,53
9760,Manuel Mitchell,,Patrickhaven,63
4563,Diamond Garcia,bgonzales@example.com,East Stephaniestad,67
1102,Robert Parrish,karen09@example.net,Stephensonside,59
4606,Linda Sims,michael80@example.net,South Danaport,25
9731,Stephen Rodriguez,jessearnold@example.net,Gabrielleshire,36
7965,Erica Neal,rodriguezmegan@example.org,East Kim,65
2936,Mr. Clifford Mccarthy,miaanderson@example.org,Lake Shawn,64
5377,Taylor Stewart,lgomez@example.com,West Ana,55
119,Dr. Susan Gonzalez,sanderson@example.org,East Matthew,35
2023,Linda Romero,invalid-email,West Michaelbury,50
5862,Adam Newton,bethvalentine@example.org,Stouttown,20
2749,Jacqueline Smith,velazquezjames@example.org,Andersonmouth,67
2035,Vincent Salazar,vlowe@example.net,Irwinberg,25
8169,Angela Atkins,josephgordon@example.com,Port Brenda,54
8840,Sean Caldwell,austinlopez@example.com,Cynthiaburgh,65
5698,Jennifer Singh,,West Cathyhaven,36
1220,Shannon Valencia,meltonandrew@example.net,Lake Timothyfort,41
6581,Kenneth Garcia,rosstracey@example.com,Melissaburgh,31
9360,Richard Robinson,johnathan79@example.com,Bonnietown,45
3129,Allison Jones,mjones@example.org,Mcgeeborough,22
7525,Katherine Knight,klee@example.net,Millerfurt,31
2511,Daniel Lambert,brandyfisher@example.com,Wattsport,41
3956,Samantha Graham,fyoung@example.com,North Johnny,48
3465,Sally Blackburn,anthony26@example.com,Lake Matthewburgh,42
3777,Ashley Allen,amy69@example.org,Rhodesfurt,18
7661,Michael Griffith,zgonzalez@example.net,Combsmouth,34
6426,Randy Owen,robinsonlinda@example.org,New Erica,35
5860,Jason Hoover,kimberlysmith@example.org,East Ryanburgh,49
178,Jennifer Horton,iwilliams@example.net,Deanmouth,21
1644,Julie Gutierrez,gregory44@example.net,Port Deanna,63
9480,Margaret Walker,xhamilton@example.com,North Craigside,31
3044,Martin Wright,davissteven@example.net,West Charlesborough,38
3482,Eric Burton,meaganpage@example.org,Robertmouth,61
1375,Kari Anderson,april68@example.com,Lake Rachaelville,24
1721,Christopher Bond,donald43@example.org,West James,30
4373,Steven Roberts,timothy94@example.com,Parkerborough,31
6619,Caitlyn Thomas,angela13@example.com,Erikhaven,69
2265,Gloria Velazquez,paige25@example.net,North Cheryl,150
88,Travis Burton,alicianguyen@example.net,New Williamport,38
8451,Jeffrey Finley,invalid-email,Lindafurt,26
3027,Edward Powers,bryantsara@example.com,East Tommystad,62
8862,Richard Jordan,annetteedwards@example.org,East Charlotteberg,40
404,Miss Maria Garner,umeyer@example.com,Port James,40
8996,Alexander Cruz,jason43@example.net,Janetfurt,54
2983,Herbert Miller,mdelacruz@example.com,New Johnberg,36
7114,Timothy King,robert86@example.org,North Roger,45
9545,Sarah Clark,wendycruz@example.net,Whitehaven,58
2457,Ashley Nelson,iwalters@example.net,Lake Kennethview,24
3444,Jared Fowler,hayesmichael@example.com,East Sandra,33
2215,William Perry,crystalpatel@example.org,West Alexander,26
1028,Shawna Hall,simoncatherine@example.com,Scottshire,70
9898,Randy Alvarado,nicole59@example.net,Theresaberg,26
1422,Suzanne Wade,hjones@example.org,Zacharyshire,57
2437,Teresa Cain,samuel36@example.com,East Kennethland,23
8991,Carl Burke,invalid-email,Griffithside,69
5781,Casey Arnold,blairsean@example.org,North Hollyfurt,65
9270,Tracy Ryan,michellemacias@example.org,South Kevin,62
1279,Reginald Crawford,ibrown@example.org,Robertstown,23
5197,Danny Carr,swilson@example.com,Cookmouth,29
5112,Michael Tucker,joshua07@example.net,New Derek,51
7082,Samantha Mooney,kevin38@example.net,Port Donald,48
8197,Timothy Diaz,steven64@example.com,Lake Regina,51
1979,Richard Mckay,ujames@example.net,Marioberg,67
1062,Gilbert Allen,mendozameghan@example.net,Jeffreyview,35
1426,Claudia Perry,joseph95@example.com,South Shawnbury,31
5382,Kevin Davenport,christopherwilson@example.org,Lake Paulfort,41
8881,Paul Simpson,bensonjuan@example.net,New Charlesland,38
4763,Matthew Patterson,tiffany50@example.net,New Kelly,18
1503,Shannon Ferguson,youngcynthia@example.org,Tommouth,60
8741,Wanda Gibbs,carolynbright@example.com,Anthonyshire,53
2927,Andrew Reed,richardjones@example.net,West Virginia,34
6118,Bobby Yang,rebeccajohnson@example.org,Kimfort,31
3725,James Phillips,michaelsullivan@example.com,East Don,26
9414,Patricia Brown,stacey57@example.net,Port Jennifer,56
679,Peter Mckinney,robertrodriguez@example.org,Port Andreaview,29
5870,Brianna Black,sean65@example.com,Raymondtown,39
7049,Devon Oliver,bbryant@example.net,East Melissa,61
6130,Robert Jones,apowell@example.com,East Autumnburgh,60
1225,David Caldwell,brucejones@example.net,Watsonmouth,65
103,Bradley Baird,lindamartinez@example.com,Sylviaberg,32
958,Tammie Garner,jacobross@example.net,East Tanyafort,64
8659,Eric Thompson,toddlawrence@example.org,Port Sheila,42
6374,Rachel Ramos,matthewdaniels@example.com,New Andrewton,69
7230,James Oneill,destinysmith@example.org,Pearsonland,56
7802,Ana Conway,william00@example.org,Christopherberg,58
2914,Samuel Reyes,,Weberberg,40
2689,Joshua Rice,millerashley@example.com,East Nicole,52
3644,Lori Bailey,sknight@example.com,Brianfort,61
6249,Joel Owens,aaron19@example.net,Lake Elizabeth,51
7508,Joshua Burke,gperez@example.net,Millerberg,66
6131,Erica Payne,cthomas@example.org,Williamsberg,53
8948,Ariel Baxter,lindsey99@example.com,North Stephen,49
8080,Brandy Cooper,olsoneric@example.org,Patriciachester,25
419,Erica Hicks,clarkmichelle@example.com,South Nathanstad,61
7921,Michelle Gallegos,lawrence75@example.com,Michelleville,65
8182,Elizabeth Daniels,stanley98@example.org,Michaeltown,33
8491,Amy Vang,martinezdebra@example.org,Josephtown,39
1948,Holly Wood,garciadavid@example.org,Normantown,64
5136,David Nguyen,hillsteven@example.net,South Aliciaborough,52
2300,Richard Hall,ijohnson@example.com,Lindashire,20
5129,Austin Garza,terri95@example.org,West John,33
7655,David Rose,elizabethcarpenter@example.com,Port Kevinfort,20
209,Natalie Mclean,hhall@example.org,South Daniel,65
3155,Steven Smith,christopherprice@example.com,Susanchester,45
3534,Charles Wright,jordandonald@example.org,Port Richard,29
4460,Alexis Eaton,tracymcdonald@example.org,West Angelafurt,29
529,Jason Wright,btorres@example.com,Tommystad,57
1234,Julie Richardson,erikajones@example.net,South Shellyview,67
780,Charles Krause,barrycooper@example.net,Lake Brandi,47
723,Kathryn Ross,george70@example.org,Port Anthonyview,44
4345,Timothy Jackson,melanie54@example.net,Amyshire,32
9618,Kimberly Carr,loriclark@example.com,South Brett,35
1861,Crystal Wells,hinesmichael@example.org,Brownbury,59
8603,Mr. Robert Jackson Jr.,lisaharper@example.com,Michelleton,22
9156,Joshua Johnson,vincent60@example.com,Kevinton,32
3022,Kevin Boone,donald38@example.com,Nixonport,48
6679,Vickie Bailey,roberttaylor@example.com,Scottstad,67
1993,Jacqueline Jones,rodriguezjoshua@example.org,Jessicaborough,34
4029,Andrew Peters,qwinters@example.net,South Troyburgh,59
7987,Jerome Baker,nferguson@example.com,Brittanyville,57
7529,Kathy Miller,goodwinsamantha@example.com,Grantville,49
8024,Lisa Woods,laneyvette@example.net,Veronicafurt,32
7392,Clayton Gray MD,james69@example.com,Jessicaburgh,18
4303,William Jones,ncobb@example.com,Port Regina,33
2472,Tonya Wilcox,,Georgeport,41
5247,Melanie Patterson DVM,jpeterson@example.org,North Megan,64
3722,Jessica Pena,juan47@example.net,Port Thomasmouth,40
4823,Angela Lambert,robertbeltran@example.org,Davidbury,59
4886,Eric Doyle,kristinleonard@example.net,Port Michaelside,27
1397,Todd Escobar,lcooper@example.org,Wendyhaven,68
1490,Bryan Daniels,gregory08@example.com,Port Ronaldton,65
4865,Gregory Anderson,bryanevans@example.com,Carolynfurt,20
3533,Sara Chavez,jonesnancy@example.org,New David,45
1043,Brian Oconnor,kingwilliam@example.net,Adamview,52
3834,Alexandra Humphrey,kelly22@example.net,West Ryanview,26
7984,Joel Pineda,jsanchez@example.net,Port Cynthiaport,44
7548,Pamela Cisneros,dillongary@example.com,Millerville,22
258,Corey Thompson,collinsamy@example.com,Fieldshaven,24
9293,Karen Jones,molly65@example.org,Lake Jacqueline,22
8790,Patricia Hamilton,joshua77@example.org,East Lindsey,65
9782,Suzanne Greene,grahamtaylor@example.net,Port Joseborough,43
5194,Craig Chavez,,Markview,70
2090,Austin Wilson,pruittjustin@example.com,Mcphersonchester,69
8013,Alyssa Ramos,prattscott@example.com,Brookefort,58
504,Stephanie Mack,,West Omarmouth,61
4487,Ryan Mccann,jeremy30@example.net,New Rachaelmouth,23
8992,John Owens,enavarro@example.org,Gibsonberg,69
1346,Natalie Wang,cfernandez@example.com,Milesshire,29
5866,Juan Walker,shaneburns@example.com,Henryfort,49
9309,Miss Carol Lee MD,ginaknight@example.net,Curtisshire,22
2249,Shelby Kirby,lopezchristopher@example.org,West Brittany,46
9774,Laura Conway,smithdesiree@example.org,Lake Scott,58
373,Ryan Williams,alicepatel@example.com,Port Sarah,67
8619,Rachel Keith,joseherrera@example.com,East Sabrinamouth,42
3636,Brittney Foster,yharris@example.org,East Laurentown,18
2007,Raymond Vega,edwardselizabeth@example.net,Lake Angelafurt,51
7888,Beth Sanchez,jlamb@example.com,Lake Rebeccaland,26
4005,Joshua Tucker,williamsdavid@example.net,North Kristy,36
5975,Paul Stephens,michelle47@example.net,Jenniferside,34
9239,Matthew Fields,ashlee53@example.org,Palmerport,51
9366,Ronald Hurst,lisafletcher@example.net,Mackland,68
6325,Kent Armstrong,bill26@example.net,West Alan,49
2103,Kenneth Maxwell,jensenjacob@example.net,Lake Tamarastad,31
998,Joshua Anderson,fjackson@example.com,Michaelport,150
8349,Lisa Lang,zbarnett@example.com,New Donaldberg,37
5988,Steven Hall,danielsmith@example.com,West Sydney,24
1177,Ashley Mills,faith38@example.com,West Cathy,68
552,Rebecca Williams,mckaysteven@example.com,Rodriguezshire,28
745,Andrew Friedman,invalid-email,Lake Joshua,23
5800,Christy Watts,dbrown@example.com,New Bradleyfort,52
3330,Jason Melton,robinsonangela@example.net,Traviston,58
3078,Theresa Simmons,russojose@example.net,Lake Amberhaven,51
2908,Natalie Garner,connie65@example.org,Ramirezfort,70
6917,Rebecca Stevens,burkeshannon@example.com,West Dianaberg,67
5954,Mark Estrada,robertjones@example.org,Port Brenda,-5
9997,Joseph Perry,stewartsteven@example.org,Shannonbury,23
7922,Nancy Roberts,seantaylor@example.org,Contrerasmouth,35
8506,Anthony Phillips,leecindy@example.net,North Rebeccafort,23
9380,Wanda Martinez,qgreen@example.org,Kimberlymouth,39
4535,David Jackson,christensenhayley@example.org,North Michellefurt,54
5584,Holly Barr DDS,ifigueroa@example.org,New James,56
8204,Michelle Peterson,rebecca43@example.net,Markmouth,36
6483,Shannon King,jamesgentry@example.com,Marychester,51
3466,Maria Boyd,williamstiffany@example.com,Port Jamesstad,54
694,Jennifer Doyle,tony62@example.org,Lake Kevin,58
2534,George Gould,jchavez@example.org,Janiceborough,57
4705,Dr. David Russell,dylan75@example.org,New Shane,57
983,Jeffrey Simmons,jorgealexander@example.net,Sheppardside,35
7906,Michelle Ho,xguerrero@example.com,Claytonburgh,63
80,Joshua Hester,gwoods@example.net,Pughbury,59
4234,Michael Rasmussen,kaitlyn38@example.com,North Dalton,24
3470,Pamela Reyes,johnmosley@example.com,Andrewstad,31
6755,Mrs. Candice Harris,scottpowell@example.com,Edwardsfurt,63
3685,Miranda Castillo,jasonbell@example.com,Danielleburgh,59
3352,Donald Rosales,invalid-email,Hudsonmouth,39
3686,Anna Cruz,afleming@example.net,Markshire,61
6596,Matthew Johnson,srodriguez@example.com,North Richard,50
262,Cassandra Long,ohill@example.org,West Katrina,38
2143,Michelle Johnson,akane@example.net,Sanchezburgh,28
6573,Tiffany Stevenson,johnwalker@example.net,North Staceystad,29
2269,Andrew Jones,johnstuart@example.org,South Zachary,41
446,Mark Thompson,sonya29@example.com,Browntown,56
9218,Terry Wilkinson,rbutler@example.com,Joshuaport,55
6809,Ashley Glenn,ptaylor@example.net,Dawnton,64
7667,Lisa Jordan,john04@example.com,Nicoleside,69
6904,Lawrence Mann,francishernandez@example.net,Stevenville,27
3411,Nichole Velasquez,hughesamber@example.org,Port James,42
1702,Michelle Kennedy,,West Kathy,46
3756,Tyler Johnson,hlee@example.net,Matthewside,35
2527,Jennifer Johnston,kennedychelsea@example.org,East Alexanderberg,20
4203,Dr. Stephen Lawrence DVM,christopher37@example.net,Adamshire,30
69,Mr. Jonathan Howard,grogers@example.com,Keithville,24
1169,Carla Parker,ghoffman@example.com,New Linda,69
49,Kerry Berry,duncansusan@example.org,Justinland,26
1054,Mark Perez,zacharydaniel@example.net,Lake Robertfurt,31
85,Jason Parks,alexander78@example.com,Brandimouth,58
881,Darius Hardy,scott11@example.net,West James,44
2652,Cory Watts,fergusonchristopher@example.com,South Shannon,53
4829,Allison Cortez,saradavis@example.com,Port Rachel,70
2440,Brett Mccormick,wisenancy@example.org,Michaelbury,20
6344,Mark Brown,christopher87@example.org,Johnmouth,59
8113,Amanda Sanders,zachary80@example.com,Jasonfurt,39
1468,Dr. Angela Zhang,dwilson@example.org,Port Ronald,68
9812,Jason Lyons,lindabrown@example.org,Lake Joseville,32
9888,Colleen Randolph,margaret88@example.com,South Natalie,48
2442,Alicia Ingram,fernandoallen@example.net,Odonnellside,19
4861,Cheryl Garza,lortiz@example.net,Conniemouth,28
231,Mandy Greer,kevin55@example.net,East Derek,49
1321,Travis Watson,kingsandra@example.org,Brianbury,38
42,Sean Andrade,jpena@example.net,Simmonsshire,33
778,Todd Frye,shawnpatterson@example.net,Schmidtmouth,45
9131,Mrs. Hannah Davis,maria70@example.net,Lake Michaelmouth,39
3849,Raven Harrell,tonicarney@example.com,Bryantstad,36
1730,Margaret Kirby,summersronald@example.net,Evansside,63
3149,Gina Mooney,amanda24@example.org,North Briannaport,47
580,Kenneth Mcbride,amycastillo@example.org,East Isabel,19
5310,Paul Alvarado,danielmaxwell@example.org,Lake Jennifermouth,44
6081,Tammy Scott,adamfinley@example.com,Port Michael,51
6873,Brian Sanders,ethomas@example.net,Lake Shellyside,54
7564,Tiffany Mccormick,monica50@example.net,Guerreroberg,29
2868,Mr. Philip Madden,christine91@example.org,New Jessica,52
1492,Chloe Murray,millermackenzie@example.org,Danielleton,40
7881,Scott Duncan,rollinsrichard@example.net,Lake Samuel,19
8077,Billy Evans,samuelthompson@example.org,New Lindaview,35
62,John Henry,tamara20@example.org,New Johnmouth,65
4574,Ashley Murray,carterkimberly@example.net,Spearsfort,39
4186,Austin Thompson,mrobinson@example.com,West Markview,57
9660,Thomas Smith,gmitchell@example.com,Tammyland,58
403,Zachary West,gonzalezdanielle@example.net,Stephaniehaven,68
333,Amanda Doyle,kthompson@example.com,Christinaview,32
2085,Steven Meyers,duranrichard@example.com,Simontown,20
7112,Jamie Smith,stonesteven@example.org,Port Allenhaven,38
165,Jonathan Lester,nancypalmer@example.com,Kathrynfort,62
4419,Tyler Ryan,wilsonmichele@example.com,Oliviaberg,58
2716,Amber Wilson,larry51@example.org,South Maria,70
9103,Keith Richardson,zcunningham@example.net,South Justinland,22
5771,Kelly Smith,stephaniegross@example.com,Bryantfurt,34
2756,Brooke Gomez,darren76@example.com,Lake Denise,55
7848,Robin Pearson,jessica54@example.org,North Michelleburgh,61
7329,Christopher Bailey,qreese@example.org,Lake Julieside,59
1335,Joanna Wallace,aschultz@example.org,South Christopher,22
7504,Lori Martin,melvin00@example.com,New Justin,59
2865,Monica Yang,kaitlinfoster@example.com,Jeffreystad,65
1660,Ryan Potts,daniel67@example.com,Hesterview,43
6753,Alan Austin,jason67@example.org,North Lauren,32
754,Meagan Salazar,stevensbrian@example.net,Wilsonfort,37
6855,Dylan Frost,sthompson@example.net,Davisland,51
7279,Linda White,kelly92@example.com,Cooktown,27
707,Elizabeth Villarreal,linda39@example.org,East Calvin,30
6066,Monique Jackson,garciaabigail@example.net,Katherinetown,66
8730,Lisa Jackson,mwalter@example.com,Lake Jacob,18
6819,Patricia Hunter,gunderwood@example.org,Cookefort,54
2928,Mr. Dillon Mathis Jr.,weaverteresa@example.com,Colemanfurt,70
9776,Joseph Garza,johnhughes@example.org,West Jennifer,48
8963,Sarah Martin,xwilson@example.com,South Charles,57
9750,Shawn Burnett,dixonjennifer@example.com,Allenhaven,52
9165,Elizabeth Jackson,jacobcooper@example.com,West Lucasburgh,61
1835,Matthew Hobbs,,Scottchester,70
3232,Belinda Leonard,hollymccall@example.net,Allenmouth,57
5653,Steven Keller,roycarla@example.org,Stevenstown,49
4485,Jonathan Horton MD,juliehill@example.com,South Frankview,61
4696,Melissa Martin,kellyhicks@example.com,North Richard,23
9652,Chelsey Mcdowell,tammy81@example.org,Markton,69
9125,Chad Frye,,Lake Dianehaven,32
7534,Courtney Fowler,michael68@example.net,East Lisa,31
8846,Maria Duran,melissa94@example.net,South Ashley,45
5621,Allen Griffin,,South Sarahburgh,52
4031,Jason Dyer,vmercado@example.net,New Samantha,68
2247,Elizabeth Johnson,wilsoneric@example.net,New Cathy,69
836,Destiny Murray,fcordova@example.com,North Kimberly,52
8559,Jackie Jones,michael74@example.com,Port Kerryborough,55
7154,Cheryl Jennings,sarahstephens@example.com,Lorraineport,25
433,Oscar Gonzalez,matthewmitchell@example.net,Walkershire,67
6663,Carol Macias,djones@example.net,Amyborough,54
4203,Dr. Stephen Lawrence DVM,christopher37@example.net,Adamshire,30
5034,Jennifer Wilson,kdunn@example.org,South Stephenside,26
9751,Terry Baker,kaylawilliams@example.org,New Pamela,36
6132,Jennifer Campbell,lauren21@example.com,Sawyerton,21
1194,Mrs. Colleen Macias MD,xwest@example.org,Kimberlyhaven,44
8873,April Smith,wilsonheather@example.org,Lewisberg,42
2907,Sherry Caldwell,jeffersonjanice@example.net,New Shane,68
5688,Timothy Morris,fburke@example.com,Tranmouth,45
8969,Carlos Davis,hmyers@example.com,Christineville,24
9982,Stacy Flynn,vmartinez@example.net,North Jessica,24
3596,John Clark,kimberly03@example.net,South Brianshire,33
3282,Michael Shields,clewis@example.org,Andrewside,33
3459,Shawn Baldwin,,Jennatown,63
2730,Christy Knight,ogarcia@example.net,Zacharyside,29
3704,Jessica Boyd,pamela45@example.net,South David,29
434,Michael Johnson,simmonscharles@example.net,East Stephenberg,18
4950,Steven Crawford,ashleysimon@example.org,Lake Kristen,59
7283,Michael Donovan,seanbrown@example.org,Peterland,57
9276,Elizabeth Crane,sean45@example.com,Port Candicemouth,61
105,Candice Nguyen,williampena@example.net,East Melissa,35
9472,Samantha Bennett,mary38@example.com,Jessefort,20
1657,Kerry Graham,adam14@example.com,New Kyle,23
1534,Jessica Schultz,jasonharris@example.org,Jeremymouth,70
2987,Heidi Davis,martineznicholas@example.com,Brendachester,48
5709,Joseph Smith,sarahlove@example.net,New Dominique,62
1333,Anthony Johnson,jsimon@example.com,Hilltown,65
5454,Joseph Padilla MD,greenjake@example.com,New Kyleshire,27
9028,Kyle Harmon,ghenderson@example.com,Annfurt,58
3541,Ebony Gomez,courtney45@example.net,East Randyport,34
1444,Melissa Martin,kathleendavis@example.org,Clarkland,69
215,Tammy Smith,velezjoshua@example.org,Hannahmouth,27
5582,Crystal Payne,youngdennis@example.com,Huffmanmouth,36
8373,Mary Mcmillan,dwilson@example.org,Hensleyland,37
2911,Lucas Ford,taylor45@example.com,Michaelchester,53
6297,James Adams,karen73@example.net,Charlesport,29
4054,Julia Rose,destiny65@example.org,New Corymouth,20
1420,Jeffrey Buckley,christian83@example.com,New Christopher,53
6655,Ian Crawford,chris05@example.org,Hillmouth,22
8643,Laura Williams,reesejeffrey@example.org,Phillipborough,25
182,Jordan Gutierrez,robertcummings@example.net,Michaelport,33
4162,Dustin Baker,stevensstephanie@example.org,Port Jofurt,46
8875,Thomas Ruiz,urobinson@example.org,Weisstown,49
2447,Benjamin Martin,gonzalezjohn@example.com,Port Davidmouth,51
5545,James Mcdonald,paul00@example.org,North Makayla,56
7232,Mr. Ryan Sullivan,vholland@example.org,Evanstown,57
9838,Emily Porter,cameron70@example.org,Lake Staciehaven,26
4624,Madison Smith,fwalsh@example.net,Port Jessica,67
8317,Patricia Smith,jeffery26@example.org,Wileyview,37
8248,Kenneth Santiago,darryl89@example.com,Stephanieview,55
9928,Brittany Hernandez,tcochran@example.net,North Patricia,18
71,Brian Horn,matthewmorrison@example.org,South Carrie,47
545,Angela West,laracharles@example.net,Port Tamimouth,39
1205,Nicholas Santiago,edwardsbrenda@example.org,West Yolanda,33
3519,Robert Gutierrez,,Jacobview,37
3321,Kimberly Cruz,zacharygriffin@example.net,Port Andrew,26
9290,Miguel Nguyen,mallory91@example.com,West Garyshire,65
6594,Natalie Thompson,jonessean@example.net,Port Todd,50
9955,Courtney Kirk,chambersjackie@example.net,New Lisafort,60
5590,Cheryl Kramer,sean77@example.org,West Conniemouth,26
8493,Juan Campbell,mortonkimberly@example.org,Port Jenniferbury,18
9223,Daniel Ponce,courtneyschmidt@example.org,South Lisamouth,20
6195,Colin Ali,vhammond@example.org,East Tiffanytown,23
8888,Randall Blanchard,christopher46@example.com,Zacharyberg,-5
878,Darlene Young,wyattshane@example.org,North Katie,27
8291,Gina Wood,mariafoster@example.com,Lauraland,44
197,Curtis Perkins,brittany07@example.com,South Christopherburgh,61
9941,Marie White,meyerandrea@example.org,East Eduardo,38
4217,Sherry Leonard,megan79@example.net,Herbertbury,44
9668,Kimberly Barrera,,Lake Michaelborough,44
2998,Pamela Goodwin,kevin97@example.org,Meganchester,61
2572,Lydia Wade,nballard@example.net,Millerland,18
4049,Rita Lopez,amberwallace@example.com,Port Andreashire,34
7530,Michael Mcbride,xwhite@example.net,South Aaron,29
9048,William Short,amy55@example.org,Robinshire,68
8285,Kathleen Johnson,stephenriley@example.org,Jasminestad,49
6425,Keith Sharp,richard94@example.net,North Kevin,61
4985,Kevin Graham,rasmussenapril@example.net,Lake Philip,29
9174,Christina Ellis,larry63@example.org,North Jacob,21
8543,Richard Cole,olong@example.net,North Meghanland,20
2869,Russell Aguirre,tmarquez@example.com,Lake Christyport,22
2719,James Shaw,ericasandoval@example.com,Lake Charleshaven,49
8830,Heidi Smith,martindean@example.com,Grantburgh,24
3980,Aaron Daniel,ronaldlee@example.net,North Mary,51
9144,Heather Pittman,sotokelsey@example.com,Wangburgh,68
4193,Bonnie Webb,tbaker@example.com,Reynoldsburgh,36
3781,Leah Adams,matthew58@example.net,West Jermainefort,37
9718,Jeffrey Pennington,cindymendoza@example.org,Wheelerport,66
2683,Chris Young,ktorres@example.net,South Paulmouth,49
7989,Joseph Garcia,brownkendra@example.net,North Daniel,65
9604,Bridget Walsh,annamcdonald@example.org,West Alan,47
3388,Katelyn Hanson,josegarcia@example.org,Port Erin,29
6914,Michelle Bray,dianalee@example.net,Port Joeside,59
219,Anna Porter,duncanstephen@example.com,Contrerashaven,63
9109,Courtney Green,khill@example.com,New Lynn,53
4565,Andrew Wilson,marquezrachael@example.com,Port Joshua,54
4636,Alex Clark,rkelly@example.org,Meghanport,41
2544,Jessica Mckinney,nina10@example.com,Carterstad,48
9723,Karen Wang,lisa90@example.org,Port John,45
1245,Lori Rodriguez,joneslisa@example.com,Port Daniel,23
421,Christopher Pennington,scottaustin@example.com,South Jennifer,49
7192,Jeffrey Garcia,christian97@example.net,Vincentport,20
8271,Kaitlyn Wall,,Port Raymondport,22
2059,Michelle Kim,,Collierview,62
8661,Joseph Andrade,nmiller@example.org,East Toni,44
6701,Nathan Pratt,nrivera@example.com,South Erica,62
3690,Justin Perez,christophernelson@example.com,Pierceville,31
4688,Danielle Mueller,jenkinsjames@example.net,Diazberg,69
1167,Sharon Monroe,katherine93@example.net,North Markburgh,68
255,Kathleen Morrow,ibarnett@example.com,Henryberg,28
416,Deanna Rose,wwade@example.org,South Paulhaven,36
4078,Robert Reynolds,gilesnicholas@example.net,North Josephchester,50
9361,Samuel Lucero,benjamin13@example.org,Lake Rebecca,24
5475,Anita Diaz,hbradley@example.net,Harperside,43
9210,Mark Hill,jesse61@example.org,Lake Linda,49
760,Sara Patel,clarson@example.net,Bryanhaven,59
1386,Julia Williams,william04@example.org,North Patrick,18
655,Ronald Young,jacqueline60@example.org,Cookland,34
1202,Maria Salazar,igonzalez@example.org,Butlerfurt,58
2414,Ernest Lynch,taylorzachary@example.org,New Charles,18
3814,Christopher Blanchard,elong@example.net,East Shawnhaven,30
5850,David Clark,vfrey@example.net,South Josephburgh,25
5245,Chelsey Baker,mary16@example.net,Thompsonview,59
5518,Andrew Carlson,scottheidi@example.net,Port Brett,33
3296,James Smith,,North Stacy,56
3045,Aaron Bautista,djones@example.net,Romerostad,64
2831,Deborah Flores,rodriguezsamantha@example.com,Huffhaven,23
3205,Sergio Weaver,,Port Jamesport,64
329,Megan Knox,beverlyjohnson@example.net,Jasonfurt,52
4437,Rebecca Davis,bryan26@example.org,Matthewside,44
8537,Jamie Gibbs,stephaniecook@example.com,South Samanthahaven,35
4566,Melissa Eaton,kellyhenderson@example.net,Lake Jenniferton,36
2064,Chad Price,bradfordrobert@example.org,Davishaven,47
6841,Daniel Miller,dianephillips@example.net,East Jeremy,46
3034,Andre Alexander,monicatorres@example.org,Johnsonville,20
8558,Joshua Norris,,Holtburgh,49
4061,Karen Clarke,jessicamendez@example.com,Joneston,33
5134,Mark Cox MD,dawnbarker@example.com,West Amyport,45
5479,Joanna Rose,,Jacobsonton,46
1282,Teresa Wyatt,stephanie25@example.net,New Erictown,68
3020,Larry Cooper,joshuamacias@example.com,Johnsonborough,38
3030,Joe Lawson,xmassey@example.com,New Teresa,61
3648,Tammy Olson,richardsangela@example.net,South Roberttown,24
2637,Jesse Todd,jordangeorge@example.com,South Deborahmouth,20
3593,Angela Smith,vduffy@example.com,Lopezmouth,24
7303,Darrell Parker,nicholas41@example.com,New Jeffrey,43
7136,Benjamin Liu,richardthompson@example.com,Mccallfurt,60
3019,Larry Roberts,jeffreypeterson@example.com,South Alanberg,58
2946,Harry Baker,matthewsmith@example.com,Jaredfurt,29
5826,Omar Griffith,ruben94@example.org,Moraleshaven,52
4093,Bill Campbell,gholden@example.com,Brianton,45
5717,Nicole Blackwell,melvindelgado@example.net,Oconnormouth,25
2664,David Lopez,jason52@example.org,West Crystal,56
9944,Devin French,fhorton@example.com,Lake Thomas,56
1283,Dr. Brianna Wright DVM,hannah28@example.com,Virginiahaven,19
3754,Reginald Beltran,kchang@example.org,Port Jeremy,42
1363,Sherry Hull,wcallahan@example.net,North Patrickberg,40
4100,Rhonda Rodriguez,juarezcynthia@example.org,Port Sarah,65
1438,Ashley Short,pamela52@example.org,Harperview,48
9823,Seth Evans,natasha14@example.org,Teresaberg,41
7533,James Mcguire,srivera@example.net,Stevensshire,40
57,Garrett Berry,crystalwilliams@example.net,Lake Carmen,0
9035,Monique Armstrong,rjones@example.net,South Jefferyborough,52
8646,Lisa Mills,davidlang@example.org,New Jonathanville,55
3207,Andrew Edwards,lindsay72@example.com,Danielborough,54
1845,Cathy Barton,xwu@example.org,East Jamiefurt,41
5000,Scott Lee,jacquelinekennedy@example.com,West George,58
8746,Antonio Smith,brandy14@example.net,Port Ashley,69
6878,Joseph Cowan,jacqueline32@example.net,North Anthonyfurt,65
2881,William Clark MD,,Cantrellmouth,52
1744,Joseph Lin,gravesphyllis@example.org,New Dawnville,45
8563,Rita Johnson,dpeterson@example.net,Johnsonstad,50
5736,Andrew Austin DDS,dawnjones@example.com,West Benjaminberg,50
6183,Ashley Russo,jamie19@example.com,Obrienborough,57
3853,Susan Barr,michellebean@example.com,Costahaven,67
741,Jeff Bowers,fmoody@example.net,Johnnyshire,62
6638,Morgan Larson,terrybrenda@example.com,New Christopher,50
4238,Carolyn Day,boydelizabeth@example.com,Ashleystad,47
5145,Kara Haas,palmertracy@example.org,Smithhaven,62
1625,Linda Ryan,ehernandez@example.org,Evansfurt,50
525,Joanne King,brownchristopher@example.org,New Kathleen,41
6859,Linda Wright,hadams@example.net,South Kevin,47
4382,Lawrence Moore,thomastimothy@example.net,Port Marissaville,70
5652,Sara Blevins,molly22@example.org,Lake Jacqueline,39
6962,Sarah Allen,james70@example.com,Port Jacobfurt,37
3458,Vincent Ball,cindymiller@example.net,West Wendy,62
436,Rebecca Diaz,mgibbs@example.org,Port Ricardo,33
3195,Alexis Hinton,jwalton@example.com,Hullburgh,23
5227,Justin Woodard,gracenorman@example.net,West Hollyborough,53
309,Mary Sullivan,jjackson@example.net,Lake Cherylchester,66
1566,Samantha Snow,carriewilliams@example.org,Andrewstown,52
2632,Cindy Hale,kellyrussell@example.com,Marymouth,20
5830,John Gonzalez,jimenezcaleb@example.com,Amyport,46
9759,Robert Flores,carolynliu@example.com,Armstrongstad,68
402,Mark Gonzalez,,Saraport,26
4116,Adam Freeman,jessica87@example.net,New Marcus,65
3069,Kerri Martinez,tlopez@example.com,West Amberbury,31
882,Elizabeth Price,hullterri@example.org,East Christopher,65
435,George Luna,joseph96@example.net,New Robertfurt,33
9788,Zachary Kelly,,Wrighthaven,23
3527,Mike White,charlotte35@example.com,Melissaberg,59
7573,Shawn Gregory,wilsonmichael@example.net,Webbtown,60
8571,Rose Carr,poolejack@example.com,Audreyfort,43
7818,Timothy Rhodes,mitchellisabella@example.com,Moorefurt,19
9523,Michael Smith,creed@example.com,Jillborough,64
7692,Casey Hart,lance70@example.net,Thomaschester,24
289,Kenneth Barnett DDS,mercadophillip@example.org,Summerston,21
8728,Ashley Santiago,kerrmichelle@example.com,Chelseaside,61
8488,Lisa Tate,mossmaria@example.net,Port Maryport,33
2624,John Wong,jenniferbrown@example.net,Allenside,47
9532,Curtis Landry,nicholas41@example.net,South Thomas,70
477,Eric Richardson,vhatfield@example.net,West Veronicastad,67
7309,Carol Martin,jessicahenry@example.com,Caseview,66
9336,Destiny Olson,codymelton@example.com,Mikaylaport,51
4053,Timothy Mcclure,martinezdeborah@example.net,Lake Stephaniefurt,61
8772,Adriana Smith,jeremiah25@example.org,Graybury,30
6080,Kelly Scott,,Watsonborough,31
738,Eric Rhodes,nmurphy@example.net,Jordanville,23
8735,Laura Rivera,alexanderpham@example.org,Parkfurt,23
8368,Dennis Pena,hughesdavid@example.net,East Davidberg,38
6822,Monique Spencer,davidkerr@example.org,Lake Theresa,70
5633,Fernando Yates,johnsimpson@example.net,Patelburgh,56
6697,Charles Shaw,smithbenjamin@example.com,Marciachester,69
8140,Margaret Lee,bellkaren@example.org,East Elizabeth,22
8467,Laura Vincent,evansraymond@example.net,South Dana,50
5332,Jill Roberts,gilmoremisty@example.org,South Williambury,28
9121,Erica Brooks,latoyaadkins@example.net,Lake Anthony,55
8527,Mitchell Blanchard,margaret90@example.net,Melendezstad,26
6070,Lisa Doyle,tsmith@example.org,Lake Beverly,61
1840,Michele Johns,barbertimothy@example.org,Gilesside,60
1996,Michael Hayden,eandrews@example.com,Walshbury,68
2400,Heidi Lawrence,mariajames@example.com,Curtismouth,66
6341,Kelsey Yang,sandraabbott@example.org,Murphyberg,67
7586,Michael Brown,jacquelinejames@example.net,North Caseyburgh,46
4278,John Perez DVM,karen01@example.org,Barbaraside,38
3788,Brooke Stewart,chloecooper@example.net,Danielschester,69
801,Matthew Fowler,bnewton@example.com,New Amy,20
3740,Sarah Holmes,sancheztodd@example.com,East Hollymouth,49
5913,Hannah Shaffer,jasminerodgers@example.org,Jacquelinefort,24
1406,Laura Watson,lhughes@example.org,East Amanda,46
8301,Autumn Cisneros,leonard00@example.org,Maryberg,61
70,Casey Garcia,hollandmariah@example.com,Port Anne,69
5962,Cindy Evans,adalton@example.net,Markside,51
2760,Rose Johns,mark58@example.org,Pattonview,43
8444,Kelly Carter,zwilliams@example.net,New Kennethland,43
5763,Yvonne Jones,qsmith@example.com,Adamsberg,26
1587,Emily Wang,tina84@example.net,Port Travis,32
4443,James Thomas,owenjonathon@example.net,Mirandafort,49
5815,Cynthia Walker,tpowers@example.org,New Jessica,20
1075,Amy Fisher,christopherchristensen@example.org,Alexandermouth,38
5146,Kirk Hebert,livingstonjuan@example.net,Amandaborough,20
3335,Jessica Brooks,kimberlykim@example.net,Maryland,29
4904,Tina Diaz,deckerrandy@example.net,North Victor,28
9252,Morgan Martin,dukemeagan@example.org,Port Jeffreytown,28
2604,Michael Hernandez,lori36@example.com,Cristinaburgh,39
6378,Lawrence Thomas,sara50@example.org,Shannonfurt,53
1580,Timothy Bautista,andrew12@example.org,Robertmouth,65
4377,Audrey Dorsey,aaronruiz@example.com,North Samuel,33
3708,David Wright,denise38@example.org,Schwartzhaven,65
9030,Mary Mitchell,waynekirk@example.net,Port Donna,64
410,Joseph Ramirez,debrahernandez@example.net,Branchview,31
3439,Carl Lewis,connie38@example.com,Jacobsonfurt,59
7251,Lauren Richardson,sarahrussell@example.net,Christopherhaven,41
5834,Lori Garza,bwashington@example.com,Millermouth,55
8492,Sandra Chambers,wcooper@example.com,West Carlos,19
4075,Kelly Harris,knoxmelissa@example.net,Christinefurt,-5
3092,Nicholas Davis,maurice09@example.net,Gouldbury,45
2727,Mr. John Green II,nicholaskelly@example.net,Phillipsshire,37
478,Ryan Herring,andrew82@example.net,Robinsonfurt,60
1330,Stephanie Davis,snowjohn@example.com,East Jeffery,34
2284,Beth Strickland,ashley51@example.org,Lake Adam,21
9837,Julia Scott,larry02@example.com,Dominguezland,54
4756,Kathy Mendoza,cgoodwin@example.com,East Alexanderside,54
1778,Daryl Grant,james68@example.net,Foleyland,68
6349,Glenda Nunez,kristinmeyer@example.net,Scottstad,49
752,Richard Johnston Jr.,vazquezdonna@example.net,West Joseph,55
6033,Erin Calderon,qespinoza@example.com,Galvanside,24
5051,Scott Vaughn,yestrada@example.net,Elizabethburgh,51
7436,Ashley Trevino,xlivingston@example.org,Stephanieshire,38
8143,Pamela Valdez,dianejackson@example.org,Brianville,56
6142,Brittany Abbott,mendezjason@example.net,New Audrey,34
6101,Amy White,johnnydawson@example.net,Josephfurt,23
8181,Shane Lane,cberry@example.org,West Ginaville,24
9019,Henry Brown,shane23@example.org,Leechester,54
5365,Nancy Ross,vazquezamy@example.com,North Amber,53
469,Destiny Carter,invalid-email,West Chad,44
1546,Rebecca Wagner,fbush@example.org,West Johnstad,39
8739,Heather Sullivan,xjohnson@example.org,Kimstad,47
2684,Sandy Newman,jford@example.org,South Michellefurt,65
7476,Scott Stokes,,Rodriguezhaven,33
7121,Brooke Jones,ramireznatalie@example.com,Jesseview,35
1026,Brittany Odonnell,wallheather@example.com,North Laurachester,24
8885,April Johnson,hancockadam@example.com,West Laura,37
3647,Guy Long,cohenjessica@example.org,Steeleton,69
5594,Jamie Forbes,anthonypark@example.net,Tamaratown,33
2355,Mr. Adam Abbott,levicrawford@example.net,New Frank,23
9705,Jonathan Pittman,reyesann@example.org,New Christown,69
3886,Jenny Miller,maria93@example.net,Curtisberg,48
774,Michael Andrade,williamlara@example.com,North Sophia,69
9821,Benjamin Webb,vasquezkathy@example.com,Port Christopher,69
8987,Rhonda Nichols,nhopkins@example.net,South Tracyland,31
7682,Sharon Reynolds,scottanna@example.net,Lake George,57
7963,Alexis Lee,rdawson@example.com,West Laura,69
642,Kirk Mercado,tyler80@example.org,Karenburgh,55
7677,Elizabeth Davis,cynthiahudson@example.org,West Joshua,39
6178,Brianna Graves,josenguyen@example.net,Zacharyburgh,19
5315,Susan Huff,jtanner@example.com,Smithview,44
4589,Troy Wilson,uallen@example.com,Robertshaven,56
9459,Ronald Brown,mackjohn@example.com,Mitchellland,55
8699,Elizabeth Gilbert,bernard68@example.net,Port Michaelchester,37
1109,Emily Lynch,williamcline@example.org,Jennaburgh,42
8679,Emma Page,michelleconrad@example.org,Lake Stevenmouth,47
7223,Amy Davis,michellehale@example.com,Port Jamesfort,36
1421,Benjamin Perez,eevans@example.com,New Gina,56
6493,Sarah Allen,christopher01@example.com,North Chad,44
9816,Thomas Stevens,julia52@example.net,Lake Jason,58
6907,Nicole Evans,ian41@example.net,North Robert,39
6862,Calvin Brewer,christopher95@example.net,North Timothy,70
5144,Tamara Bryant,mitchell47@example.org,East Lauramouth,47
9737,Colton Chapman,paigewalton@example.net,Smithfurt,54
8127,Nancy Terry,invalid-email,Jacksonfurt,23
1681,Daisy Avila,dhoffman@example.com,East Amanda,63
6988,Patricia Prince,garzafelicia@example.net,South Ericaburgh,38
634,Mrs. Barbara French,stephanie71@example.net,Garciaport,23
2570,Tammy Lopez,floresanthony@example.org,Clayville,62
6214,Corey Barber,kevincontreras@example.net,Gonzalezmouth,26
3602,Erin Williams,xbaker@example.org,Walkerburgh,24
3310,Kelly Holt,angelawilliams@example.com,Schmidthaven,18
2167,Andrew Neal,jodi87@example.net,New Joseph,25
364,Cheryl Franco,timarmstrong@example.org,Kristafort,28
9326,Jennifer Johnson,alice12@example.org,Smithshire,26
2826,Jennifer Chung,igonzalez@example.org,Lake Geneport,51
5439,Victoria Ford,mccallsheila@example.com,Michaelmouth,54
6505,Amanda Davis,mmartinez@example.org,Johnsonstad,52
7820,William Williams,droberts@example.org,East Melissa,70
7471,Xavier Diaz DDS,mcrane@example.org,Lopezfurt,57
7318,Mr. Andrew Nelson,sdennis@example.net,Stephaniebury,46
5054,Jason Stuart,christinabartlett@example.com,West Brenda,23
6329,Lisa Webster,,Nathanielland,32
3523,Edward Garcia,ostewart@example.org,Port Johnny,37
1173,Erin Williams,jennifervasquez@example.org,East Jennifermouth,49
4225,Nathan Mcguire,coreyfuller@example.net,Colemanbury,150
4386,Jason Martinez,kelly66@example.net,Oliviaburgh,24
5488,Nathan Rodriguez,morganamanda@example.com,Lake Jasonhaven,45
2577,Vincent Stephens,tracibrown@example.net,Wyattport,28
1990,Brian Strong,leejames@example.net,Wilsonbury,65
7255,Matthew Lawson,whitekristine@example.org,Allisonmouth,59
9137,Randy Morris V,vaughanbrittany@example.net,East Elijahshire,35
4711,Benjamin Reynolds,salazarbrian@example.org,West Calebport,42
8588,Tamara Anderson,invalid-email,Jorgeport,29
3669,Danielle Greene,downswilliam@example.net,Zhangmouth,19
2629,Shawn Hammond,hickskaitlyn@example.net,Johnsonchester,33
8118,Thomas Harris,moraleschristine@example.org,West Ashleyshire,65
1411,Lauren Richardson,greenejacob@example.com,East Amberton,58
8409,Rachel Zamora,tarahenson@example.org,West Lacey,23
7489,Christine Ruiz,jenniferjohnson@example.net,Anthonyborough,39
7959,Anthony Valentine,jennifer71@example.com,West Robertchester,36
3615,Debra Ramos,marystewart@example.net,North Jamesmouth,32
7337,Clarence Mcdonald,rothbridget@example.org,Lutzbury,45
6826,Joseph Abbott,pstewart@example.com,Richardsonfurt,51
816,Dr. Fernando Cummings,jeffreybell@example.net,Cynthiashire,34
2405,James Gonzalez,ywells@example.net,North Shanestad,69
9369,Kelli Pacheco,,Patrickshire,19
6898,Eileen Robinson,buckjonathan@example.com,Lake Aaronmouth,18
4039,Courtney Kim,kparrish@example.net,South Justinport,28
2132,John Maddox,eric33@example.org,South Jessica,52
1798,Andrew Rivers,stephen58@example.org,Port William,66
3091,Destiny Kim,halvarez@example.org,Pierceland,25
4346,Gabriela Day,danielcruz@example.org,West Dylanbury,19
5857,Nathan Henderson,christopher00@example.com,South Matthew,45
3123,Karen Martin,lramirez@example.com,Lake Taylormouth,51
7860,Glenn Roberts,rholmes@example.net,Johnville,47
4607,Misty Barnett,fthompson@example.org,Jessicafurt,68
123,Gina Harris,dianaortiz@example.org,Bradleyville,42
180,Connie Lee,hammondkarl@example.org,New Cynthiaville,28
9438,Karen Smith,grodriguez@example.net,Thomasberg,43
6170,Nicole Davis,hwade@example.net,Simpsonville,19
6889,Emily Gibson,zcochran@example.org,Kirbyhaven,35
4105,Richard Spencer,csimmons@example.com,Lake Devinburgh,32
5200,Nicholas Clark,courtney09@example.org,Port Andrewview,36
1158,Connie Flores,williamssean@example.net,North Ashleymouth,52
238,Margaret Price,alexis51@example.com,Port Andrew,44
1533,Krystal Cook DDS,pkirk@example.net,East Christopherborough,70
8413,Scott Gardner,matthewbarker@example.net,Prestonview,39
9286,Erica Anderson,kelly26@example.org,Lake Kennethstad,45
9294,Elizabeth Woods,wilsonjustin@example.org,West Tamarastad,19
1536,Wendy Adams,lorimunoz@example.net,East Bethanyburgh,33
4122,Andrea Jones,beverlyfigueroa@example.com,Spencerchester,32
7880,Jeffery Mendoza,lindaprice@example.com,New Laurenstad,36
9869,Melissa Rodriguez,rodriguezdavid@example.net,East Michaelmouth,69
2606,Karen Brown,mark84@example.net,West Lisa,22
9481,Andrew Stone,michaelmcdowell@example.net,Russellchester,32
7324,Keith Carter,kimberly06@example.org,West Justintown,24
7755,Brandon Coffey,wendymercado@example.org,Danieltown,67
2178,Mr. Gabriel Hunter,patriciaharrison@example.org,Port Heather,25
8256,Mallory Garcia,jeffrey24@example.org,Paulshire,52
2352,Crystal Cannon,samanthajones@example.com,West Dawn,41
3326,Jennifer Hardy,ronnie57@example.com,Port Rhonda,35
6283,Angel Garcia,bennettbeth@example.com,Kimberlytown,27
3483,Rebecca Patel,johngeorge@example.com,Lake Tracy,26
3778,Daniel Le,crystal82@example.org,Jamesburgh,44
2135,Anthony White,dana05@example.com,Wadebury,50
1481,John Duke,dwilliams@example.com,South Karatown,35
2794,Jesse Schneider,stephenpeters@example.org,New Kathryn,52
8777,Samuel Cunningham,howellamber@example.org,Jeffersontown,43
9977,Jennifer Booth,rcampbell@example.net,North Nathanberg,24
5795,Allen Marquez,bbell@example.com,Powellbury,40
8421,David Wood,chaneyspencer@example.org,Johnsonhaven,45
9195,Mary Hall,thompsontammy@example.org,Frankshire,65
6293,Nicholas Moore,austinpadilla@example.net,North Cindy,63
4101,Jennifer Smith,genephillips@example.org,Colemanview,62
4412,David Olsen,fordjoseph@example.net,New Matthewport,45
5917,Stephanie Mills,amartinez@example.org,South David,55
5063,Joanne Orozco,williamjones@example.org,Stevenborough,39
5324,Renee King,nashjenny@example.org,East Jenniferburgh,20
1953,Brandon Young,brianstein@example.net,Heidibury,57
556,Nathan Walker,fortiz@example.com,West Karen,39
4743,Joshua Cooper,rochachristopher@example.com,Aprilland,34
1164,Lauren Cain,ttorres@example.com,East Ericland,56
1585,Judy Wiggins,sroberts@example.org,Kylefort,43
8275,Connie Lindsey,gary39@example.com,New Shane,25
8262,Kristen Weber,jose86@example.net,Maxwellville,29
3707,Christopher Colon,smithanna@example.org,North Peter,20
8331,Joyce Graham,angelgray@example.com,East Kelsey,37
7511,Sarah Turner,jeremydavis@example.com,Port James,62
5460,Christy Whitaker,denisehoward@example.com,Wilcoxborough,65
1460,Craig Wilson,khancock@example.com,Howardchester,54
6026,Joseph Duarte,mhardy@example.com,Martinhaven,39
1599,Kelsey Malone,rmcgee@example.com,West Shannon,38
7472,John Garcia,michelle59@example.org,North Sharon,64
301,Corey Woodward,pwhite@example.org,Andrewburgh,50
8574,Nathan Navarro,rlittle@example.net,East Russellmouth,35
9855,Christina Smith,sherryjohnson@example.org,New Robertfort,66
6435,Laura Williams,sherinorris@example.org,South Ryantown,37
6900,Kevin Branch,hduncan@example.org,Macdonaldmouth,18
9983,Arthur Brown,mfrank@example.com,Dunnborough,27
5552,Stacey Pacheco,emay@example.org,South Randall,21
5732,Bryce Moses,weeksgary@example.net,Elizabethhaven,63
2859,Loretta Howard,christopherpineda@example.net,West Richardton,25
9463,Richard Taylor,zporter@example.com,Port Danielville,51
2679,Miranda Dunn,moralesfrances@example.com,Livingstonmouth,53
3143,Chad Perez,jenniferchavez@example.org,Melissaview,65
1360,Gina Figueroa,gomezdebbie@example.org,Laceyside,58
7643,Valerie Mitchell,wgutierrez@example.org,Ashleyborough,65
1936,Joshua Roberts,salazarjoe@example.org,North Matthew,46
3206,Kenneth Porter,hernandezcorey@example.org,Christopherview,48
6004,Andrew Griffin,amandamoore@example.com,Davisside,28
487,Kimberly Price,hthompson@example.org,Burtonport,35
9246,Brooke Mcclain,dreyes@example.org,Johnmouth,24
6011,Anthony Leonard,hubbardallison@example.com,Port Stephanie,49
9420,Craig Richardson,,New Kathryn,30
4077,Katie Tyler,walterpayne@example.org,Port Brittanyhaven,65
5059,Emily Lopez,marcusbass@example.org,North Erika,44
4265,Bruce Blake,kimberly23@example.net,West Alexis,38
3338,Devin Price,,Jeremyland,53
7656,Paul Rivas,wvance@example.org,Morenoville,49
1153,Michele Jones,cevans@example.com,Jerryville,54
8108,Crystal Dawson,danielleali@example.org,Lake Joann,20
9936,Catherine Roberts,pwilson@example.org,Hunterville,52
4012,Jacqueline Hunter,ohall@example.net,Tracyville,43
8172,Valerie Owens,amyrodriguez@example.org,North Williamland,27
7387,Anthony Wolf,ramirezangela@example.org,West Mason,36
3449,Hayden Moreno,,East Susanmouth,59
6448,Cheryl Carrillo,harmonadam@example.net,Kristinport,61
9897,Jodi Luna,vmiddleton@example.org,New Phillip,51
8433,Chad Newman,michelle99@example.net,East Natalie,19
5538,Paul Miller,,Wallaceberg,62
6136,Robin Flores,kathy32@example.net,Gomezstad,50
4418,Jose Reeves,nicholas89@example.net,Stevenbury,40
666,Mrs. Carmen Sherman,wyatt93@example.org,West Robert,39
4068,Courtney White,swilson@example.org,Tashaside,24
5641,Jonathan Conway,ronaldrussell@example.net,Lake Sandra,64
9643,Stanley Griffin,moorejennifer@example.com,New Davidport,34
643,Martin Gonzalez,hallmichelle@example.com,Jacobstad,36
9430,Adam Burton,cholt@example.com,South Claudiaton,28
177,Destiny Turner,fgraham@example.com,Port Matthew,61
9832,Frances Bridges,leahadams@example.com,Harveyland,31
2341,Sharon Reid,kennethcunningham@example.org,Youngshire,58
3709,James Stephens,clinton49@example.com,Weissbury,31
787,Melissa Guerrero,uberg@example.org,Hectorside,25
7347,Robert Evans,stevensrobert@example.net,South Josefurt,60
6626,Karen Carr,mmoore@example.net,Wrightchester,68
7143,Victoria Wilson,johnnyadkins@example.org,Carmenview,67
3203,Sandra Harper,thomaswaters@example.org,East Dennis,69
7774,William Morris,courtney67@example.com,Russellburgh,34
5606,Paul Moss,ygutierrez@example.org,Port Susanton,28
8230,Chad Tran,rmyers@example.org,New Josefort,21
92,Jeremy Ford,gwendolynreid@example.org,Sarahmouth,30
7647,Michelle Jones,pfigueroa@example.com,East Ann,30
5968,Emily Browning,hcherry@example.org,Port Jenniferfurt,62
9697,Calvin Carroll,kristinscott@example.net,Laurashire,44
4251,Stephen Stewart,wrightchristine@example.net,West Jeremyport,150
1972,Linda Bass,hilljames@example.org,Masonstad,20
2906,David Mcgrath,apugh@example.net,Laurenmouth,61
531,Jonathan Walsh,jennahunt@example.net,North Steven,43
3922,Megan Johnson,richardbanks@example.net,Coreymouth,18
997,Leslie Munoz,stewartmargaret@example.com,East Cynthia,25
4072,Anthony King,cherrykenneth@example.net,Port Anthonyburgh,61
1732,Alyssa Morrison,nicholasmiles@example.net,Darlenemouth,48
5796,Sophia Russell,rebecca49@example.com,North Catherineberg,65
6513,Michele Rogers,ihorn@example.org,Lake Russell,56
2313,Lauren Marshall,mark77@example.com,Nicholasside,64
2155,Brenda Short,grahamdonna@example.org,New Carolynmouth,33
4922,Kenneth Kim,donnaadams@example.net,Port Williamview,67
7362,Ricardo Perry MD,logan65@example.net,Lake Cynthia,68
1428,Donald Gentry,lsanchez@example.com,West Anthony,49
4784,Cynthia Davis,ruth54@example.org,Townsendborough,49
5174,Amanda Meza,castilloheather@example.com,East Rhondaport,69
9993,Brent Booth,nholmes@example.net,Markstad,70
4542,Zachary Hensley,jjacobs@example.org,Allenshire,21
3827,Juan Johnson,salasronald@example.com,Lake Kimberlyton,60
3086,Donna Nguyen,qlewis@example.net,Carterview,55
8245,Gary Daniels,asmith@example.org,Edwinport,40
8102,Carol Taylor,sanderschristopher@example.net,Bryanton,48
3895,Dean Moon,breannabyrd@example.com,West Curtis,48
8536,Nancy Gray,rebekahgardner@example.org,Lake Brianmouth,29
8973,Scott Bass,invalid-email,Spencertown,55
496,Brandon Santana,nrose@example.com,North Leonard,43
8237,James Wilson,erosales@example.org,Boothberg,57
2322,Scott Johnson,martinezjocelyn@example.com,North Amber,58
8774,Lisa Walker,allison04@example.org,East Krystalview,53
4342,Sean Briggs,laurie06@example.com,West Randyfurt,57
152,Matthew Moody,benjamin38@example.com,Port Johnmouth,62
4339,Rickey Henderson,arellanosarah@example.net,Cartermouth,28
695,Nicole Faulkner,kleincarla@example.net,West Richard,22
8484,Heather Hernandez,lfowler@example.net,Victoriaton,65
8238,Julia Anderson,cspencer@example.com,Jeffreyside,42
1739,Roy Marshall,jeffreymcguire@example.net,Mckinneyport,55
3002,Kevin Hess,brianmccoy@example.net,West Todd,22
168,Susan Henderson,harrisbrittany@example.net,Andrewmouth,38
7908,Julie Hill,invalid-email,Ortegamouth,50
4808,Tasha Durham,aaron95@example.com,Staceyfurt,19
2866,Michael Page,bethany48@example.net,East Tommy,23
8715,Stephen Dorsey,dustin82@example.com,Robersonhaven,50
4044,Cory Copeland,leevanessa@example.org,Bryantborough,35
9528,Jason Shaw,cordovacraig@example.net,West Stevenbury,50
2884,Ashley Maddox,ericabishop@example.net,New Donaldhaven,50
3032,Suzanne Wright,jlarsen@example.org,Ericton,29
440,Victor Gonzalez,welchmeghan@example.net,Williamfurt,28
9535,Joe Hill,alexandra09@example.net,Hansonmouth,33
8164,Shane Johnson,madams@example.org,East Debbieville,61
8361,Shirley Terry,crystalmoore@example.org,Lake Jenniferland,70
8066,Terri Brown,phamjill@example.net,Daniellechester,45
6240,Amanda Garcia,djohnson@example.com,North Bryan,62
2277,James Woodard,hillseth@example.org,South Johnside,20
8867,John Adams,davidwilson@example.com,Jacksonton,64
5941,Kenneth Ortiz,richard03@example.net,Jonesside,21
609,James Collins,ospence@example.com,Port Kelseyhaven,47
5516,Megan Baker,ihudson@example.org,Port Jessemouth,36
4473,Elizabeth Herman,fwilliams@example.net,East Michael,27
3496,Anna Johnston,sonyawolf@example.com,Smithville,36
7664,Christopher Copeland,laurawells@example.net,Port Melanie,62
429,Candice Blake,ofernandez@example.com,North Laura,19
8542,Billy Wilson,ysmith@example.net,New Catherine,36
6631,April Snow,asawyer@example.net,South Jamie,41
7260,Mark Wilcox,lhudson@example.org,Howardmouth,26
427,Sheila Wilson,sherrimartinez@example.net,New Melissaburgh,38
2224,Nicole Hopkins,xbrown@example.net,Port Richard,59
101,Rhonda Sharp,yvaldez@example.org,Marthamouth,45
5822,Sabrina Chambers,jamie37@example.org,North Jessica,51
4047,Keith Wang,wwarner@example.com,Joneshaven,39
2763,Nicholas Navarro,fletchertanner@example.org,Lake Antonio,36
6099,David Atkinson,alvinwebster@example.org,South Adamhaven,70
8704,Rebecca Cobb,wallacedustin@example.org,Wallaceside,28
9143,Judith Martin,karensimmons@example.net,Kathrynport,20
9827,Michael West,candace20@example.org,Port Pedro,61
3287,Brianna Solomon,christopherlucas@example.org,North Antoniostad,66
7412,Kristina Coleman,sarahcarter@example.org,Yatesfort,69
4776,Michelle Romero,jamespark@example.org,North Adam,31
6492,Chase Jackson,cynthia78@example.org,Thomastown,30
6320,Kathryn Bright,robinsonangela@example.com,Christinafurt,57
7616,Marilyn Coleman,andersonjulia@example.org,New Christine,54
9423,Mary Miller,larsencameron@example.net,Daviston,69
3858,Kimberly White,christopherpage@example.org,North Wyatt,58
1466,Dawn Butler,howard14@example.com,Jeffreyview,48
9014,Miss Nancy Garcia,nwatson@example.com,Ramirezbury,65
2235,Ms. Kayla Williams DDS,aparks@example.com,Nobleton,61
1745,Tina Rodriguez,mjuarez@example.net,Geraldview,-5
5956,Renee Armstrong,michellebrown@example.com,East Shane,68
9733,Rebecca Riggs,reneedavis@example.net,Amandafurt,45
5551,Kim Hudson,salazaranthony@example.com,South Michaeltown,36
9331,Andrew Evans,gbrown@example.net,Boothshire,58
5993,Jessica Levy,jason21@example.net,North Michael,37
5235,Sarah Giles,ljuarez@example.org,Lake Isaacburgh,33
9422,Nicole Davis,arthur28@example.net,Timothyport,26
1984,Nathaniel Davidson,,Espinozaborough,32
9056,Kayla Graham,mpacheco@example.org,Port Brittany,58
6525,Colton Lopez,crosspamela@example.org,North Jessica,58
9612,Abigail Peterson,jeffrey34@example.org,East Pamela,59
2122,Laura Mayer,erodriguez@example.com,Williamsmouth,40
4415,Katelyn Reid,allisonbrown@example.net,Lake Amanda,35
3882,Nicole White,taylorchristopher@example.com,East Krystalton,21
4082,Courtney Brown,qhammond@example.org,Hayesfort,66
3721,Raven Moore,patriciaallen@example.com,Lake Barbara,39
917,Amber Jackson,shanekeith@example.com,Barnettfort,60
8721,Melinda Brady,lanejeffrey@example.net,South Gregoryborough,55
7543,Stephanie Miller,kristinastewart@example.net,Port Shawnstad,55
5291,Kenneth Jones,frederick36@example.org,East Whitneymouth,41
3162,Noah Campbell,stephenterry@example.org,Lake Jacob,33
3598,Larry Manning,rrodriguez@example.org,Parksmouth,44
5083,Eric Knight,reillyjulie@example.com,New Michaelfurt,63
8927,Colleen Taylor,pbarker@example.org,Blacktown,26
6538,Matthew Lawrence,jdaniel@example.org,New Jennifer,62
8046,Kathryn White,heather49@example.com,West Michelle,30
1204,Derek James,kathrynramirez@example.com,Johnberg,23
4066,Victor Johnson,katiejohnson@example.net,South John,62
7079,Gene Anderson,mconrad@example.net,Mcintoshmouth,-5
617,Lori Young,william29@example.net,Lake Ashleymouth,35
1927,Monica Davis,raymondcarrillo@example.com,South Stefanie,40
3115,Suzanne Reid,jacob05@example.org,Danielland,42
2642,Kathleen Cervantes,horr@example.com,Lisamouth,21
5219,Amanda Moore,robinking@example.org,South Mariaborough,40
7654,Anthony Lawson,qross@example.com,South Jeffery,36
8977,Tyler Payne,johnpark@example.net,Langfort,70
2563,Sandra Bowman,danielrobinson@example.org,Jeremyshire,37
4696,Melissa Martin,kellyhicks@example.com,North Richard,23
2729,Thomas Burnett,vclark@example.com,Kimberlybury,43
8120,Sarah Kent,donna87@example.net,Rebeccaview,65
6876,Mrs. Laura Curtis,george67@example.net,Powerstown,20
3903,Jordan Martin,peggy38@example.org,Lake Deborahborough,18
8009,Richard York,bgibson@example.org,North Marissa,64
8622,Megan Christensen,jonathan19@example.net,Robertmouth,37
2627,Travis Fisher,vhernandez@example.org,South Jasonton,50
2127,Taylor Brown,zwilson@example.org,Brookeport,54
8419,Natalie Murphy,james12@example.net,New Stephaniefurt,60
8225,Brandon Williamson,vzamora@example.org,North Roberthaven,51
806,Michael Edwards,tinasalinas@example.com,Port Jacob,48
5217,Chelsea Phillips,egarcia@example.org,South Kevinberg,69
3861,David Lucero,heidi95@example.net,South Stephen,60
9057,Lisa Turner,omejia@example.net,New Sarah,46
7826,Monica Price,tuckerpatricia@example.net,Port Patricia,59
2877,Stephen Williams,jose85@example.net,Bridgesville,28
6124,Adam Edwards,watsonleslie@example.com,Michaelville,28
4635,Michelle Castro,sandra25@example.net,West Linda,61
1243,Alan Baker,mikayla13@example.org,Jeffreyberg,45
7226,Ashley Crawford,deannaturner@example.net,South Christophermouth,28
5793,Samuel Clark,mcrawford@example.net,South Gabrielaland,37
4141,David Sampson,nbuchanan@example.org,North Jamesburgh,28
548,Victoria Orozco,,North Andrew,61
3023,Mr. James Rojas,uromero@example.com,East Colleen,31
8205,Darryl Terry,llee@example.com,Christopherfort,49
7458,Timothy Nelson,catherine88@example.org,Port Lisa,55
27,George Porter,branchjuan@example.com,New Yvonne,22
5160,Alyssa Sanchez,honeill@example.com,West Amy,66
5007,Kelsey Miller,gregorydustin@example.com,Loriton,61
2509,Brenda Davis,cardenastyler@example.net,New Joan,59
1434,Aaron Zamora,invalid-email,North William,68
2583,Nathan Woods,zacharymcconnell@example.org,South Johnport,43
1303,Thomas Davis,dustin91@example.net,Welchfort,70
8183,Katrina Spencer,tanyaclarke@example.com,Melissachester,44
9691,Cory Marquez,gregory36@example.com,South Sarah,32
4569,Richard Anderson,yfrazier@example.net,East Samanthamouth,42
6696,Mason Jones,heathchristopher@example.org,Harrisburgh,32
1222,John Sanchez,wjohnson@example.org,Hayesville,30
5199,Stephanie Lee,,New Lorichester,61
2549,Carrie Wong,kristy78@example.net,West Seanfort,37
751,Colleen Ferrell,larry44@example.com,South Paige,50
438,Bradley Perry,derekmccarty@example.net,Port Austinchester,22
9515,Amber Jones,kimberly03@example.org,Sheilaside,27
3412,Mr. Jeff Farrell,armstrongjamie@example.com,New Michellemouth,60
8636,Jessica Russell,jjones@example.org,Loganton,56
2848,Andrew Pope,cody35@example.org,Davishaven,58
1174,Amanda Lowe,kimmichael@example.com,East Michaelfurt,53
7795,Mr. Ricky Perez,michaelwoodard@example.net,Rachelport,27
2700,John Miller,jennifertucker@example.com,South Travis,45
9033,Ann Sanders,jeremygraham@example.org,West Ryan,52
6161,Christopher Ware,diane22@example.net,Alexandraborough,53
4814,Christopher Cameron,huffmanstephanie@example.net,Robertton,35
2482,Joy Cortez,invalid-email,North Christopherburgh,53
4149,Kevin Zavala,gregory16@example.org,East Chad,51
8609,Michelle Martin,sdavis@example.com,Wallsville,26
2707,Henry Santos,beckjanet@example.com,Coleberg,70
4848,Angela Jenkins,fieldstheodore@example.com,Lake Sabrinafurt,32
327,Jane Gentry,tiffany81@example.com,East Nancyberg,62
1040,Carl Barrett,suzannemejia@example.org,Fosterland,24
2638,Michael Smith,katherinefisher@example.com,Danielland,66
5230,Sandra Harrison,chase98@example.com,Lake David,28
2500,Tanya Williamson,scottbeth@example.org,Lake Mark,33
1005,Michael Diaz,rogersrussell@example.org,North Michael,27
2862,Craig Howard,robynsnyder@example.com,Hannahhaven,30
3234,David Garcia,barkerdale@example.com,North Tonya,27
1871,David Beck,thebert@example.org,Monroeland,28
6429,Patrick Robbins,nturner@example.org,Mooneyfort,61
7109,Benjamin Sanders,christianbridges@example.net,Parkfort,58
8549,Brittney Singh,mitchellvincent@example.com,New Austin,24
6551,Gregg Morris,kennethphillips@example.org,Lake Anthonyfort,54
535,Michele Smith,jessicasims@example.org,Bridgesbury,69
6063,Monica Wong,choitaylor@example.net,New Juan,48
6368,Anthony Santiago,brownjessica@example.com,Ambermouth,49
7659,Mary Doyle,coopersteven@example.com,West Phyllis,41
586,Patricia Miller,brandismith@example.org,South Robert,20
1124,Jennifer Sherman,davilacorey@example.com,New Jacqueline,21
3036,Carrie Evans,christopher39@example.org,Annettefurt,64
4603,Brenda Santos,michelleholt@example.org,Meyerhaven,49
2586,David Pierce,andrewobrien@example.net,Hamiltonmouth,45
1704,Michael Martinez,michellebenson@example.net,Christophershire,24
4464,Amy Smith,josephmcguire@example.com,Andreaside,40
5799,Jay Taylor,anthonywillis@example.org,East Kelly,70
492,Erin Webb,smithanna@example.com,Port Ryan,59
3845,Kyle Bush,moranheather@example.net,Chandlerstad,26
4526,Michelle Cantrell,ramirezjessica@example.net,Johnnyfort,21
2837,James Lopez,diane17@example.net,Ramirezstad,33
2267,Shannon Valdez,dennistrevino@example.com,South Dannyborough,69
9179,David Bowman,luisgarcia@example.net,Lake Tiffanyhaven,38
5309,Justin Nguyen,maryjackson@example.org,Reneeshire,28
6759,Michelle Lee,christian69@example.org,West John,47
4901,Kimberly Bowen,qhunt@example.org,Tombury,68
7827,Isabella Mclaughlin,morristhomas@example.net,Ashleyhaven,59
3549,Michael Elliott,karen65@example.org,Heidimouth,34
2901,Christian Cruz,williamkey@example.com,West Douglaston,64
820,Lauren Rogers,uphelps@example.com,Port Davidview,44
2945,Amy Gibson,kreilly@example.org,Timothytown,41
1917,Judith Simpson,shanejackson@example.net,Leslieborough,64
3186,Victor Sharp,rodriguezkayla@example.net,Lake John,21
3854,Arthur Joyce,hornmark@example.net,New Jenniferfort,59
6052,Lisa Pennington,zbaxter@example.org,Port Andrew,69
7546,Wesley Alvarez,washingtonisaiah@example.com,Zimmermanhaven,30
8315,Shane Clark,maddoxmelinda@example.net,Dianaborough,63
6313,Gregg Walker,,South Darrylton,27
8710,Scott Baxter,jhughes@example.net,Port Aaron,32
1134,Patricia Wilson,sgrant@example.org,East Laura,39
5360,Rebecca Bird,christophermurphy@example.com,Jamesview,40
8738,Kerry Richards,michael36@example.net,Lake Suzanne,50
2519,William Gray,staceyvaughan@example.org,Port Alexismouth,41
398,Monique Coffey,abigailsmith@example.net,Port Kristamouth,35
1318,James Harrison,susan83@example.net,Laurenmouth,63
7257,Alice Austin,spencermckinney@example.org,East Samanthatown,46
122,Sandra Allen,frobinson@example.com,Sharonchester,42
2450,Vicki Watson,margaretmaxwell@example.net,North David,43
4194,Richard Russell,collinspatricia@example.com,Grahamton,58
3230,Gabriel Clay,carolynpratt@example.com,Rojasstad,63
1567,Allison Daniels,chasejason@example.com,East Rebeccachester,70
1985,Matthew Young,enewman@example.com,Codyshire,18
4505,Shelly Shaw,john48@example.com,Lake Edwardville,33
2602,Javier Edwards,hgarrett@example.org,Port Sandra,36
5675,Gina Bailey,johnlester@example.com,Charlestown,38
6959,John Mccormick,philip84@example.com,East Williamview,68
5668,Jeffery Rubio,williearmstrong@example.org,Thomaschester,33
2174,Patricia Brown,alicia16@example.com,West Tanya,53
3284,Kathleen Brown,tknight@example.com,Lake Andrewhaven,50
9587,Michelle King,coleerin@example.com,Harrellshire,62
3606,David Bryant,kburgess@example.org,Davidmouth,60
8757,Michelle Smith,xharrison@example.net,East Carlos,48
2334,Sarah Alvarez,dnovak@example.com,Port Jasonland,45
574,Thomas Torres,madison51@example.com,Tanyafurt,29
6449,Nathan Wilson,stephanie02@example.com,Scottfurt,22
9258,Abigail Conley,hamiltonstephen@example.com,Susanberg,51
982,Michele Howard,,Blairstad,69
7370,Aaron Anderson,anthonybrown@example.org,Lauramouth,53
3503,Heather Porter,dvega@example.org,West Ryan,62
1408,Sarah Hampton,invalid-email,Foxton,35
536,Henry Banks,raymond86@example.net,Ryanchester,31
4302,Robert Snyder,invalid-email,Port Chelseachester,34
7703,Lisa Thompson,delgadochristopher@example.com,West Jodi,29
5297,Christine Sanders,millerdavid@example.net,Sabrinaberg,52
7413,Jeffrey Frye,baileyrhonda@example.net,Coopershire,24
1435,Maria Boone,invalid-email,Washingtonville,20
7276,Laura Perez,jessicabrown@example.net,East Connor,45
2580,Grant Alexander,adamferguson@example.org,Butlerland,58
9920,Shawn Haas,suarezjason@example.com,Parkerside,46
3270,Kristy Merritt,ybrown@example.com,Port John,34
9747,Karl Soto,kathy91@example.com,Jenniferville,33
9407,Ryan Robinson,qburke@example.net,Port Danielbury,63
3370,Louis Booth,katrinamurphy@example.net,South Steven,26
1868,Stephanie Ali,woodsdaniel@example.net,Gonzaleshaven,18
1455,Julia Doyle,robertfreeman@example.com,Samuelfort,56
1787,Samantha Wright,kirstenmoore@example.com,Waltersland,48
6744,Jessica Mahoney,jessicareed@example.com,Lake Cherylshire,25
8116,Victoria Lewis,rosediane@example.net,Lisashire,70
2522,Anthony Lee,williamsmichelle@example.com,New Thomas,36
4614,Melissa Rose,bradleyamy@example.com,Byrdville,39
1821,Ryan Wells,frankchang@example.org,Richardsonburgh,70
9391,Marc Ferguson,hannah15@example.com,Baileyburgh,63
2930,Richard Herring,dianehernandez@example.com,Jessicahaven,25
52,Meredith Green,mark13@example.com,Kevinhaven,20
6206,Nancy Becker,,East Michaelbury,51
6420,Sarah Herrera,riddlemelissa@example.com,Port Rachaelview,44
9825,Natasha Hernandez,mitchellmartha@example.com,Castilloton,21
3578,Jacob Cowan,sullivantony@example.net,Port Danielside,37
470,Elizabeth Jackson,bruce16@example.net,Port Kimberly,30
2630,Maurice Martinez,,Lake Tiffanyton,34
5403,Andrew Acevedo,byoung@example.net,Port Elizabeth,38
7764,Matthew Chaney,nicholasbrown@example.org,New Samuel,150
8410,Scott Jenkins,vpetersen@example.com,West Christina,58
6465,Matthew White,debbie09@example.com,Scotttown,33
4429,Michael Williams,phillip69@example.net,New James,69
1859,Stephanie Palmer,margaret94@example.com,Garyview,61
9726,Kimberly Stewart,lisakelley@example.org,Port Melissaview,68
866,Terry Jordan,donald50@example.net,East Hunterborough,60
5216,Melissa Rogers,mcarpenter@example.org,Theresaburgh,26
7502,Frank Boyer,stacy30@example.net,Humphreybury,66
5126,Adrian Acosta,csharp@example.net,South Rebeccamouth,23
6949,Michael Lee,zperry@example.org,East Aaron,27
9412,Dawn Carter,pfarmer@example.com,West Bailey,53
8898,Joseph Bryant,amber12@example.net,Markstad,67
8139,Megan Rodriguez,valenzuelakim@example.org,Lorifort,69
6181,Daniel Mullins,richardbaker@example.net,Ellischester,38
426,Charles Daniels,wesley02@example.com,Jameschester,36
189,Debra Jackson,carolcohen@example.org,Andrewport,47
5864,Ryan Brown,jeffreyjennings@example.com,Port Bethanyhaven,68
8159,Susan Boyd,xsmith@example.net,Port Samueltown,35
229,Mathew Jenkins,morganmisty@example.com,Walkerhaven,24
8072,Nathan Oconnor,rebekahgarcia@example.com,South Jonathanberg,61
7389,Patricia Rodriguez,wilsonalyssa@example.org,Millerfurt,55
2742,Christie Austin,andrearogers@example.com,New Michael,48
1042,Rachel Herrera,david13@example.com,Christophermouth,49
8917,Brian Bowen,jenniferkirby@example.com,Michaelbury,42
9325,Michelle Payne,dustincohen@example.com,Port Scottbury,28
9871,Ashley Andrade,mckenziematthew@example.net,Gonzalezmouth,47
4280,Aaron Lewis,owong@example.net,Youngshire,55
472,Frances Johnson,francisdunn@example.org,Lake Nicoleshire,43
2922,Zoe Williams,jillian33@example.org,New Kevin,69
1906,Kelli Clark,claudia29@example.net,New Keith,38
9055,Wesley Lynch,larry57@example.org,Stephenstad,45
802,Stephanie Tran,mark17@example.com,Michelleville,29
1488,Jesus Hendricks,garciaashley@example.net,Griffinview,66
8606,Michael Baker,villanuevakrista@example.org,Aguilarside,55
3654,Michelle Mccullough,cameroncox@example.net,Edwardsburgh,41
3772,Elizabeth Lee,boyddonna@example.com,South Kimtown,57
228,Denise Hogan,,South Robert,26
4253,Thomas Gilmore,charlotte12@example.com,Garciafort,64
1129,Dr. Brittany Johnson,greercaitlin@example.org,Hallton,50
5282,John Long,ytravis@example.org,Cynthiaside,51
7388,Felicia Anderson,lovesusan@example.org,New Cherylmouth,56
2209,Matthew Brooks,rhondacarter@example.org,Port Elizabeth,59
5229,Ashlee Barnes,terrinelson@example.net,New Tristan,56
9081,Aaron Hernandez,fscott@example.com,North Lisa,47
4602,Jennifer Watkins,holly36@example.com,Robertsshire,70
6225,Alexandria Berry,normahall@example.com,West Jodystad,41
3154,Ruth Cline,coopercarol@example.com,Port Paulfurt,40
8285,Kathleen Johnson,stephenriley@example.org,Jasminestad,49
9287,Andrea Holland,invalid-email,Olsonland,58
5355,Monica Chaney,linda07@example.com,South Samanthaville,26
6476,Ronald Suarez,jillian30@example.com,New Gregory,37
9793,Dr. Madison Avila,mhernandez@example.org,Jeffport,44
2145,Rebecca Harris,caustin@example.org,Port Edwardview,53
8522,Lori Vega,bishopmicheal@example.org,Wyattberg,67
9173,David Harrison,ucole@example.net,Johnsonberg,27
2375,Angelica Lane,thomasfrank@example.org,Norrisside,69
2578,Stephanie Campbell,,Patricktown,67
1633,Rodney Holland,sean93@example.org,Leestad,56
5031,Julian Bishop,davidramirez@example.org,Michelleview,44
2299,Colleen Weeks,michaelhernandez@example.com,East John,39
9432,Dale Wilson,jessicathompson@example.com,South Anthonyville,31
157,Dr. Aaron Pugh,monica44@example.org,Feliciamouth,43
6544,Debra Wilson,torresdanielle@example.net,Lanceborough,62
6979,Jared Gallagher,fmartinez@example.com,East Michael,67
3350,Lauren Wilson,yfischer@example.org,East Danielville,36
3996,Jessica Bell,woodskathleen@example.org,North Justinfurt,29
2880,Mark Nichols,cdiaz@example.org,Michaelburgh,33
3414,Michael Hayes,floreslevi@example.com,Susanview,29
7415,George Ortiz,,Smithshire,52
4408,Virginia Buchanan,bwyatt@example.net,Nicolemouth,67
4387,Michelle Guerrero,alexislopez@example.net,Jillport,43
3769,Eric Jones,,Shafferside,58
9090,Elizabeth Lee,invalid-email,Jennifermouth,30
4538,Joseph Rivers,jeremy97@example.com,Janeview,40
5741,Rebecca James,dwayne87@example.net,Lake Meghan,69
3913,Jeff Rodriguez,johnsondavid@example.org,Lake Annaville,31
9061,Cheryl Sutton,nancy93@example.net,South Timothychester,47
9586,Jennifer Flores,kimberly28@example.net,Lake Heatherberg,56
5501,David Hester,vbrown@example.com,East Ralph,32
7294,James Brown,perkinsstephanie@example.net,Lake Lori,49
2496,Andre Davis,stacey19@example.org,South Sarashire,28
4192,Stacey Hall,lisamartinez@example.org,New Peter,23
6983,Morgan Daugherty,gloriamurphy@example.org,Pruittland,57
2373,Benjamin Webb,kaitlynharrison@example.com,Jamestown,62
7399,Jeremy Lewis,kaylee75@example.com,Langshire,61
5559,Rhonda Sullivan,rachel31@example.com,Port Kennethview,37
3462,Marissa Santana,moyerkatherine@example.net,Port Ricky,22
5704,Andrew Green,tsmith@example.net,South Andrew,48
5617,Edward Harris,brian36@example.org,Michaelmouth,59
7462,Cynthia Martinez MD,tanya75@example.net,Port Sean,49
5759,Sandra Morris,johngraham@example.net,Garychester,50
5248,Mark Fernandez,austinbennett@example.com,West Paige,18
4681,Jessica Campbell,sheryldavis@example.org,Michellemouth,65
2551,Theresa Reyes,hunterjennifer@example.com,Wangburgh,23
4404,Laura Harvey,lindsey91@example.net,New Josephville,58
848,Jacqueline Harris,millerwilliam@example.org,West Ryan,32
3345,Joshua Turner,joshuafrank@example.org,West Samantha,23
939,Jeremy Wilson,amandaross@example.org,North Brandon,19
5024,Jody Cruz,williamskristen@example.com,Lake Kayla,62
5369,Edward Freeman,wrodriguez@example.org,Rogerborough,64
9042,Frederick Hernandez,davisandrea@example.com,Stephenton,23
8784,John Fitzgerald Jr.,cpatrick@example.com,East Michelebury,37
3856,Eddie Johnson DDS,dalebutler@example.org,South Jacobton,63
5580,Nathan Marquez,iharvey@example.net,North Jenniferfort,53
4634,Valerie Phillips,tanya06@example.net,South Troy,46
9918,Derek Guzman,hadkins@example.net,Fullertown,67
757,Sara Potts PhD,pchavez@example.net,Nguyenchester,67
8085,Michael Jones,anne84@example.com,Nicolemouth,56
2645,Michelle Smith,smithrachel@example.org,Sydneyhaven,64
4739,Mary Martin,daniel57@example.org,West Crystalmouth,36
4454,William Powers,kanderson@example.org,Lake Reginafurt,22
3166,Danielle Johnson,ujimenez@example.org,Lisatown,50
3640,David Smith,richard52@example.net,New Dorothyville,60
4630,Stephanie Wilson,rjohnson@example.org,Allisontown,34
9368,Michael Lynch,paulmay@example.net,West Kimberlyhaven,58
3818,Lisa Jackson,alison14@example.org,Brianbury,39
4573,John Wilson,ryantran@example.org,New Juliaside,25
5567,Brandon Curtis,johnsalazar@example.com,East James,48
2358,Frederick Gibson,pjohnson@example.net,Nunezfurt,38
3419,Craig Armstrong,jamiewright@example.org,Lake Dawn,49
8094,Jason Parker,omorris@example.org,Lake Loriview,49
2062,Gregory Ruiz,larrydavis@example.com,West Tinashire,51
550,Lauren Phillips,valenciajacob@example.com,Lake Christopher,50
4465,David Gilmore,goldenmelissa@example.net,Port Abigailtown,30
2813,Mark Day,gflores@example.org,Reyesshire,47
9570,James Stewart,williamvasquez@example.com,Reedton,60
8953,Sarah Ramos,robertobrien@example.org,West Jeanettemouth,46
9177,William Gomez,llopez@example.org,Evanborough,24
2550,Justin Rivera,simmonsronald@example.com,Warrenshire,28
6322,Kathleen Lee,cmoore@example.org,Port Elizabeth,66
3170,Mary Shelton,xgarrison@example.net,New Brian,38
6852,Joshua George,,East Tiffanyhaven,35
5027,James Morris,,Melissafurt,21
4462,Madeline Allen,trujillokayla@example.net,Jillmouth,50
1260,Robert Wagner,daniellegrant@example.net,New Tanyaberg,24
8194,Jennifer Padilla,gsmith@example.org,East Sara,27
3949,Joseph Wilkerson,chasewilson@example.org,Hunterside,24
8924,Paul Wallace,virginiamckinney@example.com,South Melissa,43
1025,Victor Hartman,xwright@example.com,Cherylshire,41
6754,Christopher Harper,ygates@example.com,Shannonborough,52
753,Morgan Thomas,julie74@example.net,West Edward,57
4171,Charles Salinas,udixon@example.net,New Michelle,38
4003,Connor Wright,tmendez@example.org,Lake Pamela,67
7708,Ashley Cox DVM,georgeedward@example.com,South Maryview,35
1952,Colleen Hill,chayes@example.net,South Heathermouth,52
5187,Shannon Rogers,james67@example.com,Andrewfurt,31
352,Victor Porter,michaelgonzalez@example.net,Lynchmouth,27
1512,David Cox,adam96@example.org,Hernandezhaven,63
5028,Ryan Saunders,kjones@example.org,South Jillfort,0
4642,Clarence Greene,rosspamela@example.net,North Carmenberg,24
8089,Cody Harris,tracitaylor@example.net,Port Christinamouth,37
6040,Kenneth Hale,melissamoore@example.net,Lake Josephstad,18
702,Kristopher Johnson,kyle56@example.org,West Stephenbury,64
9850,Thomas Cook,mirandarenee@example.com,Bellmouth,65
3663,Kelly Brown,carterrose@example.com,South Davidland,37
4878,Christopher Mccarthy,sanchezgeorge@example.com,West Christine,67
5442,Michael Rush,robinsonvanessa@example.com,Port Amanda,31
9808,Robert Martinez,lewisjonathan@example.org,Davisshire,56
562,Tracy Silva,christopher56@example.org,Port John,59
2319,Scott Ward,pamelahuang@example.org,South Amy,58
3099,Kara Burgess,invalid-email,Stevenmouth,43
4095,James Green,kimberlygross@example.com,West Mary,51
3151,Vincent Pierce,mitchell35@example.com,Port Brendaville,29
5841,Jason Ramos,shawnmiller@example.org,Rebekahfort,57
4468,Christopher Alvarado,davidpeterson@example.net,Lake William,43
4804,Jessica Castillo,jeffreymarshall@example.net,West Jessebury,48
3574,William Rubio,eric60@example.com,New Jamesland,31
7147,Jonathan Bishop,david91@example.net,New Theodore,50
9102,Bryan Moore,,South Amystad,34
5218,Malik Sparks,larsoncody@example.org,Turnertown,69
6315,Sharon Burgess,xcross@example.org,Robertsonview,34
1048,Kimberly Wang,dfields@example.org,South Yvette,69
2940,Brianna Johnson,leebrent@example.com,New Jessicafort,49
1809,Charles Anderson,garciagregory@example.net,West Thomasmouth,33
3167,Megan Fox,benjamin21@example.net,Williamsbury,40
415,Amanda Barnett,caitlinunderwood@example.net,Sharishire,49
1341,Anthony Moore,invalid-email,South Charlesbury,26
9559,Lisa Price,elizabeth78@example.com,West Wendyport,67
7531,Joshua Gomez,donald46@example.net,South Christinaside,43
5271,David Tate,victor96@example.com,Cardenasfurt,40
4820,Jamie Wells,luiswheeler@example.org,Rangelfurt,62
4794,Mary Rodriguez,sarah56@example.net,South Randallview,19
7660,Nicholas Bradley,larry78@example.com,Andrewsberg,35
1470,Jeremy Lambert,richard15@example.org,North Travisport,30
1711,Ryan Edwards,invalid-email,East Carlport,58
4576,Brittney Rogers,brandonjohnson@example.net,South Sandra,66
8908,Andrea Green,yvonne88@example.net,Lake Sabrinaton,70
2272,Hannah Holland,blake60@example.com,Andreamouth,26
1584,Kayla Gibson,carolinecurtis@example.net,North Susanside,45
1413,Jason Kim,bsuarez@example.net,Phillipsburgh,52
4270,Patricia Kim,,Smithside,58
8922,Ronald Zavala,dnelson@example.com,Lake Joseside,51
8628,Alexandria Pearson,larrycallahan@example.net,West Jennifer,40
6966,Amanda Adams,mackenzierodriguez@example.org,Walkertown,49
1723,James Peterson,caroline93@example.org,West Michaelland,64
2025,Christopher Hicks,dsantos@example.com,Alexandertown,28
2213,Daniel Ortiz,moorejerry@example.org,Port Sandrafurt,69
1508,Allison Cooper,udavies@example.net,Port Jenniferville,61
2623,Brian Williams,michaelale@example.org,Port Connieview,25
6488,Brittany Harrison,russelljohn@example.org,Amandabury,60
9312,Christopher Robinson,peggyhall@example.com,East Jacobfurt,31
1322,Jennifer Alexander,ibowen@example.net,New Lauramouth,43
843,Kathryn Oliver,samanthaponce@example.com,Romeroport,62
1147,Joshua Meadows,kristin20@example.org,Hernandezbury,60
3625,Gina Gomez,davidsmith@example.com,Brookehaven,58
4448,Nicholas Williams,davisphilip@example.net,North Markfurt,69
4376,Bryan Hernandez,sharon01@example.org,Lake Kevinberg,31
7059,Christine Turner,wagnerwilliam@example.com,East Carlaland,31
4868,Robert Rivera,qwilliams@example.org,East Saraberg,40
464,Debra Figueroa,gomezronnie@example.com,North Anthony,55
1755,Brandon Baxter,tiffanyrodriguez@example.net,Lewisstad,36
8709,Eric Beck,nancy96@example.net,Kaylamouth,42
4975,Julie Cross,smithmarcus@example.org,Maryside,28
9653,Brittany Smith,hansenanne@example.net,Jenniferville,68
4575,Jason Sanchez,petersonreginald@example.org,Armstrongside,35
4217,Sherry Leonard,megan79@example.net,Herbertbury,44
4191,Mary Hampton,cchoi@example.net,Brentchester,59
7105,Chad Nixon,uwatson@example.org,South Nancy,38
379,Becky Pham,trios@example.org,West Jacobland,48
3107,Melissa Moore,tbentley@example.net,Millsland,58
9027,Dana Williams,gbauer@example.net,Olsonstad,51
1336,Kenneth Sweeney,joshua83@example.org,Harveytown,50
1224,Sean Stone,laurenberry@example.com,Morrisfort,-5
9886,Benjamin Avila,lweaver@example.com,North Kevinborough,47
2717,Chris Peters,jenkinsderrick@example.net,Haleburgh,41
5273,Aaron Sweeney,daniel24@example.org,Cruztown,62
7256,Heather Harris,julie42@example.com,North Katherineberg,150
2953,Debra Smith,troy52@example.net,Johnstonville,54
1351,Marc Edwards,daniel70@example.net,Josephmouth,33
1083,Kevin Murillo,ebony31@example.net,Johnsonborough,22
6803,William Foster,melissa30@example.net,Bakerland,35
5651,Russell Griffith,sullivanbrandon@example.net,Rachaelshire,61
5299,Kristen Barton,bobbylawson@example.com,South Lynn,59
1812,Gary Wilcox,edwardcruz@example.net,West Jonathanville,70
4281,Philip Adams,dawn27@example.org,East Laura,63
1352,Sara Phillips,jesus15@example.org,Moodystad,68
8813,Lori Stewart,davisjeffrey@example.org,Penaburgh,54
9059,Peter Williams,pphillips@example.com,Juliatown,26
1895,Rachel Lowe,joshua63@example.org,South Christina,40
8115,Ricardo Sullivan,william58@example.org,Laurachester,67
566,Brandon Hernandez,duaneyork@example.com,Roweburgh,45
6835,Michelle Robinson,tramos@example.net,South Brettberg,47
5287,Miss Carolyn Hicks,ronnie33@example.org,South Christopherland,46
3674,Stacey Matthews,timothysimpson@example.com,Lake Joefurt,51
4540,Lindsey Randolph,becky37@example.org,East Samuel,49
7847,David Kidd,steven58@example.com,Tylerborough,20
1213,Danny Hernandez,meredithmaynard@example.net,Jacobburgh,65
1190,Mike Jones,leemark@example.com,Michaelfurt,50
5639,Kenneth Martinez,kbeasley@example.com,Mayshaven,70
899,Rebecca Terry,shaungould@example.org,West Danielleborough,65
6665,Daniel Marshall,sandra25@example.com,Kellerborough,40
6984,Johnny Hernandez,wadekim@example.com,Bradymouth,34
5936,Brian Berry,suzanne93@example.org,North Timothyland,36
9076,Gloria Roberts,juliejackson@example.org,Jameshaven,59
3455,Sue Jones,roberto28@example.com,Lake Stevenshire,61
3610,Chris Melendez,elliottscott@example.net,Garretthaven,23
5503,Mark Lee,erussell@example.com,North Christine,48
8941,Katherine Beck,christopherelliott@example.org,Lake Blake,33
9872,Melanie Wolf,william76@example.net,Michellefurt,39
8445,Dean Norris,amyoconnell@example.com,South Karenburgh,40
4623,Joshua Ross,wbarnes@example.net,South Charles,25
9055,Wesley Lynch,larry57@example.org,Stephenstad,45
5810,Rachel Gonzalez,krystalrandolph@example.net,Michaelfort,40
2333,Kyle Johnson,jamesjohnson@example.com,South Taylor,29
5050,Jaime Miles,brian50@example.org,West Kim,26
2263,Jennifer Larsen,changjustin@example.org,West Meredithview,46
8442,Victor Gonzalez,tammyvance@example.net,East Andrealand,59
3992,Justin Davis,walsheric@example.org,East Jasmine,65
6019,Monica Lee,vargasricky@example.org,Gabriellahaven,19
3993,Joseph Thompson,tfowler@example.net,North Alyssa,50
2596,Joseph Rodriguez,martinezjennifer@example.org,South Michellemouth,48
9356,Brian Harris,xwilliams@example.com,Clarkstad,59
3594,Gerald Burgess,dalexander@example.org,North Victor,62
5435,Carl Reyes,rosarioanthony@example.org,Munozmouth,43
1031,Jasmine Chung,marcusholt@example.com,Jessemouth,55
4824,Andrea Lee,xhobbs@example.org,Charlesburgh,67
3146,Oscar Hill,ygilbert@example.com,Joneshaven,62
3775,Kari Alvarado,judith10@example.net,Lake Malikhaven,40
6401,Dana Fields,gonzalezarthur@example.net,South Justin,39
7620,Angela Jones,marshallelizabeth@example.net,East Zacharymouth,38
5969,Mark Harvey,mbuckley@example.net,Savagehaven,36
5604,Anthony Williams,kathy65@example.org,North Michaelview,37
6086,Roy Barker,fernandezchristian@example.org,Rebeccabury,23
1756,Christine Holmes,ijones@example.net,West Vicki,67
7515,Matthew Ramsey,rlara@example.com,Baldwintown,53
7243,Glenda Hayes,jason22@example.net,Lake Michael,69
4322,Melissa Baker,antonioatkinson@example.org,Mendozashire,52
232,Tiffany Cox,cwilliamson@example.net,North Williamside,21
7937,Kevin Cochran,dalerobinson@example.org,Tonytown,48
111,Amanda Cisneros DVM,karenmoore@example.org,Lake Alexton,38
5683,William Kerr,zdiaz@example.net,Lake Nancy,46
9467,Cynthia Johnson,hannah31@example.net,North Sherri,45
8764,Judith Welch,fscott@example.org,Port Brianland,51
2515,Ryan Travis,nancyperez@example.net,Johnathanchester,52
6927,Deborah Howard,ehudson@example.net,Michaelshire,31
5490,Mitchell Jackson,whitepatrick@example.org,Brownhaven,45
8517,Amy Carlson,richard35@example.net,South Kimberly,23
2918,Pedro Davis,juliekelley@example.com,Charlesside,28
4081,Christine Davila,bradyjulie@example.net,Gibbston,25
2993,Susan Cox,gamblematthew@example.com,East Monicaland,69
2318,Lisa Ferguson,igoodman@example.com,North Terriside,51
5372,Ian Hall,pwhite@example.net,East Barry,20
9034,Jeremy Garcia,woodsjustin@example.org,West Anthonyhaven,29
7273,Jerry Garcia,richard60@example.net,Hortonville,21
1516,Robert Randall,cobbjose@example.org,South Denise,37
217,James Castaneda,mckinneysean@example.net,East Annfurt,31
9401,Joseph Mcguire,joann11@example.net,Benjamintown,61
9244,Anna Buckley,vgardner@example.org,Lake Robert,20
8582,Karen Lee,wjohnson@example.net,Jenniferport,64
2264,Noah Scott,james04@example.org,South Katherineborough,63
5550,Christy Peterson,chelseareynolds@example.org,Port Karenton,34
9858,Emma Griffin,rodneythompson@example.org,Katiebury,57
8666,Jessica Johnson,kristikeller@example.org,South Melissa,34
6261,Samantha Moore,rwatkins@example.org,North Zacharyborough,25
894,Brian Murray,lopezlaura@example.com,Karenfurt,36
1491,Whitney Williams,ronnie12@example.net,South Michaelport,23
3004,Laura Miller,adam27@example.org,New Brianside,47
1851,Mr. Robert Carson,stevenwood@example.com,Toddton,56
7600,Miranda Lopez,nancy80@example.org,Ramirezhaven,32
4834,Mr. Anthony Roberson MD,andrewatkinson@example.net,Lozanoside,28
325,Kristen Rodriguez,bvargas@example.net,Leeburgh,23
1216,Steven Figueroa,invalid-email,Kaylamouth,69
2900,Steven Shepherd,rodriguezmartin@example.com,Port Alyssa,47
2934,Michelle Walters,pamela40@example.com,Michaelborough,27
3659,Jeffrey Benitez,tparker@example.com,East Jasonstad,35
7704,Joshua Strong,lopezsheri@example.com,Kristinhaven,50
6946,Kimberly Buck,stephaniepham@example.net,Roberttown,40
6561,Brian Byrd,jasonmahoney@example.net,Michaelchester,32
8759,Heather Newton,kathy60@example.net,East Jonathan,62
6427,Dustin Hicks,broberts@example.net,Royborough,41
9919,Angela King,,North Mirandaton,21
1130,Kristi Hendrix,shane40@example.org,Port Johnfort,29
4982,Susan Valencia,sharon20@example.com,Calvinton,43
2919,John Johnson,alyssaball@example.com,Port Matthewshire,56
3085,Kristin Velasquez,msims@example.net,Port Michaelborough,45
2796,Michelle Nelson,carlosross@example.com,South Amyfort,53
9122,Antonio Sharp,williamsadam@example.com,Ramirezton,54
799,Michael Alexander,charles18@example.org,Paulfort,65
735,Amy Stevens,solomonaaron@example.net,Philiphaven,18
4223,Thomas Cross,ucardenas@example.org,East Courtneyburgh,23
2245,Walter Knight,emily83@example.org,South Benjaminport,52
179,Chelsea Murphy,zmorris@example.org,North Bonnie,70
6072,Lori Grimes,lbaker@example.net,Robertview,53
7290,Brian Hurley,nathanjohnson@example.net,Deannamouth,30
1175,Kathryn Cortez,vestrada@example.org,Scottside,41
8524,Kathryn Webb,charles98@example.com,Andrewsburgh,47
1832,Karen Collins,anitaconner@example.net,Cruzborough,60
8260,Jennifer Ryan,catherine43@example.org,Gibsonton,30
9579,Michael Brown,davidrodriguez@example.org,Danielleland,66
8206,Steven Blankenship,linda55@example.org,East Elizabeth,49
7558,Robert Noble,alexanderandrews@example.net,Schmidtburgh,52
3202,Sheila Deleon,tvalentine@example.org,Aprilborough,57
199,Mark Aguilar,rryan@example.net,South Markbury,59
7446,Frank Shields,michaelgibson@example.com,Claytonview,53
4088,Paul Mitchell,sanchezcynthia@example.org,Tylertown,20
549,Kimberly Owens,ejensen@example.net,East Petertown,37
7189,Joanna Evans,michaelflores@example.net,North Charles,29
4731,James Burke,christinaflores@example.net,Isaacport,60
6085,Chad Martinez,invalid-email,South Angela,47
2533,Miss Marcia Brown,jessicamoses@example.org,South Angela,53
2315,Taylor Gonzalez,johnjackson@example.com,North Erintown,43
8637,Elizabeth Ross,kentjeremy@example.net,Bettyberg,66
67,James Contreras,walkerisabel@example.net,East Allison,39
3261,Heather Daniels,krauseheather@example.com,East Cole,35
2573,Nina Johnson,leeeric@example.net,Marquezview,68
5928,Jennifer Flynn,benjamin27@example.org,Lake Jenniferchester,27
6588,Danielle Johnson,jason35@example.com,Janetfort,70
623,Audrey Powers,lawrencekeller@example.com,North Hannahport,21
1682,David Grimes,wendy00@example.net,Joyberg,29
788,Christina Espinoza,dbaker@example.net,Amyberg,60
3333,Tommy Young,nelsonroy@example.net,Port Adamside,59
5170,Tamara Hunt,kim48@example.net,Brandonshire,70
6190,David Park,fullermarilyn@example.com,New Rebekahshire,34
3281,Marie Keith,juliacampbell@example.com,Wadechester,34
4923,Victor Burgess,omills@example.net,West Shanebury,57
5814,Joshua Meyer,morrisontyrone@example.com,Leonardborough,30
4514,Anita Smith,robertcarrillo@example.org,Marcusside,34
6509,Jacqueline Michael,angelica26@example.org,Catherineville,33
479,David Wiley,williamwilliams@example.com,New Joseph,61
5934,Paul Munoz,jessica57@example.org,Gutierrezburgh,68
2648,Jacob Barton,huertakevin@example.com,Troyberg,19
4375,Alex Gibbs DDS,masondavid@example.net,Shepherdview,60
5338,Michael Curtis,lisa31@example.org,North Jesse,65
1034,Daniel Simpson,zross@example.org,Port Andrew,30
4873,Andrea Johnson,theresa72@example.com,North Jamesborough,51
2599,Kristen Luna,nclark@example.com,East Dianehaven,29
6721,Scott Thompson,qpalmer@example.com,Waltonhaven,35
5816,Richard Crawford,paulethan@example.com,East Kyle,150
5380,Richard Smith,sharon04@example.org,New Nicholasbury,20
345,Jo Bruce,smithrebecca@example.net,Brandonville,41
9079,Michelle Sanford,travis92@example.com,Johnshire,52
1872,Nicholas Serrano,stephaniechung@example.org,North Katie,18
5715,Nathan Martin,yolanda15@example.com,West Melissashire,30
7822,Gary Bowers,ymoore@example.org,Priceland,23
9795,Jacqueline Jones,lee77@example.com,New Richard,35
2889,Elizabeth Yoder,invalid-email,Georgeland,50
221,Kerry Williams,ericbell@example.com,West Dennisside,50
9375,Brooke Harrell,robertbarton@example.com,South Gregory,38
8496,John Perry,pmiranda@example.com,South Seanshire,42
9284,Christopher Garcia,brownashley@example.net,Mariabury,22
4017,Morgan Strickland,ricardosawyer@example.net,Lake Abigailmouth,38
4268,Michael Davis,cmorris@example.com,Williamport,66
9339,Justin Lopez,psmith@example.com,Feliciafort,27
6207,Robert Wallace,whitejason@example.org,East Gregory,33
7316,Javier Allen Jr.,invalid-email,South Ericmouth,66
7234,Christopher Howell,kristieortega@example.org,Curtismouth,57
6720,Jeffery Byrd,jacobmoody@example.org,West Ericmouth,26
4399,Mark Lee,craigbutler@example.net,Lake Victor,37
9278,Susan Mahoney,youngwilliam@example.net,New Jacqueline,55
5091,Chelsea Roberts,krista38@example.net,West Brittanyport,58
2882,Bradley Rodriguez,kparker@example.org,South Brandon,25
1678,Terry Garcia,david82@example.net,Davidfurt,43
8727,Steven Reynolds,donald47@example.org,Port Shannonburgh,59
902,Kathy Erickson,,Port Jose,47
7417,Benjamin Wallace,vlopez@example.net,Millerberg,18
2297,Frederick Hawkins,brianwilliamson@example.com,Gibbsburgh,49
6499,Madison Taylor,mark16@example.com,Karenfurt,22
8579,Brandon Robinson,jamesharmon@example.net,New Valerie,36
297,Kenneth Cooper,kelleraaron@example.net,Johnsonport,61
8954,Matthew Cuevas,epetersen@example.net,Petersonport,46
4154,Alicia Andrews,tnelson@example.org,New William,42
4895,Richard Gibson,kenneth55@example.org,East Charleschester,21
28,Robert James,graysarah@example.org,Ramosview,22
4581,Lindsay Allen,phillip03@example.com,Collintown,61
6957,Katherine Williams,sandyhopkins@example.org,East Carlmouth,41
6916,Katie Rhodes,mikewhite@example.com,East Robert,49
8675,James Jimenez,richard33@example.net,Lake Jesus,40
3249,Ariana Clarke,paul70@example.org,Teresaville,43
7973,Belinda Martin,chenstacy@example.org,New Timothyton,23
2581,Todd Dennis,kevans@example.org,Coleview,46
7314,Ricky Burton,hmartin@example.org,Franceshaven,63
1371,Leah Meyers,jacqueline51@example.org,Lake Priscilla,49
8128,Gene Stevenson,zyoung@example.org,Robertmouth,29
7274,Craig Christian,desireemcdonald@example.com,Albertton,64
8150,Alexandra Myers,quinntracy@example.net,East Henryview,33
4903,Ashley Cummings,mary85@example.com,Lake Jennifertown,61
682,Shelly Wilson,brettphillips@example.com,Levyshire,49
3160,Terry Sandoval,eugene33@example.org,Edwardsstad,68
2988,Mark Brown,eesparza@example.org,North Wendy,41
1883,Eric Payne,kblack@example.org,Ericaberg,66
1941,Rebecca Green,wongtimothy@example.net,Jamesborough,33
3297,Kelly Vargas,nicolebecker@example.net,Lesterborough,22
3535,Scott Russell,moorejuan@example.net,Port Valerie,24
3730,Cheryl Raymond,michaelferguson@example.com,Lopeztown,26
6479,Stacie Adams,barkersteven@example.com,Wattsmouth,22
1182,Daniel Smith,sarah77@example.net,Michaelview,58
1376,Danielle Lee,robinsonrobert@example.com,New Zachary,46
8884,Regina Jones,williamsmatthew@example.org,Roweside,18
5749,Mark Brown,pottertaylor@example.net,Obrienport,41
627,James Frey,dukelindsay@example.net,Anafurt,70
2113,Roger Robinson,pwilson@example.com,Port Margaretmouth,28
6045,Yolanda Pacheco,karenbenton@example.org,New Jennifer,59
4221,Larry Bentley,istevens@example.net,Port Jason,39
7074,Annette Ball,yhenry@example.org,East Kristen,67
6707,Benjamin Powell,shannonortiz@example.net,Campbellberg,27
4181,Thomas Sanchez,raymondibarra@example.org,Crystalchester,55
7268,Peter Norman,skeller@example.com,New Brendafort,34
5504,Cindy Barnes,keithlopez@example.org,Mariomouth,33
1463,Dawn Francis,ginahernandez@example.com,South Natashaberg,42
2888,Daniel Freeman,marksosa@example.net,Davidberg,55
5304,Michael Potter,gwilliamson@example.org,Evanborough,52
685,Dr. Scott Dickerson,sarah62@example.com,Williamston,26
7500,Todd Cole,hoffmankimberly@example.net,Kimberlyshire,26
4748,William Smith,shaneferrell@example.org,North Tammyfort,19
1367,Russell Mayo,vyork@example.org,Copelandhaven,31
3917,Jared Fields,howardjay@example.org,Robinsonfurt,59
2640,Crystal Carroll,crystaljohnson@example.org,North Tyler,40
9651,Kenneth Young,gregoryeric@example.net,Amyton,50
9220,Sydney Rodriguez,emma19@example.net,West James,57
8479,Amber Kelly,elizabeth07@example.org,Jessicaside,26
2301,Ann Edwards,william82@example.org,West Heatherburgh,53
2939,Monica Fleming,holly25@example.net,Jasonbury,42
5925,Karen Todd,amytaylor@example.org,Christophermouth,27
8833,Thomas Campbell,shannon94@example.net,East Vanessa,36
5225,Beth Barry,gcastaneda@example.org,Joshuaview,69
1980,Denise Williams,bradleystevens@example.com,West Coryberg,33
3804,Wendy Dawson,cookkatherine@example.net,Pagebury,21
4707,Teresa Gilbert,tiffany42@example.com,West Amberborough,23
4504,Mark Green,jasonbates@example.net,Harrisfort,33
6299,David Patterson,imonroe@example.com,Castroview,59
9445,Maria Hubbard,gonzalezrobert@example.com,New Rebecca,60
2281,Christopher Cobb,ulewis@example.net,Lake Ashleyland,64
4610,Joseph Sanchez,glenn47@example.com,Munozfurt,51
6228,Michael Clark,chelsea75@example.org,West Tim,36
8459,Antonio Snyder,william57@example.net,Bowmanburgh,28
4131,Eric Sanchez,vorozco@example.net,South Davidmouth,48
6312,Stephanie Santiago,cindycraig@example.org,New Robertberg,67
577,Tyler Miller,fisherelizabeth@example.net,North Justin,45
1785,Trevor Shaw,cassandramorgan@example.com,Maddoxfort,69
3183,Chelsey Soto,gabriel81@example.org,Lake Kimberly,18
495,Amy Thornton,dnichols@example.org,Christianstad,51
7657,Christopher Long,austin65@example.org,Justinmouth,32
2861,Emma Ramirez,nelsonnicholas@example.com,Claudiafort,70
9965,John Johnson,invalid-email,Michaelburgh,18
4042,Paula Stevens,delgadomatthew@example.com,North Carla,27
7468,Benjamin Warner,rothjohn@example.net,Shieldschester,50
2898,Mrs. Lisa Baker,oliverbrandi@example.com,West Angelbury,49
367,Lance Sanchez,alison51@example.net,West Kathrynton,55
850,Colton Jones,bellgina@example.net,Lake Lisamouth,42
9376,Charles Harper,ukaufman@example.com,Dawnborough,26
7414,Dean Serrano,luistaylor@example.org,Watersmouth,28
5574,Diamond Jones,dking@example.net,East Jennifershire,23
4470,Christian Burns,gmckee@example.net,Carlosview,64
2654,Stacy Hutchinson,josephpope@example.com,Bradyshire,38
3504,David Thompson,wardevan@example.net,New Earl,44
1542,Anthony Mclaughlin,richardsonerin@example.com,Steeleville,33
4327,Logan Delgado,michaelmontgomery@example.com,Brownmouth,49
9045,Melanie Burns,mbrooks@example.org,Colehaven,51
323,Mr. Paul Williams,bentleylauren@example.org,North Brandontown,23
2032,Cody Pierce,erin58@example.net,Wellsborough,32
814,Gary Scott,isaiahmiller@example.org,West Charles,55
8250,James Marshall,,Adamside,19
9563,Alexandra Cowan,christinafletcher@example.com,New Juan,33
9382,Sherry Holt,jennifer80@example.net,Brandonside,28
1080,Sarah Haas,swansonbrian@example.org,East Joseph,18
2227,Yvonne Boyle,dsmith@example.net,Jodimouth,69
9321,Mark Henry,sierrareed@example.net,Justinfurt,69
5806,Erin Welch,xwest@example.net,Hallton,47
2706,Yolanda Huff,martinthompson@example.net,Alexanderport,69
9015,Shannon Jensen,robert88@example.net,West Michael,55
4422,Mary Hoover,olsondylan@example.com,Jonesberg,52
1165,Alexis Davis,dickersonsydney@example.com,Stephaniemouth,61
3262,Amanda Flores,nathandillon@example.org,Port Courtney,53
9154,Christine Hancock,cathy65@example.org,New Ryan,34
1451,Monica Chavez,hannamichael@example.net,Roseside,64
4230,Mrs. Michelle Jones,ksmith@example.net,Bennettberg,35
3863,Carol Cox,nmeyers@example.com,East Lauren,39
6356,Stephanie Hanson,,New Amy,36
7162,Sheila Young,susanthompson@example.org,South Thomas,61
7407,Susan Morris,amanda35@example.org,East Nancychester,40
9404,Taylor Morales,joshuaball@example.net,East Meghan,45
8404,Nicole Compton,smithdaniel@example.org,Salasside,18
6475,Connie Newton,cjimenez@example.net,South Mitchellbury,60
6885,Eugene Hernandez,timothyfletcher@example.org,Leemouth,31
4668,Michael Garcia,pattonjesse@example.net,West Lisa,46
4057,Christy Garza,lisa13@example.com,Larryville,47
9704,Shawn Roberson,dustingarcia@example.net,East Travisfort,61
3000,Timothy Fisher,leepatricia@example.net,Aaronland,18
9207,Kevin Huerta,timothy38@example.com,Andrewmouth,41
1232,Lisa Cook,cynthia94@example.org,Ellishaven,36
1515,Amanda Leonard,jessicagarcia@example.org,Turnermouth,31
2314,Brian Combs,jonathan79@example.net,Lake Jasonshire,53
1452,Scott Roberts,,Lake Mary,49
5212,Jennifer Jones,duaneanderson@example.net,Simpsonville,46
5961,Samantha Martinez,sellis@example.org,Marshallview,67
8701,Julia Russo,robertsonelizabeth@example.net,New Patrickville,28
5823,Scott Gonzalez,mwilson@example.com,East William,31
839,Lindsay Brown,thomasmcdonald@example.com,Stephenchester,44
8710,Scott Baxter,jhughes@example.net,Port Aaron,32
4802,Amber Adams,cathy93@example.org,South Ryan,58
6681,Noah Ray,pvillarreal@example.net,East Patrickborough,62
8672,Terri Stewart,alicia53@example.com,Swansonborough,63
3568,Christine Williams,,Port Daniel,39
9452,Charles Rogers MD,robertsjamie@example.net,Port Alexandriaview,67
3088,Darrell Hall,hhumphrey@example.net,North Michaelville,42
8818,Wendy Perez,owenshelby@example.com,Youngside,18
1715,Susan Singh,tara11@example.com,Port Marilynchester,68
4271,Nicholas Bennett,mbrowning@example.net,West Melvinville,59
340,Christina Mckee,pcarr@example.com,Gutierrezview,41
8632,Michelle Shepard,eric76@example.net,Robertsstad,69
6188,Marc Wright,blake77@example.org,East Jennifer,54
6065,Ronald Everett,usimpson@example.net,East Henry,57
9807,Shawn Walls,francisco53@example.org,Andersonview,27
7956,Daniel Pierce,khernandez@example.org,East Tammy,23
589,Tracy Ramirez MD,georgevanessa@example.org,South Mark,59
3366,Michael Hensley,jody88@example.org,Lake Jessica,27
2671,Glen Hall,gregory54@example.org,Matthewmouth,51
3590,Hannah Patton,janice58@example.org,Audreychester,28
35,Patrick Stokes,,Fernandezberg,55
29,Heather Mcguire,tuckercynthia@example.org,Lake Jeffrey,54
7285,David Combs,lawrence52@example.com,Ethanbury,19
4768,Breanna Leach,timothydelgado@example.org,Bennettmouth,58
2171,Susan Brown,laurathomas@example.net,North Ericfurt,0
8800,Joseph Morales,shawadam@example.net,South Sharon,19
4924,Jennifer Herrera,kevingarcia@example.org,East Brandon,45
890,Lisa Briggs,banderson@example.net,North Jennifer,66
6760,Christian Mcdonald,wallacerichard@example.org,West Rachel,59
3323,Jeremy Moreno,kathybennett@example.org,Villaport,26
9584,Linda Wright,figueroagina@example.net,West Jeremy,68
3515,Gregory Long,shannonrichard@example.net,Port Luisside,67
4594,Chelsea Hamilton,tracymurillo@example.org,South Kellyshire,66
8515,Phyllis Ramirez,robertmitchell@example.com,Brownland,36
7259,Andrew Chen,hillalicia@example.com,New Kara,49
3734,David Gonzalez,krice@example.org,Stevenchester,45
9656,Brenda Anderson,myersmiguel@example.org,Mosleyshire,28
7365,Keith Sanchez,bruce20@example.com,Hannahfort,68
1655,Brian Stewart,millerteresa@example.com,Blackfurt,48
5366,Anthony Warren,williamle@example.com,Martinstad,23
5240,Christina Brock,fpreston@example.com,Shorthaven,48
224,Debra Nicholson,htran@example.org,West Deborahville,18
8799,Linda Wright,cheyenne18@example.net,West Samuel,65
4609,Matthew Wallace,vickithomas@example.com,Meadowsfort,61
4240,Joseph Walker,ldavis@example.net,Davisfurt,43
1591,Jason Rose,judithtaylor@example.net,Williamhaven,40
9394,Randy Smith,gmcdowell@example.net,Reedberg,52
3257,Angela Robbins,robertgoodman@example.org,Taylorhaven,68
8892,Monica Lewis,cassandraholmes@example.com,Port Yolanda,57
7252,Rachel Massey,clarksarah@example.net,Sherryport,63
2182,Margaret Singh,pamela96@example.net,Parkerstad,52
9188,Rachael Ellis,leechristopher@example.com,Murphyfort,44
5118,Maxwell Rivera,ruth32@example.net,West Monica,47
7062,Dr. Michael Weeks,meagan53@example.net,West Karenstad,70
4983,Robin Hawkins,kayla44@example.net,Mollyberg,42
1210,Michael Galloway,teresa65@example.com,Ramirezhaven,64
422,Brittney Allen,christopherperez@example.org,East Brittanyport,57
9343,Andrew Richards,griffinstacy@example.net,Caitlinland,25
1707,Johnny Phillips,omiller@example.org,Lawsonchester,43
1159,Rachel Yates,waltonernest@example.com,Cookburgh,30
2307,Jessica Powers,fwatts@example.net,New Kristy,50
274,Kevin Koch,ginajenkins@example.org,East Frank,53
172,Samantha Ward,,West Ginabury,50
3957,Cathy Holt MD,audrey53@example.com,Lake Jasonshire,52
5665,Johnny Reyes,katherine56@example.com,Kevinmouth,41
3189,Todd Phillips,tammyluna@example.com,West Bruceview,44
1726,Barbara Elliott,vrivera@example.com,Port Angela,31
4467,Kiara Thompson MD,anthony94@example.net,Lake Deborahfort,37
7835,Tracy Cole,kirkpamela@example.net,Michaelport,20
1565,Shannon Graham,jonesjose@example.net,Michaelstad,19
1783,Debbie Huff,abigail64@example.org,Leonton,25
844,Amanda Wilcox,bethanyheath@example.org,Johnsonton,58
9533,Janice Williams,kingkelly@example.org,Jamesberg,36
6577,Katherine Anderson,william81@example.net,Richardsonstad,58
905,Eduardo James,andrewdavis@example.net,South Stephanieborough,26
8705,Catherine Jones,adriana18@example.org,Adamchester,50
9865,Matthew Smith,montgomerykaren@example.com,East Kathleentown,35
5465,Rebecca Johnson,mbryant@example.com,Shannonmouth,31
1548,Tracy Park,walkerpaul@example.org,Brendastad,51
2081,Kristopher Wallace,drojas@example.net,Heatherfurt,44
4666,Evan Rogers,yphillips@example.net,South Ronald,26
3986,Katherine Miller,lauren60@example.com,Port Connieton,69
9845,Amber George,susansavage@example.net,Lake Josephville,18
5457,Kaitlyn Patterson,alisonjones@example.org,West Matthew,54
6450,Benjamin Griffith,reyessamantha@example.com,New Erinfurt,54
6838,Shelly Lopez,joseph23@example.com,Clarkshire,33
8370,Darrell Gibbs,keith43@example.net,Johnsonchester,56
3821,Laura Cox,gharris@example.com,Garciaburgh,22
2647,Kimberly Werner,donna02@example.net,Tylerborough,56
6662,Kelly Miller DDS,hhines@example.org,South Tony,28
7449,Sandra Johnson,ohill@example.com,South Robertburgh,25
5314,Carlos Thompson,jason69@example.com,Teresachester,53
6811,Alexa Galvan,ingramjohn@example.com,Guzmanberg,24
9072,Ricardo Lynch,jonesryan@example.net,Lake Kimberlyshire,45
4351,Jessica Phillips,ohoward@example.net,Port Scott,46
6324,Christopher Rodriguez,jerryclarke@example.org,West Steven,22
2156,Ronald Stewart,phardy@example.com,Antoniohaven,70
6985,Kimberly Mathis,kenneth42@example.net,Port Kimberlymouth,53
3716,Sarah Lindsey,jacobstewart@example.com,Toddfort,19
4058,Antonio Atkins,robert23@example.org,Ericmouth,56
9582,Robert Mcclain,robert49@example.com,South Stacystad,69
9950,Jennifer Robinson,kathleen97@example.net,East Stevenville,61
3103,Angela King,theresa88@example.org,Peterburgh,18
559,Diane Henderson,panderson@example.com,Lake Davidmouth,47
4795,Kathryn Griffin,khernandez@example.org,South Steven,38
9678,Douglas Kelly,brianthompson@example.com,Bakermouth,49
1437,Steven Ross PhD,morgan39@example.net,Marioview,42
508,Timothy Campbell,,Rachelfort,64
1870,Erik Proctor,kristin11@example.org,Lake Pamelaport,43
756,Amanda Miller,pperez@example.com,Michaelfort,28
9702,Crystal Wright,fletcherjennifer@example.net,Lake Jennifershire,48
4051,Stefanie Beasley,dean95@example.com,Mcintyreside,61
8382,Derrick Thomas,simsmitchell@example.com,Port Meganshire,22
3837,Todd Hernandez,diana42@example.org,New Jamesmouth,19
4387,Michelle Guerrero,alexislopez@example.net,Jillport,43
2119,David Baker,shannonrobert@example.com,Parkerville,43
6408,Kimberly Friedman,daniel70@example.net,Chungtown,49
7261,Eric Hamilton,jamestaylor@example.com,Johnchester,63
502,Erica Maynard,imcgee@example.com,Gutierrezton,44
6521,Isaac Fletcher,martinmatthew@example.com,Vincentmouth,39
5181,Elizabeth Wu,phillip89@example.com,North Robert,39
1540,Jessica Price,james31@example.net,Anthonyshire,27
6396,Sara Cortez,paulperez@example.org,Jillborough,54
1212,Henry Allen,amandaguzman@example.org,Velasquezview,47
9306,Michael Austin,chenemily@example.com,West Whitney,40
673,David Irwin,greenekeith@example.com,East Thomas,61
3378,Chad Black,smithsara@example.net,Parkbury,46
8960,Andrew Nichols,gilldavid@example.com,Grimestown,48
1465,Lori Page,michael10@example.org,South Christina,24
9105,Mr. Daniel Taylor,david62@example.org,Hessside,60
1193,Matthew Johnson,jacksoncaroline@example.org,East Catherine,24
7266,Kathryn Brown,fhurst@example.net,South Anthonymouth,67
1873,Joshua Powers,corey73@example.org,East Sabrina,21
3591,Karen Bradley,william26@example.net,North Xavier,45
8411,Donald Smith,mary71@example.com,West David,21
506,Erin Boyle,pfreeman@example.net,Lake Crystalside,70
244,Jonathan Martinez,andersonjustin@example.net,West Brendamouth,70
507,Linda Perkins,saramiller@example.org,Lopezside,23
9111,Andrew Franco,emontgomery@example.org,Schwartzside,57
6974,Mark Wright,suarezdavid@example.org,Emmamouth,32
6105,Jessica Fowler,robert29@example.net,New Jennifertown,37
6158,Dana Foster,bryce93@example.org,North Brookechester,25
1774,Barry Johnson,elizabeth79@example.com,Reeveston,51
5894,Kelly Randall,andrew43@example.net,Anthonyberg,64
8091,Patrick Santana Jr.,lawrence08@example.org,Carterburgh,28
8347,Scott Scott,ananguyen@example.org,Michellechester,31
798,Miranda Mercer,scott33@example.com,North Lauren,52
7411,Megan Kelly,dmclaughlin@example.net,Kevinhaven,68
7998,Carl Johnson,nancyestrada@example.org,East Todd,46
2830,Rebecca Wong,christopherdavis@example.com,Devinhaven,30
9507,Kristen Vasquez,greenmckenzie@example.org,Port Paulstad,29
8913,Kelly Todd,kristinalynch@example.org,Robertton,0
313,Lisa Johnson,wendywashington@example.org,Frankstad,61
747,Kathleen Parker,invalid-email,Hallburgh,20
3570,Crystal Strong,emily92@example.net,North Jessicafort,46
791,Troy Sanchez,,Watsonchester,69
2477,Robert Harris,pcochran@example.org,Rodriguezchester,64
9513,Nicole Medina,rhondavelasquez@example.net,Caldwellberg,24
2571,Casey Hamilton,stonemichael@example.net,West Rodney,66
5509,Zachary Jones,angela46@example.net,Mcdonaldstad,30
5696,Kevin Lee,brooksjulian@example.net,New Christinemouth,28
4356,Joseph Mason,landrybrandy@example.net,Emilychester,37
2164,David Williams,jonesmatthew@example.net,Colemanview,42
6848,Diana Alexander,tanyaharmon@example.net,Markville,25
6599,Frederick Hampton,chall@example.com,East Jesse,18
381,Felicia Olson,xgraves@example.com,East Jamesberg,50
107,Sean Edwards,colemanalbert@example.com,Lake Saraview,49
1293,Randy Khan,kennedykevin@example.org,Colinport,57
1913,Leah Clark,adam97@example.com,Reillytown,42
600,Keith Murray,kennethhall@example.com,New Mariaburgh,70
3893,Charles Davis,kashley@example.net,North Jason,56
4142,Kyle Kent,gcarter@example.org,Lake Xavier,53
1653,Joshua Love,harrellcrystal@example.net,North Stephanie,61
8056,Michael Obrien,smithsylvia@example.net,New Jason,70
1894,Dave Stout,manuel82@example.com,South Jessicaland,19
1945,Kevin Thomas,jesse59@example.net,South Garytown,61
3396,Karla Fisher,qrodgers@example.org,Dawsonland,53
5706,Morgan Hughes,martinnicholas@example.com,Lake Jane,28
4363,Joseph Webb,howardann@example.net,South Racheltown,65
9966,Scott Nguyen,jacqueline14@example.org,Leebury,64
376,Jonathan Holden,opatterson@example.com,South Bruce,70
1967,Laura Kent,olsonkatherine@example.net,Jacksonside,36
3958,Keith Roach,angelamorrison@example.com,Dominguezhaven,44
8397,Christina Moore,blevinstony@example.org,Phillipsland,31
4424,Rachel Adams,ericasmith@example.net,Tomview,56
7775,Stephanie Burton,nbutler@example.org,Matthewbury,21
4683,Dwayne Harris,pwilliams@example.com,Kirbyhaven,37
5378,Jennifer Pena,hwilliams@example.org,Dianashire,53
7039,Samuel Davies,rachelwilliams@example.net,Lake Rebeccaside,68
1472,Erika Hall,christinebell@example.com,East Michael,55
3347,Cynthia Chapman,zgutierrez@example.com,Copelandport,25
9200,Peter Jackson Jr.,rogersmichael@example.com,Freemanland,66
2854,Kevin Knight,christopher23@example.org,Campbellstad,29
4507,Brian Gibbs,david17@example.com,Jamesfurt,67
9170,Jessica Alvarez,,Port Ryan,44
9972,Donna Yu,chull@example.org,South Willieberg,28
6727,Bill Johnson,nicole98@example.net,Dawnchester,41
4063,Steven Walker,whiteheadelizabeth@example.net,New Keith,47
9831,Deborah Carpenter,annettejenkins@example.com,New Tamiview,28
4307,Kayla Mann,xbrown@example.com,Chadborough,68
7506,Aaron Guerrero,connie32@example.org,South Nataliemouth,65
7539,Carrie Garcia,lopezzachary@example.net,Myersmouth,51
8431,Steven Townsend,vmontgomery@example.org,Vaughanhaven,68
3991,Mrs. Kelly Phillips,sarahmeyer@example.com,East Michaelshire,60
1050,Michael Burke,halegerald@example.org,South Haroldville,20
6434,Tiffany Knight,johnball@example.org,South Kristina,70
7517,Kelly Harris,ecurtis@example.net,North Michael,28
8179,Harry Hill,steven61@example.org,Williamsbury,28
2036,Jesus Lopez,donnanelson@example.org,West Kristifort,41
4040,Cynthia Stevens,toddmcclain@example.net,South Maryfurt,69
9840,Margaret Turner,cmoore@example.net,New Hannahfurt,36
9542,Isabel Thompson,gonzalestanya@example.com,Johnville,26
1973,Brooke Ward,madison99@example.org,Cunninghamberg,23
5013,Claudia Weiss,mary90@example.com,Hendersonport,47
2100,Meghan Garcia,hillchristopher@example.com,Johnsmouth,43
1500,Robert Thompson,qreeves@example.net,South Kenneth,41
6490,Brandon Berg,xavier92@example.net,Port Tiffany,45
653,Dana Thompson,nicole86@example.net,Herrerafort,23
171,Savannah Waters,samanthawood@example.org,Shannonburgh,67
4086,Devin Carroll,anthonypowell@example.net,Port Wendyton,69
243,John Mata,mccarthycassidy@example.org,New Angelaville,23
5946,Adam Cooley,meghanramirez@example.net,Port Jessica,23
4372,Trevor Jackson,michaelbrown@example.org,Ericbury,36
9777,Nicole Martinez,kingdiana@example.org,Romanfurt,30
2757,Jerry Zamora,invalid-email,Reynoldsbury,50
7164,Anne Alvarez,dianaflores@example.net,East Peter,27
8369,Kevin Sparks,mlucas@example.net,West Paulaborough,47
2077,Ronald Norris,jonesmegan@example.net,Port Theresachester,67
4104,Karen Acosta,rhall@example.com,New Stuartbury,68
9753,Stephanie Johnson,jsolis@example.org,Lauriehaven,31
6518,William Johnston,mckaydale@example.net,Michaeltown,58
5047,Stacy Wright,invalid-email,Brownborough,36
5099,Leslie Brown,qwilliams@example.com,Lucasborough,37
7931,Michael Adams,oramirez@example.org,Perryberg,31
6096,Teresa Evans,singletonmark@example.net,East Bradleyton,150
5010,Douglas Sanders,dawnlee@example.org,Mariafort,21
9561,Kevin Clark,paulamarquez@example.net,South Jessicaside,32
5707,Michael Peterson,pmoon@example.com,New Christinemouth,40
9975,Thomas Miller,garnold@example.org,Charlesside,62
4657,Aaron Hayes,deborahblair@example.org,East Christianfort,64
8490,Emily Rangel,adamlopez@example.net,West Richardton,45
4079,Gary Bryan,ricelisa@example.net,Heatherland,63
641,Christopher Wright,nrhodes@example.org,Cruzbury,47
1271,Carolyn Mccarthy,jamieday@example.org,South Ashleymouth,22
2779,James Hughes,taterhonda@example.net,North Eric,63
1986,Cheryl Lopez,austin31@example.com,North Mindy,19
3862,Leslie Shepard,daniel25@example.org,Henryside,22
3481,Thomas Gutierrez,joshuabauer@example.com,Port Andrew,19
1535,Christine Horton,invalid-email,Lake Zacharyview,46
326,Tanner Conley,bradleymack@example.org,Vincentburgh,51
2339,Joseph Long,wjohnson@example.org,West Robertburgh,30
3981,Jonathan Rodgers,april20@example.org,Summersmouth,22
7321,Gregory Reyes,juliamunoz@example.net,New Mariaport,37
4055,William Santana,nfinley@example.org,West Justin,69
2238,Laura Brown,ohowell@example.com,West Ashleyberg,49
6034,Bradley Collins,rodriguezhannah@example.org,Wendyberg,41
9863,Jamie Short,hjones@example.net,Solomonfort,23
6074,Julie Lang,emilytaylor@example.com,Joymouth,69
865,Nancy Taylor,austinmelton@example.org,Lake Francisco,70
5921,Andrea Johnson,ortiztraci@example.net,West Mary,66
5738,Jennifer Webb,bpollard@example.com,Rubiohaven,27
5419,Susan Kane,invalid-email,Jeffville,41
372,Jennifer Little,crystal04@example.net,Farmerton,66
6559,Lisa Morgan,uhill@example.org,Meganland,26
5782,Kenneth Morris,dhamilton@example.org,West Megan,45
5959,Amber Johnson,nmorrison@example.com,South Erica,24
6877,Debbie Phillips,nancy20@example.com,Finleymouth,59
8363,Mrs. Laura Gomez DVM,linda52@example.org,Yeseniafort,45
9271,Susan Velasquez,cassandraholloway@example.net,Vickiland,54
2365,Amanda Mckinney,jared94@example.com,Port Williamtown,22
3214,Joseph Davis,cassidystein@example.net,Lake Geraldside,50
912,Willie Lowe,valvarado@example.net,Terryborough,31
9230,Casey Miller,whitneypadilla@example.net,Lake Paulside,69
7385,Kurt Macdonald,greenmegan@example.com,Harrisshire,46
6801,Rebekah Ellis,lisa12@example.org,Elizabethfort,23
8598,Ryan Hayden,williamstammy@example.org,East Michael,70
9706,Teresa Valdez,tjohnson@example.net,Jenniferfurt,29
6192,Megan Ryan,allison97@example.net,New Cheryl,38
1424,Miguel Buck,williamspeter@example.net,Lake Kristy,19
4522,Michael Griffith,cmoore@example.com,West Jennifer,26
480,Jennifer Allen,martinezjames@example.net,Paulfurt,32
663,Amy Miller,hbird@example.org,North Pamela,-5
7022,Nicholas Mills,kevin20@example.com,Hensonton,22
9842,Mary Murphy,michelleholder@example.org,East Josephchester,49
8300,Cassandra Thomas,karlabailey@example.org,Erikside,69
2989,Justin Owens,paynetodd@example.net,New Roberttown,42
1120,Susan Watson,msilva@example.org,North Marc,69
2777,Joseph Lozano,currytamara@example.org,South Joseph,23
4536,Kristen Wise,morancrystal@example.org,Michaeltown,51
5786,Earl Kelly,jaclyn59@example.com,Georgeport,68
5211,Christopher Chambers,bpierce@example.org,Alexanderland,26
6921,Tyler Wilson,daniel85@example.com,South Douglasville,55
9566,Christopher Peterson,nicolegrimes@example.com,South Kimberlyhaven,22
4428,Mark Oconnell III,rachaeldavis@example.com,North Nancy,56
8725,Melanie Snyder,andrew47@example.org,Michaelstad,38
3982,Nicholas Reyes,melissabonilla@example.com,Cynthiahaven,70
9772,Bryan Carney,invalid-email,South Daniel,24
2894,Mr. Joseph Crawford,hbruce@example.com,Youngland,56
2670,Anthony Gomez,jennifer85@example.com,Davismouth,36
3978,Raymond Reeves,franklindylan@example.org,Jessicamouth,35
5482,Melinda Berg,xrodriguez@example.net,West Jeffreybury,57
280,Jill Mills,davidsonderek@example.com,North Markberg,27
9783,Alexis Harrell,yguzman@example.org,Robertsshire,42
7641,Judy Day,alexanderthompson@example.net,Suttonmouth,63
7302,Brandi Jennings,burnettanthony@example.com,Thomasland,69
1695,Crystal Hamilton,xjoyce@example.org,Mendezchester,41
9455,Joseph Blanchard,wardmichelle@example.com,Matthewstad,59
3480,Hannah Byrd,martinezrachel@example.com,North Danielville,26
4417,Kenneth Rodriguez,aliciaperkins@example.net,Brandonburgh,31
7912,Brandon Perry,ellen27@example.net,Davidville,61
6459,Cynthia Haney,uhernandez@example.com,Gomezfurt,60
5548,Robert Weaver,williamscory@example.com,Lake Samantha,36
5675,Gina Bailey,johnlester@example.com,Charlestown,38
8095,Stephanie Knight,tonywalker@example.org,Kingmouth,26
4297,Angela Rodriguez,falexander@example.net,Grayfort,65
6015,Daniel Wallace,johnny80@example.com,Hernandezfurt,51
5045,Patricia Watkins,christopherfoster@example.net,New Phillip,34
2210,Crystal Wilkinson,cassie35@example.com,East Samanthaview,51
7933,Mary Hansen,rodgersjennifer@example.org,East Rodneytown,51
5731,Mark Simmons,rodriguezmichael@example.com,East Darren,21
7587,Kayla Gaines,teresa44@example.org,Wendyview,18
185,Jessica Huber,ryan54@example.com,Boltonhaven,49
4996,Andrea Cox,michellemcmahon@example.com,Matthewchester,64
5992,Richard Wood,invalid-email,East Joshua,56
4517,Paul Weaver,hollandalison@example.net,South Kelseystad,34
2351,Sarah Green,jacobskelsey@example.org,Allisonville,32
554,Vanessa Williams,agrant@example.com,Thompsonfurt,23
1398,Stacey Harper,moyermark@example.com,Donnachester,66
1385,Eric Miller,longrussell@example.org,Lake Joelton,47
4935,Andrea Graves,randy22@example.org,Russellville,49
5272,Ethan Coffey,uerickson@example.net,East Pennytown,67
298,Robert Rodriguez,ayalatimothy@example.com,Lake Donnaberg,55
444,Elizabeth Smith,shart@example.org,Greeneview,62
7631,James Smith,rhonda91@example.net,New Jose,47
2078,James Kennedy,tclayton@example.org,West Isaiahland,57
8130,Andrew Bennett,albert65@example.net,New Caseychester,38
2230,Cindy Ramsey,jgibson@example.com,West Stephanieburgh,51
2843,Patrick Sparks,armstrongjason@example.net,New Mark,59
2538,Evelyn Hawkins,jackierogers@example.com,Austinburgh,26
6519,Barry Smith,ostone@example.net,Lake Robertview,25
8470,Alan Henry,cstevenson@example.com,Austinville,45
8538,Michael Hill,hnguyen@example.net,North Jessica,35
3368,Sandra Munoz,melanie55@example.com,Austinstad,57
7536,Rodney Juarez,kleinelizabeth@example.net,Lake Edwin,56
2579,Mark Davis,reyescheryl@example.com,North Debra,55
1132,Heather Wall,samantha28@example.com,Guerrachester,21
5016,Elizabeth Lawson,chadhines@example.org,East Jessicamouth,61
7594,Sarah Hughes,mrodriguez@example.net,Hansenfort,35
321,Mary Crawford,zgrant@example.net,Lake Craig,29
1372,Laura Barrett,,Greenhaven,36
4043,Dr. Christopher Hill,ijuarez@example.com,Robertofort,68
4787,Nathaniel Huerta,josemorton@example.com,Port Heatherside,59
5359,Harold Huber,richardnguyen@example.com,Salinasfort,64
908,Cindy Martinez,bryanjessica@example.net,Williamfort,69
6209,Heather Macdonald,kreed@example.net,Lukeshire,41
3951,Matthew Jones,stonestacey@example.org,South Richardton,33
4904,Tina Diaz,deckerrandy@example.net,North Victor,28
9066,Shane Richardson,leslie80@example.org,Port Robertoville,46
6968,Brandon Burns,cwilliams@example.org,South Jason,59
8129,Emily Rogers,kimberlylove@example.com,Jillbury,32
6996,Angela Smith,kristysmith@example.com,Greenland,67
8573,Yolanda Schwartz,bryantpamela@example.net,South Tonyamouth,28
927,Frank Vargas,paulabrown@example.org,Romeroland,62
7830,David Booth,dawn42@example.com,North Melissaberg,45
16,Erin Brown,qtaylor@example.net,North Amandastad,61
144,Dennis Kelly,garciaheather@example.net,Ballardton,46
2364,Susan Cole,reedbrian@example.org,Barbaraburgh,20
130,Christina Watson,ocharles@example.net,South Loganton,56
1162,Julie Hart PhD,mpayne@example.org,West John,0
6114,Robin Anderson,ramosrobert@example.org,North Dylanmouth,62
6384,Alan Patton,jerome63@example.net,Port Jenniferland,34
4852,John Jimenez,kellerchristopher@example.net,New Annberg,29
8365,Lisa Ryan,,East Michael,62
4937,Kelly Harper,walkervictoria@example.org,West Stacie,32
1877,Peter Peterson,danielalexander@example.org,South Jessicashire,29
2489,Emily Santos,hector20@example.org,Amyside,40
4950,Steven Crawford,ashleysimon@example.org,Lake Kristen,59
7713,Alan Ryan,invalid-email,East Gregoryhaven,51
1183,Laura Myers,jrichard@example.net,Elliottchester,18
6390,Charles Luna,christianmitchell@example.org,New Bryanshire,26
5581,Andrea Golden,webermelinda@example.org,New Roberto,68
1171,Timothy Stevens,oharris@example.org,North Katherineton,46
6424,Travis White,griffinmichael@example.com,West Eric,21
2183,Kim Powers,sharonhanson@example.com,New Joshuastad,22
3372,Gregory Williamson,linda59@example.net,West Josephland,70
8281,Deborah Fernandez,fferguson@example.com,Robinsonside,51
1860,Kyle May,mcguireangelica@example.org,Marieburgh,29
5061,Andrew Rogers,blackalyssa@example.com,Smithfort,28
5023,Robin Espinoza,gclark@example.org,Amandaberg,38
5523,Jonathon Cooper,mariobailey@example.org,Gonzalezside,27
6623,Michael Stokes,garciaashley@example.net,Haynesberg,30
5065,Sandra Mendoza,washingtonkimberly@example.org,Johntown,63
7679,Daniel Morrison,zrobinson@example.com,Eddiestad,25
8241,Lauren Hall,nathanjohns@example.org,West Michael,42
3122,Matthew Rodriguez MD,thorntonmichael@example.org,Fosterhaven,34
388,Chris Gomez,invalid-email,Katherineport,61
8100,Anna Thompson,perezgeoffrey@example.net,Doughertyborough,70
1033,Zachary Morton,bennettrichard@example.net,South Wesleytown,62
8167,Jared Lewis,trobinson@example.org,Thomasberg,59
7554,Christine Jackson,ryan13@example.org,Andreaburgh,67
932,Pamela Rodriguez,gherrera@example.net,Mistyside,27
4020,Vanessa Rodriguez,robert34@example.net,Dianeburgh,35
692,David Kent,wallerkenneth@example.org,Branchstad,22
5522,George Gonzalez,joshua38@example.com,Lake Jenniferfurt,18
6930,Mitchell Owen,braunmelissa@example.com,North Michael,64
830,Ryan Miller,michaellee@example.net,East Frederickhaven,29
3499,Daniel Dean,brian63@example.com,Jilliantown,48
2082,Jeffrey Fields,emily67@example.org,Lake Christopherborough,66
9091,John Berger,daniel45@example.org,Mcdonaldton,45
9632,Denise Underwood,jmoreno@example.com,Port John,21
45,Brian Stone,williamcampbell@example.org,Elliottburgh,47
3940,Emily Campbell,john78@example.com,Port Donald,67
5480,Sean Smith,rose88@example.org,East Franciscochester,18
4783,Autumn Guerrero,qlambert@example.net,Lake Elizabethfurt,28
4320,Julie Lee DVM,uturner@example.net,Grantmouth,32
2966,Lori Garcia,karenchang@example.net,Michaelmouth,40
3970,Jessica Hopkins,imadden@example.com,South Jamesfort,54
1188,Carol Sparks,zachary94@example.com,Valdezmouth,39
285,Cynthia Fowler,austin39@example.com,Shelbymouth,56
9052,Cameron Simpson,brendaholmes@example.com,Shawnport,32
4160,Christopher Walter,bradleymoore@example.com,New Amymouth,48
3093,Veronica Lopez,johnathancarr@example.org,West Amandastad,60
7245,Douglas Benton,evansdavid@example.net,Michaelland,57
4557,Mathew Smith,,New Michaelberg,40
4767,Charles Scott,elizabeth94@example.org,Lawsontown,20
4324,Robert Dickerson,kathleensnyder@example.net,Johnfurt,52
5734,Deborah Kane,mark85@example.com,South Mary,57
5546,Brett Cruz,zacharywright@example.net,Colleenview,60
3365,Elizabeth Barnett,davidatkins@example.org,Sarahberg,24
9469,Andrew Vang,underwooddanielle@example.com,Michellehaven,52
3196,Tyler Berg,rebecca16@example.net,Markbury,30
5350,Amy Glover,deborah78@example.com,Kathrynland,54
970,Ann Smith,tamara98@example.com,Lake Ashley,69
3735,Dave Griffin,fnewman@example.net,Bryantbury,42
926,Haley Lopez,wadejessica@example.com,Jasmineland,22
9689,David Wallace,wattseric@example.org,Lake Helenstad,62
6719,Jeremiah Macias,christopher35@example.org,South Manuelmouth,49
4726,Joy Lamb,lopezdennis@example.com,Jerryview,64
5861,Randall Patterson,rebekah02@example.net,Chadview,22
2852,John Mora,jesse77@example.org,Arthurville,31
5398,Cheryl Smith,oherrera@example.com,Amandashire,52
6394,Kyle Henry,natalie77@example.com,East Timothyfort,33
9044,Michael Mercado,colonchristina@example.net,New Wanda,55
8125,Paula Johnston,shane35@example.org,East Tamichester,18
4472,James Doyle,vbryant@example.org,Justinview,31
5362,Timothy Castillo,colleen68@example.org,South Barbarafurt,18
4349,Joseph Davis,xparker@example.org,West James,27
8210,Kathryn Alvarado,lisacontreras@example.com,Lake Angela,54
3627,Samantha Hall,aaguilar@example.net,North Anna,41
1790,Pamela Velasquez,bartonsteven@example.org,Williamsberg,59
8457,Joseph Sullivan,ssims@example.org,Hursthaven,57
2060,Andrea Gilbert,srobinson@example.org,Lake Gregorytown,31
7298,David Gray,novakdavid@example.net,Whiteton,38
4014,Christina Levy,nwilliams@example.net,Jenkinston,38
1903,Christopher Malone,stuartandre@example.net,South Calebmouth,51
4687,Elizabeth Reed,amber72@example.net,South Jonathan,62
5805,Joshua Mercer,davidbuchanan@example.org,Lake Michaelton,39
7203,Walter Rowland,pittmanderrick@example.org,Port Steven,29
76,Amanda Davis,jenningssharon@example.org,Port Michaelton,37
2346,Rita Nguyen,bperez@example.net,South Troyton,55
5712,Reginald Ruiz,ivan61@example.net,Daymouth,42
431,Brandon Gutierrez,mariabarnes@example.net,Port Franciscofurt,25
4587,Cassandra Alexander,john92@example.com,Wardmouth,51
7941,Melissa Patterson,lestertanner@example.net,South Angela,29
8264,Dawn Wu,karenhuynh@example.org,Andersonhaven,47
9682,Patrick Evans,jennifer94@example.org,South Marissaside,69
7467,Nathan Ortega DDS,ntaylor@example.org,Port Adammouth,20
1554,Dana Lewis,fthomas@example.net,West Michaelamouth,55
241,William Patrick,beverly12@example.org,Jonesview,22
784,Michael Lindsey,ballkeith@example.net,Patrickbury,44
3067,Calvin Thomas,jonesmaria@example.net,West Patricia,48
978,Patricia Young,pennysmith@example.com,Lake Brad,61
2942,Tom Young,greenphilip@example.com,North Edgar,29
6089,William Sellers,elizabethvance@example.com,Port Ericaville,33
4920,Molly Wright,loridavidson@example.org,Collinsview,38
5640,Stephanie Davis,canderson@example.com,Belindafort,58
1621,James Johnson DDS,stevenallen@example.org,New Sarah,33
2147,Benjamin Rhodes,jmills@example.net,Castroland,64
1802,Theresa Adams,oliverabigail@example.net,Gardnerfort,43
2096,Ernest Donovan,peterfoley@example.com,East Ericland,52
6327,Stephen Jackson,phillipgraves@example.org,Kimberlyshire,25
5467,Bobby Griffith,,Lake Jenniferland,62
1358,Caitlin Coleman,robert72@example.org,Burgessville,37
8293,Jeffrey Walker,nmcclain@example.org,Fostermouth,49
7898,Ryan Levine,robertomack@example.net,North Alexander,29
8532,Jacob Rose,kenneth55@example.org,Scottport,30
5035,Anthony Miller,bdaniel@example.com,South Jacobfurt,25
8877,Donna Frey,william01@example.com,New Jameshaven,48
6293,Nicholas Moore,austinpadilla@example.net,North Cindy,63
8945,Ruth Nelson,jeremygonzalez@example.com,Collinside,43
5842,Danielle Hall,jessicayoung@example.net,Farleyfurt,37
1610,Madison Newman,kathrynroberts@example.org,New David,34
3097,Stephanie Terry,kellerkimberly@example.com,South Cindy,30
5765,Robert Carey,melaniehamilton@example.com,Schultztown,43
2416,Adam Parker,hunter45@example.net,Kellyview,59
2018,Bruce Reynolds,katelyn23@example.org,West Lisa,56
9466,Ashley Owens,lisa86@example.net,Stevensfort,67
4126,Barry Becker,jwallace@example.com,New Brendafort,28
10000,Anna Martinez,sara35@example.com,West Thomas,27
3247,Ashlee Moore DDS,gilmoremark@example.net,Fullerview,64
125,Kevin Taylor,keithaguilar@example.com,Jacquelineburgh,29
6692,James Sanchez,clewis@example.net,Brianstad,36
9525,Theresa Carter,michelle30@example.org,New Joshuaburgh,23
6262,Robert Proctor,brandon59@example.net,East Jacobland,18
7760,Stephanie Wise,christineedwards@example.org,South Zacharymouth,51
9342,Carolyn Hale,shawna13@example.net,South Brian,39
3342,Benjamin Mercado,ovasquez@example.org,South Alejandraport,28
599,Anthony Nash,preyes@example.com,Monicaton,20
2124,Daniel Aguilar,zgreen@example.org,South Jacobfort,22
7382,Sarah Meyer,christie96@example.org,Port Kathyberg,70
6534,Micheal Griffin,sherribowman@example.com,Maysmouth,47
7332,Alexis Wolfe,ramirezcraig@example.org,Kaylaview,45
9856,Rebecca Lewis,schultzangela@example.net,Amandaburgh,59
2198,Catherine Logan,matthewchang@example.net,Alishamouth,69
4052,Rebecca Wood,munozamanda@example.org,West Brittany,44
6307,Sabrina Cook,michael31@example.net,Barnesmouth,26
3363,Mrs. Leah Mills,andreacastro@example.net,Garrettstad,68
7130,Paula Fischer,framirez@example.com,Sarahville,64
726,Tamara Gregory,jrichardson@example.org,Port Evanview,56
6910,Danielle Adams,lkemp@example.com,Markshire,45
979,Ian Fletcher,johnsonjason@example.com,Johnberg,45
809,Brandon Larson,derekvasquez@example.org,South Robertshire,24
5278,Travis Bowman,jasminewilliams@example.net,Amberborough,18
1476,Taylor Nguyen,kimberlymclean@example.net,Thomasstad,47
6180,Robert Barnes,victoriasanchez@example.net,South Anthonyburgh,44
9219,Charles Rose,kortega@example.org,Peterport,45
7628,Robert Lewis,jasonpotter@example.com,West Monica,64
3963,Erik Boyle,deborahgomez@example.com,New Teresa,39
6689,Bridget Smith,qleach@example.com,Brendaborough,70
9852,Corey Obrien,heather88@example.com,Hernandezhaven,61
1236,Ricardo Wilson,ojimenez@example.net,North Evelynbury,20
1226,Laura Bond,goodmandanielle@example.com,East Jacobfurt,67
1765,Mrs. Melissa Pearson MD,vanessavasquez@example.org,Port Crystal,34
7581,Nancy Rowe,nancyfoster@example.net,New Faith,61
5519,Terry Kidd,kaylajackson@example.net,Fletchermouth,67
5425,Carlos Johnson,kristathomas@example.net,Douglashaven,57
4884,Kelly Williams,claudia95@example.org,South Amanda,31
3218,Christian Christensen,wesley54@example.com,Lawrencemouth,52
288,Lisa Blair,muellerkathryn@example.com,South Edward,25
8932,Ian Chen,lisashaffer@example.org,Kellerberg,24
2967,Matthew Spencer,invalid-email,Charleston,57
3165,Amy White,vmiller@example.net,Lisaview,40
8006,Donald Thompson,stevenavarro@example.org,South Michele,30
9067,Colleen Carroll,randymccormick@example.net,North Heather,62
1658,Benjamin Parker,baileyallison@example.net,Shahtown,46
1976,Faith Flores,jgonzalez@example.net,South Susan,52
2398,Mindy Ware,canderson@example.com,Robinsonshire,69
453,Eric Silva,collinslatoya@example.net,Kimside,20
2711,Benjamin Davidson,icabrera@example.com,Williston,0
7377,Brandon Conway,opreston@example.org,Port Tiffany,46
3682,Shelby Perry,martinanthony@example.org,Port Kevinberg,36
423,Sarah Schneider,csullivan@example.org,East Michael,50
6302,Tammy Collins,tmontgomery@example.net,Moorehaven,63
658,David Miller,jwright@example.org,Cooperfort,25
3302,Michelle Mcbride,lopezbobby@example.net,Stevenville,30
6084,Kelly Nguyen,karenhernandez@example.org,Burnsfurt,32
2846,Monica Williams,christopher76@example.com,Kyleland,36
6264,Margaret Leonard,lori22@example.org,Rubiochester,53
7797,Aaron Russell,rebecca16@example.org,South Seth,25
1002,Danny Anderson,rodneygalvan@example.com,East Aaronfurt,60
4199,Lawrence Hernandez,vmaynard@example.net,Millerhaven,33
2419,Cody Bowman,bstevens@example.com,Garciabury,55
7779,Christopher Montes,matthew87@example.org,New Nathanborough,59
5508,Ronald Collins,karenmitchell@example.com,East Anthonybury,35
3848,Evan Quinn,timothy89@example.org,Stephenmouth,28
962,Miranda Lucas,joseph85@example.net,Jeanland,58
1581,Dustin Miller,gabrielle86@example.com,Lake Jenniferville,48
5215,Kimberly Jones,davidmathis@example.net,Lake Coreystad,35
2207,Linda Durham,jonathan04@example.net,Castrobury,49
6576,Jeffrey Blanchard,lucasthompson@example.org,Lake Nicholasburgh,23
6122,Michael Smith,brianpeterson@example.com,Davidshire,41
4232,Michael Johnson,charlesdeborah@example.com,West Connietown,53
758,Daniel Fox,michael26@example.net,Jodibury,33
4867,Mario Allen,ribarra@example.org,Ariasbury,44
2285,Dawn Williams,xpierce@example.net,North Thomasstad,22
6935,Edward Castillo,amberharrell@example.com,Justinmouth,48
7437,Kevin Strong,martinezjames@example.org,South Sophiamouth,42
4828,Angela Blake,fthomas@example.net,East Joseside,60
5262,Caitlyn Berry,yfisher@example.com,Bellburgh,32
808,Jordan Montes,derrick44@example.net,Burgessstad,58
6174,Tim Scott,ginasandoval@example.net,Douglastown,44
8031,Carlos Cruz,bethany50@example.org,Lake Joshuaport,34
1957,Mr. Brian Evans,gilmorelisa@example.org,Brownshire,38
2446,Stephen Ellis,samantha31@example.net,East Troyfort,64
6119,Benjamin Kline,michaelsantos@example.com,Lake Kennethbury,30
9032,Jordan Thompson,baileyscott@example.org,Nicoletown,69
6393,Matthew Nguyen,jennifer19@example.com,North Mary,23
8338,Jason Lang,lmiller@example.org,New Christina,39
2403,Meghan Mcknight,ehill@example.com,South Elizabethshire,54
1074,Erin Oneill,williamsonrobert@example.net,South Rick,46
6828,Nicole Bright,invalid-email,Lake Tyroneberg,25
4241,Patrick Vasquez,robert12@example.com,Montgomeryfort,38
8678,Scott Smith,erodriguez@example.net,Matthewside,60
2092,John Lewis,lgray@example.net,South Thomas,49
4528,Zachary Wagner,invalid-email,Johnport,19
8791,Nicole Martin,brandon30@example.com,Lake Leahstad,69
7071,Grant Shepherd,invalid-email,Benjaminfurt,43
36,Jessica Turner,valeriemcdaniel@example.com,Wilsonstad,33
7717,Kevin Acosta,tracydickerson@example.net,Kristyfort,55
4914,Christina Finley,john35@example.com,Danielview,42
8500,Christopher Marshall,kristin82@example.com,Scottchester,69
1004,Chad Powell,larryjenkins@example.org,Lake Alanmouth,45
9283,Kayla King,hamptonrachel@example.net,Tristantown,53
6833,Glenn Smith,stephanieherrera@example.org,West Robertview,68
6204,Angela Maldonado,pwalters@example.org,Patriciaborough,39
4652,Amy Mccarthy,mooredavid@example.com,North Brittanyshire,40
7494,Timothy Nixon,santosjamie@example.net,New Billstad,70
1486,Nancy Schmidt,brianwright@example.org,Brittneyburgh,66
7914,Kim Hickman,sjenkins@example.com,Port Rebeccaberg,31
1412,Jason Nguyen,harrisrichard@example.com,South Michael,67
9623,Tracey Smith,baldwinzachary@example.org,Port Kristina,20
5598,Eric Simmons,mark44@example.org,Brandimouth,54
710,Jennifer Smith,vcamacho@example.net,Port Paulhaven,69
6061,Michael Cobb,jamie28@example.com,South Tracey,49
3604,Michael Rollins,hendersonmichael@example.net,Murphymouth,54
7501,Dana Sandoval,marc35@example.org,Lake Kimberly,25
3077,Sabrina Lopez,xdunn@example.com,Grantfort,47
8819,Lindsay Adams,amberknight@example.org,West Jon,21
4102,Margaret Irwin,alicia36@example.com,East Scott,37
5327,Nicholas Terrell,davidpatrick@example.org,Lake Johnfort,61
2723,Gerald Graham,brentevans@example.net,Erikfort,61
9547,Christopher Stevens,,New Christinafort,57
1269,Jesus Moss,davisholly@example.org,Baileyberg,24
2463,Michelle Hooper,uhowell@example.com,North Victoria,35
8148,Michelle Williams,stricklanddavid@example.org,East Brent,28
269,Lauren Luna,christinamendoza@example.net,West Russell,24
3581,Samuel Wong,middletonstephen@example.org,Carrieville,70
4751,Patricia Fernandez,cgraham@example.com,Moranmouth,67
8931,Donald Payne,phillipsrobert@example.net,Lake Kyleburgh,52
5385,Jenna Harper,patelkimberly@example.net,Jacksonburgh,41
5373,Timothy Barry,martinmelinda@example.net,West Sarahhaven,46
6872,David Bird,beverlysosa@example.com,South Benjaminport,67
2822,Mr. Rodney Hernandez,qwong@example.net,New James,56
5663,Michele Bailey,bakerjohn@example.org,Nicholasberg,40
590,Jenna Johnson,matthew91@example.org,Brandonmouth,26
6202,Robert Fernandez,cooperstephanie@example.net,East Edward,20
9167,Nicholas Lopez,monteseric@example.com,Shaunville,23
9060,Megan Smith,theresafitzgerald@example.org,Cooperland,56
6933,Mary Jones,fblack@example.net,Ginaton,21
7966,Tyrone Hull,tunderwood@example.com,Port Shannonborough,22
8147,Rodney Dawson,abaker@example.com,East Lori,45
5689,Mark Thompson,thompsonjesus@example.org,Tuckerstad,34
7812,Andrea Bryant,harrissherry@example.org,Markbury,58
2029,Jill Nguyen,ojones@example.net,Thorntonburgh,54
7096,Mr. Matthew Villarreal MD,steven22@example.org,Cantrellbury,27
678,Teresa Lee,mbrooks@example.org,Wilsonville,27
5999,David Foley,dianematthews@example.org,Lake Matthewport,51
1233,April Reid,terrystephen@example.net,Garciatown,36
5520,Logan Gutierrez,andrea86@example.com,Paulland,23
7390,Megan Oconnor,natasha30@example.com,East Vincentland,20
6455,Mrs. Pamela Brewer,umunoz@example.org,Bryantshire,53
4857,Louis Bolton,sarabeck@example.net,New George,34
6271,Paige Anderson,sullivanjoel@example.org,Donovanbury,40
2433,Steven Keller,myerspatricia@example.net,Nelsonmouth,30
6583,William Baker,yavila@example.org,Greenetown,20
9249,Debra Ramirez,wilsonthomas@example.com,Samanthaburgh,38
7445,Sonya Williamson,preynolds@example.net,Michaelshire,19
6497,Colton Harris,ireyes@example.com,Jessicaland,24
897,Ana Higgins,jacob27@example.net,East Zacharymouth,58
1612,James Herrera Jr.,sullivanwillie@example.net,West Dylan,57
6744,Jessica Mahoney,jessicareed@example.com,Lake Cherylshire,25
5742,Timothy Keller,barnettjim@example.net,Palmerfurt,57
7757,Leslie Turner,brittanyhutchinson@example.org,Kristinville,53
3807,Leah Rodriguez,urobinson@example.org,Breannahaven,63
6272,Wanda Ross,william29@example.org,Troyview,27
9544,Justin Jimenez MD,smithrebecca@example.com,South Brian,53
4702,Bobby Martinez,monica02@example.net,Lake Johnfurt,36
3962,Amy Schmidt,frankbridges@example.net,West William,32
5643,Juan Humphrey,brownruben@example.com,New Heidibury,49
891,Jeffrey Robinson,lwyatt@example.net,New Heather,67
5207,Mark Atkinson,smithkathryn@example.net,East Sergioborough,70
9590,Bruce Nelson,jhernandez@example.com,Lake Robert,23
7149,Nathan Esparza,,West Shaneport,58
9486,Wayne Murphy,rodgerskyle@example.org,Lake Matthewfurt,53
5849,Kenneth Love,ismith@example.org,Port Kevin,32
7213,Susan Campbell,christopher20@example.org,Annaport,41
7076,Gregory Jennings,darlene95@example.net,Rosemouth,53
2800,Joshua Parker,qjohnson@example.org,Harrisland,31
585,Joseph Martinez,april19@example.net,New Brittany,63
3269,Veronica Carlson,pamelaharrington@example.net,Port Michaelville,51
3933,Carl Kim,andreaknox@example.org,Stephenstad,28
4966,Michael Allen,katherine51@example.org,East Nathan,67
1261,Stacey Scott,,Fisherport,29
8835,Duane Long,ndecker@example.net,New Bridgetmouth,33
311,Alexander Jones,ycopeland@example.net,Hancockhaven,69
8104,James Lee,michael32@example.net,West Josephville,22
5153,Diana Young,dodsondevin@example.org,North Lisaville,29
6467,Wendy Kelley,brucearmstrong@example.org,New Ashley,56
6126,Ann Russell,perezjohn@example.net,Kimberlyborough,28
4669,Eric Cowan,emilyscott@example.net,East Michaelfort,63
4299,Mrs. Ashley Lopez DDS,rickyperez@example.net,Riveraton,32
3784,Dana Yang,patricia90@example.com,Campbellchester,28
1009,Joseph Patterson,tonilamb@example.com,East Shane,37
8518,Allen Gonzalez,christinaallen@example.com,Lake Spencerland,56
2186,Shannon Johnson,josephgarcia@example.com,West Brittanyland,51
3624,Cynthia Rice,yangshelby@example.org,Watkinsstad,59
7935,Stephanie Mckee,lutzterri@example.org,Lake Barbarafort,46
5697,Colin Price,cameronbrianna@example.org,Rachelview,35
9868,Corey Martin,cindylewis@example.org,Lake Nathan,58
6364,Ellen Giles,susanmoore@example.com,Port Jenna,30
8292,James James,michaelrichards@example.net,South Diana,54
4835,Brandi Lee,mcbridecory@example.org,Hollandport,41
6221,Kimberly Miller,gina48@example.com,East Todd,55
4757,Stephanie Rogers,qhernandez@example.org,Matthewview,0
6030,Bryan Williams,sallen@example.org,Youngport,30
91,Lauren Mason,daniel18@example.net,Caroltown,49
6222,Melissa Aguilar,jeffrey18@example.net,Wrightburgh,42
9641,Troy Martinez,sbrown@example.net,West Tiffany,69
7863,Diane Moreno,,Matthewland,47
5832,Douglas Davis,bbarr@example.org,Morrischester,30
8212,Hannah Chapman,glenndavid@example.net,Kylefort,67
2118,Sarah Hunter,gcummings@example.net,Christopherstad,51
2938,Patricia Charles,tina42@example.com,Michaelmouth,48
6706,Mrs. Diane Miller MD,smithnatalie@example.com,East David,58
984,Tammy Potter,vflynn@example.com,South Jenniferfort,56
7239,Jason Perkins,dcardenas@example.com,West Cynthia,39
9968,Christopher Young,qortiz@example.org,Michelleberg,49
2926,Scott Richard,gregory87@example.org,Gonzalezview,27
5611,Michael Wright,bzhang@example.org,New Triciaton,67
3215,David Palmer,tabitha95@example.org,Hickston,36
6715,Kevin Rose,jason05@example.net,Rodriguezview,34
6578,Andrea Parsons,mccoyamanda@example.net,East Jeremyfort,25
5754,Nancy Carlson,petersolis@example.net,Danashire,41
7320,Caroline Keith,hhaas@example.com,Lake Jennifer,47
8385,Justin Ramsey,thomaschristine@example.org,Amandaview,20
628,Peter Andrade,barkerjuan@example.org,West Rebeccaborough,32
4948,Michael Rogers,johnsonthomas@example.com,Port Teresa,22
4245,Beverly Richards,moorekathryn@example.com,South Crystalland,51
5339,Lisa Nelson,,Martinbury,27
4766,Caitlyn Morgan,ewest@example.org,Amberland,39
1602,Mrs. Tracy Gilbert,shawnsimmons@example.com,Vasquezside,70
9789,Paige Powell,chadsuarez@example.org,Kimberlyborough,70
1270,Patrick Ellis,karen63@example.org,Haroldberg,62
129,Jason Roman,patriciarodriguez@example.com,Stevenfort,31
6127,Ronald Sanchez,xpham@example.net,Lake Stephanie,53
1712,Jill Rodriguez,patrick29@example.org,Kathrynshire,44
8177,Robert Mathews,jasonclark@example.com,Lake Jennifer,33
4236,Joanna Villanueva,ian20@example.net,North Lisa,58
6772,Patrick Cruz,rachel49@example.com,Justinbury,60
2399,Christina Small,victoriaolsen@example.org,East Carol,55
7133,William Gutierrez,cynthia81@example.com,North Elizabeth,29
6310,Daniel Gonzales,robert22@example.net,Rachaelbury,30
8592,Abigail Luna,nbaker@example.net,West Karenburgh,50
1187,Brett Hopkins,pfisher@example.com,Jacksonstad,56
6265,Linda Smith,scottbowers@example.net,Pamelaview,45
9991,Thomas Montgomery,ismith@example.com,Daniellefort,49
6260,Alexander Martinez,mendezrhonda@example.net,Port Jeffrey,32
1978,Julie Ramsey,grayvanessa@example.org,South Shanestad,23
3306,Andrew Wagner,galvanpaula@example.net,Aliciaview,66
4248,Joseph Sosa,herrerajeffrey@example.net,Lake Chelseastad,26
7982,Alexis Stewart,jeremymoore@example.net,Nelsonshire,65
916,Beth Kerr,jmorrow@example.com,Jasonview,64
1306,Jennifer Christian,monica43@example.org,Wyattville,27
5681,Kelly Newton MD,john52@example.org,New Marilyn,59
3050,James Hampton,mserrano@example.com,Glasstown,58
9714,Emily Simpson,lsalazar@example.com,East Shelley,66
1274,Dawn Vaughn,carmenmay@example.com,West Christopher,31
8299,Stacy Butler,ruizerik@example.org,Shellymouth,19
2797,Charles Case,greenmichelle@example.org,Paulaberg,33
1399,Antonio White,carlclark@example.net,North Jimmy,30
3359,Allison Ramirez,jonathan11@example.net,Aguirremouth,34
184,Scott Nguyen,burnettchristine@example.net,Kevinton,64
5265,Taylor Ramirez,pittmankeith@example.com,Jenniferville,60
6399,Mark Ortiz,aliciahanson@example.org,Lisaport,37
8656,Robert Weaver,reedluis@example.com,Lake Erin,45
5539,Rachel Lindsey,elizabeth52@example.com,South Dannyland,40
6428,Alicia Fisher,michaelarmstrong@example.org,South Davidhaven,64
7269,Carlos Hurley,aharvey@example.org,Duranport,63
4568,Gary Tanner DVM,invalid-email,Jasonborough,19
9870,Kathryn Holden,emilyscott@example.com,Davisport,37
8279,Ashley Johnson,donald17@example.net,Danielmouth,35
2657,Tiffany Crawford,cheryl83@example.org,Lake Sarahview,58
9454,Herbert Frost,tara12@example.org,Englishtown,51
7137,Andrew Bowers,amartinez@example.org,Lake Johnton,55
1962,Steven King,marcia28@example.com,Nicholastown,70
4993,Paul Mcpherson,alexandrawatson@example.org,New Johnhaven,19
4892,Christopher James,william67@example.com,Kaylaton,25
6650,Holly Garcia,wallaceamanda@example.net,Traceyland,62
7205,Jeffrey Shaw,pateljonathan@example.net,West Madison,60
6790,Laurie Peterson,fletcherlisa@example.net,Yatesburgh,62
1252,Lori Mooney,evansallison@example.net,East Pamela,62
3177,Linda Thornton,matthew90@example.org,Delacruzside,39
5073,James Green,jesse10@example.net,Lake Joshua,26
8075,Michelle Johnston,evansalex@example.net,Mcintyremouth,58
6672,Hannah Anderson,brewerrichard@example.com,Martinezborough,24
7632,Jill Clark,keithfields@example.com,East Adamshire,28
9300,Deanna Hines,markboone@example.org,Brownberg,63
3290,Andrew Olson,anna02@example.com,West Beth,46
6716,Cameron Aguilar,pereznicholas@example.net,Port Keith,38
8974,Jaime Bowers,jon55@example.net,West Patrickhaven,34
7918,Courtney Smith,alicia92@example.org,Brandonton,30
9767,Jasmine Johnson,david77@example.net,Sabrinaport,50
7167,Jason Hall,annamartin@example.com,Lake Christopherhaven,21
1052,Beverly Stanley,gsosa@example.org,West Wayne,38
4070,Clayton Underwood,llopez@example.com,Hardingland,42
6274,Linda Espinoza,wjenkins@example.org,Dominicbury,21
8332,Michael Vaughn,grantlauren@example.net,Virginiaport,39
273,Chase Gilbert,brittneygrant@example.net,Gonzalezborough,22
2043,Richard Jenkins,,East Steven,45
4764,Christy Cohen,jbell@example.org,Mosesbury,36
9127,Ashley Singh,kirkbailey@example.org,Leechester,47
5422,Kristin Rodriguez,michaelrice@example.com,Jamesfurt,44
5506,Sarah Carter,kylieschultz@example.net,North Thomas,53
1087,Michelle Levy,terrybeth@example.net,Freemanport,62
6042,Amy Ferguson,michael06@example.org,New Andrewshire,21
8188,Vanessa Adams,johnsmith@example.net,Bobbybury,30
5904,Michelle French,yconley@example.org,North Robintown,30
6951,Keith Harris,robertmontgomery@example.com,East Danielstad,42
4323,Patrick Huynh,ashlee28@example.net,West Jonathanton,21
7227,Christopher Fisher,ladams@example.org,Lake Thomashaven,61
8061,Logan Hunt,charlesfields@example.net,Port Brittanyview,56
5831,Brian Weber,andrew22@example.net,Davisland,29
5748,Brianna Townsend,wilsonmariah@example.com,Bensonville,39
9907,Kimberly Davis,ishields@example.net,Amandafurt,26
6438,Jacqueline Hanson,gibsonbrandon@example.com,Elizabethtown,49
4710,Julia Gibson,brianacolon@example.com,New Elizabethmouth,26
5895,Jennifer Mills,robertserin@example.org,Joannamouth,49
8319,Courtney Barrett,robinsoneric@example.net,Johnborough,33
1514,Matthew Cruz,robertsteele@example.com,Port Melinda,61
8794,Alexa Delacruz,michael25@example.com,North Shannon,23
3479,Joanne Durham,michaelgreen@example.org,West Michael,63
7402,Derek Hall,meyerkirk@example.com,Ashleyville,23
3925,Carl Rivera,gentrychristopher@example.com,Jonestown,18
1749,Allen Fisher,hollywilson@example.com,Victorville,65
733,Todd Rodriguez,melanie00@example.org,West Eric,18
2554,Kevin Reyes,keithreynolds@example.net,Cherylhaven,44
5685,April Montgomery,matthew42@example.org,Wernerborough,63
5154,Dorothy Hall,markreeves@example.com,New Christina,22
2663,Richard Hernandez PhD,tanyacox@example.net,North Alexanderburgh,25
5661,Devon Briggs,,East Maureen,65
6077,Miss Annette Marshall,nolanscott@example.net,North Kenneth,62
3114,Erin Sanchez,jtownsend@example.net,Lake Kaylachester,25
3304,Thomas Wilson,alee@example.net,Schmidtside,63
1345,Tina Flores,donaldevans@example.net,West Traci,44
1691,Mary Smith,cgreen@example.net,West Destinyland,24
5232,Andrea Mathis,kelly85@example.org,East Amanda,59
6770,Gerald Mcguire,tristan45@example.net,East Christopher,64
5049,Stacy King,rosecharles@example.org,New Laurafurt,40
8469,Sharon Bray,joseph57@example.org,Adamsfurt,51
3309,Bruce Griffin,fdickerson@example.org,Richardsborough,59
1505,Michael Jones,kimberlyhunter@example.com,Lake Andrewborough,39
1807,Stephanie Watts,donovanlinda@example.net,Stevenburgh,46
6498,Morgan Woodard,jamestaylor@example.net,Burnston,39
5595,Anna Barrett,alyssasanchez@example.org,Turnerton,43
3792,Jennifer Jackson,rodgerskenneth@example.com,South Cheryl,70
9713,Timothy Atkinson,smithmaxwell@example.org,Samanthaberg,22
7622,Daniel Hill,urichardson@example.com,West Carlos,53
6153,Heather Patel,ptaylor@example.com,North Michael,47
5859,Kimberly Adams,ijohnson@example.org,Mccormickmouth,37
4948,Michael Rogers,johnsonthomas@example.com,Port Teresa,22
1849,Rebecca Norris,michael08@example.net,Port Heatherfort,32
4513,Tara Howe,heidi65@example.com,Davidmouth,66
2432,Tracy Orr,bestthomas@example.net,Palmerville,32
4661,Abigail Parker,ecole@example.net,East Heather,32
7087,Alexandria Lee,wilsondavid@example.net,Belindahaven,58
5817,Carolyn Mosley,jillian64@example.net,Lake Richardfort,21
143,Gregory Harvey,candice60@example.net,Alexandraland,69
8936,Pamela Kirby,hayley23@example.net,North Suzanne,47
5764,Jonathon Jones,jennifer49@example.com,North Laurie,42
9683,Miss Gloria Bennett,kcooper@example.org,Youngland,38
3410,Amy Brown,rayalexander@example.org,Wardview,41
1118,Justin Gordon,juan10@example.org,Breannamouth,40
1757,Charles Duncan,nbennett@example.com,Tammymouth,62
498,Justin Johns,markhorn@example.com,North Charles,41
5453,Colleen Castillo,conleytiffany@example.org,South John,52
871,Sheila Juarez,peter30@example.net,Hernandezfort,46
3358,Cynthia Hanson,sanchezjeffrey@example.com,Wongland,22
913,Anthony Grimes,amartinez@example.net,South Leslie,27
722,Dalton Green,edwin63@example.net,New Ashleyborough,22
2806,Barbara Keith,blairpaul@example.com,West Jeffrey,26
6518,William Johnston,mckaydale@example.net,Michaeltown,58
887,Daniel Miller,carol35@example.org,Port Alanshire,65
9787,John Roy,toniwaters@example.com,Port Daniel,28
6858,Pamela Smith MD,tonyahall@example.org,Montgomeryside,54
7464,Donna Brown,woodswilliam@example.com,Maysmouth,24
1521,James Powell,elizabethsantos@example.org,Nicolefurt,68
8864,Andrea Wagner,wyattbrett@example.org,West Robin,38
2747,Elijah Davis,tonya99@example.com,Lake Juan,33
5909,Michael Stewart,joseph23@example.net,Millerland,44
8455,John Obrien,,East Maryport,32
315,Robert Morris PhD,hollyking@example.net,Lake Tonymouth,27
1800,Jacob Meyer,jonestyler@example.org,New Megan,59
328,Charles Gill,jenniferwalker@example.net,Flemingmouth,23
5877,Barbara Garcia,micheal69@example.com,Angelaview,52
4205,Nichole Lewis,danieljarvis@example.com,East Lindahaven,33
3130,David Jackson,pauldavis@example.com,Zacharyport,61
7140,Kevin Clark,tracy04@example.org,Patrickfort,20
9150,Andrea Graham,matthewfernandez@example.org,Suttonfort,30
3969,Travis Garcia,melissa53@example.com,Lake Susan,32
8109,Sean Shea,johnnypaul@example.org,Glovermouth,60
9266,Gary Kelley,joshuathompson@example.org,West Erin,55
1974,Chase Stevens,melanie25@example.com,Howeberg,34
337,Michael Harmon,amandajacobson@example.org,Craigmouth,49
2765,Daniel Gonzalez,hooveradam@example.com,Stephenbury,63
7970,David Garcia,jamesbrittany@example.org,Melissaview,19
276,David Owens,robinsonjessica@example.com,Maryburgh,36
2986,Jamie Howard,ryanwells@example.net,Clarkmouth,26
9298,Michael Hall,steven66@example.org,North Amy,36
8677,Michael Chambers,angela44@example.org,Coxhaven,22
3478,Kevin Phillips,david56@example.net,New Lindafort,29
5458,Stephen Nielsen,wendy17@example.com,Port Jennifer,30
3559,Kelly Sparks,morgantimothy@example.org,Nortonton,36
2810,Nathan Marks,juliedaniels@example.net,East Jennifertown,40
9297,Jennifer Hill,michael24@example.org,Lopezton,37
4862,Aimee Garcia,caitlinbriggs@example.net,Bruceborough,42
9798,Michael Brown,annhart@example.net,New Johnburgh,56
3417,Tina Ballard,kreed@example.org,New Kimberly,49
308,Amanda Gardner,smithangela@example.net,Mendozahaven,68
3909,Jamie Stone,andrewgarcia@example.net,South Lorettamouth,49
349,Tristan Beck,elizabeth30@example.com,Hallstad,18
827,Sara Hernandez,jennifer94@example.org,Elizabethmouth,21
9694,Donald Horton,stephaniemaldonado@example.com,Hernandezville,59
4483,Samuel Thompson,dchavez@example.org,Tylerview,26
6847,Jason Oliver,christopherevans@example.com,Lake James,46
3683,Dennis Rogers,walter31@example.net,South Vincent,18
6120,Brent Butler,karenbarnes@example.org,Cynthiamouth,30
8552,Lynn Melton MD,reidjamie@example.org,Villanuevaport,28
2054,Joseph Russell,brianbenson@example.org,South Andrewburgh,18
72,Carlos Landry,jessica91@example.org,Port Maryburgh,29
5737,Laura Flores,jason63@example.org,Lake Jared,48
9744,John Petersen,invalid-email,Washingtonshire,52
6537,Jimmy Cole,yoderallison@example.com,Josephburgh,46
8335,Katherine Smith,brenda04@example.com,Grayburgh,46
1667,Timothy Collins,francomartin@example.net,East Jacob,38
6445,Megan Shaw,invalid-email,New Laurenberg,23
8952,John Mcguire,mercadojacqueline@example.org,Jeanetteside,41
8481,Jason Proctor,invalid-email,North John,67
1446,Danielle Miller,greenmark@example.com,Edwardsland,56
5447,Jacqueline Jones,qsanders@example.org,Rodriguezton,41
5854,Cory Carter,mckaypamela@example.net,Lake Barbara,51
1696,Ronald Armstrong,henrymcdaniel@example.org,Michaeltown,49
2893,Darius Irwin,lynchdanielle@example.org,Hunterland,49
1262,Elizabeth Chung,steven58@example.org,Mcdanielside,65
1575,Eric Freeman,stevensmichelle@example.net,Sergioberg,36
3204,Joseph Martin,courtneybowman@example.net,East Tara,18
4406,Thomas Johnson,sherririchmond@example.net,West William,38
1631,Michael Howard,smithmatthew@example.net,Hernandezbury,55
7770,Barbara Roberts,vparker@example.net,New Nicholasmouth,18
1882,Billy Fisher,jessica81@example.com,Melissachester,30
5113,Jessica Simon,sarahfuentes@example.com,Mooreborough,49
5075,Joshua Rogers,joshuaoneal@example.net,Yuside,58
8999,Maria Andrews,mark79@example.net,Russellview,44
5818,Joseph Ware,carlos13@example.org,Rhodesport,57
849,Laura Rangel,alexisoconnell@example.net,Calvinton,23
6246,Miguel Adams,jenniferyoung@example.org,Martinezmouth,31
9914,Benjamin Zimmerman,george81@example.net,Lake Samantha,34
6112,Gary Holmes,chaneykristen@example.org,Phillipsville,56
2878,Nicole Smith,stewartthomas@example.net,South James,55
187,Richard Matthews,leebenjamin@example.com,Mirandaton,43
3780,Lisa Carroll,brownkim@example.org,Allenton,56
1831,Leah Rivera,invalid-email,Lake William,21
2960,Donald Burns,matthewwu@example.net,Hullborough,57
9429,Brendan Velasquez,fmiles@example.org,Johnside,45
8716,Miss Kimberly Smith DDS,leon57@example.org,New Diana,70
1235,Robert Gomez,rthomas@example.net,Jonesport,30
9909,Jason Allen,laurensmith@example.org,South Andrea,64
3916,Mr. Sergio Barton,rebeccabennett@example.com,Alisonbury,22
447,Antonio Cooper,sean60@example.org,Acostamouth,34
845,Nathaniel Roberson,evansalex@example.org,Laurenland,29
9740,Kelsey Trujillo,iwashington@example.net,Hullmouth,20
8068,Christopher George,david32@example.com,West Lonnieview,66
5628,Amanda Lee,louissandoval@example.com,South Kathleen,24
2441,Charles Cunningham,murphyryan@example.com,Andrewbury,33
3104,Sara Olson,daniellara@example.net,Lake Scottstad,69
8758,Kristen Allen,susan29@example.com,Sosachester,55
7067,Shawn Stewart,patricklong@example.com,Sallyshire,70
5885,Erik Todd,daniel19@example.net,North Kathy,49
1295,Stephanie Parker,wayne33@example.org,North Williammouth,63
5360,Rebecca Bird,christophermurphy@example.com,Jamesview,40
9199,Dr. Kevin Gilmore,ule@example.com,Lake Matthew,44
5068,Elizabeth Perez,tonya30@example.com,Nicoleport,31
3443,Michele Ross,joshuamatthews@example.org,Jenniferville,61
8616,Theresa Gill,qmitchell@example.com,Adrianmouth,65
8928,Christine Swanson,luispatel@example.com,Lake Karenside,45
8505,Johnathan Harrison,ydiaz@example.com,Gabrielleview,68
7645,Tina Wood,christinewilson@example.net,Smithton,39
777,Alan Barajas,rrichardson@example.com,South Corey,30
9911,Donna Johnson,ericamcintosh@example.com,Lechester,22
2154,Randy Cameron,ejordan@example.org,South Michaelside,29
4921,Daniel Martinez,ojackson@example.com,Rossfurt,58
6731,Richard Pena,jacob98@example.org,Solistown,46
9685,Kristen Turner,leonarddakota@example.com,South Davidborough,35
9005,Rhonda Perry,angelhoffman@example.com,Cummingsfort,20
7311,Rebecca Hicks,gavin19@example.org,East Jessicastad,32
8597,Karen Kent,sanchezcheyenne@example.com,Port Frankborough,51
3184,Theresa Burch,anthonyvazquez@example.com,North Ryan,19
7068,Mason Thornton,loribarrett@example.net,Silvaton,56
3200,Mallory Huber,bmiller@example.net,Lake Margaret,50
7308,Anthony Martin,wzuniga@example.com,Port Lauren,40
1290,Sonia Chavez,mperez@example.org,South Michellestad,46
4582,Alyssa Phillips,bwilliams@example.com,Bautistashire,61
6452,Walter Thompson,davidwall@example.net,South Denise,47
9116,Barry Myers,wryan@example.net,Brianchester,18
8783,Jennifer Jones,cynthiacarter@example.org,Feliciastad,59
7052,Sara Martin,igill@example.com,Carrilloberg,68
4107,Christine Humphrey,xgalloway@example.org,West Amberville,150
4127,Alexander Mitchell,padillasarah@example.com,Port Kristin,26
8376,Robert Wilson,ronald33@example.net,East Amandachester,51
3967,Chad Powell,pruittchristina@example.com,South Davidborough,66
1880,Carlos Clarke DDS,daniel34@example.org,Cunninghamberg,38
8664,Emily Robinson,ryanmoore@example.com,South Katie,38
9487,Ashley Campos,brettcook@example.net,Port Bridgetmouth,0
5361,Alejandro Meyers,christina94@example.org,Diazville,26
3588,William Myers,julie54@example.com,West Jill,26
7666,Christopher Scott,moondennis@example.org,Kellyland,39
3866,Anthony Robbins,tinakhan@example.org,Mathewston,57
8182,Elizabeth Daniels,stanley98@example.org,Michaeltown,33
4132,Wesley Richard,,Port Jacobland,45
1037,Matthew Hernandez,jacobslori@example.org,Pattersonhaven,56
637,Rachel Schwartz,hallnicole@example.net,Mcdowellfurt,46
6934,Katrina Howard,scottdeanna@example.net,Port Damon,45
4135,Michael Williams,rsmith@example.net,Stevenberg,51
5564,Jamie Cameron,emiles@example.com,Lutzville,60
1084,Barbara Nguyen,maddensteven@example.org,Earlchester,36
862,Jeffery Jones,jwalls@example.com,North Cassandraborough,59
5213,Jessica Johnson,moorelisa@example.com,North Jeffrey,58
904,Lauren Greer,brett40@example.net,Sharonbury,59
192,Melissa Russell,lgreen@example.com,Lucerostad,27
110,Sara Fisher,fowlergeorge@example.com,Mauricestad,63
4456,Gerald Rowe,annette12@example.org,Rodriguezville,26
1943,Susan Hamilton,cheryl47@example.com,Rodriguezfort,66
6409,Craig Harris,richardaguirre@example.net,West Deannashire,31
4332,Stephen Robinson,veronicashaw@example.org,Lake Allenport,42
8734,William Griffin,bjordan@example.com,Carterfort,37
2041,Patrick Gardner,rbuckley@example.com,North Elizabeth,28
7624,Shannon Vasquez,uwhite@example.net,Hintonburgh,48
7131,Laura Anthony,umoss@example.org,Jamesland,27
8094,Jason Parker,omorris@example.org,Lake Loriview,49
4660,Sarah Davis,daniel80@example.org,Port Pamela,63
9441,Deborah Mercer,mary91@example.org,East Brett,63
2776,Laura Lane,heatherball@example.com,Anitafurt,62
4146,Parker Spencer,ringram@example.org,New Adrienne,32
2324,Joseph Giles,barrjoshua@example.com,New Michael,53
763,Mary Nichols,tmeyer@example.com,Smithtown,19
2618,Kevin Duran,martinkimberly@example.net,Port Cameron,60
2412,Kevin Mcintyre,bshepard@example.com,Hernandezstad,36
1095,Jacob Eaton,jonesdavid@example.net,Hollyfurt,49
8273,Michael Johnson,roger88@example.com,Hinesberg,56
9665,Patricia Gomez,simmonsbrianna@example.org,Port Juanburgh,45
5820,Harry Ward,lanerobert@example.com,Lake Melissa,38
3136,Allen Wood,tross@example.net,Port Maryfurt,23
5922,Jill Jackson,ewatkins@example.com,Garretttown,64
5041,Wendy Lawrence,matthewmurphy@example.org,North Angela,46
3806,Elizabeth Bentley,sherrismith@example.net,Barryfort,51
885,Kristen Kidd,mcampos@example.com,Katelynside,20
2655,Johnny Hickman,joshua10@example.net,West Carl,47
6924,Nicholas Foster,eshah@example.org,Lake Daniel,18
7979,Stephanie Monroe,holmeskaren@example.net,Timothymouth,36
465,David Mcgee,invalid-email,New Michaelbury,48
7017,Emily Murray,ihenson@example.net,Travisburgh,68
7934,Benjamin Anderson,april18@example.com,New Jimmyfurt,33
7939,Jordan Bartlett,melissashannon@example.org,Port Steventon,18
7289,Bradley Anderson,benjamin95@example.net,North Derekshire,41
5193,Mrs. Jessica Morales,cindyflores@example.org,Loveberg,56
9881,Dana Gonzalez,martinezmark@example.com,Port Robertfurt,39
5301,Matthew Mason,ethan05@example.net,Romanside,59
2203,Alexandra Mahoney,,South Chadport,39
9248,Melanie Savage,stricklandkevin@example.net,Johnsonhaven,29
6628,Jessica Vaughn,lorismith@example.org,Rodrigueztown,54
1263,Jesse Jones PhD,saracollins@example.com,Paulaland,19
9268,Jordan Yoder,jennifergreen@example.org,West Nina,36
976,Tonya Marks,timothygraham@example.net,Brownburgh,62
6073,Dr. Laura Poole,elee@example.net,Tammymouth,48
4926,Robert Cooper,jessica70@example.net,Evelynfurt,64
942,Joshua Hudson,,North Robin,63
5264,Sarah Howard,danielle77@example.com,Danielsport,52
4724,Jeremy Frye,zholmes@example.org,Manningberg,30
2388,Alfred Simpson,philipchapman@example.net,East Jenniferburgh,41
9923,Christopher Herring,joshua28@example.org,North Heather,62
5022,Joshua Neal,molly80@example.com,North Joseph,70
4392,David Holmes,shannon37@example.com,Escobarland,60
5149,Darrell Evans,reidgabrielle@example.net,North Thomas,28
3222,Ryan Rivera,vincentedward@example.org,Jamesfurt,48
3883,Michael Thomas,rebecca43@example.org,East Brandonview,25
9630,Roger Lopez,ariel43@example.com,Lewisfort,54
8612,Lauren Bruce,invalid-email,Lake Zachary,24
6162,Johnny Moreno,jennifercoleman@example.com,East Alicetown,38
2790,David Phillips,,Danielville,49
945,Deborah Dawson,smithjames@example.net,Ricardohaven,30
9755,Katherine Wolfe,kristen70@example.org,Stephenview,25
1858,Samantha Campbell,greenkaren@example.net,South Williamshire,41
8844,Marcus Holmes,grayanne@example.net,South Lisastad,51
4109,Anthony Schmidt,dgreen@example.com,Patriciaborough,36
5214,Jerome Knapp,ann97@example.org,Jennifermouth,69
8683,Susan Torres,xchoi@example.com,East William,66
3256,Daniel Morales,xrobinson@example.com,Johnathanport,18
2691,Amy Hughes,joshua55@example.org,New Christopher,53
8171,Jennifer Wagner,jasmine06@example.net,East Kelly,19
7567,Jamie Nash,mckaykathleen@example.net,West Danielchester,38
1320,Kelly Whitaker,ronaldanderson@example.org,Port Eric,36
7263,Jasmin Montoya,patriciaclements@example.com,Weberbury,25
2021,Patricia Boyd,russellkristen@example.com,West Brad,66
5163,Jessica Garner,pmack@example.net,New Joefurt,28
6071,Kathryn Dickerson,travis66@example.net,South Shannonton,66
7069,Christopher Vasquez,john55@example.org,Taylorstad,45
6205,Victoria Vaughn,harveyadam@example.net,Port Aaron,52
6500,Norma Jones,invalid-email,Curtisfurt,37
3476,Stephen Thomas,james72@example.net,New Leehaven,23
3506,Joshua Spears,leonard24@example.com,Kimhaven,35
4750,Mark Brown,daisy83@example.net,South Victoriaville,150
2478,Karen Wright,invalid-email,Singletonburgh,62
9558,Clifford Ramos,franciscomeyer@example.net,East Kristina,69
6886,Cindy Gomez,chelsea52@example.net,South Douglasstad,41
8236,Alvin Walker,ericramsey@example.org,West Jeffreyberg,27
7890,Jeffrey Perez,caitlin65@example.com,South Richard,52
7513,Lucas Murphy,mpatrick@example.net,Adammouth,28
6078,Elizabeth Chambers,mcleanvanessa@example.org,East Michaelmouth,61
7033,Patrick Lowe,justin83@example.net,Lambury,40
1875,Amy Hicks,robert33@example.com,Jenniferburgh,26
8686,Shelly Martinez,grodriguez@example.net,Cohenshire,53
5493,Devin Haney,bfernandez@example.org,Bellfort,64
7793,Cody Hernandez,invalid-email,Goldenborough,31
5097,Maria Holmes,ericflores@example.net,Russellfurt,41
2905,Christopher Anderson,andreamartin@example.org,Dunlapview,51
571,Tyrone Snow,timothyvalencia@example.com,Grahamfurt,51
1449,Christopher White,david80@example.org,Mcintoshville,49
6211,Kathy Rivera,nroth@example.net,West Aaronfort,57
6504,Michele Gaines,quinnfrank@example.com,Port Jessica,29
6612,Colton Lambert,bakerchristopher@example.net,Williammouth,48
7101,Katherine Rodriguez,,Powellton,50
6799,Melissa Thomas,luis77@example.com,New Karaborough,30
3227,Julie Perez,james48@example.org,Joshuaport,35
9939,Joyce Hardin,mullinsapril@example.com,Calhounshire,41
3979,Wendy Pearson,mary72@example.org,Hartfort,32
4384,Mr. Kenneth Downs MD,samanthajordan@example.com,South Brandonborough,67
7960,Margaret Lang,shane64@example.net,New Bruceland,0
3540,Robert Moran,ericagomez@example.org,West Eric,35
9699,Abigail Lee,durhamjonathan@example.org,Andersonborough,57
8272,Nicholas Castillo,joel50@example.net,Mcguireton,27
2828,Lori Miller,ichen@example.org,North Thomasview,31
7016,Jimmy Tyler,zwood@example.com,South Sonyastad,68
4997,Samantha Moore,davidramos@example.net,North Laura,29
1339,Christopher Henderson,twoods@example.com,South Lisa,25
3263,Timothy Taylor,buchananwanda@example.org,Larsonfurt,19
6948,Jennifer Bishop,nolanandrew@example.com,North Matthewmouth,66
7873,Roy Ritter,qgonzales@example.org,Knighttown,47
651,Mary Boyer,greenelisa@example.net,Michaelshire,57
2903,Stacy Haney,susan42@example.net,Lake David,28
2259,Shannon Gordon,brettwoods@example.org,Jessicahaven,39
5396,Jennifer Jackson,frazierkathleen@example.net,Teresamouth,28
7697,Elizabeth Guerra,johnsonmason@example.org,New Emilyburgh,26
3522,Katie Bowen,brittanykelley@example.com,West Kellyburgh,52
2731,Patricia Roberts,gloria82@example.org,Greenview,33
8584,Jason Matthews,bjones@example.com,Lake Robin,57
4479,Eric Byrd Jr.,kristen42@example.net,Johnsonshire,40
1597,Lauren Price,dvalencia@example.com,New Jennifer,64
7350,Crystal Hampton,javier30@example.net,Sherriberg,47
2585,Patrick Meyer,briansmith@example.org,New Justin,57
5667,Timothy Richard,powellnicole@example.com,Port Christyview,60
3197,Rhonda Crawford,brucebarker@example.com,South Kylietown,19
7498,Kristy Brown,markbrewer@example.net,Bradleyton,67
5328,Kayla Smith,davisjohn@example.com,Lake Alexanderberg,33
7992,Karl Anderson,ann52@example.net,East Jamie,54
5602,Diane Mendoza,uwashington@example.org,Port Davidton,36
1259,Jesse Armstrong,jonathandavenport@example.com,Port Erin,25
5684,Brian Mccann,cynthia62@example.net,Lake Ginamouth,68
992,Kathy Hughes,adammckinney@example.org,Richardfort,27
3505,Samuel Zimmerman,william97@example.org,Jacksonbury,41
114,Julie Foster,teresaanderson@example.net,East Wendyview,30
920,Carrie Collins,jeremylambert@example.org,West Javier,62
2510,Gilbert Mcdaniel,jgonzalez@example.org,New Timothy,36
9593,Joel Hunter,steventaylor@example.net,East Thomas,52
166,Brian House,tjimenez@example.org,Chanbury,28
8298,Cynthia Morris,ricardo00@example.org,New Ann,29
6654,Pamela Thomas,yshannon@example.net,Johnsonshire,39
4604,Teresa Curry,mcneiljames@example.com,New Michaelville,42
950,Joanna Mason,nicoleatkins@example.net,East Saramouth,52
4595,Christopher Sanchez,amy89@example.org,Coopermouth,36
8326,Ryan Price,webbbrian@example.com,North Garrett,70
3771,Cheyenne Yu,nguyenkathy@example.org,New Stevenhaven,24
2507,Nancy Chen,dawnlane@example.com,Susanton,29
5108,Julie Schroeder,vhawkins@example.com,South Anthonymouth,55
2851,Janice Sexton,,North Craigmouth,18
6756,Jennifer Cochran,jamiemckee@example.com,Richardborough,18
7566,Jason Anderson,villarreallauren@example.org,Solisland,52
7788,Holly Haas,brennanbrett@example.com,Masseyburgh,34
4447,Alexander Olson,halvarez@example.net,West Jennyborough,62
4461,Sharon Holmes,erivera@example.com,West Davidmouth,68
8185,Wesley Collins,uvalenzuela@example.net,Lake Deborah,22
2506,Michelle Dunn,qbolton@example.net,South Shellyburgh,61
1115,James Hall,phillip62@example.org,Jacksonview,66
8562,Alison Frost,jennifersnyder@example.net,Kimberlymouth,44
299,William Gray,frostjonathan@example.net,East Williamside,57
1676,Shannon Brock,jacksonveronica@example.com,Patriciastad,25
3348,Lisa Moore,burnettdeanna@example.com,Nicolehaven,46
2736,Robin Bailey,drakedanny@example.net,Raymondhaven,41
8676,Danielle Clark,kcruz@example.net,Port Ashley,45
4989,Michael Lee,aprilcampos@example.org,West Cameron,42
9178,Gary Kemp,mariawhite@example.org,North William,54
6059,Donald Ryan,amberguzman@example.net,West Nicholasland,25
4326,Teresa Hill,allisonnelson@example.com,North Caitlintown,58
6993,Courtney Rodriguez,hansenrobert@example.com,North Jamesport,69
6157,Raven Farrell MD,lawrence94@example.net,Port Jason,53
4551,Steven Brown,petersonjohn@example.org,Butlerport,68
5616,James Campbell,sarah42@example.org,Robinsonbury,67
8162,Amanda White,melissadavis@example.com,North Brianfurt,42
2104,Kelsey Jensen,bcoleman@example.net,Brookefurt,25
5337,Joseph Hardin,nathanielhopkins@example.com,Randallport,59
6055,Dr. Lynn Romero,kevin20@example.com,Port Candace,37
7037,Andre Mullins,roger59@example.org,Ewingmouth,25
7749,Michael Ross,elewis@example.com,South Natalieview,34
1838,Wanda Mendez,james26@example.org,Parkerburgh,30
9901,James Stafford,john05@example.net,Port Peter,19
8482,Angel Adams,baldwinsamuel@example.com,West Jill,21
9646,Julia Richard,scottmartin@example.org,Hobbsshire,46
608,Steven Hawkins,fostersamuel@example.org,Brownhaven,54
7729,Jeffery Ramirez,wheelertracy@example.com,New Philiphaven,27
1094,Justin Ortiz,colemora@example.net,Joseborough,40
5649,Stacey King,susansalas@example.org,Port Lindseyburgh,32
6591,Joshua Walker,nielsenlinda@example.org,Lauraborough,70
9146,Aaron White,chapmanruth@example.org,New Derekchester,64
4488,Brittany Lee,,Melissaport,34
161,Gregory Boyd,thomasanthony@example.org,Lake Vicki,38
204,Bradley Kramer,mcdonaldkimberly@example.net,Port Joseph,51
7323,Michelle Vaughn,hcollins@example.net,North Patricia,57
9047,Joel Harris,austinmedina@example.net,Whitneyshire,70
4934,Sierra Morales,upeterson@example.com,Danaburgh,63
2935,Steven Anderson,eric31@example.com,East Paultown,48
7614,Donald Skinner,garciathomas@example.org,Williamfort,42
2436,David Burgess,davidochoa@example.org,Reyeston,35
1231,Alicia Norris,bclark@example.org,New Veronicashire,28
8850,Todd Lopez,achapman@example.net,Lake Susan,69
3047,Michael Miller,lromero@example.com,South Kimberlyside,30
9849,Allen Mitchell,vcantrell@example.org,Perrystad,36
9221,Chelsea Fleming,ganderson@example.org,Toddbury,19
7976,Kimberly Trujillo,jessica83@example.org,West Jamie,23
6674,Karen Serrano,sandovalelizabeth@example.net,North Joshuastad,37
4252,John Mcknight,vhughes@example.com,Millertown,20
6009,Jasmine Thomas,kennethnunez@example.org,Port Ryan,26
3294,Jackie Thompson,clandry@example.org,Port John,18
4035,Dean Pineda,andersonmadison@example.net,South Angela,20
2726,Elizabeth Williams,hollytaylor@example.com,Michaelchester,46
4291,Kevin Burnett,lisa24@example.com,Bakerchester,42
4335,Sara Hanson,invalid-email,Lake Derrick,22
7150,Terry Porter,melissa03@example.com,West Debraberg,60
3878,Paul Ibarra,batesthomas@example.com,New Sherri,58
5654,Howard Martin,kennethblake@example.net,Georgefurt,66
5863,Derek Johnson Jr.,,Merrittfort,45
4754,Peter Maynard,bauermary@example.org,Lake Shawnburgh,0
4887,Sarah Anthony,cowens@example.com,New Misty,54
858,Tyler Parker,nbrown@example.com,Brownberg,18
9018,Stephanie Taylor,newtontravis@example.net,Monroeborough,59
8539,Brenda Hart,brianna60@example.net,East Michael,38
2562,Benjamin Tyler,pcastillo@example.com,Burtonport,39
3802,Lisa Medina,barbara87@example.org,Bryanmouth,26
2641,James Davis,santostanya@example.net,Cookburgh,47
5456,Jordan Williams,whitakerstephen@example.org,New Michaelfort,21
5829,John Shaw,jennifer98@example.net,Thomasview,63
4491,Mrs. Betty Daniels,carrnicole@example.com,Garretttown,28
2348,Jennifer Ward,carlos54@example.org,South Gregorymouth,68
650,Jennifer Casey,charles46@example.net,West Jeffrey,60
2782,Bradley Dyer,michaelcollins@example.com,Hilltown,66
8400,Emily Bradley,michael39@example.com,Marthamouth,68
8714,Joseph Jones,greenejohn@example.net,Lake Gwendolyn,24
8852,Darryl Nunez,ibell@example.net,North Kristenshire,57
8047,John Rollins,utucker@example.net,North Christopher,25
616,Dawn Sanchez DDS,xbishop@example.net,Heatherton,63
8613,Ms. Jessica Mahoney DDS,donnabranch@example.net,Port Erin,49
2576,Thomas Hall,vazquezcourtney@example.org,Lake Josephfort,59
54,Vanessa Joyce,jessicalee@example.org,Samanthachester,52
3341,Veronica Mcguire,taylorcraig@example.com,Troyland,51
7319,Laurie Valencia,yvette41@example.com,Williamshire,33
1706,Margaret Mahoney,okelly@example.com,New Adamville,150
9243,Susan Carr,brownsandra@example.net,New Andrew,35
5690,Julia Gibson,josespencer@example.org,Alyssaland,47
1494,Yvonne Roach,thardy@example.net,Allenton,28
7508,Joshua Burke,gperez@example.net,Millerberg,66
5867,Dr. Betty Novak,ashley39@example.com,Jenniferton,64
804,William Lewis,victoriagould@example.com,New Darrenview,32
4954,Diana Taylor,paullee@example.com,Williamsburgh,48
7214,Cynthia Hanson,wrightcory@example.net,South Richardtown,60
9764,Patricia Palmer,holmesdevin@example.org,West Kyle,60
991,Christian Snyder,eallen@example.com,West Ryan,18
2775,Jeffrey Moon,wendy88@example.org,Thompsonfort,26
7767,Jeffrey Lopez,nicolemeadows@example.org,East Gregoryberg,64
6686,Kristen Li,kaitlyn12@example.org,East Daniellehaven,54
3514,Brittany Boyer,gjones@example.net,Wardport,36
8507,Zachary Alvarado,rachel67@example.com,Port Joshuaview,23
8565,Daniel Cole,ortizlindsey@example.com,Port Brendan,27
220,Joshua Fowler,orocha@example.net,East Carolineport,25
7444,Tracey Wood,invalid-email,Leeton,58
1289,Jeff Murphy,yvette84@example.org,Smithchester,51
3164,Lisa Martin,sheabrian@example.net,East Andrewmouth,64
4679,Mrs. Kelly Barnett,abaxter@example.net,Lake Michelefurt,36
2619,Manuel Peters,christinamorgan@example.org,Ambermouth,26
3613,John Contreras,jessicasmith@example.net,Rebeccaside,19
44,Diana Johnson,masonpeterson@example.net,North Kristi,67
8157,Alexander Keller,roy46@example.com,North Laura,56
6798,Billy Dunn,nunezmaria@example.org,South Jonathan,19
3793,Jennifer Novak,joseph47@example.com,East John,54
3572,Christopher Barrera,reillyjonathan@example.org,Port Christopherborough,67
8314,Anthony Brown,jonathandawson@example.net,Michaelmouth,51
1504,Nathan Brown,jburns@example.org,South Jennifer,22
5787,Natasha Webster,lorozco@example.com,Ortegaview,43
6591,Joshua Walker,nielsenlinda@example.org,Lauraborough,70
3440,Kristen Gordon,mserrano@example.org,North Jacobtown,38
1893,Nicholas Smith,haynesrachel@example.org,North Mario,58
9511,Timothy Meyer,invalid-email,Zimmermanshire,44
5256,Joanna Conner,invalid-email,New Carlberg,51
1956,Kenneth Smith,barbarahaley@example.org,West Ianport,55
5168,Elizabeth Smith,jesse44@example.net,Pierceport,19
4815,Peter Doyle,christopher30@example.org,Robertston,21
8269,Mark Mcintosh,chelsey58@example.com,Weissfurt,34
1506,Andrew Wood,christina35@example.org,Lake Nathanview,37
671,Joe Mendoza,phamvincent@example.com,Smithton,37
9617,Sydney Davis,brianstark@example.org,Port Kevin,60
7338,Robin Mcconnell,twalker@example.com,New Cherylmouth,65
898,Sean Holland,ymueller@example.org,Stephenside,54
6437,Shawn Hill,jenniferdavis@example.com,Barbaraborough,31
2667,Jordan Lee,invalid-email,Edwardsfurt,60
3194,Heather Hayden,cfrancis@example.org,North Marvinview,58
2891,Julie Williams,whitekimberly@example.net,Brianfort,26
5929,Erin Fitzgerald,,South Carlos,18
2622,Justin Moore,lisaturner@example.com,Jodiview,56
6259,Regina Bailey,zdavis@example.org,West David,44
6203,Brandon Thompson,wparker@example.net,Vegahaven,42
3,Patricia Ramos,camposwilliam@example.com,Elizabethtown,70
2371,Donald Cross,,Davisland,64
3805,Jessica Hudson,ialvarado@example.org,South Johnhaven,56
1770,Tracy Allen,stephencruz@example.org,West Stanleyville,30
8674,Lynn Mcgrath,sbrown@example.org,Port Kristina,56
9505,William Erickson,,South Catherineton,38
532,Casey Jensen,smartin@example.com,North Shannonbury,49
8797,Victoria Cohen,richard73@example.net,Lovehaven,68
8824,Andrew Scott,marvin94@example.com,East Eric,61
6881,Melissa Martin,brownthomas@example.com,Fernandezport,28
6776,Michael Hayes,bowmanelizabeth@example.org,Leebury,44
3121,Damon Jones MD,harmstrong@example.com,Estradashire,44
9796,Rebecca Cabrera,mcdanielkyle@example.net,New Aaron,60
732,Christopher Jacobs,mjohnson@example.net,West Katherineland,27
3407,Ronald Smith,benjaminbryant@example.com,Markmouth,53
2340,Jennifer Potter,rgoodman@example.net,Nicholasville,44
6215,Jessica Campbell,jenniferwilliams@example.net,South Michael,21
6087,Rachel Flores,perezrobert@example.com,Port Mary,21
2566,Matthew Cruz,irussell@example.org,Blevinsborough,40
9136,Daniel Jackson,caldwellelizabeth@example.net,Port Morgan,19
8135,Henry Rivera,ejones@example.net,Colonville,41
7673,Larry Dunn,robinmiddleton@example.org,Kellyshire,38
9295,Alexandra Jackson,kristen74@example.org,Whiteport,61
5710,Robert Castro,fitzpatrickjulie@example.net,New William,43
6226,Maria Watson DVM,invalid-email,Russochester,32
9157,Mark Barton,mendozadylan@example.net,Lake Jessicafurt,40
1256,Matthew Pena,kristina67@example.org,Smithmouth,62
2105,Michael Reed,amanda77@example.net,Gibsonview,25
7232,Mr. Ryan Sullivan,vholland@example.org,Evanstown,57
9815,Russell Freeman,kimberly02@example.com,Sototon,35
9770,Christopher Scott,wbeck@example.net,West Michael,20
9335,Angela Carrillo,garzaashley@example.com,New Jessicamouth,55
4995,Tasha Mcdonald,nstone@example.net,Carlosberg,44
9151,William Vaughn,jesserichardson@example.org,South Kent,60
8780,Jeffrey Edwards,,Martinezfurt,24
5058,Nichole Franklin,barrettmaurice@example.net,Lake Mark,23
6088,Gary Garner,jennifer83@example.com,Desireefort,23
4435,Michael Lucas,kylejohnson@example.com,West Jennifer,70
3485,Daniel Gomez,zcase@example.com,Matthewstad,21
9686,Marcus Jones,victorpetty@example.net,Jensenstad,64
5319,Charles Strickland,simmonslauren@example.org,Willishaven,46
3817,Deborah Shepard,cassandrawilliams@example.net,Alvarezshire,49
5965,Alex Barrett,singletonmichelle@example.com,North Michael,68
9083,William Bullock,guerrerosophia@example.org,West Nathanbury,45
7943,Lori Martinez,macdonaldnicholas@example.org,Bakermouth,60
9550,Savannah Sanchez,,Dixonfurt,56
1622,Gina Harvey,patrick96@example.net,Hudsonton,57
9613,Aaron Flores,tjacobs@example.com,East Henry,31
6570,Matthew Lawrence,,Scottside,61
6503,Michael Brandt,sarah25@example.com,Smithfort,65
9082,Angela Ramos,bradley26@example.net,Benjaminchester,62
1097,Toni Hayes,wilsonmichael@example.com,New Jeremy,18
7007,John Salazar,currychristina@example.net,Miguelfurt,58
9674,John Nguyen,staceyschwartz@example.net,Jenniferberg,19
7781,Matthew Becker,shirley68@example.org,Port Vanessa,40
2464,Andrea Conley,amandamyers@example.com,Kevintown,54
7440,Michelle Rivera,ronaldgarcia@example.com,South Kathyside,20
1789,Tyler Lewis,thomasrodriguez@example.com,Heatherfort,65
251,Penny Lopez,ericmarshall@example.com,Port Briannamouth,22
9456,Rebecca Ford,george37@example.org,Susanland,54
7488,Ryan Lane,rbryant@example.net,East Darrellmouth,37
8904,Ryan Weaver,jillmurphy@example.com,Port Joseph,34
193,Alexis Jones,jennifer48@example.com,Jenniferside,29
821,Jordan Ortega,vbowers@example.org,Lake Anitaside,57
9822,Rickey Lopez,christine39@example.com,West Kellyport,61
9801,Andrew Wilson,syork@example.net,Cassandraview,63
7485,Bryan Camacho,ycox@example.com,South Wayne,41
5951,Richard Flores,theresadennis@example.org,South Nicole,20
4401,Brian Martin,colleenhuynh@example.com,Lake Melissa,55
7326,Jimmy Hill,leonbeth@example.org,Markton,40
5389,Kaitlin Sanchez,scottjensen@example.org,East Michael,47
4167,Aaron Brown,laura12@example.org,Jeffreyhaven,44
4952,Karen Taylor,bonniebanks@example.com,Port Angelmouth,48
2688,Carlos Thomas,sleonard@example.org,North Clairebury,56
4391,John Sanders,deleonbrian@example.net,East Latoya,47
6102,Samantha Dorsey,james74@example.com,Christophershire,43
8475,Randy Yang,mcastro@example.org,Millsberg,60
4928,Gary Mayer,kristinaconrad@example.com,New Mollyside,42
8804,Erika Parker,lsellers@example.org,Danielhaven,59
5553,Ryan Thompson,briankennedy@example.com,Smithtown,68
2608,Andrea Mathews,invalid-email,South Feliciamouth,47
7763,Desiree Bailey DDS,stephen01@example.org,West Leeburgh,45
239,Austin Crawford,garciakaren@example.net,South Michael,49
4016,Ashley Norton,,Elizabethview,56
9450,Karen Ruiz,yhendrix@example.org,Sullivanborough,64
2978,Kimberly Miller,lharrell@example.com,Matthewhaven,51
7943,Lori Martinez,macdonaldnicholas@example.org,Bakermouth,60
7363,Dakota Kramer,groth@example.org,Lake Nicole,18
7927,Megan Brown,michael63@example.com,Justinview,40
5474,Melissa Lawson,lauren02@example.net,Berryview,56
946,Eric Rodriguez,james64@example.org,East John,44
6683,Zachary Newman,jmckinney@example.com,Nicholstown,61
7991,Ethan Sutton,rhonda56@example.org,Lorihaven,68
5098,Sandra White,lovesharon@example.net,Port Billyside,19
7083,Alison Hernandez,heidiparsons@example.com,North Seth,49
6051,Cynthia Townsend,brentkelley@example.net,East Judith,28
3553,Scott Cruz,rsingh@example.com,Skinnertown,69
8021,Sharon Miller,edwardmorrison@example.net,Burkemouth,60
3361,Mark Davidson,russellterry@example.org,Lake Joshua,55
7785,Deborah Hart,harpercasey@example.net,Farmerville,56
5629,Jimmy Bentley,olivia75@example.net,Riosfurt,65
2411,Sean Rodgers,angela14@example.net,Dennisburgh,-5
4508,Kyle Schmitt,cody05@example.org,Lanceview,30
8627,Melanie Young,derekduncan@example.net,South Jeffrey,39
3983,Whitney Martinez,donna19@example.net,West Stephanie,40
147,Mr. Colin Knapp,pettyrodney@example.org,Alexanderbury,53
6920,Charles Mckinney,wagnerjames@example.net,South Kyletown,43
2295,Donald Short,jillian58@example.org,Arnoldburgh,59
2254,Sandra Ferrell,larry56@example.org,New Jamie,57
3612,Robert Perez,kellylester@example.com,Williamsview,30
5354,Jared Horton,angela03@example.net,East Jillberg,35
1737,Luis Fox,esimmons@example.net,West Veronicaton,57
7747,Eric Simmons,fberry@example.org,Vasquezmouth,56
7969,Jonathan Everett,rgiles@example.org,Zacharyborough,60
115,Clayton Dunn,collinscrystal@example.org,Clineville,49
9039,Debra Moran,qtownsend@example.net,Charlesside,20
6365,Gregory Becker,hwiley@example.org,Sandersmouth,20
9667,Dr. Elizabeth Little,medinashannon@example.org,Wilkersonside,37
499,Curtis Bradley,uguzman@example.com,Williamfort,55
7804,Tammy Osborne,cperkins@example.com,Normanmouth,19
721,Matthew Anthony,brewerabigail@example.org,New Alexanderfort,35
7473,Michelle Williams,christopher95@example.net,Harrismouth,45
9022,Angela Sutton,ramirezwilliam@example.net,Matthewberg,54
5966,Stephen Thompson,jennifer69@example.com,Chloeport,22
6386,Ashley Landry,brios@example.net,North Courtney,23
3090,Shelley Smith,vwest@example.net,East Joshuaport,49
7516,David Nash,kimberly10@example.com,North Jerryborough,55
7598,Rachel Lane,shawneaton@example.org,Wilsonstad,26
6779,William Harris,jennifersmith@example.org,Justinburgh,34
597,Elizabeth Hansen,garrettgreer@example.net,East Georgeborough,61
8966,Amanda Harris,julie70@example.net,Jacobsshire,37
6348,Christopher Brown,qhowell@example.net,North Linda,61
9133,Juan Alexander,crystal18@example.com,East Williammouth,59
5165,Elizabeth Garcia,gallegoskevin@example.net,South Drew,46
1648,Dr. Patrick Hamilton,dmcmahon@example.net,Lake Jennifertown,35
6387,Daniel Kline,patricia08@example.org,New Kellychester,19
7201,Helen Benson,kara65@example.com,Port Gary,150
2701,Tracey Lopez,bruce28@example.org,Lake Lorichester,51
7721,Gary Gibson,laurakaufman@example.org,Wilkersonstad,27
1701,Gregory Richardson,mlambert@example.net,Deanmouth,40
9124,Christina Chandler,invalid-email,New Stephanie,32
5405,Allison Randall,charleshall@example.net,East Edwinville,69
7509,Christine Li,steelegerald@example.com,Derrickberg,18
6177,Dominic Maldonado,kevinsmith@example.net,Port Daniel,47
2943,Brenda Stanley,jenkinsbridget@example.net,New Nicoleville,22
7483,Sharon King,chris71@example.org,Maryborough,55
87,Sara Walker,bowmanraymond@example.net,Gardnerton,21
2309,Kelly Sandoval,steven24@example.org,South Daniel,34
2678,Angel Clay,russellroberts@example.net,Ortizside,19
8380,Heidi Leonard,vdavis@example.com,North Dylanberg,27
9054,Michele Peters,amandahorton@example.net,Smithview,36
2595,Steven Gibson,boothlaura@example.org,South Janetside,67
6128,Andrew Ramirez MD,butlershawn@example.com,New Michaelburgh,61
1030,Tonya Cherry,christopheradams@example.org,New Williamshire,18
137,Ashley Smith,nicolecollins@example.org,West Shawn,38
7110,Larry Brown,kelseybanks@example.org,Evansmouth,27
5911,Heidi Eaton,joseph08@example.com,Lake Nicoleshire,18
2855,Jesse Caldwell,michael02@example.com,Pettyberg,65
4410,Craig Robbins,bullockjames@example.org,Ashleyside,56
1201,Tamara Myers,briley@example.org,North Jenny,47
4718,Catherine Davenport,,East Melissa,53
9710,Valerie Medina,wwhite@example.org,Rileybury,33
6865,William Kennedy,llutz@example.net,New Katrina,34
567,Amy Valentine MD,sheena09@example.net,East Javierton,70
34,Jesus Davis,cummingscaitlin@example.com,Mollyport,21
5431,Diana Carroll,,North Michaelburgh,46
3928,Sonya Anderson,freykimberly@example.net,North William,56
6308,Tina Smith,johnwatson@example.org,South Lisa,24
4082,Courtney Brown,qhammond@example.org,Hayesfort,66
9876,Steven Garrett,zbradley@example.org,Henryshire,45
6843,Philip Hughes DDS,ian59@example.com,Kathryntown,62
8088,Anthony Munoz,otaylor@example.org,New Michellehaven,21
6806,Jennifer Romero,pburgess@example.org,Francesburgh,56
9093,Andres Johnson,tconner@example.org,West Ryan,60
8439,Kelly Hardy,,Davisberg,40
2331,Jose Sheppard,timothy73@example.com,West Kaitlinland,68
3516,Lisa Jones,xmartinez@example.com,Port Jamesside,58
2188,Joseph Sanchez,martin72@example.org,Lake Patricia,68
196,Kevin Brown,garciajacob@example.com,Peterview,34
7635,Christopher Beck,uevans@example.org,Lake Deniseport,65
5901,Michele Howell,joseph59@example.org,North Miguelmouth,70
5060,Jessica Simmons,amandaflores@example.net,Smithfurt,52
803,Anita Miller,robertsnatalie@example.org,Jacksonport,43
5716,Kimberly Monroe,heather39@example.org,Sanfordbury,36
6624,Ashley Bartlett,walter49@example.org,Morganhaven,26
242,Andrew Neal,manuel26@example.com,New Gregmouth,51
2069,Timothy Church,alvarezgregory@example.net,Lake Zacharytown,27
7553,Theresa Edwards,invalid-email,West Tyler,29
8920,Eric Moore,martinezmichael@example.net,Olsenchester,35
645,Steven Johnson,michaelmoses@example.org,New Vanessa,54
9804,Jason Green,davidsharp@example.com,New Kara,45
5104,Meghan Garrett,floydalexander@example.com,North Jefferystad,23
5461,Michael Flynn,john01@example.org,West Steven,64
1638,Julie Dunn,boltonelizabeth@example.org,Johnnymouth,24
121,Laura Gonzales,andersonangela@example.com,East Maryfort,61
2982,Timothy Richardson,megan32@example.org,South Kenneth,41
5070,Colleen Trujillo,englishrandy@example.net,Manningchester,26
3075,Dennis Johnson,nicole06@example.org,East Anneside,34
9108,Michael Santana,zfoley@example.net,Port Carrie,22
3279,Matthew Rivas,stonecarl@example.com,Lake Tiffany,29
2136,Dean Cruz,danielthomas@example.com,South Jamieland,66
6609,Alexander Williams,samantha14@example.org,New Maria,65
4971,Janet Baker,ricardo53@example.org,Lake Carol,47
6456,Bethany Cunningham,,South Paul,28
135,Dawn Warren,susanmorris@example.net,Richardborough,24
8044,Erica Blankenship,smithnicole@example.com,Port Brittany,51
5325,Jeffrey Valdez,kimrebekah@example.org,Elliottview,56
9835,Maria Rodriguez,mhanson@example.org,South Jonathan,57
6947,Kelly Bennett,vschmidt@example.net,North Candace,29
2560,Blake Nguyen,mharper@example.net,Donnamouth,19
63,Tiffany Thompson,valentinedavid@example.org,Mariahaven,36
1359,Justin Davis,,Port Matthew,65
6818,David Smith,landersen@example.org,Susanport,58
6700,Rachel Rowland,rivasgloria@example.net,Marilynmouth,18
9403,Sarah Williams,kaitlyngonzalez@example.org,Alexisshire,25
2468,Paul Webb,zspencer@example.com,Robertmouth,35
680,Timothy Romero,kristy79@example.org,Joannmouth,58
7073,Abigail Ingram,ashleystewart@example.net,Millerhaven,37
742,Richard Cruz,averytaylor@example.net,South Karen,47
5308,Karen Salazar DVM,rodriguezmelinda@example.com,Lake Kylemouth,61
7019,Michael Miller,johnvasquez@example.org,East Jamesland,46
3642,Robert Patterson,ramirezadriana@example.net,Smithmouth,64
445,Amanda Adams,acevedolauren@example.org,Woodsstad,57
8328,Maureen Cox,williamsteele@example.org,Schmidtport,59
3259,Mary Jones,invalid-email,Samanthamouth,45
4664,Victoria Durham,dcoleman@example.com,Timothyberg,35
1874,Tony Wilson,fitzgeraldjennifer@example.net,Port Brandonfort,34
6633,Emily Pollard,utownsend@example.org,Marcustown,45
2597,Mike Pena Jr.,bennettscott@example.com,Port Tiffanybury,53
1718,Maria Wood,schultzmichelle@example.net,Howardville,70
2913,Karen Sanchez,bryan85@example.net,Michelleland,36
2844,Justin Mathews,sdavis@example.com,Lake Valerie,28
4028,Ryan Evans,mendozasteven@example.org,South Sandyton,37
5489,Anthony Robbins,kristin39@example.org,Port Andrewtown,52
8808,Donald Mcdonald,fharris@example.net,Myersville,42
4486,Brandon Neal,saraperry@example.net,Andersonbury,60
2557,Lisa Parker,xthomas@example.net,New Diana,33
490,Gabriel Cox,markjohnson@example.org,West Lance,57
494,Jasmine Dunn,rodriguezwilliam@example.com,East Amy,59
691,James Gilmore,benjamin79@example.org,North Christine,41
3822,Daniel James,uthompson@example.com,Melissahaven,18
603,James Velasquez,collinsandrew@example.com,Ryanmouth,22
1912,Jessica Carter,lpage@example.net,Port Carloschester,29
1015,Mary Smith,aanderson@example.com,Port Jerry,33
6413,Amanda Orr,wpatel@example.com,North Kendra,50
1994,Michael Ellis,montoyapatricia@example.org,West Paulmouth,38
6200,Heather Pollard,smeyers@example.com,Lake Ryanbury,46
3758,Jessica Gregory,invalid-email,Port Sheila,53
2367,Kelly Gonzalez,yvonnereynolds@example.com,South Richardton,59
5284,Jason Sanchez,,Jonathanfort,55
4371,Jose Walters,patricia95@example.net,East Carlaburgh,22
7163,Chad Owens,santosvincent@example.net,West Alyssaberg,51
7293,Kimberly Stevenson,anna13@example.org,West Kelly,65
1362,Spencer Jones,joseph67@example.com,Kathleenbury,67
9578,Michael Flores,christopher30@example.com,Blairtown,60
1527,Stephanie Zamora,thomastodd@example.net,West Jimmy,28
1328,Leroy Flynn,william74@example.org,West Lori,51
6335,Thomas Watkins,mathew03@example.com,New Juan,30
7486,Mr. Christopher Robinson,jeremy67@example.com,Rebeccachester,30
1552,Micheal Adams,tracey30@example.net,New Kaylastad,35
4000,Anthony Walker,william84@example.net,Port Dorothyshire,39
9882,Ashley Thomas,johnstonerica@example.net,Emilyport,47
1338,Chad Williamson,kwatson@example.net,Cynthiaburgh,28
3902,Amanda Friedman,prattbrianna@example.com,Salazarstad,55
3011,Lynn Williams,brownmichelle@example.net,West Danbury,23
5042,Deborah Larson,opowell@example.org,Port Ann,61
9003,Darren White,john26@example.net,West Holly,60
2251,Alexandra Gross,latoyapowell@example.com,West Jenna,43
6804,Matthew Manning,james79@example.org,Davidton,68
5040,Laurie Alvarez,blakewright@example.com,Port Carlosberg,45
2347,Nicholas Hardy,stewartmelissa@example.com,Obrienland,21
9470,Rachel Mcdaniel,michelle87@example.com,Fordstad,62
5486,Margaret Jacobs,jeremypeterson@example.com,North Brianborough,48
2785,Ryan Bailey,nancy99@example.org,East Markshire,20
5695,Dustin Rodgers,reginaldbrooks@example.com,Edwardport,47
5120,Victoria Miller,gomezdavid@example.com,West Ashley,27
7852,Lori Alexander,,Dennisview,44
5556,Daniel Moody,vthornton@example.org,South Jeffreyland,30
5600,Kimberly Robinson,madeline02@example.org,New Tanya,67
6952,Angel Martin,gonzalezalexis@example.com,Josechester,32
151,Cody Terrell,teresa59@example.org,Gabrielfort,53
2805,Michael Cox,leonnicole@example.com,Rodriguezbury,54
8570,Matthew Vincent,erinrobinson@example.org,Baileyfort,61
2087,Andrew Garcia,,Collierport,48
3752,Jean Sanchez,megan26@example.net,Sarahport,65
5613,Amanda Flores,stephanieallison@example.org,Lewisburgh,48
2260,Nicole Ortega,richardwright@example.org,New Paulborough,64
4018,David Anderson,odaniel@example.com,Wolfview,57
6366,Jessica Gregory,bryanmichael@example.org,South Natalie,37
6311,Richard Kim,grimesdavid@example.com,East Heather,54
2425,Alicia Ryan DDS,sarahdaniel@example.org,Hammondtown,24
4139,Kayla Bailey,edwardsjesse@example.net,Lake Kathryn,66
3857,Wanda Moss,smithashley@example.org,Maryshire,20
860,Jeffrey Herrera,mcdanieljulia@example.com,Williamsville,31
5368,Patricia Jensen,keith74@example.net,Scottside,66
7895,Denise Gonzalez,djohnson@example.com,Lake Catherineside,69
8383,David Parker,erichenderson@example.org,West Jeffreyfort,34
7612,Eric Davis,smithwalter@example.com,Smithfort,19
8736,Miss Lauren Murphy DDS,carolyngardner@example.com,Lake Melanie,54
4740,Darren Martin,scarter@example.net,Markborough,19
9191,Raymond Lawrence,stacey13@example.com,Collinsburgh,19
4463,Leslie Anderson,hkent@example.net,Clarkberg,30
5529,John Harvey,olivia52@example.org,New Jeffrey,65
1365,Martin Hill,coreysmith@example.com,West William,52
1780,Laura Martin DDS,omelendez@example.org,Michaelbury,29
6113,Edward Levine,suzanne04@example.org,West Shannonstad,64
4786,William Kirk,jjohnson@example.com,North Ronniemouth,36
6598,Raymond Clark,kimberly87@example.com,North Thomasport,35
1819,Shannon Reed,dshepard@example.net,Rayside,52
8114,Elizabeth Lee,gglass@example.org,Nicolefurt,70
4938,Nicole Johnson,marisa87@example.com,Port Christopher,19
2705,Gregory Massey,jenniferkramer@example.org,Lake Williamville,60
5286,Donald Hess,fluna@example.org,East Tammy,61
176,William Gilmore,brianjimenez@example.com,East Molly,20
9413,Michael Nguyen,bennettsheila@example.org,Spencerhaven,55
2094,Dennis Cole,pjohnson@example.com,Natashashire,39
9263,Tonya Gonzalez DDS,twilliams@example.net,North Lauriechester,66
3492,Larry Woodward,medinajeffrey@example.com,New Scottberg,25
1921,Tristan Young,janet55@example.net,Lake James,33
83,Becky Wood,kimberlyhernandez@example.net,Lake Wandafurt,22
817,Dawn Smith,davidrhodes@example.org,Markhaven,36
8775,Robert Gardner,invalid-email,Stephanieside,62
7648,Kimberly Nguyen,invalid-email,West Darryl,69
4397,Cameron Norris,,Miguelshire,36
7043,Susan Fernandez,michael27@example.com,Sheltonshire,150
5569,Alan Case,brian95@example.net,New Tylerstad,36
284,Heather Jacobs,johnwilson@example.net,Christinestad,62
4121,Stephen Rogers,gilbertjacqueline@example.com,Michaelberg,31
9120,Linda Campbell,james69@example.net,New Donaldport,70
610,Ariana Stout,burtonjulie@example.net,New Karen,68
2916,Brittany Mitchell,tgalloway@example.org,Langmouth,28
1814,Michael Davis,nicholasjones@example.com,East Angelaland,23
1272,William Casey,amanda09@example.org,Traceyborough,55
9388,Jason Sharp,sally47@example.org,South Joshuaburgh,18
3033,Don Ellis,brooksandrew@example.com,East Andres,50
2995,William Howell,ijenkins@example.org,Lake Danieltown,18
8161,Ashley Fritz,mathew28@example.org,Hollowaystad,37
6977,Elizabeth Thomas,toni08@example.com,New Kathleenshire,22
7650,Brandon Jackson,valerieholt@example.org,Dianachester,23
2643,Steven West,campbellthomas@example.net,Robleshaven,69
7633,Derek Dean,meganbonilla@example.net,Hortonshire,41
4509,Sarah Ball,invalid-email,Port Sandra,59
2306,Cindy Vargas,hannah28@example.com,Lake Terryside,68
6773,John Patterson,reidelizabeth@example.org,Port Mark,32
6522,Cynthia Powers,brendaosborn@example.com,South Jason,32
4196,Richard Dennis,kburns@example.com,Richardsonview,65
5563,Cody Davis,vmckinney@example.org,Richardshire,36
4841,Douglas Henry,wrhodes@example.com,Burnettmouth,20
4656,Amanda Little,kellysuarez@example.com,New Deborahburgh,30
8333,Michael Crawford,cookmichael@example.org,East Carmen,31
4169,Julia Roy,calebjuarez@example.org,Hillstad,44
3850,Joseph Perez,mark14@example.com,Michellemouth,47
40,Sandra Carter,dlee@example.org,Andreaview,32
8566,Pamela Rush,jessicamcclure@example.net,Jaredstad,45
5254,Hector Cunningham,osanchez@example.com,Lake Lacey,67
9765,Kayla Reed,lopezsabrina@example.net,Mooreton,23
5534,Jill Graves,cynthia46@example.com,Seanburgh,61
2415,Cheryl Douglas,turnermichael@example.net,East Cindymouth,22
3555,Michelle Wood,lindsey81@example.com,South Michael,61
4692,Cindy Hogan,jamiehuerta@example.com,South Mathewton,23
4499,Lori Fowler,vlewis@example.net,Garrisonberg,34
2196,James Garcia,alan97@example.org,North Lisa,65
5046,Charles Moore,frederickfoster@example.org,Martinezstad,23
2601,James Kaufman,ameyer@example.org,Jasonborough,59
1519,Kenneth Wright,dennis35@example.net,Lindastad,43
4765,Jane Wells,michelle18@example.net,Lake Charlesland,52
4315,Terri Stuart,shawn05@example.org,Port Kaitlinmouth,19
3367,Lori Smith,stephanie36@example.net,Christopherfort,20
7304,Megan Duncan,washingtondavid@example.org,West Shirleyfort,61
7609,Robert Baker,robert09@example.com,Williamside,55
2634,William Bryan,harellano@example.net,Lake Jacquelinemouth,49
9803,Deborah Lewis,spenceranthony@example.org,Jonathanton,39
5634,Jennifer Herrera,pmendoza@example.com,North Jennifer,64
9097,Michael Gomez,benjamin13@example.com,Patriciaton,29
5923,Adam Davis,lmorales@example.net,South Alexandrabury,37
8966,Amanda Harris,julie70@example.net,Jacobsshire,37
2435,Ashley Thompson,lknight@example.com,Port Mary,43
8441,Amanda Brown,alexandriamontgomery@example.org,East Hollyhaven,21
7034,Miss Amanda Davis,beckermichael@example.net,Port Paulport,19
7244,Anthony Castro,vbrown@example.net,New Katrina,19
8853,Stephen Peterson,gary12@example.com,West Nicolefort,26
4521,Michael Jones,courtneycollins@example.com,Lake Melissaborough,36
5588,Christopher Webb,williamkerr@example.com,Staceyburgh,59
3546,Elizabeth Ray,olsonashley@example.com,Davidtown,21
9021,John Meyers,albertjefferson@example.com,East Brian,57
6241,Amy Campbell,glennoneill@example.org,Port Edward,55
8983,Tiffany Horton,nshelton@example.com,Karenfort,25
5532,Erik Jones,mtaylor@example.org,West Katherine,34
5445,Tammy Blair,hchandler@example.org,West Katrinaton,34
518,Peter Miller,conwayalex@example.com,South Gilbertberg,29
7424,Dave Torres,,North Markmouth,53
7144,Rebecca Moore,ianthony@example.com,Courtneybury,36
9265,Amanda Sullivan,gsullivan@example.net,South Paulland,40
8249,Eric Hardy,mcdonaldstephanie@example.com,Monicachester,60
1416,Kathleen Haley,glendajones@example.com,North Curtismouth,60
4665,Rachel Bailey,,Reedtown,40
4457,Laurie Stout,fcarter@example.net,Heatherton,37
2762,William Guzman,adam52@example.org,Sandrafurt,55
5912,Victoria Sexton,freemanrandy@example.org,Wardport,62
4856,Daniel Jimenez,rwilliamson@example.net,South Kellitown,0
9038,John Brown,lancegibson@example.net,Murillomouth,18
128,Christine Ortiz,hmurphy@example.com,Jerrymouth,39
3475,Tiffany Williamson,invalid-email,East Justin,66
8874,Patrick Carpenter,alfred65@example.org,Cuevaston,56
4311,Angela Haley,weaverkelsey@example.com,Williamberg,60
2439,John Fischer,howardsteven@example.com,New Bridget,46
3766,Michael Rodriguez,reevesthomas@example.org,Stevensonmouth,33
7430,Tony White,suealvarez@example.org,New Daniel,27
9497,Mrs. Erin Chapman,phillipskatherine@example.com,Lake Annaville,22
6082,Shawn Carter,webblaura@example.net,Katherineborough,58
6473,Alexis Davis,vfrye@example.net,Mcdanielmouth,51
9967,Tracey Anderson,lorifarrell@example.com,South Kelsey,41
1474,Donna Turner,moorejeffrey@example.com,Lake Michael,32
4822,Gary Cole,riddleelizabeth@example.net,Shannonmouth,43
7196,Dominique Sanchez,ewhite@example.com,East Williamburgh,19
3561,Brittany Ramirez,sbrady@example.org,Port David,36
3952,Tara Roberson,fergusonandrea@example.org,Brownport,52
50,April Martinez,tiffanysweeney@example.net,Christinatown,26
5438,Dennis Mooney,ramirezbeverly@example.com,Williamstad,20
9190,Carl Harris Jr.,,Port Amberfurt,30
888,Joseph Mendez,christopher37@example.org,New Michael,61
6044,Jessica Williamson,lindareilly@example.net,Thomasshire,54
2617,Mary Hays,thomas59@example.net,East Jasonborough,28
517,Kayla Holder,padillaryan@example.com,Burtonfurt,41
3169,Michael Logan,holly26@example.net,Cindyville,69
2950,Joseph Coleman,david79@example.net,Rasmussenberg,61
1425,Amanda Johnson,cpineda@example.org,New Antoniotown,39
140,Victoria Le,hopkinslori@example.net,Port Amanda,51
1925,Rebecca Lindsey,uchase@example.com,Lake Gregorytown,60
2379,Elizabeth Thornton,rachel63@example.com,Lake Johnny,26
3198,Ashlee Brown,andrea36@example.org,Amyport,43
5132,Janet Marquez,erichardson@example.net,Morrisonview,47
113,Cindy Welch,linda30@example.com,New Kylie,49
4560,Ashley Baker,carrolldawn@example.org,Lake Mark,63
4596,Christina Hall,melanietaylor@example.net,Dalechester,23
7590,Cesar Jackson,andrew43@example.com,Justinland,24
3251,Heather Copeland,rachelharmon@example.org,Mcguireshire,64
4691,Amanda Barnes,jessicalittle@example.com,Port Dylanview,53
7751,Brenda Morgan,jessica33@example.net,West Charles,40
8082,Lauren Burns,nstone@example.org,Jonesport,49
4547,Marie Williams,myates@example.com,Wheelerview,36
7094,David Durham,cperez@example.net,Stevenchester,31
3278,Suzanne Lee,hamiltonanna@example.com,Cliffordchester,60
8460,Anna Smith,,South Justin,51
3400,Dr. Jeffrey Barr Jr.,davidwebster@example.net,Lake Christy,45
4069,Melissa Hunter,tracyrodgers@example.com,West Jessica,37
4409,Evelyn Byrd,john63@example.com,New Brianberg,70
6406,Madison Cordova,bjones@example.net,South Rebecca,57
8761,Jason Young,ashley77@example.org,Donnaberg,31
7678,Randy Holland,npeterson@example.net,Frenchchester,33
3223,Michelle Andrews,smiles@example.org,Whiteheadtown,64
8374,Jacob Dixon,gibsonjennifer@example.com,Maryshire,32
452,John Jackson,joshuabarton@example.org,Walshchester,29
3732,Amber Greene,oconnellbarbara@example.net,Stephenberg,59
9134,Sarah Lucas,bharris@example.net,Lake Bethany,61
4987,Christina Jackson,frank81@example.com,South Michaelmouth,51
3664,Stephanie Wright,utaylor@example.net,Hendersonhaven,68
2764,Nicole Villarreal,rwatson@example.org,East Hectorborough,45
659,David Wright,hansenmatthew@example.net,North Kristinfurt,35
9813,Daniel Lloyd,istafford@example.com,New Phillipbury,35
7986,Nicole Davis,yharris@example.net,New Tracybury,26
4621,Jonathan White,lewisrobert@example.com,Bradleyhaven,18
1000,Amy Wells,carterjavier@example.net,Cindymouth,36
390,Melissa Robinson,zgilmore@example.com,Sarahfurt,25
3408,Howard Ballard,perezmaria@example.com,Robinside,19
1477,Jenna Garcia,shill@example.org,Longshire,26
2241,David Sexton,maddoxelizabeth@example.com,Stephanietown,61
2387,Ellen Anthony,reginadominguez@example.net,Elizabethchester,36
9324,Dylan Olson,crystalmeyer@example.com,Lake Sarah,70
993,Matthew Cordova,jacquelinethompson@example.net,Michaelland,39
4998,Christine Mitchell,brendajohnson@example.net,West Danielville,27
3923,Virginia Mitchell,michael31@example.com,Youngfort,57
2973,Lori Williams,natasha64@example.org,Amyside,33
3387,Anne Peterson,ynolan@example.net,East Pamela,27
8792,Peter Curtis DDS,lisacosta@example.net,North Johnny,36
9483,Jeffery Oliver,rrodriguez@example.net,Christinahaven,42
7811,Edward Chavez,sbailey@example.com,Burketon,41
4770,Tiffany Wright,maria62@example.org,East Stefaniebury,70
1294,William Cross,crawfordpeter@example.com,Port Justinburgh,68
1825,Vincent Gill,udixon@example.com,Paulburgh,28
2874,Anthony Bradley,cnunez@example.com,Xavierbury,48
4174,John Berry,unelson@example.net,West Dawnfort,66
2536,Robin Terry,lindseypalmer@example.org,New Amy,55
9317,Keith Klein,rachelweber@example.com,Micheleborough,19
1908,Crystal Rodriguez,stephanieriley@example.com,Sabrinaburgh,66
43,Jessica Fletcher,amyschwartz@example.org,Bakerside,62
9684,Misty Smith,kaitlin25@example.com,Amyborough,59
369,Brian Zamora,davisscott@example.net,Port Annhaven,57
6034,Bradley Collins,rodriguezhannah@example.org,Wendyberg,41
1152,Mark Edwards,coltonwilkinson@example.org,Shellyview,69
8067,James Bird,susan27@example.com,North Caitlin,51
6625,Mark Rodgers,chandleralexander@example.org,Castilloview,52
6915,Alexander Jones,jenniferhall@example.org,Bryanborough,68
9448,Francisco Vargas,patricknelson@example.net,Heatherview,47
7826,Monica Price,tuckerpatricia@example.net,Port Patricia,59
4161,Brian Hart,laurenhall@example.org,Lake Robertshire,70
4288,Amanda Hunt,kjohnson@example.net,Adamshire,54
8090,Gregory Garza,yolanda13@example.com,Melindaville,43
9367,Elizabeth Lamb,chadjohnson@example.com,New Justin,66
175,Jay Anderson,sabrinagreen@example.net,Kristinstad,46
1904,Brittany Dean,antoniowilson@example.com,Karentown,49
1100,Laura Bates,michelleroach@example.net,Stevenberg,24
8316,Valerie Powell,danielmurray@example.org,Markstown,20
3409,Terry Kemp,sjohnston@example.com,Shannonmouth,29
1539,Shane Roberts,tburnett@example.org,Wendyhaven,18
2293,Chelsea Anderson,laurajohnson@example.org,South Tamara,39
9488,Kyle Sharp,christopherpope@example.com,East Patrick,52
1364,Rebecca Richards,eugene89@example.net,Port Rebeccaborough,44
7262,Erica Chen,valdezashley@example.net,Lake Juanshire,63
9238,Heather Lee DVM,robertmarsh@example.org,Morrisonfort,20
5261,Isaac Pruitt,herreraderek@example.org,North Tylerberg,44
7093,Crystal Ramos,wmiller@example.org,Aguirreton,25
7339,Eric Oneill,justinmendoza@example.com,Wellsborough,50
681,Amber Arnold,alejandrolawrence@example.com,Port Kaitlyn,56
9503,Nicholas Brown,yjenkins@example.net,North Dean,25
7958,Christopher Powell,xramirez@example.org,West Haleychester,65
3665,Karen Alexander,invalid-email,Rodriguezborough,53
1662,Robin Baker,mooremelissa@example.com,East Aaron,44
509,Jacob Taylor,josewhite@example.org,Georgechester,53
167,Steven Thompson,xcunningham@example.net,Jessicashire,65
5498,Timothy Hunter,rachel58@example.org,Port Anthonystad,37
8463,Jessica Carter,david66@example.org,East Marciachester,54
1007,Madison Wood,tyler26@example.org,Kennethton,40
8516,Diana Dixon,robert50@example.com,Knappshire,55
1915,Kevin Scott,cward@example.org,Erinshire,38
3495,Michael Nelson,brownmichelle@example.com,Jeromestad,32
9828,James Hoffman,burnsjohnny@example.net,East Kendra,63
9945,Douglas Rice,kayleemiller@example.net,Port Jessica,41
6712,Angie Marshall,bbenson@example.net,South Corey,30
4991,Jennifer Todd,bhancock@example.org,Amandamouth,46
2537,Adriana Nelson,richardsmith@example.net,Thorntonside,57
1105,Matthew Tran,,Robertston,41
3876,Adam Perez,tiffany88@example.net,Lake Jenniferville,43
7824,Scott White,,Samanthaborough,51
1753,Caitlyn Trevino,bankskathleen@example.net,Nguyenburgh,23
5311,Keith Morales,osbornemichael@example.net,Brownmouth,64
5953,Jason Espinoza,andersoncynthia@example.org,Harrisborough,38
7253,William Mitchell,prattmichelle@example.com,New Heather,0
2917,Stephanie Manning,barnettmichael@example.net,Fisherport,67
8290,James Cooley,,Lake Bobby,62
5755,John Anderson,dennisrodriguez@example.org,Frankfort,38
153,Elizabeth Reed,jbrown@example.net,Johnstown,25
8001,Danielle Mccarthy,howardkennedy@example.com,North Randyburgh,59
5680,Cheryl Johnson,qperez@example.net,Port Kimberlyport,19
3908,Tasha Griffin,alexandra23@example.org,New Jackiestad,51
9320,Tara Hernandez,timothy41@example.net,New Ericaburgh,57
2553,Angela Clark,mike17@example.com,New Amanda,37
2774,Adam Reed,davismatthew@example.net,South Alyssa,41
6351,Mary Collins,mariahfreeman@example.net,West Brenda,52
3552,Steven Mccall,vtaylor@example.com,Garciaside,41
3723,Brooke Lowe,victoria65@example.com,Davismouth,59
6912,April Aguilar,,Bankshaven,19
521,Carlos Walker,jessicabrown@example.net,North Kimberlyport,29
8276,Jacqueline Fowler DVM,vanderson@example.org,Downsville,40
4539,Joyce Oconnor,millerrodney@example.com,Carsonhaven,27
6176,Cristian Thomas,kaitlyn42@example.com,Taylorville,59
7054,Christopher Erickson,oliverdylan@example.com,Port Elizabeth,37
1823,Casey Dixon,petersonjames@example.org,Alvarezfort,58
4087,Meagan Stone,yrobinson@example.org,Guerrerofurt,48
6404,Joseph Riley,sanchezdawn@example.org,Donaldshire,57
8918,Matthew Simmons,invalid-email,Wendyfurt,45
8401,Paul Cruz,thomaspeterson@example.com,Susanview,42
8055,Natalie Jones,,South Ryan,64
310,Charlene Walsh,gonzalesbenjamin@example.com,South Tiffany,30
8032,Spencer Hale,invalid-email,East Jamesmouth,47
6736,Shannon Simon,huynhamber@example.org,North Danielview,47
7606,Stephanie Bates,harperamber@example.com,Parkershire,46
3600,Cindy Steele,rose34@example.net,West Lisafurt,57
3623,Megan Jones,lydialove@example.net,Rodriguezfort,53
3812,Stacie Nguyen,harveychase@example.org,Jimenezmouth,55
6006,Christopher Mitchell,blevinspatrick@example.net,Port Shirleyshire,53
3451,Jennifer Arnold,amygutierrez@example.org,North Hannahfort,42
4592,Karen Williamson,nbarry@example.com,Jeffreybury,41
206,Tyler Estrada,adavies@example.org,Mcdanielport,58
3974,Ronald Shields,andreahess@example.com,Kristishire,19
1136,Matthew Nguyen,hurleysean@example.org,Frankview,60
9572,Joseph Miller,broberts@example.org,Garciabury,26
2750,Maria Stewart,martharomero@example.org,New Chelsea,21
3614,Mary Flores,cpham@example.net,West Mark,60
306,Rachel Dixon,cynthialeon@example.net,Hicksfort,54
1850,Russell York DDS,emeyer@example.net,East Carlosville,67
6713,Joseph Herrera,wendy62@example.org,Dianeborough,57
9251,Jennifer Morris,jessicajackson@example.net,Port Laurenberg,32
1989,Jill Mullen,valerie97@example.net,Michaelbury,48
3241,Sherry Hughes,mthomas@example.com,Steeleside,60
2799,Meredith Diaz,fordsuzanne@example.org,Valeriehaven,46
4516,Matthew Terrell,dmclaughlin@example.net,Masonton,39
5631,Patty Massey,jamieherrera@example.org,Lake Calvinview,23
8025,Sabrina Butler,elijah49@example.com,North Thomasstad,20
3110,Stacey Garcia,vincentkyle@example.org,Jesseborough,23
4940,George Morris,ralph07@example.com,Williamsonport,-5
4060,Crystal Cooper,nbartlett@example.org,Simmonston,18
1988,Christopher Parsons,garcialindsey@example.com,Ryanshire,18
8348,Laura Dickerson,pstone@example.com,Angelachester,69
9053,Terri Rogers,nortonjeremiah@example.com,Tiffanyville,44
6884,Jerry Rubio,andrescook@example.org,West Ronald,51
384,Kimberly Thompson,brian06@example.com,Anthonyberg,23
5635,Kelly Scott,pwhite@example.com,Port Morganshire,25
4308,Mark Smith,connertamara@example.com,Blakeborough,47
3389,Sandra Morse,frobinson@example.org,Jamieville,69
3157,Angelica Sanders,nicolehartman@example.com,West Teresa,61
6054,Douglas Wang,sarahmanning@example.com,East Ellen,59
4517,Paul Weaver,hollandalison@example.net,South Kelseystad,34
2728,Rodney Sexton,castroandrea@example.com,North Steve,34
6597,Hannah Kelly,deannaroberts@example.org,Larryview,34
8769,Latoya Barnett,nicolelopez@example.com,Hannahhaven,42
8859,Riley Jones,shepardrichard@example.net,Shanetown,30
8771,Tony Jackson,cwalsh@example.net,Lake Danielchester,36
9390,John Newton,melissa52@example.org,Silvaview,52
3833,Michelle Diaz,matthewcooper@example.net,South Chelseaberg,50
8880,Andrew Peterson,sorozco@example.com,Annaborough,36
4777,Danielle Hawkins,kiarahopkins@example.net,Jasonville,48
4277,Jessica Terrell,bernard41@example.net,Crystalhaven,60
254,Patricia Boyd,kstevens@example.org,Kennedyton,65
6430,Allison Vega,angel50@example.com,Jonton,58
9784,Stephanie Simmons,jbarton@example.com,Lake Crystal,20
7580,Victoria Jones,flambert@example.net,Andrewstad,66
279,Robert Gray,mariahterry@example.com,Lisamouth,28
3253,Shane Adams,pbarr@example.net,Nicholasberg,50
2481,Thomas Keller,gmay@example.net,Sarachester,43
290,Daniel Stewart,nmccarthy@example.net,Collinsville,21
6339,Marie Simpson,christinaneal@example.org,Lake Susanchester,24
3076,Dr. Derek Johnson,,Port Michaelstad,-5
4074,Kenneth Guzman,jsimpson@example.org,North Amyborough,65
7951,Marisa Fisher,dunnbrenda@example.org,Kellyfort,25
6670,Tracy Hall,catherinejohnson@example.org,Bassfurt,68
6109,Aaron Scott,pricekathleen@example.org,Francisshire,52
5090,Mrs. Nicole Ross,jhickman@example.org,Moorefort,69
6956,Kathryn Fields,cjenkins@example.net,Lake Vincentside,51
8324,Linda Price,ffigueroa@example.com,Mcclurefort,52
9912,Veronica Bentley,darrellgonzales@example.org,Williamsbury,57
8567,Jennifer Snyder,brookesilva@example.org,New Angelville,47
9138,Hayley Davis,dsnyder@example.com,East Pamela,61
7978,Randy Reese,martin98@example.org,Port Deborah,25
8069,Alexis Farley,michaelyu@example.org,Lake Jacqueline,22
271,Seth Smith,tedwards@example.net,South Charles,45
6010,Bethany Phelps,invalid-email,Matthewchester,18
4571,Shane Velazquez,rebecca36@example.net,West Brian,25
8178,Susan Smith,jacob33@example.org,South William,33
3566,Laura Brown,gbrooks@example.net,Carolynfort,41
2972,Susan Rivas,slee@example.com,South Johnchester,22
6453,Marvin Hernandez,david81@example.net,Porterville,35
8944,Timothy Avila,tinagonzalez@example.org,South Joseph,150
4208,Regina Smith,smithlucas@example.net,West Benjamin,66
3219,Crystal Powell,kvelazquez@example.net,South Cynthia,70
1392,Joseph Alexander,gpope@example.net,Port Thomastown,56
3976,John Roberts,leah67@example.com,West Maryport,59
4317,Denise Weber,yware@example.com,Adamsmouth,43
6970,William Wood,eric29@example.net,Greenstad,53
7638,Pamela Winters,brandondavidson@example.net,Ramireztown,62
7743,Vanessa Hill,bennettannette@example.net,Port Francisco,52
84,Connie Miller,robinsondavid@example.net,Bennettside,27
874,Alison Pugh,elizabeth17@example.net,Port Jacob,64
9800,Susan Morton,justin36@example.com,West Jeffreyland,26
9381,Joe Williams,jason06@example.org,Kylebury,66
4558,Theresa Sexton,heathermiller@example.org,West Ashleyview,63
4501,John Barr,,North Carlosport,32
4648,James Golden,gabrielle79@example.com,Lake Robert,55
2039,Amber Davis,yfisher@example.com,Victorland,31
9949,Harry Jackson,knorris@example.org,Port Jenniferton,25
7190,Sandra Black,stephanie31@example.org,Penningtontown,40
2451,Allison Williams,birdheidi@example.net,Griffithchester,19
3955,Jeffrey Stevenson,kellymiller@example.com,Atkinshaven,48
2330,Charles Lopez,lburton@example.net,Ashleyland,51
9308,Megan Petty,invalid-email,Port Caleb,43
6243,Courtney Tucker,fieldstimothy@example.com,Josephchester,66
9250,Michael Kirby,jennifer53@example.net,Nancyhaven,31
5043,James Hays,maryferguson@example.net,East Sarah,49
9552,Mark Garcia,katherine75@example.com,Stephaniestad,42
4747,Casey Oliver,ronniedonaldson@example.net,Smithtown,31
9555,William Pierce,robinsondaniel@example.net,Brendaville,31
8389,Kevin Ayers,kathryn03@example.com,Jeffreyton,43
7224,Randy Aguilar,rebeccaevans@example.com,Bellbury,39
6909,Kimberly Cooley,brendajohnson@example.com,Tinaburgh,26
6621,Tiffany Barron MD,raymond72@example.com,Robinsonmouth,49
2402,Taylor Gonzalez,patricia35@example.org,Terryburgh,39
5521,Tiffany Ashley,tony29@example.org,Johnsonside,68
1217,Connie Hall,christopherjones@example.com,East Danaburgh,34
8870,Amber Hansen,wjenkins@example.org,Port Todd,63
6021,Amanda Williams,austinwood@example.com,Derrickport,70
7145,Antonio Lopez,haleshawn@example.net,Lucasberg,52
1065,Kelly Johnson,richard07@example.org,Paynefort,61
3787,Justin Crane,joseph90@example.net,East Marieborough,56
4411,Benjamin Quinn,williamsjames@example.com,New Williamtown,26
8940,Melanie Dunn,,Stevensmouth,25
8098,Kiara Anderson,jason19@example.org,Kingburgh,70
5524,Tricia Foster,megansavage@example.com,Teresaburgh,32
5997,Chad Rivera Jr.,jasminjuarez@example.net,Carolchester,65
9011,David Jones DDS,tanyarusso@example.org,Carpenterberg,30
5889,William Mitchell,invalid-email,New Danielle,65
2162,Mr. George Becker,nicole95@example.com,New Juan,37
3009,Roy Rogers,jessicafranco@example.com,North Sandytown,33
1106,Lori Mccann PhD,david87@example.net,Michelleside,52
6926,Kimberly Burke,ashleyarcher@example.com,New Kaylabury,41
693,Laura George,estone@example.net,Collierport,59
8773,Courtney Combs,lori06@example.com,Mcphersonfort,27
4957,Crystal Lee,markcopeland@example.org,Yolandaland,43
6868,Christina Allen,sherry25@example.com,Meganberg,32
9046,Chris Lee,othomas@example.net,Bellmouth,0
4370,Danny Gilbert,simonashley@example.net,Washingtontown,66
2766,Michael Santos,gina23@example.com,Coleberg,42
3930,Jessica Compton,bthomas@example.com,New Alyssafurt,70
7421,Riley Flores,cwilliams@example.com,New Scottport,39
8911,Robert Snyder,danieloconnor@example.org,Lake Kevinbury,49
7832,Dr. Christina Sanchez,robinbarr@example.net,Crystalstad,42
6664,John Diaz,jay58@example.net,Matthewfurt,37
629,Angela Farmer,brandon12@example.org,Lake Jochester,39
2452,Emily Foley,eatondawn@example.com,Hollandhaven,40
6501,Joel French,patrick60@example.org,Alexiston,43
6849,James Warren,kruegerdarryl@example.org,Christinaton,52
3825,Sarah Jones,martinezdavid@example.com,South Reneeview,46
9159,Stephanie White,kristindavis@example.com,North Robin,39
2653,Maria Craig,brentbaxter@example.com,West Corey,63
9291,Mark Sullivan,myersjeff@example.org,North Jeanettechester,58
3744,Jessica Martin,johnsonjesse@example.org,Millerberg,150
2177,Madeline Cunningham,jvelez@example.com,Deborahshire,31
2166,Shaun James,brian47@example.net,South Johnnyside,38
9451,Dana Christensen,kathryn72@example.org,Hollandberg,39
3319,Todd Mahoney,john60@example.com,North Jennifer,66
6608,Mrs. Kristin Ferguson,jedwards@example.com,Kruegerbury,32
2788,Shelby Houston,dixonhayden@example.net,Connermouth,26
4106,Jason Porter,jasmine37@example.com,East Michelle,21
6622,Eric Reed,austinnathaniel@example.com,Diaztown,42
1677,Julie Villa,dgiles@example.net,North Jasonburgh,40
3948,James Hill,nicholas83@example.net,Martinezfurt,21
4445,Douglas Harris,joefernandez@example.net,Reedmouth,58
2937,Sara Pitts,kimberly46@example.com,Millerfurt,69
6932,Kimberly Kirby,mackdavid@example.net,Leonburgh,55
8193,Timothy Flynn,vchen@example.net,East Derekburgh,29
5723,Ryan Mayo,brent71@example.org,Steveland,54
7736,Kathryn Harris,alexanderschmitt@example.com,Hughesland,31
2504,Brian Sherman,william95@example.com,West Darinburgh,32
8649,Danielle Kelley,ellisbrandon@example.com,South Mary,20
2370,Randall Howell,aweaver@example.org,Port Heatherport,34
4968,Tyler Dawson,paulbrown@example.com,Kelseyborough,47
5884,Samantha Owen,ggomez@example.net,New Derekton,68
2218,Bradley Ramirez,shardin@example.com,Lake Cynthia,30
5848,Gregory Holloway,michael46@example.com,South Heidiland,54
2219,Jennifer Farmer,johngarza@example.net,North Timothy,54
3327,Sean Morrison,stephen39@example.org,South Charleston,43
7008,Benjamin Porter,michaelsmith@example.com,Aprilfurt,52
3584,Hector Morrow,curtis98@example.com,Michealshire,25
4641,Felicia Johnson,,Smithside,30
3620,Shelley Johnson,nicole81@example.net,Maldonadofurt,36
6218,Melissa Khan,swright@example.com,West Ashley,20
9491,Kristen Riley,erika39@example.com,North Sabrinafort,64
6699,Kyle Rhodes,eprice@example.com,Port Charles,49
3116,Aaron Zavala,arielmcintosh@example.org,Lestertown,44
86,Vanessa Valdez,bowerschristopher@example.com,Robinsonberg,60
8635,Victoria Jacobs,wardlogan@example.net,Garciaberg,44
5974,James Ward,jennifer61@example.net,Jenniferside,27
2802,Misty Waters,valenzueladorothy@example.net,West Jacqueline,51
3672,Susan Prince,sotoleah@example.org,Stephenville,34
3668,Matthew Lamb,dmckee@example.org,Mariahbury,30
9992,Kari Cook,sarah04@example.com,Butlershire,52
5159,Shawn Castillo,klarson@example.com,Mcculloughshire,50
5726,Matthew Rodriguez,,Fritzmouth,42
4591,Shannon Santana,garzajennifer@example.org,Austinchester,33
2020,William Baker,bryanrodriguez@example.com,Port Meganton,56
8146,Robert Savage,qmartinez@example.com,Ryanshire,49
2526,Michael Aguirre,byrdrichard@example.org,New Reginaton,50
8789,Melanie Haney,,Elizabethton,26
9183,Monica Roman,darryl31@example.org,Port Elizabethside,19
3213,Susan Boyle,christopherbarr@example.org,Zacharyfurt,48
520,Sheryl Chapman,rodriguezjason@example.com,Port Ernest,23
5367,James Jimenez,haneykayla@example.net,Carrieside,61
7038,Doris Chandler,pkirby@example.org,South Michaelchester,44
2896,James Maldonado,christinacompton@example.net,Helenshire,63
245,Jacob Obrien,stephaniehaney@example.org,Youngville,25
5931,Gary Craig,wgiles@example.com,North Christina,32
4715,Michael Brown,zimmermanchristine@example.net,Andersonmouth,26
9395,Jessica Newton,umiller@example.com,Bennettchester,30
3426,Michael Campos,michael43@example.com,Pamelaview,61
7012,Denise Jones DVM,brandonmorris@example.net,West Isabella,70
7212,Chris Taylor,ryanosborn@example.net,Ellenview,18
7169,Jo Frost,dalerodriguez@example.org,Laurachester,30
6905,Robert House,whitejulia@example.org,Cindyfort,39
6436,Sergio Johnson,dmurphy@example.net,Sanderschester,43
7540,Lance Gordon,tina00@example.com,Davidberg,32
5510,Adrienne Torres,jasonjones@example.com,Jacksonland,21
6298,Sharon Reed,vburns@example.com,West Ana,69
2002,Matthew Holmes,pphillips@example.net,Port Danielport,64
886,Dr. Michael Rush,henryfrazier@example.com,Lopezberg,41
870,Jennifer Arnold,david25@example.net,Port Angela,28
9883,John Howard,paulabennett@example.org,Darrenshire,19
5721,Victor Schultz,carpentercassidy@example.org,Lake Meredith,24
357,William Walters,william85@example.net,North Lauren,64
1863,Jade Blankenship,qrichmond@example.net,Nicholasland,65
5452,Michael Snyder,hpage@example.org,West Maxwellport,19
8356,Kyle Parker,charlescombs@example.net,North Joshuaberg,69
8377,Samuel Rodriguez,russellcaroline@example.org,Ruthstad,27
8015,Troy Rogers,owenmaureen@example.com,Annaview,24
1276,Phyllis Baldwin,ehopkins@example.org,Costastad,27
1891,Shawn Huber,danielsmith@example.org,Collinsstad,19
8861,Matthew Smith,,New Rachelstad,31
7819,Sarah Mueller,parkertiffany@example.org,Port Jamesshire,24
6839,Jon Barnes,fcampbell@example.net,West Anthony,46
9370,Mrs. Rhonda Gillespie,jessicafranklin@example.net,South Hunter,21
3564,Kenneth Novak,nevans@example.net,Sanchezton,20
5788,Christopher Mckinney DDS,richardweiss@example.net,East Darryl,19
4959,Alex Spencer,abullock@example.com,East Travis,31
1547,Donald Rice,jenniferlong@example.net,Lake Tiffanyfort,21
6194,Amber Thomas,ernest52@example.org,West Brett,59
2381,James Murphy,barbarawade@example.net,South Tammy,40
3824,Walter Carter,michellenelson@example.com,Lake Timothy,36
3233,Kathy Hayes,kevinfoley@example.org,New Jonathan,50
8564,Mr. Michael Harrison,justin96@example.org,Cartermouth,30
3307,Kimberly Rogers,randall06@example.org,Onealville,56
493,Taylor Jones,justinayala@example.com,Gutierreztown,58
3500,Eric Vargas,melissa73@example.com,Laurenfurt,64
6936,Jeffrey Hill,fostergary@example.net,Nicoleburgh,52
1117,Lisa Roberts,vjohnson@example.com,Port Sarah,49
5638,Monica Mclaughlin,earlcabrera@example.org,North Jenniferborough,70
8950,Mr. Willie Jackson MD,russellethan@example.com,East Matthew,53
6147,Laura Turner,qibarra@example.org,Katherineland,24
2754,Jeffrey Rodriguez,colemichael@example.com,Port Wesley,49
8951,Laura Santos,maryrivera@example.org,West Jakeside,30
8123,Martin Evans,obrienrebecca@example.net,South Christopher,50
9272,Kellie Walters,velazquezfelicia@example.com,West Walter,150
8785,Christopher Smith,plopez@example.com,Allenshire,49
9254,Franklin Taylor,warrenrebecca@example.org,North Michelle,54
3646,Ryan Curtis,pcarlson@example.com,New Jason,38
2501,Eduardo Morales,juan15@example.com,East Jeremyside,21
5678,Kristi Williams,invalid-email,Meyermouth,52
8166,Brian Bailey,baldwinkeith@example.org,Alyssashire,41
5242,Jessica Wiley,melissastafford@example.com,Parkstad,58
7524,Katelyn Gonzalez,burgessdeborah@example.org,Campbellstad,58
2784,Kevin Crosby,brandonbryant@example.net,Derekstad,69
6159,James Johnson,qboyd@example.com,Melindaport,32
3810,Kristin Silva,nicolecraig@example.net,Hayesfurt,34
6891,Joe Clark,linda57@example.net,Sanchezborough,37
8958,Katherine Molina,rosalesmaria@example.net,West Michaelport,60
8128,Gene Stevenson,zyoung@example.org,Robertmouth,29
1697,Dawn Boyd,daniel45@example.com,South Joshuamouth,27
5686,Alison Moore,schultzdevin@example.net,New Olivia,50
7465,Lindsay Pugh,sarahmurphy@example.com,West Carolyn,49
5940,Kimberly Henderson,dianaluna@example.com,East Jessicachester,69
2053,Scott Conley,ntorres@example.org,New Andrewburgh,62
1777,Kathryn Kane,dbartlett@example.com,Lake John,56
6831,Angela Jones,lcummings@example.com,Amytown,39
3314,Ashlee Juarez,crosbycory@example.org,Brandiport,22
4782,John Johnson,carlos65@example.net,Port Debbieland,34
8631,Michael Chapman,matthewrodriguez@example.com,New Teresafort,22
9654,Charles Merritt,clarkcharles@example.org,Johnfort,41
1593,Anthony Baxter,holmesdennis@example.net,Lake Lauren,49
1724,Sheryl Parks,cdavis@example.net,East Anthonyport,37
216,Eric Hodges,zrhodes@example.com,South Nathanielchester,30
6590,Jacob Johnson,ruthcook@example.com,Laneton,27
8420,Sherri Rodriguez,,West Andrew,60
491,Kathy Woods,urivera@example.com,Aliciaburgh,21
9318,Michael Meyer,steven82@example.org,Loriland,56
3484,Mary Simpson,bturner@example.org,Rowehaven,32
5103,Jennifer Hughes,james93@example.net,Dawnton,47
5188,Frank Jackson,dunnxavier@example.net,Fergusonchester,37
3432,Jonathan Gordon,,Gardnertown,60
6558,Jonathan Dixon,dwilliams@example.com,East Steven,46
8021,Sharon Miller,edwardmorrison@example.net,Burkemouth,60
6411,Nathaniel Mcdonald,caseyhart@example.com,Elijahbury,48
5514,Ashley Prince,xmartinez@example.org,North Brooke,64
26,Joseph Vaughn,invalid-email,New Christina,42
3513,Steven Gordon,greenhayley@example.com,Powersbury,67
2410,Nicole Olsen,tcallahan@example.net,Knappbury,38
3271,Jennifer Lawrence,lindsey86@example.com,Joannaton,51
5210,Kelsey Larson,rachelboyd@example.org,Robertburgh,43
8886,Susan Hart,qbean@example.com,Port Kent,24
1553,Pamela Smith,wolfmary@example.com,Port Micheal,38
9385,Miranda Smith,syoung@example.com,South Dustinhaven,50
8795,Ricky Paul,cray@example.org,South Barbara,24
3872,Jason Barrett,zsanchez@example.org,Ramosview,44
3403,John Wade,kochphillip@example.com,North Rebeccamouth,60
4530,Michelle Lee DDS,,Julieport,70
980,Elizabeth Moran,debrarodriguez@example.org,Marshallbury,55
2656,Charles Davis,butlerkeith@example.org,Lake Keithborough,20
1848,Zachary Rose,njohnson@example.com,Lake Ernestport,43
8244,Justin Wallace,westheidi@example.org,West Melissachester,19
8404,Nicole Compton,smithdaniel@example.org,Salasside,18
7434,Ashley Reed,wrussell@example.org,Lindahaven,45
7591,Dawn Mccullough,,New Samuelland,32
5722,Linda Cisneros PhD,amandathompson@example.com,Johnport,58
516,Jeffrey Ellis,brandtkyle@example.org,South Michaelhaven,33
7496,Christopher Waters,jennifergarcia@example.com,Kennethside,25
8461,Joshua Morris DDS,walkercindy@example.org,West Donaldmouth,37
1103,Vanessa Gordon,emily73@example.com,South Brittany,28
3277,Mary Ochoa,garzajacqueline@example.org,Port Staceyton,45
7507,Robert Burns,speters@example.com,Matthewland,28
7683,Christina Hurst,ypierce@example.org,Marymouth,21
9260,Katherine Powell,,Port Debbie,25
8501,Scott Hale,michelle10@example.net,Johnsonmouth,31
3997,Tracy Garcia,nguyensusan@example.net,North James,35
195,Deanna Francis,bbarron@example.net,Lake Jay,54
4712,Thomas Smith,pattersonkevin@example.org,Cannonton,31
644,Angela Steele DDS,thompsonmiguel@example.org,Tonyville,41
8554,Sara Daniel,wellison@example.org,West Juan,23
3286,Rodney Arnold,jonesangela@example.net,Port Richard,40
3117,Trevor Smith,martinezleah@example.org,Lake Carrie,22
9900,Troy Arnold,rpeterson@example.com,North Hailey,26
3576,Danielle Williams,invalid-email,Nicholasburgh,64
9206,Tina Evans,tracey04@example.net,Lake Arthurburgh,27
4321,Michele Bennett,ithompson@example.net,Kristitown,54
4270,Patricia Kim,,Smithside,58
2208,Joel White,angelawelch@example.org,West Jamestown,70
4553,Todd Reynolds,delgadomatthew@example.org,Johnsonchester,70
7608,Philip Eaton,heathermckenzie@example.net,Lake Laura,64
3719,Kelsey Rodriguez,patrick70@example.net,Jaytown,54
973,Scott Allen,amandahester@example.com,Port Nicolas,67
4580,Mrs. Jamie Perry,amy32@example.net,West Rachelborough,48
6517,Tristan Mitchell,xmay@example.net,Lake Crystal,46
720,Luke Villa,camposmary@example.net,Lake Ryan,46
6785,Thomas Spencer,troy09@example.net,New Joseph,49
6156,Mary Grimes,rreyes@example.net,Lake Danielberg,36
9621,Thomas Patrick,josephkaiser@example.com,Sloanland,28
3897,Keith Davis,peckchristopher@example.com,Lake Joseph,42
2804,Austin Wagner,stacy87@example.net,New Yvonne,26
2567,Stephen Hill,daughertynicole@example.org,Kimberlyport,27
4026,Anna Woods,harmstrong@example.net,Myersside,28
6199,Craig Zimmerman,carlherrera@example.com,Desireestad,59
33,Kelsey Mills,lisa72@example.net,North Marystad,44
8471,Mrs. Mary Fields DVM,austin17@example.com,East Nathanfurt,18
9009,Wanda Allen,twatkins@example.org,Ethanview,54
583,Jordan Hicks,whitecasey@example.net,Carolynhaven,57
4064,Travis Smith,stephen34@example.com,Kingchester,62
9129,Kristi Jackson,monicachavez@example.net,North Michael,32
5541,Sharon Graham,joycefoster@example.org,Lake Michael,41
1698,Brian Fisher,martingarcia@example.com,South Clintonfurt,33
2793,Matthew Cohen,dstephens@example.com,Jessemouth,50
2223,Cynthia Adams,davisscott@example.net,Paulview,58
5819,George Brooks,kylebaker@example.com,Port Christopherborough,27
9857,Kristina Johnson,cisnerosdeanna@example.com,East Jameston,61
3765,Rebecca Jimenez,stephen71@example.net,West Spencer,34
3867,Ricardo Johnson,amy65@example.com,Coreyside,50
7637,Amy Lynch,matthewwilkerson@example.org,West Michaelberg,70
8837,Christopher Hoffman,lross@example.com,West Christopher,53
9119,Theresa Joyce,joe76@example.com,Jameston,24
9288,Amber Crawford,saundersconnor@example.com,West Jaredborough,39
7367,Jose Pope,oortiz@example.com,Kathrynfort,24
3759,Sharon Mendoza,valeriecole@example.org,West Melissa,32
2832,Amanda Ochoa,robinsonjoshua@example.net,New Vickieside,24
3228,Heather Hughes,kennethguerrero@example.net,Parrishville,-5
8117,Alexis Beasley,hutchinsonrebecca@example.org,North Nicolehaven,25
3924,Christina Taylor,samuelramos@example.com,West Steven,67
3905,Kelsey Sutton,lori62@example.org,East Jason,63
2278,Jeanette Nguyen,tfernandez@example.net,East Jorgetown,45
7088,Steven Beasley,roberto43@example.net,North Richardview,53
1402,Joshua Freeman,katrinacooper@example.com,South Matthew,65
740,Danny Mcgee,rwebb@example.com,Foxstad,54
6553,David Russell,douglassmith@example.com,South Michael,22
4267,Jerry Vasquez DDS,jonathanconner@example.net,Carpenterville,30
1189,Rachael Gonzalez,deborahfry@example.net,South Ernestville,44
7646,Robert Watkins,mary20@example.net,Wrightton,23
7766,Mary Buck,olong@example.com,Lake Joshuashire,48
3852,Kathryn Woods,carolynfritz@example.org,Helenville,42
8805,Leslie Gutierrez,kflores@example.org,Lake Calebmouth,53
2662,Patricia Chapman,jade12@example.org,Lawrencetown,44
6775,Brianna Durham,tony73@example.net,Leeborough,46
8351,April Berry,jasonbutler@example.org,Smithside,67
675,Kayla Morales,,Faulknermouth,56
8304,Patricia Williams,kevin81@example.org,Paulberg,35
6954,Michael Perry,joshua09@example.org,New Nathaniel,29
3842,Dr. Mary Fernandez DDS,opittman@example.net,Richardshire,67
1816,Christian Henderson,lisajohnson@example.org,South Vanessaland,38
8499,Paul King,xevans@example.com,Lopeztown,26
5590,Cheryl Kramer,sean77@example.org,West Conniemouth,26
9389,Stephanie Harrison,davisderek@example.org,West David,50
4654,Crystal Compton,efox@example.com,Greerbury,57
7615,Joshua Lewis,gardnertammy@example.com,North Jeffery,46
2101,Kim Gibson,vvalenzuela@example.org,Sarahhaven,51
8022,Joshua Brewer,eflores@example.com,Melissafurt,43
1674,Victoria Daniel,charlesmartinez@example.net,West Sean,29
2102,Dean Thompson,timothyrobinson@example.com,Brooksshire,54
4214,Katie Wilson,sgood@example.org,Port Thomasstad,57
7597,Joshua Powell,walkercharlotte@example.net,North Robinstad,60
1549,Marilyn Jackson,melindakennedy@example.org,Delgadotown,30
7442,Sophia Hartman,awu@example.com,Leblancstad,41
6673,Alicia Contreras,janice29@example.org,East Jeffrey,35
3324,Amy Edwards,david20@example.org,Matthewchester,48
9721,Becky Bautista,jasmine46@example.net,East Tracey,64
356,Mia Deleon,,New Stacyfort,66
5185,Amanda Chen,barry80@example.com,Port Kelly,51
1462,Andre Christensen,fmorrison@example.org,Lewistown,19
7931,Michael Adams,oramirez@example.org,Perryberg,31
9573,Michael Chase,mbrown@example.org,East Michaelborough,50
3221,Melinda Smith,,East Kevinfurt,35
940,Dale Campbell,simonjohnny@example.com,South Tamara,57
9345,Nicole Nguyen,tanyacastro@example.org,East Marvinfort,42
5148,Thomas Boyer,smithmichelle@example.org,New Stephanieview,66
6418,Mark Castaneda,kim17@example.com,East Allison,63
5924,Calvin Tucker,katrina88@example.net,Williamview,41
8198,Adriana Glass,lawsonvictor@example.net,Port Nicole,41
1752,Amanda Taylor,tommy89@example.net,Christieborough,59
3977,Elizabeth White,dsmith@example.org,South Helenhaven,54
9504,Robert Craig,ufranco@example.com,New Christinefurt,27
1773,Timothy Burns,jeremy45@example.com,Kentmouth,31
1197,Stephanie Sheppard,whicks@example.com,Markport,20
1879,Claudia Parsons,jason26@example.org,West Phillipburgh,32
2669,Jo Shepherd,guerrerojamie@example.org,Sheilaland,22
3172,Philip Lewis,omeyers@example.net,Robertview,69
2017,Maria Lee,david95@example.com,Laneside,60
2006,Kelli Ortiz,anorman@example.net,South Daniel,34
8436,Christopher Oliver,jessica12@example.net,West Carolhaven,69
3894,Gregory Perez,danielle74@example.net,Port Paige,32
2856,Tamara Romero,goodmanrandy@example.org,West Johnshire,21
3238,Tyler Beck,matthewmoses@example.net,Bassstad,50
4425,Catherine Edwards,carterlauren@example.com,Kevinshire,45
4745,Danielle Ross,susanaustin@example.net,West Kim,59
2079,Jill Edwards,laurie09@example.org,East Leah,26
5220,Ashley Young,jspencer@example.net,Nancyburgh,62
397,Chad Kaiser,anne54@example.org,Port Karenchester,34
2789,Pamela Kerr,christopher03@example.org,South Carolynmouth,150
7429,Courtney Price,znolan@example.net,New Sean,26
9318,Michael Meyer,steven82@example.org,Loriland,56
4073,Douglas Tate,eruiz@example.org,Port Michaeltown,22
5575,Austin Weaver,colemanjessica@example.net,Kyletown,30
8533,Paula Fox,sbell@example.com,Rogerfurt,31
9700,Dustin Jacobs,elizabethchapman@example.net,Freemanhaven,48
5356,Ryan Weber,alexisjordan@example.org,Kathleenborough,49
7523,Nancy Stone,laurenkim@example.com,Daughertyview,25
7961,Christopher Clarke,april97@example.com,Gregoryborough,68
8311,Adam Robinson,patriciaperez@example.com,Alexanderfort,24
1520,Jodi Gomez,johnnysmith@example.net,East Elizabeth,41
8359,Robert George,roberthess@example.org,Bradleymouth,67
1379,Jeremy Robinson,paulbeltran@example.com,Christophershire,55
5673,Eddie Smith,ymoyer@example.com,Clarkbury,23
1024,James Burton,xbrown@example.net,Lake Michellechester,40
2588,Marissa Smith,dustin85@example.com,North Katherine,53
7325,Kimberly Johnson,davisamber@example.net,Stanleymouth,39
5622,Debra Taylor,harrisjonathan@example.com,Alejandrafurt,49
7946,John Howell,aedwards@example.net,Dunnfort,52
5009,Martin Bender,eacevedo@example.net,Paulville,30
2858,Brian Lopez,woodscarol@example.com,Ivanville,48
8418,Dr. Janet Morrison,dariusdaniels@example.org,Hughesstad,69
5772,Chase Taylor,gregorytimothy@example.net,West Brian,34
5843,Gary Stevenson,jessemercado@example.net,East Melanieside,25
7443,Johnny Lawson,,Diazport,24
5833,Steven Bowers,wschmidt@example.org,North Tiffany,32
1630,Eric Hernandez,barreramelanie@example.net,Lorettashire,25
4889,Garrett Mcclain,annewilliams@example.org,Davidtown,62
4527,Kelly Allison,padillacarlos@example.com,Nguyenbury,48
3524,Alisha Blanchard,clarencegeorge@example.net,Robertshire,55
5905,Adam Douglas,idalton@example.org,New Julietown,20
8096,Steven Ross,smithdaniel@example.net,Ashleefort,32
3608,Douglas Shelton,hernandezkaren@example.net,Nashside,56
9608,Travis Moore,bhernandez@example.net,Conleystad,43
5221,Laura Young,mary33@example.com,New James,62
235,Rebecca Watson,thomasfrank@example.org,Lake Michael,68
8070,Darin Murray,jensenjeanette@example.net,New Travis,66
3797,Jeremy Anderson,monica83@example.net,Clarkhaven,18
4119,Stephen Ritter,mathew72@example.org,Martinbury,58
6319,Andrea Wright,campbelltimothy@example.org,West Caitlinport,51
5002,Jonathan Morrison,reidrodney@example.net,Port Katieville,35
3801,Deborah Nash,melissagarcia@example.org,Laurastad,22
7851,Robert Taylor,invalid-email,Tammyfort,51
3900,Laura Byrd,heatherstephens@example.com,Charlesberg,36
5025,Levi Newton,lstevens@example.com,Taylorport,43
1949,Brianna Simmons,zacharyward@example.net,Taylorchester,47
6362,Daniel Brown,ybarker@example.org,East Donna,65
471,Michael Hall,ebernard@example.com,Greenberg,25
7857,Scott Martin,carterraymond@example.com,East Julia,57
3493,Chelsea Cook,christyedwards@example.com,Deanton,28
6092,Michael Sharp,mstone@example.net,Brightbury,66
2672,Erica Jones,jenniferschmidt@example.com,Gravestown,58
9998,Mary Williams,florestyler@example.net,East Madisonton,70
2225,George Campbell,myerskeith@example.org,Port Felicia,28
1107,Brian Henry,cconrad@example.org,Shelbystad,22
2189,Tiffany Wallace MD,ocampos@example.com,Chambersmouth,70
819,Lauren Acevedo,campbellrobert@example.com,Port Traceyfort,39
5572,Jared Lee,martinwatkins@example.net,South Melanie,33
4524,Jonathan Bishop,bjoseph@example.org,West David,68
5794,Christopher Perez,wparsons@example.com,North Andrewview,23
9569,Heather Nelson,john54@example.com,Rossfort,38
8956,Michael Cooper,tommelton@example.net,Adamhaven,48
7756,Edwin Martin,nicholsonjennifer@example.com,New Anthony,24
2625,Jennifer Turner,gibsonkaren@example.net,Lake Carol,70
7947,Michelle Taylor,christopher95@example.org,Henryport,56
9580,Cynthia Tucker,jennifer29@example.net,Joshuaburgh,65
4050,Phillip Carrillo,yclay@example.org,Port Annette,18
9303,Joseph Chapman,rogerleon@example.com,North Matthewborough,41
889,Michael Adams,amoore@example.com,North Toddport,55
7040,Jessica Obrien,zacharyhaynes@example.org,Andreabury,61
2438,Michael Snyder,brady53@example.org,Scottfurt,66
6057,Jennifer Thomas,patricia75@example.org,New Nicole,35
7348,James Lopez,patriciarandolph@example.net,Copelandstad,52
818,Kevin Adams,colleen45@example.net,Port Kevin,57
9115,Carol Gordon,zjackson@example.com,Kaitlinmouth,-5
3415,Jasmine Short,dchavez@example.org,Port Alexandratown,35
6353,Timothy Brown,grichardson@example.org,Port Deborahview,32
2342,Jennifer Dominguez,calvin67@example.net,Raymondfort,32
9212,Kristen Perez,samuel72@example.net,East Amber,38
3168,Jasmine Hoffman,dawnroberts@example.org,New Leeberg,63
1810,John Gomez,cwilson@example.com,Farleyfurt,47
8277,Cynthia Brown,nhinton@example.org,North Markton,40
1265,Tim Fisher,jason26@example.net,Cruzstad,35
5087,Curtis Torres,denise39@example.com,North Kevin,35
7996,Melanie Garcia,kingkimberly@example.org,New Matthew,34
5836,Brett Ruiz,billhuber@example.com,North Andrewbury,44
5195,Gary Pace,michael41@example.com,Lake Georgemouth,20
4450,Kayla Wall,jaime12@example.org,North Donald,26
4946,William Delgado,calhounjasmine@example.net,Lake Alexis,37
4046,Alice White,,Charlesfurt,58
6774,Joseph Schultz DDS,hansenashley@example.com,Leestad,34
3703,Autumn Howell,jasontaylor@example.net,Josephview,40
1036,Dakota Coleman,vmartin@example.net,North Kathy,24
9444,Sarah Jones,foneal@example.net,Kellyshire,66
5591,Jenna Shannon,pdavis@example.org,East Frank,25
1229,Stacey Hatfield,iwashington@example.net,Jenniferland,38
8815,William Flores,floresgregory@example.org,New Marc,66
9510,Brittney Hansen,fsnyder@example.org,Kevinmouth,60
5142,Valerie Smith,coltonhicks@example.com,West Kimberlytown,25
6552,Jessica Bennett,riverakathryn@example.com,South Katrina,45
53,Ryan Sharp,thompsonmatthew@example.org,New Robert,37
7619,Jesse Hernandez,lmathews@example.net,Thompsonstad,56
6556,Sonya Gardner,elizabeth53@example.com,Port Steven,36
8560,Mark Conner,tararobbins@example.org,Cynthiaborough,36
160,Melissa Jackson,thomasashley@example.org,Harrisonton,69
7854,Sheila Wise,maldonadojacob@example.com,South Shannonville,150
1588,Carl Mckee,nicholas10@example.com,East Chadfort,42
1590,Benjamin Barajas,xmills@example.com,East Lauraborough,19
6631,April Snow,asawyer@example.net,South Jamie,41
9516,George Hernandez,herrerajohn@example.net,Emmaborough,24
6688,Wesley Smith,christine68@example.net,Lopezland,39
7211,Valerie Armstrong,jeffreymendez@example.com,Lewistown,39
6867,Daniel Carter,amartinez@example.com,Laraland,54
6175,Beth Smith,hayesalyssa@example.com,North Danielbury,61
8004,Laura Jimenez,jpacheco@example.com,Lake Howard,30
3859,Lisa Yang,baileyallen@example.org,Sloanfurt,55
5273,Aaron Sweeney,daniel24@example.org,Cruztown,62
7361,Crystal Lewis,ericcruz@example.org,South Taraview,33
2829,Michael Ramirez,gaymatthew@example.com,Vargaston,42
437,Elizabeth Lawson,jacobmckinney@example.org,Port Glennville,59
5790,Kyle Mitchell,xmiller@example.net,South Josephhaven,39
8344,Jennifer Casey,invalid-email,South Jamie,69
3879,Andrew Melton,tracy98@example.org,Robinshire,57
1589,Heather Bennett,myersstephen@example.net,Jillberg,22
2781,Luis Fernandez,nicolebyrd@example.com,South Joshuashire,54
9163,Joseph Mathews,morganrobert@example.com,Ericchester,21
8733,Mr. William Duarte,ofrazier@example.net,Port Amyberg,63
5687,Ian Rivera,nsmith@example.net,North James,45
3966,Jonathan Carrillo,joshua80@example.net,West Veronica,20
4728,Chris Davis,chiggins@example.net,South Stevenbury,47
974,Richard Williams DDS,williamfisher@example.com,Robinsonchester,43
1239,Julia Thompson,terrimartinez@example.com,Petersberg,53
2952,Andrew Williams Jr.,millschristopher@example.org,West Deborahtown,29
2343,Tyler Wood,marie78@example.com,Hardinburgh,57
6791,Tammy Burns,rsullivan@example.com,West Tinaview,37
7602,Eric Collins,zpeterson@example.net,South Annette,46
6047,Erica Allison,invalid-email,Brownview,53
2159,Thomas Hammond,mooretodd@example.com,East Derrick,39
9476,David Moore,nicholas38@example.com,Fryeland,59
6860,Joshua Owens,invalid-email,Jaimefort,28
1498,Martha Wade,travisterry@example.com,Adamshaven,35
4546,Michelle Roberts,mcguiregarrett@example.com,South Davidshire,52
6466,Scott Sherman,allendebbie@example.net,Andreashire,64
4258,Sarah Khan,martinezisaac@example.org,North Scott,29
2423,David Bell,patrickmartinez@example.com,New Charlesberg,43
8737,Max Mendoza,victoriabowers@example.net,Vargasside,61
5186,Joseph Williams,tara72@example.net,North Cynthia,54
5648,Sandra Johnson,xjohnson@example.com,Allenborough,58
358,Mark Woodward,eschultz@example.com,Riveraburgh,43
5243,Vanessa Pearson,christine00@example.com,Weaverbury,19
2131,Christian Jennings,mullinsashley@example.com,Barnettchester,31
9428,Cassandra Jacobs,pbrown@example.com,Luischester,39
2093,Mark Glenn,bethflynn@example.com,Nicholasside,63
5410,Anthony Williams,daniel67@example.net,Dylanport,23
2016,James Pena,stephen51@example.org,Valencialand,58
9242,Jennifer Woodard,anasaunders@example.com,Derekshire,56
4045,Megan Reese,george71@example.com,Torresshire,36
188,Carolyn Boyd,nicholasbaker@example.net,Kennethshire,54
8289,Mark Thomas,dustinbradley@example.com,South Judyside,34
3656,Paige Hall,corey46@example.com,Lake Roger,22
3427,Brandon Nelson,ballen@example.com,West Gregory,42
9574,Kristen Oneill,ljones@example.org,Johnborough,68
1382,Zachary Leon,cbradley@example.org,Adkinsmouth,64
7765,Gregory Blair,reverett@example.net,New Cassandratown,18
414,Stephen Mcgrath,butlerjoshua@example.org,North Ericton,67
5038,Hannah Jacobs,onorman@example.com,Benjaminstad,56
4898,Micheal Ingram,murrayjenna@example.net,Diazchester,53
3337,Gary Gomez,troberts@example.com,Port Keith,27
3607,Dwayne Fleming,christensenapril@example.org,Port Christina,63
3176,Rebecca Dixon,caindennis@example.com,East Jenniferville,60
2242,Michelle Smith DDS,,East Linda,56
9903,Timothy Farley,smithpeter@example.net,Brownport,31
9002,Anthony Bartlett,dsanders@example.com,Mariahfort,21
257,Daniel Cross,beasleystephen@example.net,Cindyside,26
7343,Lorraine Allen,samantha14@example.org,Davidfurt,38
201,Darren Rose,linda13@example.org,Johnsonton,44
2236,Christina Carter,toddgordon@example.org,Melissaside,27
4744,Susan Carpenter,christopherbridges@example.org,Lake Nataliefurt,54
1768,Christopher Martinez,jonathannguyen@example.com,Williamsstad,51
4237,Drew Smith,christopher19@example.com,Dixonfort,52
8038,Earl Davis,cherylperez@example.org,Torresberg,41
8615,Kimberly Wilson DDS,tbarnett@example.com,Justinview,59
7457,Joel Gomez,brownnathan@example.org,South Davidville,70
1573,Carol Mckenzie,mrojas@example.net,Leport,40
25,Paul Benson,coxjessica@example.com,South Danielle,53
3364,Michael Hoover,danielhall@example.com,North Angelaport,58
1089,Timothy Smith,nelsonnina@example.org,Gracechester,67
4675,Amber Smith,richardbrianna@example.org,Loganhaven,18
2695,Christopher Jones,yangjessica@example.com,Michelleshire,19
7886,Joseph Young,jorge88@example.org,West Mary,63
3399,Taylor Arellano,montgomerytracy@example.com,Walkerside,42
3560,Karen Cunningham,jramirez@example.net,North Lisa,36
9341,Robert Wilson,umitchell@example.net,South Matthewport,28
2842,Jeffrey Harvey,michellebradley@example.com,West Shannon,37
2312,Andre Lucas,zmeyers@example.org,Sherriburgh,61
8497,Erika Davis,jason88@example.com,West Makaylaview,27
3235,Jessica Adams,renee12@example.com,Susanchester,25
4153,Regina Elliott,cathycastro@example.org,North Kelly,33
1310,Ronald Davis,michael72@example.net,North Kristen,68
696,Sophia Levine,suzanne81@example.org,Lake Brittany,46
6941,Jonathan Munoz,rdaniels@example.net,Whiteberg,34
3753,Tara Liu,trevor99@example.org,Lake Stephaniemouth,54
6338,Tanya Schneider,bstark@example.org,Connermouth,28
1228,Terry Gonzalez,kimberlyray@example.org,North Andrewfurt,26
2000,Thomas Bowers,jenkinscynthia@example.com,Port Jordan,31
277,Edward Hardy,cherylwilliams@example.net,Pennybury,44
8294,Pamela Bates,nball@example.com,Lake Nicholasview,43
7364,Lori Douglas,peterolson@example.net,West Michael,34
5930,Mary Daniels,chaddavis@example.com,North Davidstad,52
2954,Karen Haney,maryyang@example.net,South Monicaview,45
3638,Joseph Bush,stacey05@example.net,Greenstad,22
3907,Kathryn Price,nwhite@example.net,Hawkinsfort,55
4779,Alicia Lester,marshjohn@example.net,Port Bruce,69
5846,Paul Valencia,asmith@example.net,Thomasmouth,26
9893,Donna Murphy,kimjames@example.com,East Karenborough,33
4118,April Robinson,crystal36@example.org,West Andrew,26
8450,Victoria Brown,michael55@example.net,West Vicki,65
1138,James Martinez PhD,alfred31@example.net,Hammondhaven,44
2768,Sarah Christensen,,West Erika,34
2335,William Mendez,urocha@example.net,Deborahmouth,56
8017,Samuel Jackson,brianpowers@example.org,Chungmouth,54
943,Devin Hess,sparkstravis@example.net,Port Jeffreyland,24
7972,Chelsea Dean,invalid-email,New Brandon,50
2491,Shane Ross,,South Kristopher,21
9874,Catherine Gonzalez,kathleenswanson@example.com,Russellland,32
6291,Elizabeth Snyder,kcoleman@example.net,North Brookeview,65
4936,James Hayes,walshjason@example.net,East Justinfort,57
3936,Bonnie Cross,jasonmurphy@example.org,Port Jamesview,28
7238,Jeremy Carter,ghill@example.com,Jamesfurt,69
2385,Danielle Lewis,leonjames@example.net,New Danielle,30
116,Dr. Angela Cortez,nancywright@example.com,Emilyshire,29
1864,Nicholas Garcia,emily41@example.net,East Seanfurt,70
2628,Victoria Anderson,lorimiller@example.com,South Alecfort,19
3120,Gary Patel,jacksonerik@example.net,West Brittanyport,54
4259,Hannah Clark,wanda56@example.net,Fordfurt,70
6978,Tiffany Hodge,heidifuller@example.com,West Henryview,51
903,Michael Lewis,sarah52@example.net,Kennethborough,49
2820,Melissa Patrick,sonyamoore@example.net,Rickyport,20
3823,Linda Fletcher,brookelevy@example.net,North Melaniefurt,41
7408,Michelle Stevenson,,Lake Christopher,62
7171,Matthew Weber,sara11@example.net,North Shelia,44
9273,Mary Nielsen,vegajacqueline@example.net,Danaview,43
4700,Juan Goodman,ptaylor@example.net,North Aprilberg,33
9098,Erin Reid,markgreen@example.net,New Michelle,52
3803,Carrie Russell,sean88@example.net,Benjaminfurt,39
6069,William Smith,thomaslowery@example.org,Gordonside,50
5811,Mario Rosario,ihodges@example.com,North Amy,23
3537,Kayla Freeman,andrea59@example.org,Gregorystad,26
3826,Lydia Charles,parkerjeffrey@example.org,Laurafort,24
6643,Michael Bennett,jamessmith@example.com,Mitchellhaven,42
8817,Sara Smith,qdavis@example.net,South Jessicaland,60
8782,Crystal Manning,mariaphelps@example.net,East Vanessaton,42
4811,Mr. Ryan Davis,peter18@example.org,South Raymondborough,54
1947,Robert Pineda,thomas22@example.net,North Cindyland,52
8158,Sarah Jennings,santostimothy@example.org,Denisemouth,28
7423,Jake Payne,mmarsh@example.net,West Michael,58
5336,Elijah Smith,tsanchez@example.org,Port Amybury,19
3489,Ryan Green,anthonyhammond@example.net,Garciatown,60
1611,Paul Shelton,gcole@example.org,Martinhaven,45
7758,Elaine Horton,jeffersonluis@example.org,Michaelberg,38
8189,Diana Stephens,loripotter@example.com,Lauraside,64
4678,Jacqueline Hansen,robinsonheather@example.net,Lake Jackport,34
4960,Alex Bryant,heather62@example.org,Chenshire,35
5868,Andrea Taylor,richard34@example.org,Port Shawn,51
8939,Vincent Ellis,shepherdjason@example.org,Vangchester,59
4762,Richard Whitehead,sherrybrown@example.com,Jonesland,67
2195,Ryan Gilmore,jason00@example.net,Smithberg,65
883,Jennifer Yates,michelle87@example.com,Port Daniel,43
5702,Alejandra May,john47@example.org,Fullerton,57
5114,Cathy Jacobs,fullersandra@example.org,West David,31
558,David Bishop,brentmedina@example.net,Matthewsland,37
8295,Kimberly Moore,mendozamegan@example.net,Lake Lynn,39
5140,William Singh,kirbyjessica@example.org,Port Craighaven,25
1208,David Walker,adam06@example.com,Daletown,67
8831,Randy Leblanc,mendezstephen@example.net,West Darlenehaven,65
7601,William Patel Jr.,johnsonpatrick@example.org,Lake Jennifer,43
1511,Todd Anderson,samuelsmith@example.com,Brittanymouth,56
7045,Katrina Elliott,stevenclark@example.com,Christopherton,59
3830,Arthur Rose,zachary18@example.org,East Daniel,52
3733,Jennifer Rodriguez,adamcrawford@example.org,East Robert,43
8240,Edward Marsh,nelsondavid@example.net,Leslieberg,25
3212,Brent Strong,reyeserin@example.com,Tiffanychester,40
3631,William Tyler,paulascott@example.com,North Hannah,27
1709,Amy Briggs,kimberly77@example.com,North Johnny,53
1846,John Sampson,david23@example.net,Taylorstad,24
267,Kyle Krause,brad11@example.net,East Derrick,61
5986,Mathew Marshall,,Angelaberg,28
1141,Darlene Smith,andrewsmith@example.org,East Ashlee,22
3163,Veronica Gillespie,sjohnson@example.com,Perkinsfort,63
6208,Jennifer Reid,erose@example.com,Jacobfurt,57
2047,Kendra Johnson,tina91@example.org,East Toddmouth,38
3731,Samantha Savage,btaylor@example.org,Lake Heather,67
1910,Tina Sullivan,jeffery71@example.net,Port Victoria,65
7599,Barbara Marshall,bmerritt@example.net,Rosalesfort,30
2661,Chris Williams,sroberts@example.com,Port Shelley,51
657,Robert Cooper,ycampbell@example.com,South Oscar,37
6661,Jacob Fry,nancy93@example.org,Amystad,62
1308,Jennifer Holden,margaretturner@example.net,Gomezport,63
8145,Theresa Powers,sharprobert@example.net,West Christopher,34
999,Thomas Andrews,christopher83@example.com,Donaldborough,39
7727,Randall Knight,sarajones@example.com,West Ericaview,49
2835,Gary Stevens,nicole57@example.com,Lake John,60
7439,Cindy Schmidt,lwilson@example.com,Batesbury,59
9365,Jeremy Valdez,benjaminluna@example.net,North Jamesville,38
5881,Carolyn Ferguson,kristencoleman@example.org,Rogerfurt,22
1238,Logan Richards,watsonmichael@example.org,Markfurt,35
2152,Jessica Mooney,carpentermathew@example.net,New Karenview,52
3836,David Love,gjackson@example.com,Wilsonville,21
9890,Sandra Brown,kyle67@example.net,Bondburgh,67
7479,Melissa Ellis,collinsmichael@example.net,East Colton,68
8398,Cody Gibson,raybrianna@example.com,Brandyburgh,27
6579,Aaron Martin,hensleyjeffery@example.org,Fernandezton,67
5092,Andrea Smith,andrewbrown@example.net,Floresfurt,0
2187,William Pearson,roconnell@example.org,Annamouth,62
1135,Christian King,michael39@example.org,Kathyfurt,60
5005,Brian Edwards,christinarangel@example.net,East Robertborough,43
6627,Sarah Banks,mooreconnor@example.com,New Bethville,31
1304,Melinda Yu,andrewslisa@example.org,South Jenniferville,37
9064,Devin Thompson,zacharyjames@example.org,Jodyhaven,70
1628,Heather Meza,tommypatel@example.org,Fosterview,44
8175,Angela Garcia,laramichelle@example.org,Matthewton,54
1523,Vanessa Padilla,meadowsjeremy@example.net,Port Timothy,19
5203,James Miller,stephenhowell@example.net,Joshuaton,18
359,Nicholas Cruz,mariagarner@example.org,Jacquelinetown,20
139,Jesse Greene,oconley@example.net,Port Rachael,18
300,Carmen Wheeler,smithnicole@example.net,New Willie,50
1557,Jack Diaz,andrewfitzgerald@example.com,Vanessafurt,25
5100,Jason Terry,amberjones@example.net,Stephenmouth,67
383,Alexander Ramirez,juliebryant@example.com,Katherineshire,28
8476,Nathan Thornton,ericnguyen@example.net,West Ashleymouth,50
7229,Mr. Justin Torres,nancyunderwood@example.org,Port Nataliemouth,70
4858,James Wolfe,wpearson@example.org,Davidborough,36
3181,Nancy Hernandez,leemichael@example.com,West Julie,31
1440,Alexander Ortiz,murphycurtis@example.org,Ronaldborough,47
9634,Alice Jenkins,tsandoval@example.com,Lloydmouth,37
5674,Ashley Edwards,mary17@example.com,Lake Jeremy,70
947,Troy Murray,david98@example.com,Lake Stevenside,61
2391,Brett Fletcher,nathanbarber@example.com,Port Lauraburgh,33
5499,Susan Moreno,hmartinez@example.com,Rileyshire,53
7357,Elizabeth Barber,zrussell@example.org,South Angelica,54
9418,Mary Ball,lawrence04@example.net,Kellerton,64
2722,Jeffery Fox,zmercado@example.org,Johnstad,33
1933,Aaron Johnson,karendominguez@example.com,Kristenview,49
7718,Cassandra Montes,markgarcia@example.org,New Matthewview,67
3237,Dr. Jonathan Diaz,rlucero@example.org,West Jodistad,27
3141,Richard Espinoza,murphykenneth@example.com,New Nicholeview,41
4164,Adrienne Whitney,johnlowe@example.org,Wagnerville,32
9068,Michael West,cynthia96@example.net,North Michaelton,40
3808,Aaron Green,sotobrandon@example.org,Flemingborough,47
9672,Tina Watson,xriggs@example.com,Rachaelborough,53
7621,Dustin Carr,katie45@example.org,West Ashley,36
9084,Randy Gonzalez,xbaker@example.org,Lake Emily,50
6782,Johnny Ramirez,owallace@example.org,East Mackenzieview,58
7174,Autumn Tyler,isullivan@example.com,Maryberg,35
4155,James Hall,xwilson@example.com,Clarkmouth,24
4173,Nicholas Perez,evanbell@example.net,Lake Michealberg,42
797,Jeffrey Boyle,kyle93@example.net,Lake Erin,0
2417,Dawn Wells,bdavis@example.net,Kelseyville,58
7460,Jane Cunningham,sthompson@example.com,Adrianshire,34
6140,Michael Miller,lwarner@example.org,Lake Michelleton,65
786,Christopher Fields,danielmercer@example.com,South Kristophershire,22
9460,Frank Sandoval,duffypeter@example.org,West Danielport,29
6790,Laurie Peterson,fletcherlisa@example.net,Yatesburgh,62
3159,Christopher Griffin,emily28@example.com,South Troymouth,52
124,Jessica Bowen,jessica60@example.net,Kimberlyland,56
9650,Brandi Gonzalez,fuentesjeremiah@example.net,Henryton,21
7218,Frank Jackson,jenniferdiaz@example.org,Greenchester,35
2173,Kelly Key,ucooper@example.net,Kington,63
2170,Lindsay Jones,jessica63@example.org,Hollyshire,35
7160,Lindsey Mora,watsonbrandon@example.com,Maryfort,68
4010,James Bautista,tranrebekah@example.com,Larryfurt,33
9484,Kimberly Thompson,ronaldrios@example.com,Campbellfort,32
4341,Kathryn Anderson,ylee@example.org,Jasonmouth,26
911,Jeffrey Williams,gramos@example.org,East Christopher,53
6269,Kimberly Schroeder,scunningham@example.net,Christopherberg,26
8086,Andrew Larson,kathleenjohnston@example.com,New Cynthia,68
2310,Tina Davis,hbest@example.org,Barnesview,19
9853,Carol Rice,wilsonkathleen@example.com,West Douglas,61
3635,Laura Hines,jamessanchez@example.org,Katherineport,64
1258,Pedro Burgess,monicamurray@example.net,Navarroborough,62
6592,Kristine Nguyen,calvinjohnson@example.org,Deanland,66
4459,Regina Mcpherson,jessica87@example.com,North Brettberg,66
6134,Susan Martinez,cameron20@example.net,Evelynhaven,54
1179,Nicholas Kirk,ericwilliams@example.org,Smithberg,54
4653,Vanessa Sampson,timothywatson@example.net,Lake Michelleville,46
6219,Vanessa Lyons,michelle84@example.com,Garciaborough,69
3651,Michelle Bradford,jenniferhernandez@example.net,Vincentmouth,21
443,George Vasquez,fsanchez@example.com,East Connie,42
3416,Chad Campbell,stephanieelliott@example.org,North Colleenstad,34
1400,Mary Yang,nwade@example.org,New Christina,39
7478,Richard Walker,pamela85@example.org,Richardton,39
1458,Drew Ortiz,donald27@example.com,Danaport,69
7825,Julie Miller,donnabrown@example.net,Cruzchester,65
5745,Amy Reynolds,invalid-email,New Stacy,68
1055,Harold Arias,trevor61@example.net,South Thomas,24
7059,Christine Turner,wagnerwilliam@example.com,East Carlaland,31
3276,Cameron Holmes,kelleydavid@example.com,Sarahborough,50
1464,Tara Romero,jodi00@example.org,Smithbury,32
3700,Stanley Washington,joan48@example.org,Richardsontown,56
3760,Jennifer Garza,woodardcarlos@example.net,New Juanton,64
930,Brittany Porter,seth16@example.com,New Jessicamouth,59
5512,Kayla Davis,robertjacobson@example.com,Langtown,53
6469,Charles Martinez,ojacobs@example.org,East John,47
8577,Samantha Moon,kevin58@example.org,South Danielle,55
1830,Meredith Lara,arthurbarnes@example.com,South Stephen,22
2929,David Wilson,garrettsarah@example.net,Chavezberg,68
7217,Richard Sanchez,dalton49@example.org,New Matthewborough,69
6539,Sean Joseph,deborahmendez@example.org,Jonestown,26
4222,Sheri Griffith,katherine50@example.org,Markview,31
3547,Jennifer Orozco,patrick46@example.org,North Patriciaburgh,64
5599,Miguel Delgado,rgill@example.com,North Pamela,66
9118,Jessica Shaw,sandra45@example.net,South Sabrinamouth,44
7610,Kaitlyn Compton,jasoncurtis@example.net,Carrilloport,18
9879,Tamara Knight,jamesmorris@example.org,Port Gabrielfurt,41
2012,Kayla Cooper,,Brittanyburgh,57
914,Katie Castaneda,moralesjason@example.org,Holtfurt,29
8412,Steven Sheppard,suttonadam@example.org,Yolandaburgh,53
7557,Johnny Williams,amy17@example.org,Port Deanna,22
3220,Christina Chandler,oscar45@example.org,South Stephanie,43
2607,Katherine Matthews,pattersonkara@example.net,Martinfurt,44
3265,Clinton Escobar,oanderson@example.org,Craneborough,25
4929,Benjamin Robinson,lallen@example.org,Barberland,28
8836,Susan Ware,jay21@example.com,Schaefermouth,37
6565,Cheryl Boyd,nathan90@example.org,Maryton,50
8599,Amanda Brown,ntorres@example.net,East Jasonhaven,25
7,Michelle Ramsey,lward@example.org,Lutzville,46
2981,Erica Rhodes,murphywendy@example.org,Reedton,54
6584,Elaine Moore,angie17@example.com,South Kyleburgh,32
3362,David Moore,wmcdaniel@example.net,Port Laura,20
4775,Anthony Sullivan,griffinjames@example.net,Jasonberg,51
1944,Brian Hill,mary06@example.org,Mooremouth,55
7748,David Hill,smithcharles@example.org,Wigginsville,50
5500,James Lindsey,abigailsolis@example.net,Lake Ryan,27
1636,Julie Moon,ccarrillo@example.com,Port Alexandershire,53
1142,Tyler Davenport,nclark@example.net,Alexanderborough,69
2042,Lauren Tyler,alexis37@example.com,Annettetown,62
6816,Andrew Lawson,matthew75@example.com,Ashleystad,70
6704,Jose Allen,patricia06@example.net,New Alexandria,19
8133,Leonard Wilson,christian33@example.org,Leachton,25
2071,Tiffany Wright,susan10@example.net,Ryanfort,57
3135,Zachary Kerr,orodriguez@example.com,North Julieside,29
5161,Madison Holloway DDS,tanner77@example.org,South Laceyton,35
6991,Michelle Brown,tjones@example.org,Port Gregory,60
8076,Jonathan Ward,qross@example.net,Jillchester,25
5276,Christian Davis,ashley90@example.net,Shaunfort,61
2243,Sherry Espinoza,nkrause@example.net,Jessicamouth,60
1475,Alyssa Smith,pgrant@example.com,West Brendabury,37
8763,Julia Hopkins,monica79@example.net,North Lauramouth,31
1890,Benjamin Romero,gevans@example.net,New Matthewtown,26
3436,Dylan Kent,cameronbarton@example.com,East Chrismouth,68
7897,Sarah Shaw,psanchez@example.net,Lake Brian,53
8955,David Larsen,nancyreyes@example.org,Brittanyborough,55
3706,Michelle Savage,kristinasmith@example.net,Drewmouth,68
2022,Calvin Sanchez,robertgillespie@example.org,North Jennifer,25
4021,Claudia Duarte,amy08@example.com,Lake Craig,22
9905,Kellie Newman DVM,thomasrandall@example.org,New Marcusmouth,47
8608,Stacy James,steve38@example.org,South Jose,30
3501,Frank Francis,imahoney@example.com,Jamesshire,53
2659,Caitlin Wilkerson,josesanchez@example.org,South Janiceberg,68
8621,Cheyenne Rodriguez,uflores@example.com,New Keith,56
7569,Antonio Parrish,jamiewright@example.org,Lake Judith,20
1131,Matthew Thompson,raven25@example.org,North Christophermouth,66
5558,Gregory Boyd,,Petersside,51
9676,Katherine Michael,zleon@example.org,East Ericabury,40
1820,Dr. Johnny Martinez,joel29@example.org,Shermanmouth,65
7840,Carolyn Mason,martinezdavid@example.net,Moralesshire,48
7780,Vincent Vaughn,jeff90@example.net,Johnstonchester,56
7065,Michael Watson,saranguyen@example.com,West Ravenborough,24
4319,William Palmer,conwaysheila@example.net,Peterfurt,30
9799,James Winters,bolson@example.org,Henryside,19
4145,James Cabrera,paul30@example.org,Lisaville,70
4670,Mrs. Leah Logan,boonemelanie@example.org,Jenniferbury,49
1237,Dustin Chaney,harriskim@example.net,Phillipsbury,62
5477,Jennifer Reynolds,gcastro@example.org,South Brianland,39
8329,John Hernandez,kimberly32@example.net,Cassandraborough,33
1857,Larry Smith,austinperry@example.net,Oliverburgh,67
2283,Margaret Washington,michelestephens@example.net,Kendrafurt,49
9717,Dr. Jason Hernandez DDS,odudley@example.net,Robertmouth,44
9508,Wendy Rios,invalid-email,South Brianland,47
4094,Christopher Fuller,douglas61@example.org,New Kimberly,23
7345,Larry Schroeder,ymccann@example.com,Thomasshire,30
5201,Jacob Lopez,stokesdaniel@example.com,New Carolineview,23
6402,Angel Griffith,mosscrystal@example.com,New Johnburgh,65
9150,Andrea Graham,matthewfernandez@example.org,Suttonfort,30
3422,David Luna,christopher60@example.com,South Mitchell,53
9457,Cheryl Morris,gsmith@example.com,Thomasmouth,28
387,Curtis Holloway,fward@example.net,Kellibury,51
8719,Lauren Harvey,fphillips@example.com,East Christinamouth,37
1629,Jason Johnson,troychen@example.com,Nathanberg,20
3586,Margaret Patton,butlerbruce@example.com,Williamville,49
7707,Natasha Mcclure,christensenlauren@example.org,West Douglasmouth,46
2715,Harold Alvarez,ariaserin@example.net,North John,39
7461,Preston Davidson,ejoseph@example.com,Paulfurt,52
8600,Joshua Medina,tylerbryan@example.com,North Patricia,50
9509,Grant Patel,ppeterson@example.org,Jessicaview,39
5660,Isaac Robertson,taravincent@example.com,East Daniel,63
6857,Shannon Hill,gerald35@example.org,Lake Tara,26
3190,David Moore,tsimon@example.org,Savannahside,46
8895,Teresa Park,christine32@example.com,Alexanderhaven,67
4306,Daniel Kirby,rhodesmadison@example.org,Browningview,54
910,Jacqueline Sampson,rwashington@example.com,Port Paulborough,69
5386,Crystal Mccullough,lisa61@example.org,Jamesfurt,57
1997,Gregory Williamson,ascott@example.net,Lake Mary,36
1867,Brian Lewis,christina81@example.net,South Traciview,62
1843,Rachael Johnson,awilliams@example.org,Maloneburgh,35
2498,Lori Deleon,carljames@example.org,Lake Kristen,63
202,Carrie Marshall,reedcameron@example.com,Floresbury,27
8211,Chase Gilbert,silvatommy@example.net,West Debbie,42
8037,Thomas Nelson DDS,qmurphy@example.org,Westborough,44
5055,Andrew Luna,jennifer09@example.org,Patriciamouth,27
5890,Colin Mack,rangelsarah@example.org,North Kayla,34
4007,Melissa Bell,kimberlyparker@example.com,North Scott,63
765,Christine Fritz,dhudson@example.com,Victoriabury,34
2703,Donald Patel,rrobertson@example.org,South Curtisburgh,31
3450,Travis Cooper,chris59@example.org,Jasonhaven,42
332,Brenda Newton,blanchardveronica@example.com,South Matthewville,64
8366,Sarah Ross,robinsongeorge@example.com,Murphymouth,43
9142,Christian Thomas,nielsenkeith@example.net,Saraport,67
32,Robert Vasquez,garneralexander@example.org,Craigberg,40
7466,Sara Torres,hillshannon@example.org,Davismouth,19
2460,Gina Jones,kristen31@example.net,Johnsonburgh,41
1775,James Holmes IV,dbass@example.org,Smithport,40
6629,Ryan Baker,bradleyhobbs@example.com,Jasonview,42
7900,Pamela Walton,alyssahooper@example.com,Arnoldshire,68
8254,Rachel Butler,michaelherrera@example.com,Chavezton,18
2687,Timothy Winters,daniel72@example.net,South Jason,46
9887,David Graves,smiller@example.net,West Allisonmouth,41
990,Shane Jackson,tmoore@example.com,Marktown,53
7317,Debra Flores,invalid-email,North Anthony,47
8512,Beverly Salas,briandavid@example.com,Palmerville,52
8282,Andrew Lucas,gregory40@example.org,Lake Melissa,68
6994,Amanda May,kevinmunoz@example.com,Alexandraberg,50
8722,Alexandra Norris,kenneth60@example.net,North Lisa,44
5807,Christopher Garza MD,taylormarcus@example.com,West Johnfurt,31
8909,Tammy Brooks,melissa76@example.com,East Jasonmouth,70
8872,Steven Montgomery,nburke@example.net,New Melissa,68
6575,Mark Brennan,cynthiaoconnor@example.org,Brownton,21
3053,Joshua House,imoore@example.com,West Krystalhaven,28
8812,Casey Taylor,maryhawkins@example.net,New Jennifer,42
5463,Andrea Bowman,wyoder@example.com,Daviston,21
174,Veronica Gordon,gonzalezpatricia@example.org,Port Johnbury,39
4955,Sarah Peterson,invalid-email,Brianshire,49
4616,Doris Jordan,josephbanks@example.net,Murrayborough,19
3322,Megan Gonzalez,,Carolineside,49
7349,Andrew Meadows,qgillespie@example.org,New Jamesburgh,67
6247,Tara Fleming,melanie33@example.org,South Caseyton,64
6746,Sean Sloan MD,zsmith@example.org,Harmontown,53
3373,Misty Thomas,,Lake Michaelside,34
6049,Daniel Ponce,,Smithberg,64
3312,Jennifer Love,medinaamy@example.org,Port Shannonville,59
7787,Joshua Mckenzie,bchandler@example.net,Daniellefurt,53
7585,Ashley Ayala,rbailey@example.org,East Wendy,33
7888,Beth Sanchez,jlamb@example.com,Lake Rebeccaland,26
9565,Samuel Carney,smartin@example.com,Millertown,69
8989,Carrie Blankenship,,Dawsonview,70
4552,Sean Tucker,rubioscott@example.org,Lake Ericstad,37
4680,Jade Holloway,harriseric@example.com,Christianfort,65
3404,Victor Wilson,rodneytucker@example.com,Port Dariushaven,49
19,Robert Shepherd,wagnerroberta@example.net,Hamptonborough,59
3692,Paul Robinson,amandamorales@example.org,Nelsontown,54
8829,Francis Webb,kimberlyhaas@example.net,Beckfort,69
4097,Nathan Graves,bruiz@example.com,Grayton,21
3629,Susan Patrick,mosschristine@example.net,West Austinside,18
9041,Scott Anderson,pmartin@example.org,Port Carolside,20
2175,Laura Poole,stevenhowe@example.org,South Justinmouth,22
1357,James Marquez,juliewebster@example.net,Williamstad,53
5003,Jerry Case,crystal62@example.com,New Adam,68
7685,Brandy Howell,galvanmichael@example.org,Jesusport,47
6923,Lisa White,hannah23@example.net,Clarkhaven,56
5824,Ana Castillo,cartercaleb@example.org,Tinahaven,32
9695,Daniel Rivera,manueltravis@example.org,Lake Donna,60
5671,Kimberly Hall,hectorross@example.net,Janetown,27
3113,Justin Jones,gward@example.com,North Crystalland,44
183,Aaron Moore,jamesbeltran@example.net,Port Kelly,66
3643,Denise Hart,wjohnson@example.org,South Kelly,64
9036,Michael Fitzgerald,abenson@example.com,Michaelshire,65
1813,Melissa Smith,nicolesaunders@example.org,Jacobchester,20
8489,James Morales,invalid-email,West Angela,31
8607,James Jacobs,garrett09@example.net,East Mariamouth,50
4913,Crystal Fisher,kristinakennedy@example.com,Sallyside,62
5669,Steven Wang,hortonzachary@example.org,Brittanyview,23
8720,Jose Santos,tammy64@example.org,Yolandaport,36
1801,Kenneth Hancock,nicholasflores@example.com,New Matthew,67
9439,Taylor Lewis,murrayanthony@example.org,Adamsport,65
2430,Michael Miles,melissalozano@example.net,Maryfurt,34
5483,Beth Goodwin,crawfordcarrie@example.net,Lake Tinastad,20
6762,Daniel Martinez,estradabrian@example.com,North Nicole,19
252,Christine Stevens,william86@example.org,Markberg,67
7810,Carl Gonzalez,wpugh@example.org,West Jennifer,46
1969,Michael Harrell,kevinbarnes@example.net,South Victoriastad,70
8926,Katherine Castillo,conwaytodd@example.org,Bradleybury,26
8329,John Hernandez,kimberly32@example.net,Cassandraborough,33
4004,Kimberly James,brenda75@example.com,Stacytown,64
9802,Kayla Smith,dennisbrooks@example.net,Sotochester,70
7009,Julie Smith,uyork@example.net,Ianborough,49
4988,Amanda Sanford,michaelrivera@example.com,Johnberg,30
9952,Kyle Lang,michael02@example.net,Clarkport,42
4651,James Padilla,angela52@example.org,East Morganfort,48
1160,Suzanne Rich,kathleensmith@example.com,Smithshire,27
1214,Kelly Meyer,cordovajames@example.net,Juanstad,41
7629,William Moore,crystalharrison@example.org,Lake Anthony,31
1326,Thomas Lee,masseyelizabeth@example.net,Campbellbury,26
7813,Lisa Johnson,invalid-email,Michaeltown,53
7884,John Herrera,bdunn@example.net,Rushberg,56
4797,Ruben Russell,sandyknox@example.net,Josephbury,46
6797,Paul Smith,ymann@example.net,Arthurfurt,23
5809,Alexandra Powell,kathleengreen@example.net,New Thomasmouth,67
5944,Denise Nelson,brenda57@example.net,West Cherylhaven,20
9471,Tracy Allen,williamsjoseph@example.com,Robinsonview,42
108,Melanie Foster,ronaldbarnes@example.org,Chaveztown,23
1456,Sheryl Smith,jasmine38@example.net,West Stefaniebury,60
5411,Benjamin Abbott,sancheznicholas@example.com,West Christina,64
7416,Adam Barrett,,Ashleyborough,56
8964,Daniel Marquez,beckerjustin@example.net,Staceyborough,36
4963,Leslie Morris,cwilliams@example.net,South Adamfurt,39
2801,John Day,jonathan49@example.net,New Yvette,57
1645,Benjamin White,yperry@example.com,West Tracey,51
2141,Michael Fields,allison30@example.net,Collinschester,54
4537,Joseph Buckley,lisa93@example.com,Smithborough,58
4458,Cameron Garcia,heatherbailey@example.net,East Carol,65
9132,Jordan Smith,denisemartinez@example.net,Lake Brian,70
5587,Wayne Williams,johnsontanya@example.net,Johnmouth,49
4379,Juan Green,tommypatterson@example.net,South Dorothyland,69
730,Alex Mckee,rmitchell@example.net,Martinezberg,18
4358,Martin Miller,hallrenee@example.net,Port Lisaton,48
8062,Patricia Wilson,schroederwilliam@example.org,Warrenview,41
6717,Mr. James Taylor,markdavis@example.org,West Melanie,37
1937,William Henry,ecook@example.org,Port Travisport,32
3794,Christine Newman,sspence@example.net,Lake Paulafort,20
3737,Eric Thompson,fmiddleton@example.net,Vasquezland,62
2262,Melissa Ramos,timothy98@example.org,Ashleyview,52
4006,Anthony Ramirez,davidmcpherson@example.com,Marieburgh,41
1111,Jason Miller,karenhamilton@example.org,Natalieberg,55
9211,Marissa Mitchell,murphyjoshua@example.net,Port James,45
5481,Melissa Mclaughlin,ujoseph@example.org,Brandonmouth,41
2999,Jacob Shaffer,robinsonrobert@example.com,East Nicolas,45
2395,Penny Rowland,,Colemanshire,49
1186,Kyle Cameron,toni94@example.org,Lauratown,25
2008,Kristina Boyer,christopherwilliams@example.com,South Feliciaport,67
194,Kenneth Carrillo,markdennis@example.org,West William,32
5612,Susan Martinez,tony95@example.net,Derrickmouth,70
2902,Rebecca Anderson,tarabrown@example.com,Hernandezfort,58
579,Michael Meadows,davidsmith@example.net,Hahnmouth,35
6220,Sherry Perez,mary44@example.net,Elizabethtown,68
5526,Andrew Brown,sonyaschultz@example.net,Jonhaven,34
772,Tanner Wood,pamela53@example.org,Markland,63
8154,Luis Evans,tara66@example.org,Port Robertmouth,50
2396,Omar Ross,garciasandra@example.net,Matthewhaven,48
1479,Elizabeth Hartman,amanda93@example.com,New Robert,36
1847,David Watson MD,michael39@example.net,Friedmanview,52
9292,Melanie Smith,danny55@example.org,Meyersland,64
4275,Lisa Schmitt,invalid-email,Mccartyburgh,41
3741,Shelly Tran,charles80@example.org,Edwardsberg,28
4601,Dennis Brown,michaelthompson@example.org,East Timothy,32
8303,Alexandra Craig,rwilson@example.org,Port Gregoryshire,64
8142,Raymond Brown,sarahkelly@example.net,Jamesfort,21
6677,Carrie Mckinney,john75@example.com,New Morganfort,42
6376,Reginald Madden,lowerobert@example.org,Cheyenneland,57
406,Pamela Keller,jonathannavarro@example.org,Sweeneytown,33
9732,Rachel Stokes,heathersmith@example.net,New Juan,44
4916,Denise Kirk,rbarnes@example.net,Jeanettehaven,59
2074,Willie Combs,mdrake@example.com,Scotttown,69
4755,Dale Suarez,rpeters@example.com,North Jessica,23
1897,Edward Mclaughlin,bobbywalker@example.com,South Andrew,40
8724,Justin Waters,slopez@example.com,Vickiview,58
6703,Donald Griffin,montesjulia@example.com,Whitehaven,61
6318,James Walsh,mary76@example.org,Daltonshire,60
3660,James Lee,jennifer95@example.com,Williamchester,24
6582,Renee Kirk,lsmith@example.com,Sarahstad,37
2380,Kayla Bennett,reeseedward@example.org,Valerieshire,23
1448,Amanda Roberts,barbarablair@example.com,North Marktown,58
343,Virginia Brown,xgibson@example.com,West Donald,20
5128,Elizabeth Fowler,kimberly97@example.com,Christinefort,18
3137,Andrew Miller,lauraturner@example.org,Austinfurt,37
2528,Barbara Gilmore,tina87@example.com,Kathleenport,58
728,David Grant,russellnicole@example.com,East Ashley,60
4578,Katherine Powers,ashley85@example.net,East Matthewburgh,27
977,Rhonda Wilkerson,xpineda@example.net,Dannyshire,24
8556,Debra Allen,davenportann@example.org,Juliabury,46
5444,Jamie Pierce,summerschristopher@example.org,Ricardoberg,35
9217,Jeffrey Boyle,smithtyler@example.net,East Kathleen,38
3517,Megan Anderson,daniel27@example.net,Ronaldtown,33
8247,Jessica Perez,ayersmaria@example.com,Port Corymouth,27
7157,Tony Mcguire,brandonmiller@example.com,Brownchester,49
9984,Thomas Larson,jackson08@example.net,Lake Jonathan,22
3941,Glenn Potter,tphillips@example.net,Finleybury,24
1300,Kevin Long,jasmine86@example.org,Port Edward,60
9961,Ruth Chapman,taylorgabriel@example.net,Bellside,40
1349,Mr. Joshua Thomas DDS,robert17@example.com,North Nicole,18
661,Veronica Palmer,isnyder@example.com,Port Raymond,45
5887,Kathleen Bennett,jonathannelson@example.com,New Susanfurt,49
1493,Jessica Kemp,rebecca69@example.org,West Amandamouth,60
6831,Angela Jones,lcummings@example.com,Amytown,39
4590,Leslie Brock,stephaniestevens@example.com,South Kaylaside,60
8700,Joseph Cameron,duartedanielle@example.net,New Douglas,47
5155,Marie Morales,dlewis@example.org,East Randy,69
2316,Joan Anderson,jbrown@example.net,Keithbury,59
9809,Ryan Pierce,thomas36@example.org,Lake Carlos,41
9771,Rebecca Hernandez,hunter84@example.com,Yolandaport,19
7025,Kristen Alexander,qnunez@example.net,New Jerryberg,43
1086,Tammie Walker,hallmegan@example.com,West Elizabeth,50
2525,Jeffrey Green,danielsutton@example.com,Ericton,57
8201,Jerry White,ncraig@example.org,South Nathan,58
8644,Benjamin Paul,asimpson@example.org,Hendricksmouth,38
5375,Karen Taylor,,Port Michaelbury,56
3199,Megan Hardy,wilkinsonwilliam@example.com,Samanthaton,38
5752,Mr. Jeffrey Osborne MD,invalid-email,New Johntown,52
4009,Lance Garrett,gutierrezstanley@example.net,East Amber,41
5718,Daniel Welch,samanthastanley@example.com,Paulfort,26
6658,Dennis Lynch,christopher88@example.net,Alejandroberg,45
8580,Lauren Jones,angelanguyen@example.net,Haydenside,45
8402,James Barnett,ahartman@example.com,Campbellside,32
68,Mr. Michael Cox,rodriguezfelicia@example.com,North Kendra,55
8219,Kimberly George,monica76@example.org,North Justin,43
41,Mark Rodriguez,urocha@example.com,New Michelle,69
2270,Miss Haley Bush MD,meghan70@example.org,Port Tiffanyhaven,36
2382,Angela Jensen,morriskimberly@example.com,Rhodesland,68
7634,Gerald Rogers,raymondtaylor@example.com,Port Warren,42
9016,Brian Smith,rcoleman@example.net,West Michellechester,31
4917,Angela Gutierrez,smithdaniel@example.net,Andreaville,55
5323,John Morris,coxjeremy@example.net,North Jenniferfort,50
5774,Laura Bryant,ccastro@example.org,West Michaelview,62
6233,Robert Todd,alexandragillespie@example.com,Sanchezbury,44
6964,Heather Johnson,ashleysantos@example.org,West Melvin,64
3448,Kayla Bautista,michaelmaldonado@example.com,East Brianview,18
6817,Brittany Carter,brian77@example.org,Lake Brandon,27
2368,Brittney Stephens,njones@example.org,Rickyview,40
9757,Erin Bradley,carrlarry@example.net,Wellsview,45
8343,Jonathan Lowe,wardchristopher@example.org,Russellhaven,37
2513,Ian Smith,greed@example.net,Kimberlyville,54
9814,Darryl Turner,kenneth49@example.org,Bellland,55
2724,Nicole Smith,michele59@example.net,Charlesstad,21
5949,Gloria Romero,sjenkins@example.net,South Jefferyville,45
9372,Amanda Johnson,kaitlyn28@example.net,Ashleybury,37
8750,Brandon Silva,wbrown@example.org,Clayburgh,21
1144,Shannon Becker,omonroe@example.com,Contrerashaven,29
9931,David Mathews,danielleday@example.org,New Ashley,57
7156,Jason Downs,hlewis@example.net,Pattersonburgh,45
8894,Tiffany Rivas,uadams@example.com,South Diane,37
8456,Laura Pruitt,ronaldsanchez@example.com,North Lindaville,28
9408,Kevin Kelly,jason81@example.net,Chavezbury,70
4729,Robin Parker,wmayer@example.net,Martinezland,18
5495,Linda Thomas,cynthiashelton@example.com,Crystalville,58
5756,Nicole Henderson,michaelwoodward@example.net,Jeffreyhaven,34
9247,Tyler Harris,boydalbert@example.com,New Davidmouth,20
9435,Isaiah Heath,yadams@example.org,Andremouth,20
7231,Dylan Walker,earlwalker@example.com,Myersport,63
3790,Jared Serrano,whitepeter@example.org,North Ricky,21
2221,Michael Ward,johnsonjeremy@example.com,South Garyborough,62
5076,Kimberly Wilcox,hhoward@example.com,Andersonstad,63
2332,Ashley Cooper,sstevens@example.net,Kingmouth,46
5395,Tyler Coffey,cantrellstephanie@example.net,East Albert,53
7734,Loretta Jackson,invalid-email,Oneillside,44
8726,Mark Morton,urodriguez@example.net,Dickersonmouth,38
7091,Gary Obrien,toddwall@example.org,Sandymouth,40
9524,Joel Farmer,mcooper@example.org,Lindseystad,55
4089,Ann Clark,alyssabaker@example.com,South Juan,44
1968,Abigail Wilkins,fsteele@example.org,New Trevorborough,57
9171,Robert Ayala,davidmiller@example.net,Danielsburgh,67
8978,Cynthia Martin,wdyer@example.net,Charlesstad,32
6758,Robert Bishop,odavis@example.org,Johnhaven,63
9780,Matthew Ward,donaldchambers@example.com,New David,37
4366,Carrie Warner,johnwalker@example.net,East Scottberg,46
7000,Brian Fox,john07@example.com,New Matthew,46
424,Oscar Ramos,diazrebecca@example.net,South Pamelamouth,18
281,Alexis Acevedo,brandi26@example.org,Tuckerview,46
1905,Barbara Huynh,andrew27@example.org,West Jason,27
596,Chloe Pierce,williamsjerry@example.org,New Joanna,32
8752,Vincent Petty,michael28@example.com,East Paul,45
3918,Paula Mitchell,thompsoncraig@example.net,Richardsonstad,23
6143,Richard Nelson,kwashington@example.org,South Charles,25
5662,Kiara Jackson,christina44@example.org,Riverafort,52
5779,Jason Evans,hollandcharles@example.org,West Michaelfort,19
3619,Sherri Dominguez,austinkatherine@example.org,Lake Terrance,68
6846,Lisa Wilson,,New Edward,57
840,Tonya Scott,amyjones@example.org,Leeberg,33
4597,Madeline Velazquez,tanyahart@example.com,Singletonborough,59
7796,William Ferguson,greenamanda@example.org,South Mollyville,34
142,Dale Higgins,ryan30@example.com,Mercadoland,32
2598,Richard Fleming,jeannetaylor@example.org,South Roberta,26
6702,Robert Allen,nicholasharris@example.com,Lake Ericshire,59
9186,Jennifer Martin,jacksonkelsey@example.com,New Carlos,27
1378,Amanda Rollins,vfernandez@example.com,Alexanderborough,45
3675,Mrs. Chelsea Wilson,wcollins@example.com,Camachomouth,62
9735,Tyler Sandoval,juliebailey@example.org,New Stevenfurt,18
3155,Steven Smith,christopherprice@example.com,Susanchester,45
6363,Robert Bonilla DDS,larry69@example.net,Martinezside,31
9549,Andrea Robinson,ganderson@example.net,Martinside,35
4742,Shane Fischer,laurie43@example.org,South Larryton,48
3809,Timothy Terry,christinacase@example.org,Dennisshire,19
1139,Madison Myers,colin62@example.com,Riveratown,26
2258,Garrett Martinez,williamsbrenda@example.com,New Jeremyberg,67
7375,Linda Hurst,sroberts@example.com,East Michael,28
8180,Henry Smith,shawnowens@example.com,Lake Nicholasshire,36
1788,Katrina Harris,micheal87@example.net,New Melanieberg,53
3939,Sean Roberson,tracihunt@example.org,Coxfurt,58
8208,Justin Hart,chelseabrock@example.org,Davidport,36
4647,Kelly Wilson,christophergraham@example.net,Jonesfurt,61
460,Danielle Maynard,thomaswhite@example.org,West Elainefurt,24
6116,David Newman,kellyheather@example.com,West Teresahaven,39
9736,Stacy Schneider,georgeelizabeth@example.org,Lake Stephanie,22
949,John Wright,samantha19@example.net,Morrisport,27
3701,Crystal Coffey,simpsonmary@example.net,Reynoldschester,49
1337,Steven Fuller,cherylcrane@example.com,Williamsonhaven,54
6371,Stephen Clark,perezdouglas@example.com,Murphyport,60
4629,Jasmine Mitchell,jordan35@example.com,Tonyaborough,61
7359,Brian Henry,beverlywashington@example.org,West Alexandra,47
6287,Jason Norman,eherrera@example.org,Peterfort,64
5926,Heather Gill,christopherwillis@example.net,South Paulville,46
5935,Michael Mora,gnorris@example.com,Marcmouth,52
6041,Mrs. Jocelyn Aguilar,ashleyyoung@example.net,Port Anthonychester,40
442,Heather Lopez,anthonypierce@example.org,North Melindabury,31
6660,Mrs. Sarah Baker MD,invalid-email,Christinamouth,32
1603,Deanna Nichols,gwest@example.com,Lake Melindaview,50
2239,Anthony Brewer,jordan51@example.net,Lake Markland,34
640,Chad Gilbert,,West Patricia,53
7052,Sara Martin,igill@example.com,Carrilloberg,68
3831,William Maldonado,dominiquestrickland@example.net,New Reginald,41
9583,Amanda Lewis,kelli78@example.net,West Kevin,70
6145,Rhonda Lynch,qgonzales@example.net,South Sara,24
4220,Larry Day,palmerjack@example.org,Stevenfurt,25
9235,Diane Burns,robert20@example.com,North David,50
6345,Jose Morris,jeffersonandrew@example.org,West Jessica,28
2502,Erin Allen,cabrerarobert@example.net,West Lydia,33
1959,Mr. Seth Taylor,dfrederick@example.org,Francestown,65
1071,Kristin Brown,olong@example.org,Stephaniebury,44
156,David Quinn,amartin@example.org,Garciafort,60
2296,Connie Hale,,Michaelberg,27
8092,Brandy Davis,holly81@example.com,Brownfort,47
4579,Glenda Johnston,kbruce@example.org,Port Danielborough,23
1090,Bailey Lewis,williamslauren@example.net,Porterchester,69
6050,Anthony Lawrence,vwilliamson@example.net,Ruizchester,62
6416,Nathan Francis,courtney00@example.org,Joseville,65
2941,Keith Burns,sanchezcolleen@example.org,Kevinstad,29
724,Rachel Kim,michaelpayne@example.org,New Joshua,59
4385,Catherine Rich,joshua14@example.com,Nelsonfurt,31
931,Michelle Heath,barry18@example.org,Lake Kathleenchester,56
2910,Lisa Salas,brittanychristian@example.com,Rhodeschester,62
8160,Laura Williams,ralph24@example.org,Evansmouth,70
6764,Krista Mckenzie,lmoore@example.com,Loriborough,20
8553,Christopher Tran,matthewjohnston@example.com,West Elizabethville,66
6417,Gregory Hodges,mackkent@example.net,Bensonstad,54
896,Toni Ho,lynnveronica@example.org,South Jessica,66
3248,Stephanie Anderson,dunnryan@example.org,North Jenniferview,51
2327,Karen Christian,kevin78@example.org,Maddenstad,40
7097,Stephen West,katherinehuang@example.org,North Rhonda,22
8765,Wanda Myers,lindsey65@example.org,Kimton,46
7885,Frederick Wilson,alyssa25@example.com,Andrewsside,43
9937,John Davis,logancruz@example.com,Port Emilymouth,60
5039,Timothy Mcgrath,briannarobinson@example.com,Castilloburgh,-5
6451,Ashley Hoover,cwilcox@example.net,Seanshire,50
4137,Morgan Jones,wschmitt@example.net,East Darrellview,39
9622,Jennifer Bell,parkeramy@example.org,West Javier,31
1716,Patricia Smith,watersleslie@example.org,Justinbury,70
1699,Elizabeth Conley,manderson@example.com,East William,48
9885,Matthew Baker,oconnorchelsey@example.net,West Abigail,28
9743,Gregory Newton,moranpamela@example.net,East Erinberg,150
994,Jose Reese,michael86@example.com,Goldenmouth,52
8388,Karen Sellers,sweeks@example.org,Martinfurt,70
3832,Jacob Henry,madison97@example.org,Port Belinda,60
6300,Bianca Mathis,fritzsteven@example.com,South Laurahaven,69
3349,Daniel Jones,brownmichael@example.com,North Bryan,39
9711,John Diaz,lwong@example.net,Hayneshaven,63
986,Judy Knox,garciaryan@example.com,Jeffside,24
1822,John Jones,fhernandez@example.net,Charlesport,22
4572,Robert Baker,matthew41@example.com,Port Kyle,28
588,Chelsea Mason,deanwalter@example.net,Jeffreystad,49
9953,Thomas Cooper,christinewells@example.net,Foxmouth,54
5078,Leonard Yang,bradley53@example.net,Rhondamouth,62
9862,William Mccormick,andrea39@example.org,Lake Sheenaburgh,48
8487,Sara Simon,melissahardin@example.net,Pricetown,34
9715,Eric Johnston,timothysanders@example.org,South Joseph,68
9645,Cody Morgan,paul97@example.net,Powellton,62
5484,Desiree Davis,stephensimpson@example.com,Randyburgh,20
8060,Amber Roberts,douglas45@example.org,New Ashley,34
3123,Karen Martin,lramirez@example.com,Lake Taylormouth,51
5515,Scott Moss,hcook@example.com,South Jenniferchester,31
7891,Samuel Sellers,antonio81@example.org,Port Melissaborough,22
9050,Todd Manning,invalid-email,Boydview,44
5554,Mark Lopez,sextonmadison@example.org,East William,31
3558,Gina Anderson,william53@example.com,Lake Briannaburgh,44
1396,Lauren Hill,martinshannon@example.net,Port Adamshire,51
265,Darrell Nguyen,paul41@example.org,East Steventown,61
3548,Robert Phillips,collinstravis@example.com,Port Michaela,34
6845,Kerri Wilson,lisa85@example.com,New Jacquelineshire,30
7936,Hannah Fuentes,reedmichael@example.net,North Robertshire,31
6789,Cynthia Gomez,karengreen@example.net,New Andreashire,25
3070,Christine Coleman,stacy04@example.com,Chrisshire,48
5026,Benjamin Sanchez,jason85@example.net,New Adamfurt,48
8561,Matthew Jones,ewheeler@example.org,North Davidland,35
3865,Summer Clark,bakerkelsey@example.net,Lindsayton,38
9255,Nathan Hunter,invalid-email,Danielmouth,38
2401,Anna Phillips,linmary@example.com,Rebeccatown,59
6275,Mr. Jeffery Christensen,medinaanthony@example.org,Lake Monique,29
8651,David Jacobson,johnsoncynthia@example.com,South Valerie,42
3712,Danielle Pierce,nicolegallagher@example.com,South Janice,52
247,Katrina Lindsey,meadowstami@example.org,Wheelermouth,21
1595,Kathleen Vance,jacqueline05@example.com,Port Juliaville,40
9877,Lorraine Salazar,denise93@example.net,Arroyoport,60
1530,Anita Wilson,zcombs@example.org,North Jennifer,49
8387,Matthew Burnett,dennis87@example.org,West Christyville,48
924,Michelle Smith,sandra40@example.com,Espinozachester,56
7855,Dylan Schultz,bwatkins@example.com,Mooneyshire,45
7330,Gregory Johnson,ortegadustin@example.net,Larsonview,68
4365,Nicole Fisher,ovasquez@example.com,North Sean,24
670,Victoria Crawford,pmcdaniel@example.org,Chelseamouth,61
3605,Dawn Wright,adkinsdaniel@example.com,West Elizabeth,56
5109,Nicholas Rocha,daviscrystal@example.org,Brooksburgh,34
1911,Mark Johnson,ryan15@example.com,East Brianport,41
7277,Mrs. Lynn Nash,shamilton@example.net,Port Daniel,30
8508,Katelyn Davidson,dberry@example.net,North Jose,43
5249,Keith Williams,elizabethanderson@example.org,Shawbury,43
7184,Amber Ware,daydominic@example.org,North Thomasside,52
3959,Jared Williams,jorge70@example.com,Lake Cynthia,43
6958,Janice Martinez,ggomez@example.net,Haleland,19
6027,Joseph Moore,christinajones@example.com,West Mollyport,36
5644,Denise Jordan,terrance97@example.org,Simpsonborough,18
2697,Diane Kemp,taylorjames@example.com,Roblesburgh,31
2592,William Reeves,heather83@example.net,Matthewstad,32
5907,James Anderson,susaningram@example.com,East Cheyenne,35
1782,Michael Owen,kelly78@example.net,Port Katie,56
6510,Justin Lewis,stephencarter@example.org,New Eric,43
3014,Taylor Cross,jimenezmichael@example.org,Cliffordtown,60
7134,Nicole Le,ebony53@example.com,Peterstad,67
2308,Lisa Avila,peter13@example.org,Lake Emmaton,22
7568,Tracy Wilson,shogan@example.com,North Javierport,59
3691,Crystal Anderson,wwilliams@example.net,Turnerview,29
688,Cynthia Flores,robertjones@example.net,North Brianna,70
6012,Austin Lester,udavis@example.com,North Jeffreyport,54
7072,Jennifer Salazar,donna30@example.com,Gabrielleborough,48
613,Kimberly Gutierrez,michelejackson@example.com,North Sarahfurt,150
7168,Raymond Scott,nicholasgarner@example.com,East Rebeccastad,61
7950,Patrick Gray,xhaas@example.net,Booneburgh,30
3201,Andrea Jennings,walkerjodi@example.net,South Barbara,27
2268,Amanda Cook,ymartinez@example.com,Ballardberg,58
9978,Kayla Frazier,mirandadavid@example.net,East Nathaniel,63
6630,Angela Owens,lunarobert@example.net,Patrickberg,29
4136,Ryan Larsen,littleveronica@example.com,Port Henry,53
1899,Laura Robertson,cynthia06@example.org,Ortegahaven,62
9724,Nicole Edwards,victoria53@example.org,South Henry,61
8029,Jennifer Grant,phamjohn@example.org,Karenburgh,65
259,Amanda Barker DDS,sanchezjames@example.org,Toddfurt,36
2925,Cameron Flores,michaelwaller@example.org,Mcdonaldmouth,31
9614,Stephanie Rose,jmorrison@example.com,Timothymouth,26
4944,Samantha Thompson,fmartin@example.org,South Andrew,50
2823,Chris Lopez,lindsaylong@example.net,Johnton,53
6530,Anthony Frazier,jamie28@example.com,Lake Julieburgh,54
3340,Kayla Brown,martinwendy@example.org,Johnchester,67
3526,Evan Frank,ythompson@example.com,Mollymouth,37
4564,Candace Hansen,steven94@example.net,West Juanburgh,43
9851,Crystal Cox,lindsey32@example.net,Lake Melindaton,27
6698,Jason Conway MD,blairjill@example.org,Reedhaven,70
5330,Robert Lawson,qcaldwell@example.net,Lake Scottstad,28
5224,Daniel Johnson,adriana99@example.org,Port Morganside,23
2286,Jennifer Gallegos,bonilladawn@example.org,Bushstad,36
6064,Jonathan Cooper,ksellers@example.org,Reginaton,70
4655,Shannon King,rthompson@example.org,South Dorothy,47
5001,Rebecca Anderson,jgomez@example.org,Mathewsville,44
6711,Jacob Lee,jonathan74@example.org,Lake Brian,30
9512,Ronald Matthews,davidmarshall@example.com,Alishaville,35
485,Jacqueline Hudson,colleen40@example.org,Jacquelineborough,32
2212,Jerry Wright,blevinsveronica@example.org,Huntermouth,60
5417,Wanda Cole,sclark@example.org,Perezbury,44
7865,Sheri Walker,kimberlyosborne@example.com,Port Lisa,36
2556,Caitlin Jackson,howellalbert@example.org,West Luis,62
8,Eric Scott,invalid-email,New Adam,22
3658,Kurt Moreno,ywolf@example.com,East Daniel,49
6412,Mr. Jason Wright,vreynolds@example.com,South Jose,35
9350,Raymond Hoover,hclayton@example.net,Lake Crystalberg,20
4875,Tom Hayes,colonthomas@example.com,North Stephanieview,46
4403,Curtis Williams,ortizmichael@example.net,Lake Jason,36
9096,Carrie Cruz,plopez@example.com,Deborahborough,20
5547,Daniel Wilson,meghan69@example.com,Lake Natalie,56
5298,Elizabeth Valencia,colinmcdaniel@example.com,South Jacob,20
2427,Derrick Hampton,veronica17@example.com,Port Josephview,60
6745,Ashley Kennedy,tracey10@example.org,Garzamouth,70
1815,Valerie Petty,bjennings@example.org,Palmerfort,20
7604,Laurie Pierce,bgordon@example.com,Humphreybury,20
6823,Megan Lester,msmith@example.org,Clarkeview,41
9820,Corey Stein,pettywilliam@example.net,Kathrynshire,23
2275,David Gilbert,punderwood@example.org,Deannaton,65
1012,Vanessa Wagner,gsanchez@example.com,Port Nathaniel,52
1578,Michelle Mccullough,ahuffman@example.com,Lake Harry,40
7265,Samantha Moore,james14@example.com,South Caroline,19
1068,Ricardo Andrews,ulopez@example.net,East Leah,56
1992,Mary Rodriguez,morrisonamanda@example.com,Port Arthurmouth,52
3971,Jennifer Andrews,abigailcoleman@example.net,South Michaelborough,63
9256,Cindy Solis,orozcorobert@example.org,Garciashire,18
5880,Laura Rodriguez,tiffany44@example.net,Silvaborough,42
8595,Nancy Harris,edwardscourtney@example.net,Port Zacharyton,34
4543,Rachael Williamson,ahodges@example.net,West Margaretborough,0
9514,Matthew Harrell,alyssa98@example.com,West Joshuafurt,18
7194,Elizabeth Perez MD,fritzevan@example.org,Joneschester,21
3868,Sara Carter,laurastrickland@example.net,Port Pamela,27
9605,George Knight,fryenicole@example.com,West Dennisfurt,43
6824,Ruben Pope DDS,irichards@example.com,East Patrickbury,55
3049,Elizabeth Collins,kellybrown@example.net,Waltertown,27
7549,Kenneth Scott Jr.,justin50@example.org,Jonesview,49
782,Margaret Ramirez,parksbrian@example.net,South Shaneberg,33
6748,Sara Baird,smithandrew@example.com,Port Janiceshire,34
2676,Christina Walker,holtreginald@example.org,Jenkinsmouth,43
1750,Melissa May,kyliethompson@example.net,Floresshire,58
6223,Kevin Hardin,wilsonmadison@example.org,New Leslie,49
8232,Devin Hall,patricia08@example.org,Travisborough,46
2792,Cynthia Smith,douglas35@example.net,East Carolinefurt,51
6520,Richard Rose,susanboyd@example.com,East Danielbury,43
5775,Emily Greene,michaelwolfe@example.com,Port Bailey,150
6358,Tamara Rivas,ssnyder@example.org,Melissafurt,42
4980,Andrew Hampton,vlee@example.org,Elizabethside,45
9564,Michael Flores,jacksonjody@example.org,Richardsonbury,57
1092,David Smith,kpratt@example.org,South Harold,24
6527,Dr. Zachary Foster Jr.,michaelstanley@example.net,New Tylerport,51
8472,Robert Jimenez,ddonovan@example.com,Simmonsport,33
4628,Timothy Roy,ehunter@example.com,Burgessport,61
2325,Wesley Gonzales,jessicahuff@example.net,Oneillburgh,25
6535,Denise Allen,jflores@example.com,West Laurafort,19
9153,Leroy Simon DDS,connermegan@example.net,New Elizabethmouth,41
5056,Vincent Hughes,salinasjohn@example.net,Tracyfurt,34
2609,Theodore Weaver,rdavidson@example.com,Sarahfurt,35
9203,Rebecca Alvarez,harrellsteven@example.com,Mooremouth,53
2291,Donald Boyd,edwardskenneth@example.org,Davidsonside,48
1728,Margaret Stein,ryanking@example.com,Port Jacob,69
611,Melissa Colon,oliviaedwards@example.org,Doyletown,66
4667,Jason Barnett,dawsonamanda@example.net,Carterfort,62
6076,George Molina,andrea41@example.net,Birdfort,66
5414,Stephanie Rodriguez,paulbowen@example.org,North Brian,20
344,Charles Wood,,East Nathan,26
4684,Juan Bush,deanna12@example.com,Kentstad,68
8961,Anthony Estes,samantha24@example.net,North Logan,57
3751,Daniel Ho,brittanyvalencia@example.com,New Christina,67
8618,Gary Stanley,sullivanlaura@example.com,West Shawnview,23
9495,Spencer Dawson,jeffrey66@example.net,Cantumouth,54
6000,Timothy Hale,ljohnson@example.org,New Davidstad,67
3216,Craig Saunders,,Port Kristinemouth,57
98,Bernard Johnson,uerickson@example.com,Lake Gary,32
7681,Kristen Stevens,sgonzalez@example.com,North Austinshire,67
7975,Anthony Torres,rhonda04@example.net,Lake Amyberg,44
5177,Kristopher Richardson,candicesanchez@example.com,Elizabethshire,69
7280,Monica Howell,bcontreras@example.org,Diazberg,52
6166,Mary Sanchez,flemingjeffrey@example.com,Port Lindsay,39
1538,Charles Smith,iangreer@example.org,Nancymouth,42
3589,Carl Robinson,,Sherylfort,28
7714,Brooke Mitchell,yanderson@example.com,West Juanville,45
6986,Marc Miranda,piercejames@example.com,Lake Michaelview,48
3649,Robert Gomez,lyoung@example.org,Donaldmouth,67
2658,Katrina Duffy,jessica53@example.org,Jillianberg,55
7856,Derek Henry,millerlynn@example.net,Port Kathleenfort,21
1518,Brad Simpson,brewergregory@example.com,North Erika,63
5062,Isaac Beasley,smartinez@example.org,Lake Vincent,36
9537,Devon Moore,jeffreyfernandez@example.com,West Johnhaven,34
4625,Charles Norris,,Howellburgh,42
4273,Linda George,jonesjared@example.com,Port Benjamin,65
3670,David Herrera,ggreer@example.com,Lake Ryanview,24
6567,Ricardo Owens,tiffany64@example.org,Ramirezview,21
5801,Kristin Price,fanderson@example.net,Williamfurt,55
2091,Samuel Avila,joelfarley@example.com,South Jasmine,47
7098,Denise Spencer,christopher51@example.net,New Kathleenbury,37
6172,Samantha Johnson,laceymorrison@example.org,Micheleview,39
7522,Michael Robinson,howelljulie@example.com,East Darrenland,19
573,Ricky Black,annmartin@example.org,East Stephanie,65
9752,Jacqueline Greene,kennedymary@example.com,East Heatherbury,29
4689,Christopher Leach,sandersanthony@example.net,West Christopherton,55
9257,Kaylee Roberts,jamesfuller@example.com,South Garyland,66
3063,Alejandro Anderson,rbowman@example.com,New Josephland,69
8043,Kenneth Maddox,lisamartin@example.net,Port Barbaraton,41
6471,Jessica Phillips,cunninghambruce@example.org,Williambury,46
7161,Benjamin Hughes,tbryant@example.com,West Andrewburgh,65
6634,Renee Reed,andrewrivera@example.com,Jamesshire,28
8658,Rachel Ferguson DDS,bobby27@example.net,Whitakermouth,26
4725,Johnny Grant,deniserodriguez@example.org,North Joshuaport,30
7346,Amy Serrano,antonio50@example.org,Maryton,19
6305,Tiffany Galloway,michael42@example.com,Patelview,38
425,Mikayla Meyers,johnsonmichael@example.net,Arroyoshire,47
9631,Stephen Walters,mary92@example.net,Taylorview,30
9797,Henry Sawyer,benjaminhernandez@example.com,East Kathyview,21
4480,Theresa Greene,halltina@example.com,Port Ambermouth,25
4949,Caroline Martinez,matthewcole@example.com,New Hannah,35
5977,Margaret Yu,darleneferguson@example.org,Andrefort,46
371,Lauren Mays,hernandezjordan@example.com,Matthewsview,49
1939,Ann Stewart,tyler27@example.org,Lake John,61
2353,Fred Hicks,andrew85@example.net,Port Steven,38
7128,Valerie Hernandez,thomas82@example.org,Mckayport,68
1754,Michael Hobbs,ncollins@example.com,East Melissa,70
3671,Richard Rowland,amanda29@example.com,Lake Jaredchester,39
7299,Tony Murphy,aaron01@example.org,New Bobby,40
3653,Sherri Peterson,richard55@example.net,New Keith,54
5202,Matthew Gomez PhD,christopher10@example.net,East Paul,22
8464,Victoria Craig,lbrown@example.com,West Caroline,54
2362,James Smith,francisco97@example.com,West Jeremychester,20
4261,Jennifer Gross,joshuadavila@example.net,Norrischester,50
5433,Kevin Brown,moyercarmen@example.org,Markland,31
6286,Crystal Miller,rebecca91@example.org,Letown,25
4992,John Rice,invalid-email,Port Elizabethland,35
8614,Gregory Davidson,katherine46@example.org,South Deborahport,38
9655,Keith Hanson,sean23@example.net,Gouldfort,-5
3738,Zachary Turner,andrea26@example.net,South Albert,21
7821,Wendy Lloyd,curtis39@example.com,West Jodi,44
8731,Kathryn Rodriguez,pinedajennifer@example.com,Port Joemouth,20
9107,Anna Estrada,jerrypowers@example.net,Owensbury,57
8486,Sabrina Cross,timothyhunter@example.net,Port Nicholeview,52
5592,Toni Ayers,,South Jessica,42
1172,Daniel Nelson,fwaller@example.com,Port Danielbury,42
7371,Joseph Hardy,craig98@example.com,Gonzalezton,30
9363,Ashley Rivas,teresa77@example.net,Torresmouth,34
8302,Patrick Schwartz,gabrielawashington@example.com,Dawnton,66
1423,Eric Robertson,fullernathaniel@example.net,Cabrerabury,50
6783,Crystal Reyes,jonesedward@example.com,Andrewchester,34
9635,Samuel Nguyen,autumn76@example.com,Kathyburgh,40
8957,Omar Coleman,janetsilva@example.net,North Ashlee,50
6107,Alice Rodgers,michael72@example.net,Barnesburgh,48
9538,Diana Munoz,gonzalezkayla@example.net,Steventon,32
8267,Andrew Cook,faith62@example.org,Taylormouth,27
6340,Mitchell Dunn,jenkinslance@example.org,South Jeremy,67
7701,Stephanie Warren,frederickhood@example.com,East Mario,27
9666,Laura Gomez,laurapoole@example.net,South Kelly,26
875,Matthew Harris,nicholasrobbins@example.com,Adamshire,70
2298,Patrick Short,andrea89@example.com,North Amberhaven,59
2644,Ryan Grant,,Port Kevinport,47
8901,Brittany Gray,afranklin@example.com,North Heatherville,44
1720,Julia Silva,taylorgregory@example.com,South Lisahaven,57
5348,Ryan Long,,Kylieland,48
5933,Carlos Glass,chenheather@example.com,Paulburgh,53
841,Angela Dixon,robinmaxwell@example.com,Lake Donaldfort,19
97,Ashley Hill,marshallkeith@example.net,Cliffordberg,37
582,Ryan Hill,kellybeltran@example.com,Davidmouth,33
205,Charles Miller,gerald01@example.net,Aaronborough,55
1642,Jermaine Holt,benjaminwilliams@example.net,Port John,22
2015,Robert Villarreal,nfields@example.org,Lake Mikestad,18
3254,Susan Burke,garrisonstephen@example.net,New Elizabethland,33
7842,Diane Gardner,yvonne99@example.com,Jefferyton,47
906,Erin Stanley,tylerjackie@example.net,South Faith,68
632,Catherine Walsh,,New Angela,24
8585,Stacey Rogers,stevengarcia@example.com,Alexanderborough,55
8138,Laura Ochoa DVM,jennifer07@example.org,New Timothymouth,68
1975,Steven Jones,panderson@example.net,West Marcusshire,70
163,Meredith Thomas,darrellkeller@example.net,South Daniel,23
4999,Robert Anderson,kayla45@example.org,Christopherburgh,29
1244,Ian Summers,ronald30@example.net,Yolandaberg,52
9642,Helen Baker,ericwolfe@example.com,Flemingville,56
8079,Sarah Archer,caseykyle@example.org,West Luisview,28
4714,Corey Bean,pdoyle@example.org,Saramouth,25
876,Patricia Lamb,wterry@example.net,Coffeytown,54
1432,Kimberly Hogan,bassscott@example.net,Christinatown,23
8914,Angela Wilson,rhughes@example.net,New Kayla,60
6869,Richard Hooper,wesley13@example.net,Lawsonborough,66
4644,Melanie Bautista,obaker@example.com,Lake Jeffreyland,27
5081,Suzanne Alvarado,heather97@example.com,Jessicahaven,25
5784,Trevor Carter,franklinsteven@example.com,Sanchezport,41
9323,Sandra Brown,shall@example.org,South Kristatown,34
7711,Mrs. Kayla Mendoza DDS,stevenwhite@example.com,North Jessica,20
7737,James Smith,kbray@example.org,Aaronside,19
7923,Stacey Stokes,james42@example.com,South Anne,53
7532,Victoria Williamson,ptucker@example.net,Arielburgh,32
8280,Christine Day,ghall@example.net,Rojaston,30
8073,Joseph King PhD,shannon58@example.net,Leslieville,37
9629,Daniel Reyes,nhubbard@example.com,Doyleshire,46
2857,Natalie Stevenson,jordanmarc@example.com,Port Sarahstad,31
1862,Megan Miller,eric88@example.net,New Derek,62
2660,William Tyler,spearsangela@example.org,Berrytown,23
3385,Christopher Williams,vickiesantiago@example.net,Port Steven,32
9758,Jared Sellers,andersonsarah@example.org,Sarabury,40
9973,Eugene Sherman,joshuajohnson@example.org,Port Jason,37
8305,William Hooper,jamie42@example.org,New Caleb,58
8511,Nicholas Moody,lynn87@example.org,North Dawn,63
7463,Kayla Lee,danielrussell@example.com,Port Amanda,66
6887,Cassandra Mckee,wrightmisty@example.org,Nicolechester,53
4734,Kaylee Martinez,jonesgabrielle@example.org,Port Troyland,41
3332,Travis Salazar,,East Joyce,37
9189,Christopher Porter,georgeryan@example.com,East Christine,28
7750,Edward Pena,mike29@example.org,New Tamarahaven,22
8810,Donald Parker,brian46@example.org,Port Davidchester,40
6405,Hunter Allen,aarroyo@example.com,New Anthony,53
8510,Amber Cooper,katie23@example.com,West Bradley,68
9657,George Jones,christina11@example.org,Chelseatown,46
7061,Angela Lyons,janethoward@example.net,Lake Ryan,36
2097,Johnny Simmons,enorton@example.com,Byrdbury,65
2004,Hayley Meyer,cschroeder@example.net,Oliverland,56
2345,Angela Kelly,egilmore@example.org,Port Danielleside,46
8930,Trevor Smith,lesliedavis@example.com,Robertstown,59
4677,Lisa Horton,brianna10@example.org,Kingland,61
5018,Joseph Jones II,michael77@example.org,Wheelerview,26
7470,Cody Pearson,jessemarquez@example.org,East Jeffrey,25
547,Carmen Black,ohale@example.com,Jessicafurt,55
1450,Darlene Brown,davissarah@example.net,Zhangburgh,34
3987,Kayla Mendoza,patrick16@example.com,East Jonathanland,44
6901,Vickie Fitzgerald,piercejames@example.org,Port Benjaminberg,18
2611,Autumn Smith,dustin60@example.com,East Benjaminberg,66
1901,Lisa Butler,qwilson@example.net,Matthewstad,30
3921,Alicia Norton,stephaniebrown@example.org,Hunterbury,25
2758,Elizabeth Mullins,hrusso@example.org,New Faithside,25
6125,Melissa Stewart,ashley95@example.net,West Christyfort,50
7798,Timothy Kelly,iburnett@example.net,New Bruce,32
6398,Lisa Jackson,melanie84@example.net,West Monicafurt,44
1886,Nancy Riley,alexander23@example.com,Perezmouth,62
2250,Teresa Roy,ivangarcia@example.net,Ambertown,54
5739,Arthur Romero,nashrandy@example.com,Lake Madisonchester,63
8842,Andre Santana,tfranco@example.com,Catherinemouth,18
5891,Kerry Young,kimshields@example.com,Brandonton,20
2098,Brian Howard,iarmstrong@example.com,Jimmytown,62
9477,Christina Moore,lindablack@example.com,Beasleyfort,50
5693,Jeremy Dean,holly58@example.com,North Mike,63
500,Elizabeth Kim,bryanbaker@example.com,Lambertberg,48
5625,Latasha Gould,icannon@example.org,Robertstad,33
837,Samantha Foster,haydenomar@example.net,East Katie,47
3472,Scott Miller,millskristy@example.org,Danielleside,55
4698,Arthur Lopez,bcox@example.net,Audreyville,18
6281,Jason Wilson,peter11@example.org,West Lisa,18
9062,Ashley Nixon,kelly48@example.com,North Chase,36
2172,Paul Guerra,guerreroashlee@example.net,Lake Jessicatown,70
9419,Gary Duncan,gabrielaevans@example.org,South Davidfurt,69
5679,Nathaniel Horne,katie69@example.org,Keithtown,59
9371,William Washington,cmanning@example.org,East April,34
399,John Villanueva,briannelson@example.com,Port Karenport,18
2011,Craig Porter,kaylabryant@example.org,Ericberg,57
5167,Sean Peterson,mercedes17@example.com,South Jackieburgh,24
5872,Melissa Lang,,Lake Jamesville,49
9989,Barbara Gallegos,diana66@example.org,Hesterstad,24
1284,Veronica Miller,hcarter@example.com,East Jacqueline,67
9231,Joseph Odonnell,jenniferpittman@example.com,North Carla,49
2449,Michael Pierce,rachelwright@example.com,South Jasmineberg,35
4257,Kenneth Simmons III,balldeborah@example.com,Vasquezside,38
1837,Amanda Wilson,invalid-email,Leeport,53
9791,Ashley Walker,jonathanperez@example.net,Melissastad,38
1020,Jonathan Perez,,East Austinville,41
5067,Ronald Smith,whatfield@example.com,North Timothy,70
1327,Brenda Gallagher,campbellelizabeth@example.org,East Walter,59
7866,Katrina Moreno,millerricky@example.org,East Ashleeside,36
476,William Myers,veronicarobinson@example.org,North Kellybury,55
2811,Corey Smith,lawsondebra@example.org,Schneiderview,25
8806,Eric Duncan,jerome30@example.net,West Ronald,28
1652,James Hill,invalid-email,Thomasberg,55
9806,Matthew Calhoun,karen79@example.net,Kelseyborough,26
1170,Stephen Gibson,ichen@example.org,Santosborough,39
2529,George Davis,,West Samuelfort,38
1207,Katherine Garrison,gmann@example.com,Lake Lori,50
6257,Philip Johnson,parkerjackson@example.org,Kristenhaven,45
8935,Daniel Roberts,dyerbrian@example.org,East Shawnshire,36
5470,Morgan Mclaughlin,willisjody@example.net,Parksshire,50
9571,Joseph Parks,matthew12@example.net,Kristenbury,25
7853,Paul Spencer,guy02@example.net,Chambersburgh,38
432,Alexander Green,ann91@example.org,Kirkshire,62
9661,Kevin Perry,ufrederick@example.com,East Joelborough,39
7872,Holly Campbell,elong@example.com,East Robertview,40
868,Louis Mullen,rallen@example.net,Port William,42
2975,Jessica Long,dharris@example.org,Timothyville,31
5237,Mrs. Kristen Lee DVM,elizabeth13@example.com,Stephenmouth,55
5094,Tony Martin,maryjones@example.org,Lynchtown,23
5434,Kyle Gonzalez,ucolon@example.net,West Ryan,60
542,Devin Khan,pthomas@example.org,North Danielside,53
5196,Crystal Jones,jflowers@example.com,East Christopher,63
1133,Brandon Nguyen,,Brittanytown,39
3338,Devin Price,,Jeremyland,53
4502,Kimberly Rodriguez,yharris@example.net,Lake Luketown,42
6355,Scott Sanchez,rvargas@example.net,North Jacobbury,56
9521,Sharon Smith,williamgreene@example.net,West Christopher,52
3391,Heather Stark,jgibbs@example.net,East Scott,34
3889,Tina Harper,walterapril@example.net,Jeremyburgh,47
2963,Peggy Wade,mary35@example.net,Brianton,54
4156,Bethany Gutierrez,lgraham@example.org,West Kevinview,69
3260,Derrick Armstrong,hoganchase@example.org,Marissaport,67
6303,Christopher Jones,normariley@example.org,Changside,35
6035,Cheryl Lewis,ginaharding@example.net,West Danielview,38
8217,Martin Jacobs,marcschultz@example.net,Nancychester,37
7838,Kathy Thomas,clarkderrick@example.net,Colemanmouth,70
9418,Mary Ball,lawrence04@example.net,Kellerton,64
2584,Thomas Wallace,theresapeterson@example.com,Holmeston,56
2814,Jonathan Hickman,bmann@example.org,West Saramouth,48
3960,Lisa Wagner,clifford65@example.org,Ryanport,21
2948,Jerry Young,denisesmith@example.com,West Alexandra,21
6644,Anthony Oliver,xcole@example.com,Danielston,33
5175,Shawn Richards,gpowell@example.org,Kellyland,47
6842,Peter Mccoy,shannon41@example.net,Ryanside,60
8462,Tina Ward,,South Robert,47
7909,Julie Walker,james16@example.org,North Evan,66
7896,Cristina Williams,edward70@example.org,West Kevin,27
3587,David White,hughesjennifer@example.com,Cruzstad,63
9416,Sherry Arnold,emilycosta@example.net,Watkinshaven,53
8255,Michael Cruz,matthew04@example.org,Philipland,67
2564,Carolyn Scott,keviningram@example.org,Davidsonfurt,64
2631,Shannon Burns,hgreen@example.net,Laurenbury,30
3191,Annette Thompson,gregory32@example.net,Jacquelineville,46
8093,Shane Potts,millerevan@example.net,Lake Heathermouth,39
7955,Andrea Harmon,benjaminlove@example.com,East Christinashire,36
5037,Matthew Mccormick,kathy52@example.org,Port Phillip,42
1081,Samantha Patel,vegasamantha@example.org,New Michael,25
4284,Erika Houston,brownanthony@example.net,West Allisonmouth,65
5892,Jeremy Bailey,jordannancy@example.net,North Mark,21
7086,Phillip Huff,kbarnes@example.com,Mannville,69
2086,Lacey Taylor,vcraig@example.org,Madisonborough,23
6346,Rachel Peters MD,wandaking@example.org,Kennedyview,47
2453,Heather Montgomery,odonnellclinton@example.org,West Franklin,69
4967,Crystal Boyd,invalid-email,South Elizabeth,26
2024,Willie Ross,ramosroger@example.org,North Michaelland,54
8297,Karla Mcdaniel,kimberly07@example.net,Rodriguezton,67
9169,William Murphy,invalid-email,South Whitney,61
7910,Laura Figueroa,griffindean@example.net,Rachelborough,51
8893,Hannah Gray,karen46@example.net,North Cassandrashire,51
7322,Steven Alexander,brettwilliams@example.net,Port Michaelmouth,55
227,John Smith,dustinduncan@example.com,Jeffreychester,21
1014,Elizabeth Bowman,pachecotonya@example.com,South Willie,33
6680,Julie Holmes,julia32@example.net,Lake Matthewfort,41
1930,Antonio Morales,gabrielmcbride@example.org,Lake Christopher,65
1044,Cindy Hodges,brittany82@example.net,West Breanna,24
5252,Daniel Hensley,kristingross@example.net,East Eric,36
1405,Robert Mathews,joan35@example.org,New Albertland,27
9227,Kristina Henry,elizabethroberson@example.net,South Alyssa,48
2180,Kendra Rogers,elijah94@example.net,Andersonberg,52
698,Sheila Summers,kathrynberry@example.net,Burgessmouth,60
1125,Meredith Kirby,sara40@example.net,East Kyleland,45
7379,Cameron Lee,jonathan86@example.net,North Michelle,33
3896,Stephanie Owens,rbowen@example.org,Port Williamshire,59
8381,Andrew Waters,kristinabarnes@example.com,Sandraburgh,20
5111,Margaret Rogers,stephanie32@example.net,Mcgeeburgh,52
7903,Frank Durham,pattonlaura@example.com,Lake Cindy,56
1779,Elizabeth Brooks,lrogers@example.net,Valenciatown,35
8101,Shelby Jones,catherine42@example.net,Anthonyburgh,49
2635,Jessica Hicks,michelleorozco@example.com,Marshallville,38
7188,David Williams,fnunez@example.net,East Paul,19
7545,Jennifer Macdonald,brownchristopher@example.org,Jefferyburgh,31
7605,Michael Williams,grantbrown@example.com,Lake Stacy,20
3490,Megan Green,christopher19@example.net,South Joshua,59
8423,Heather Deleon,loganteresa@example.com,East Amanda,27
1038,Jesse Franklin,hansontammy@example.com,New Ian,61
6094,Michelle Curtis,,New Kevin,50
2257,Antonio Levine,maria93@example.com,Whitefurt,31
9934,Victoria Kirk,zyoung@example.com,Lake Kevinberg,69
2614,Gabrielle Thornton,kpollard@example.com,Carolynstad,63
314,Mary Wright,hubbardadam@example.org,Lake Bradleyville,70
2650,Rebecca Pacheco,lisacross@example.org,North Gerald,25
2282,Cheryl Martin,velasquezmichael@example.com,Port Frank,58
6742,Sarah Mitchell,jessicadavis@example.org,Lake Christina,34
2980,Nathan Evans,invalid-email,Port Grant,32
2548,Christy Hurst,conniefitzgerald@example.com,Wiseland,52
5513,Benjamin Clarke,imartin@example.org,North Tylerside,19
5133,Lisa Davis,lonnie35@example.org,Marymouth,35
2160,Austin Tyler,williamgraham@example.com,Kimberlyshire,25
7081,Eric Parker,fcarroll@example.net,Omarside,70
3138,Caroline Huff,,Alishamouth,58
9262,Cody Martinez,rodriguezadam@example.net,Anthonystad,36
5851,Stephen Bullock,wallercynthia@example.org,West Jesuschester,69
1316,Brandon Miller,xmays@example.com,Lake Joseph,46
6446,Carla Rush,sherribolton@example.net,New William,70
3968,Andrea Roman,pattersongina@example.com,West Monicahaven,56
1429,Richard Lopez,fhartman@example.net,New Gregory,32
8711,Susan Hubbard,mfowler@example.org,East Josemouth,63
2521,Manuel Barnett DDS,murphytroy@example.com,Lake Paul,66
8152,Mary Vazquez DVM,sara53@example.org,East Eric,33
4970,Lynn Smith,robert56@example.com,Lake Charlesside,67
1856,Mark Webster,weberheather@example.com,Eddieview,62
8807,Bryce Wright,diane08@example.com,Deniseburgh,18
5603,William Wallace,hhoward@example.org,West Amyfurt,22
7272,John Trevino,npham@example.com,South Adamstad,41
9754,Frank Morgan Jr.,apalmer@example.org,New Ericchester,50
449,Drew Anderson,leslie78@example.com,West Garystad,18
8014,Joseph Brennan,rhenderson@example.com,West David,26
1285,Alexander Vazquez,ariddle@example.com,East Robinland,40
5996,John Kim,eturner@example.org,West Amanda,69
8207,James Harris,gibsonsabrina@example.net,Port Shawnbury,56
7752,Michael Dominguez,matthew90@example.net,Farrellport,64
3728,Victoria Bell,fbrown@example.org,South Nicole,54
7354,Erica Miller,,Acostamouth,44
362,Laura Woods,tiffanysanders@example.net,North Brandon,28
6280,Lynn Powell,robertcook@example.org,New David,35
5231,Alan Best,ndiaz@example.org,Jamesview,34
9123,Kimberly Davis,robin59@example.org,Fostermouth,54
7296,Joshua Wright,robertschmidt@example.com,Richardstad,44
9071,Michelle Patel,,Cranechester,49
7535,John Peterson,joshua68@example.org,New Misty,40
6252,Paul Garcia,randallcunningham@example.com,East Johnbury,57
5927,Kevin Marshall,natasha43@example.org,Lisaport,18
5150,Deborah Benitez,cynthiamendez@example.net,Kariborough,65
2461,Marcia Long,hallrachel@example.org,Goldenstad,32
23,Joe Yang,jjohnson@example.net,North Timothytown,66
2067,Gregory Allen,tomford@example.org,East Nicholas,24
1654,Donald Clark,,Richardborough,56
703,Gregory Drake,rachelsnyder@example.org,New Debra,65
8657,Dustin Carlson,davidkenneth@example.org,East Sarahberg,45
2744,Melissa Johnson,toddpruitt@example.net,Adamberg,43
1377,Diane Johnson,jdoyle@example.com,Kimberlyside,23
1725,Nancy Ramirez,courtney09@example.org,Lake Jonathan,41
2469,David Miller,cuevasjames@example.org,East Christopher,46
3755,Rachel Hughes,canderson@example.org,Valeriebury,27
2326,Danny Allen,smithkyle@example.com,Lake Brian,54
461,James Thomas,,East James,53
5164,James Kennedy,kristapatrick@example.org,Robertview,67
4184,Christopher Allison,megancohen@example.com,Port Laurastad,37
5527,Bruce Smith,xwright@example.com,New Barbara,40
4083,James Reynolds,caseyhawkins@example.net,East Leonardchester,47
1487,Mary Gonzales,hortondean@example.org,Mannfurt,18
3679,Robert Hill,austinpage@example.org,Port Matthew,55
7730,Terry Wilson,whiterobin@example.org,Davidberg,55
283,Tammie Miller,riveracarol@example.net,South Kimhaven,56
6580,Jerry Rogers,pamelamiller@example.com,Milesfurt,70
4559,Joan Schmidt,talexander@example.org,West Crystalport,53
4309,Heather Pena,merrittmichelle@example.net,Port Randall,38
6685,Luis Ramsey,william79@example.net,Chrisside,27
4866,Alexandria Brown,elizabethoneill@example.net,East William,23
3538,Patrick Branch,glowery@example.com,Port Georgetown,50
7949,Brian Maldonado,christinefoster@example.net,Smithchester,23
3869,Kayla Torres,jamescollins@example.com,West Cynthia,31
7004,John Allen,kevinmcbride@example.org,East Sherylmouth,45
2582,Matthew Wood,drewnewman@example.com,Gonzalezstad,34
1369,Karla Thompson,laura41@example.com,Kevinview,21
9662,Robert Reed,xyu@example.com,Wilsontown,70
8360,Daniel Gomez,ssullivan@example.org,New Conniemouth,64
598,Valerie Tate,ehale@example.com,South Aaron,48
4352,Kimberly Williams,fparker@example.org,Nicholastown,55
6347,Peter Roberts,ryoung@example.com,Julieside,45
9158,Mark Crawford MD,thanson@example.com,Richardchester,60
6380,Gary Ramirez,amber74@example.com,East Brendashire,-5
4759,Carrie Smith,paulmccormick@example.org,Larryfurt,64
647,Kaitlyn White,zsmith@example.org,Tinatown,65
6382,Harry Malone,jasonrobles@example.com,Gallagherchester,50
7528,Julie Mitchell,wmack@example.org,West Ginaport,35
9892,Ashley Roberts,baustin@example.org,South Ianchester,69
6024,Anne Wilson DDS,pricenicole@example.net,Murraybury,68
9792,Kenneth Klein,jordan63@example.org,West Julie,63
8979,Alexandra Fox,paul19@example.net,Lake Veronicafurt,63
7166,Heather Valdez,collinraymond@example.org,West Jimmyhaven,60
3469,Julie Mejia,ivanbarber@example.com,Birdshire,18
8112,Natasha Stevens,whodge@example.net,Dannyberg,42
7698,Mark Miller,amynelson@example.org,Riverashire,50
2991,Sabrina Roman,mark56@example.org,Kellymouth,59
9596,James Nicholson,phernandez@example.com,Jonesmouth,42
4876,Dalton Smith,erica55@example.com,South Brianville,49
2545,Holly Hodges,natashacannon@example.net,Wangshire,58
8768,Carrie Morgan,tom27@example.org,Lake Daniel,30
7799,Amy Gill,lsmith@example.net,Reginaldmouth,-5
5342,Melissa Martinez,jessica20@example.net,North Anna,20
1568,Michael Baker,esteschelsea@example.com,West Georgeborough,28
8081,Kathleen Massey,katherineellis@example.net,Lindseyville,25
4067,Dr. Julie Hill,thomasrhonda@example.net,Lake Patriciatown,46
3989,Jared Henry,jennifermendoza@example.com,Stokeston,59
7032,Joseph Lee,frodgers@example.com,West Paul,20
2161,Matthew Rich,courtneypayne@example.net,Milesborough,48
686,Vanessa Duncan,oestrada@example.org,Gregoryport,50
7603,Kimberly Rosario,kross@example.com,Susanburgh,63
8099,Steven Scott,xduncan@example.org,West Jenniferside,35
3244,Keith Cunningham,,Sanchezton,68
5845,Robyn Bradley,charles54@example.net,Mckinneytown,54
8345,Sabrina Anderson,ericmckinney@example.org,East Heather,55
2462,Jennifer Price,patricia29@example.com,Rochafort,53
4084,Kendra Brown,eric21@example.net,Johnsonberg,18
2838,Melissa Perez,rebeccamarshall@example.net,Port Stephenmouth,30
3698,Jessica Ho,ychapman@example.com,North Amanda,34
7129,Mary Holmes,snydermegan@example.net,Owensshire,34
6268,Justin Peterson,ycole@example.org,West Leslieshire,65
4942,Richard Wallace,crandall@example.net,Port Stephenfort,69
5947,Robert Lawrence,baileymartin@example.org,Port Calvin,66
4584,Daniel Lucero,nicolesimpson@example.com,Lake Raymond,34
5785,Kenneth Randall,samantha32@example.com,South Bradleyville,45
4041,Mark Medina,hansenmatthew@example.org,Murphyview,44
2231,Michelle Norman,hurleyheather@example.net,Curtisport,48
7570,Eric Anderson,danielwalker@example.net,North Alexandra,47
936,Marcus Esparza,andersonjamie@example.com,Ericksonfurt,33
2321,Laura Dudley,josephcannon@example.com,Lopezmouth,51
4879,Sandra Cardenas,brian04@example.com,Amandaview,51
522,Christopher Walker,hmurray@example.net,New Stephaniemouth,57
523,Lindsey Smith,bryantkathryn@example.org,North Krista,57
5346,Shawn Bowers,jenniferbolton@example.com,Meganchester,50
8179,Harry Hill,steven61@example.org,Williamsbury,28
3360,Patricia Bass,ncampbell@example.net,East Victor,67
1312,Cassandra Robinson,kathleengriffith@example.org,Danielport,63
3984,James Hopkins,julie24@example.net,Harrischester,64
6495,Carrie Grimes,vbeasley@example.org,South Joshuaberg,66
9754,Frank Morgan Jr.,apalmer@example.org,New Ericchester,50
1717,Richard Johnson,mflores@example.com,North Nathanchester,36
781,Roy Austin,andrewbrown@example.org,Maryport,22
8976,Patrick Vincent,leslie35@example.net,Harrischester,32
8395,Shirley Hudson,inorris@example.org,Carlaborough,46
5608,Pamela Washington,zachary42@example.com,Bennettborough,65
5979,Jamie Harrison,crystalhughes@example.net,Dawnbury,41
652,Richard Martinez,figueroajoshua@example.com,Rachelmouth,38
3748,Amanda Rios,tammycruz@example.com,Rosestad,54
2197,Joshua Jackson,jessicabates@example.net,Phillipport,52
8583,Kimberly Everett,christinahatfield@example.net,West Richardmouth,70
370,Stanley Pratt,seanday@example.com,New Brendaton,50
3858,Kimberly White,christopherpage@example.org,North Wyatt,58
4286,Pamela Sherman,hoffmantina@example.com,New Martin,29
4215,Scott Anderson,sbowman@example.net,West Elizabethbury,58
378,Jennifer Reeves,tina57@example.com,West Matthewburgh,25
9946,Amanda Clayton,gjenkins@example.org,New Donaldton,61
2217,Cynthia Rodriguez,zlee@example.net,South Jonfort,55
8857,Traci Anderson,michaelperez@example.com,Anthonyville,58
1614,Ronald Smith,preyes@example.com,East Jonathan,20
6980,Erica Willis,ashleypeterson@example.net,Robertsonchester,23
7550,Randall Ruiz,scott43@example.org,Jonesville,30
1828,Larry Ayala,fjones@example.com,Williamsview,48
3633,Joseph Ortiz,colemanshelly@example.com,Millerview,38
963,Cynthia Benson,ipoole@example.net,South Angelafort,40
2994,Timothy Levy,jeromewatts@example.org,South Alan,70
6607,Maria Rodriguez,marywagner@example.org,North Theresa,37
9867,Jessica Pham,reneerichards@example.com,South Eileenbury,36
2377,Christina Graham,skim@example.net,West Joshuamouth,19
8396,Dr. Danielle Meyer,nathan51@example.net,Amytown,41
360,Anthony Rodriguez,rmays@example.org,North Allison,32
3840,Richard Cabrera,marissa48@example.org,Tracyton,52
8352,Stephen Peterson,stacey17@example.org,Lake Elizabethview,68
1247,Mr. Patrick Lucas,cjackson@example.net,Port Justinview,47
7505,Janet Floyd,jason13@example.net,Paulchester,49
9322,Zachary Weber,kmartinez@example.net,New Johnborough,45
6512,Kelsey Heath,josephsherman@example.org,Brownside,54
5088,Diane Pierce,amanda05@example.net,Lake Charles,52
3695,Julia Clark,jonathanmyers@example.org,Johnsonshire,56
1574,Tiffany Garcia,theresa73@example.com,Mooreshire,54
6282,Jake Wilson,boydsydney@example.com,Laurenmouth,66
5440,Michael Mendoza,kyle70@example.org,Salinastown,35
2568,Martin Chavez,lopezkatherine@example.com,North Davidport,41
3424,Peter Peterson,michaelgarcia@example.com,Laurabury,48
2038,Russell Estrada,icrawford@example.org,Cobbville,49
9431,Daniel Williams,kbennett@example.org,Lake Theresaview,29
773,Ryan Boyd,moniqueguerrero@example.net,West Nicole,49
5381,April Shaw,rachel43@example.net,North James,26
9762,Jessica Browning,scottarellano@example.net,Roblesport,28
3563,Daniel Ward DDS,joshua82@example.com,Deborahberg,58
563,Lynn Castro,jonathan93@example.com,Valentineside,26
6684,Christopher Fischer,william24@example.com,Alyssashire,45
2547,Kathleen Wilson,ndelgado@example.com,Schneiderberg,66
5511,Caleb Terrell,sandra63@example.org,Kristineberg,62
5331,Cynthia Flores,mary47@example.com,Sparksstad,53
8896,Margaret Knight,martinpatricia@example.net,New Brianmouth,35
4532,Bethany Smith,turnercristina@example.com,Suzanneberg,66
1675,Michael Washington,harriskevin@example.com,Bennetttown,21
7396,Yvonne Dean,jason09@example.org,South Robin,62
366,Gabriel Brown,hughesbrandy@example.com,West Elizabethbury,31
1951,Linda Mathews,tbrown@example.net,West Henry,18
8202,Leslie Garrett,ybailey@example.com,West Nicholaschester,58
4328,Michael Erickson,donald05@example.net,South Williammouth,30
3899,Melissa Fisher,michaelcollins@example.org,South Latoya,36
148,Sarah Moore,djames@example.com,Kellybury,30
1669,Tracy Gill,kimberly54@example.org,Whiteberg,23
3089,Dennis Lopez,emily54@example.org,Lake Valerie,48
9023,Robert Ross,rachelreilly@example.net,West Richard,30
7651,Robert Baker,saundersdonald@example.net,Francesshire,29
408,Megan Smith,juarezcarrie@example.org,Lake Amy,25
9778,Michael Walker,grantwallace@example.com,Wilsonfurt,59
7789,Ryan Mooney,michael94@example.com,South Rachel,26
3457,Dr. Derek Fitzpatrick,angela67@example.org,West Brian,24
6187,Paul Chaney,nathanlara@example.org,New Kristyton,55
4183,Elizabeth Fowler,katelyn66@example.com,North Devinfurt,63
3577,Hannah Murphy,parkermary@example.org,New Lindseyborough,26
3272,Cynthia Carlson,frank41@example.net,Port Cindyburgh,29
4941,Jennifer Davis,james22@example.org,Lake Shawnside,47
1032,Victoria Thompson,cedwards@example.net,Odonnellburgh,33
2149,Tyler Lawson,campbelljames@example.com,West Erin,35
6231,Mindy Porter,abigailhines@example.net,Port Dianachester,49
6593,Mariah Valdez,jonesheather@example.net,Melanieview,59
9086,Steven Sweeney,umassey@example.com,Perezmouth,47
6364,Ellen Giles,susanmoore@example.com,Port Jenna,30
6725,Leslie Simmons,xcraig@example.net,Amandamouth,20
8274,Lori Bailey,esmith@example.org,Samuelmouth,44
8286,Gerald King,michele65@example.net,Deborahport,54
856,Brittany Barker,hernandezvincent@example.com,New Alexandriafort,29
3927,Danielle Warner,,Codychester,32
9421,Jason Short,robyn60@example.com,East Jodyport,67
8081,Kathleen Massey,katherineellis@example.net,Lindseyville,25
79,Steven White,john84@example.net,Campbellton,59
7089,Robin Wright,lawrencesteele@example.net,West Samantha,22
2248,Kimberly Marshall,qross@example.net,Kyleburgh,34
8427,Zachary Meyers,carl48@example.org,Port Brianmouth,60
1348,Sandra Kelley,crystal16@example.com,Micheleton,28
7452,Michaela White,harrisonrenee@example.org,New Josephshire,45
2280,Karen Wolf,thompsonelizabeth@example.net,East Ricardo,32
8124,Jonathan Johnson,kimberly95@example.org,Hunterland,18
3898,Jared Davis,danielle04@example.net,Port Jon,40
7178,Mathew Vaughn,trujillodavid@example.com,Brendaville,22
9645,Cody Morgan,paul97@example.net,Powellton,62
3632,Michael Chen,grahamjesse@example.org,Jaimemouth,37
8798,Terry Patrick,,Smithside,43
6273,Angelica Castaneda,wallacekevin@example.net,Danielsmouth,21
393,Francis Lewis,invalid-email,Lake Jeremyton,50
3192,Brian Lin,btran@example.com,New Andrewfurt,69
17,Nicole Ritter,marissajuarez@example.com,Sandramouth,55
4201,Brett Hancock,thomas84@example.com,Bonillaburgh,54
2673,Kerry Smith,crystalbarnett@example.com,Hallchester,43
6165,Natalie Howard DDS,williamsscott@example.com,New Kevintown,18
3494,Glenn Soto,,Sydneyside,43
7395,Steven Miller,juliewolf@example.net,West Cathyview,43
4840,Andrew Young,adrian19@example.net,South Jennifer,0
594,Mandy Cook,stephanie23@example.org,Lake Kimberly,42
9501,Nicholas Goodwin,youngkevin@example.com,Port Emma,39
5828,Susan Stewart,michael81@example.net,South Kenneth,21
7962,Nicole Burke,williamhayes@example.com,Raymondton,65
5888,Alicia Gross,mitchelllouis@example.org,Port Davidfurt,19
2356,Dean Torres,hannahlee@example.org,Elizabethberg,47
6037,Cindy Kidd,brianjones@example.com,West Cindy,66
4799,Mr. Mark Clayton,vrojas@example.net,North Amandafort,18
8820,Kelly Ramirez,hwilliams@example.com,Lake Felicia,51
4593,Robert Andrews,scott17@example.org,Port David,30
164,Jose Brady,sherrystevens@example.net,Michaelmouth,70
9449,Rhonda Francis,browntammy@example.net,Millerland,23
9625,Erica Wise,perezjoseph@example.net,North Elizabethton,58
9974,Stephanie Williamson,cjohnson@example.com,Kirkmouth,54
7381,Andrea Rodriguez,deborahallen@example.org,North Angelaton,22
6357,Jennifer Jordan,joe39@example.com,Wilsonborough,66
5543,Kathryn Wells,marydickerson@example.com,Riveraborough,34
6008,Marcus Harris,lbaker@example.com,West Matthew,68
7994,Kelly Garrett,lindseywilliams@example.net,Port John,43
7639,Leonard Mccarthy,davidjones@example.org,New Kayla,35
6794,Kimberly Adams,henrycarrillo@example.net,Annetteton,31
7759,Tracy Davis,kristinewatts@example.com,Madisonchester,28
4838,Jake Herrera,vsanders@example.net,Patriciatown,22
2294,Michael Swanson,laura98@example.com,Melanieport,49
6549,Scott Burns,downstonya@example.org,Millerbury,19
7899,Linda Dunn,krista86@example.org,Lake Danielle,44
4482,Eric Strickland,michael63@example.com,South Katherine,34
3717,Larry Burke,juliethomas@example.com,North Shelly,58
6141,Colleen Flores,wilsonlori@example.com,Troyhaven,64
1550,Casey Harvey,toddkyle@example.net,South Ruthville,61
2045,Denise Houston,juarezkyle@example.com,Johnburgh,24
768,Drew Fox,vlutz@example.net,New Jonathan,28
5694,Brandon Winters,michael05@example.net,South Leah,40
7871,Michael Silva,oscar87@example.com,New Juanchester,46
7858,Donna Douglas,boyeraudrey@example.org,Lake John,47
3303,Joseph Delacruz,joseph05@example.com,Seanmouth,22
4518,Aaron Robles,phoward@example.org,East Crystalborough,30
9261,Andrea Mendoza,rogeratkinson@example.com,North Nathanfort,39
3293,Shawn Robinson,john03@example.net,South John,43
1404,Chelsea Gonzales,fpierce@example.org,Meghanmouth,36
1383,Angela Cook,coleamanda@example.org,Ruthberg,56
6929,Sandra Jackson,richard57@example.net,Brittanyborough,69
5672,Donald Jackson,parkermichele@example.net,West Kevinshire,52
1639,Mitchell Miller,ashley89@example.net,Coreyside,70
6908,Stacey Yates,joshuastanton@example.com,East Diane,62
6407,Theodore Mcdowell,michael05@example.net,South Jane,49
1180,James Sloan,michellegarcia@example.net,Angelaburgh,69
5449,Savannah Farrell,william07@example.org,New Lisa,41
5079,Theresa Scott,martincourtney@example.com,Litown,21
5176,Natalie Taylor,amandavillegas@example.org,Michaelport,44
690,Teresa Nguyen,jamie22@example.com,Sandraberg,22
9031,Nicholas Simmons,ashley84@example.com,Rojasport,21
6526,Alex Hardin,spencerjoyce@example.com,Nicholasport,49
8159,Susan Boyd,xsmith@example.net,Port Samueltown,35
6489,Stephen Blair,,East Shelby,48
7155,Dawn Hall,michelle75@example.com,Comptonfort,22
8589,William Velez,gutierrezmikayla@example.com,Brianland,41
6611,Shawn Haas,salazardonna@example.org,Palmermouth,69
8740,Steven Montgomery,rodgersjacqueline@example.net,Eugenehaven,63
4350,Christina Miller,rlyons@example.net,New Francesfurt,44
1885,Amy Rich,qguerrero@example.com,New Erin,38
8814,Kathleen Johnson,kathleengross@example.net,East Theodoreshire,53
2495,Dale Edwards,douglas84@example.net,Perezton,33
5948,Andrew Carson,garymurphy@example.net,Chelseafurt,50
3037,Jenna Moreno DVM,invalid-email,New Francesmouth,69
5778,Pedro Long,hjohnston@example.com,West Derek,20
846,Richard Sullivan,johnstonjohn@example.org,South Douglas,41
7968,Christopher Reynolds,zwright@example.org,Davidhaven,49
8652,Joseph Gonzales,nbaldwin@example.org,West Tammy,65
7341,Craig Miranda,patrick28@example.org,Gayborough,40
9190,Carl Harris Jr.,,Port Amberfurt,30
8454,Wanda Weeks,hamptoncurtis@example.net,Jenniferborough,49
7138,Michelle Newman,tdavis@example.org,Ericmouth,56
2965,Janice Stokes,fernando51@example.net,Cruzburgh,70
2530,Kelsey Bailey,choover@example.com,North Lawrenceborough,52
5773,Mark Hernandez,kweiss@example.net,Petersenburgh,48
1049,Brittany Valentine,ashley34@example.org,Patelmouth,28
7046,Paula Carroll,danielhernandez@example.net,Antonioborough,28
1961,Tammy Harmon,kwright@example.net,Whiteview,61
2531,Ashley Walters,samuelbailey@example.net,Grayview,43
4918,Susan Adams,stevenblackburn@example.net,East Amy,65
5902,Erin Griffin,mochoa@example.com,South Theresaport,22
8287,Jessica Jones,debra17@example.com,North Sabrina,43
4260,Sharon Ritter,,Lake Robertmouth,64
5657,James Smith,invalid-email,Lake Lisa,59
6098,John Zimmerman,pberry@example.org,Christopherton,57
5908,William Marquez,diana68@example.org,Lake Kevinshire,67
7374,Marcus Hooper,,Zoeshire,68
2979,Laura Park,steven36@example.net,Masseychester,57
9040,Ashley Watson,qhanson@example.com,Scottborough,32
9489,Eileen Hale,deantate@example.com,Connerfort,19
6722,Wesley Holmes,valerie72@example.com,Jonshire,66
7843,Michael Owens,zmoran@example.org,Robertbury,35
8265,Jorge Johnson,elizabeth11@example.com,Tinamouth,55
8942,Michael Hanna,jordankenneth@example.net,Nicholaschester,30
3139,Chad Rasmussen,samanthakramer@example.com,Port Kyle,55
511,Casey Howe,robin30@example.net,North Brianmouth,37
1827,Brittney Brown,jonestina@example.com,Port Megantown,35
5549,Pamela Norton,david04@example.org,New Davidfurt,57
561,Erik Rice,ksimmons@example.org,West Williambury,41
8984,Kimberly Dawson,xpayne@example.com,North Debra,35
5436,Peggy Anthony,jennifergray@example.org,Monicabury,25
4438,Brittany Blanchard,linda08@example.org,Davisburgh,25
1443,Caitlyn Baker,invalid-email,North Williamview,60
4407,Wendy Brown,halldawn@example.org,North Zacharyshire,28
9727,Teresa Gordon,martin68@example.com,Savannahfort,52
1690,Vanessa Schroeder,mmaynard@example.net,Brittanyberg,38
8188,Vanessa Adams,johnsmith@example.net,Bobbybury,30
9176,Tyler Miller,jennifertaylor@example.com,South Michellefort,41
5963,Sharon Fuentes,tammy61@example.net,Port Lisaborough,53
2497,Joseph Brown,wattsjacob@example.net,New Ronald,49
8363,Mrs. Laura Gomez DVM,linda52@example.org,Yeseniafort,45
341,Anthony Johnson,dfoster@example.com,Ashleyview,22
2409,Pamela Lewis,ellismorgan@example.org,Richardsonstad,37
8523,Valerie Lowe,kirsten78@example.net,Williamsport,68
5783,Rodney Hanson,robert66@example.org,Danton,26
4577,Krystal Burton,shermanjoseph@example.net,South Michael,53
3726,Stacy Ortiz,vanessa58@example.org,South Dominicville,61
2786,Brandon Salazar,mooremark@example.com,North Johnfort,22
1013,Justin Wells,shawnhill@example.com,North Peterview,36
5281,Christina Ellis,andrea97@example.net,Triciabury,68
4896,Brian Owens,meyeraustin@example.net,Karenburgh,52
7122,Damon Stanley,scabrera@example.com,Newmanview,70
6550,Joseph Espinoza,jillian48@example.org,Lake Davidberg,43
4038,Jennifer Diaz,washingtonalexandra@example.org,Port Shelbyhaven,19
149,Monique Rodriguez,buckdawn@example.net,Johnsonmouth,26
286,Sarah Anderson,matthew21@example.com,New Michaelmouth,40
9846,Elizabeth Cole,tammy55@example.org,Warrenburgh,52
8575,Mary Montgomery,daniellemiller@example.org,Shafferview,66
6771,Derrick Nelson,spencerjamie@example.org,Mendezport,53
4444,John Murray,nmills@example.org,North Amber,61
7447,Denise Hernandez,uhamilton@example.net,New Christy,49
237,Bryan Walker,iwatson@example.org,Lake Dylan,61
9779,Jennifer Ware,zberry@example.org,Kennethtown,58
7124,Johnny Robinson,fjones@example.org,Patriciashire,54
8521,Kenneth Ritter,brownsteven@example.org,Simonhaven,20
3084,Nancy Grant,velasquezchristian@example.com,Williamland,53
633,William Jackson,joshua60@example.org,South Kimbury,20
6814,Clinton Pitts,levymartin@example.com,Heatherberg,47
2494,Destiny Green,richardhamilton@example.org,South Shane,24
2666,Timothy Evans,saraheaton@example.com,Reedmouth,19
8662,Ann Walker,lynncaldwell@example.com,Lake Brianfurt,24
8590,Antonio Hernandez III,murphyjoseph@example.net,Penabury,61
8639,Heather Kim,michaelavila@example.net,North Charlotte,64
4212,Kelly Davis,lbonilla@example.net,Tracybury,44
3875,Raymond Howard,alexanderrebecca@example.com,Claytonfurt,29
2818,Karen Diaz,robingraham@example.org,Matthewmouth,60
8432,Kimberly Hill,nunezmichelle@example.net,South Gregorytown,56
5654,Howard Martin,kennethblake@example.net,Georgefurt,66
7427,Emily Wells,nrogers@example.com,South Juliaborough,38
8776,Michelle Ingram,brookegriffith@example.org,Rebeccaborough,61
8642,Jonathan Romero,ericdavis@example.com,Holmestown,30
9386,Mike Taylor,jhurst@example.org,Joshuamouth,36
1736,Nicholas Mitchell,qjones@example.com,South Michael,42
7398,Jorge Andrews,parkslaura@example.net,Thomastown,51
4256,Alexandra Freeman,michaelbruce@example.com,New Mary,70
8452,Amanda Reynolds,cphillips@example.com,Christopherstad,53
2476,Matthew Harmon,thompsonsheila@example.net,Shariville,56
5441,Brian Parks,amber16@example.com,Port Matthewtown,48
3714,Micheal Russell,jeremiahschmidt@example.com,East Gerald,40
9160,Robert Rodriguez,jenny93@example.com,Lake Stephenbury,43
1805,Julie Robinson,stevensperry@example.net,Mitchellmouth,56
708,Amanda Bush,zford@example.org,East Cristianfurt,53
9378,Anthony Buchanan,vbooker@example.org,Lake Brentville,30
5190,Barbara Smith,kimberlysavage@example.net,Port Steven,28
5473,Jennifer Johnson,samuelstuart@example.org,Lake Marcus,59
73,Derek Little,danielnicholson@example.net,Reyesport,50
7844,Tara House,leonolivia@example.net,Christophershire,20
5102,Brooke Christian,allensuzanne@example.net,Port Andrewberg,34
6765,Rebecca Stout,suzannepace@example.com,New Melanie,66
1126,Antonio Jackson,jsmith@example.com,New Vicki,25
1242,Brandy Mendoza,jharris@example.org,Christinefort,45
8417,Kyle West,bblankenship@example.com,Frederickton,51
2350,Christina Watson,christopherperez@example.com,Elizabethton,66
6603,Denise Buchanan,chelsea30@example.net,Mariastad,41
6781,Phillip Wagner,stacyjordan@example.net,New Ruth,43
4359,Patrick Jenkins,ashleymartinez@example.net,North Elizabethmouth,64
1344,Rodney Johnson,btaylor@example.com,West Brianshire,53
2499,James Wilkins,samanthataylor@example.net,Mendezmouth,51
8854,William Harris,lbrooks@example.org,Port Rogermouth,31
9769,Stephanie Nelson,kingjennifer@example.org,East Jeffreyview,43
6653,Larry Hogan,susan92@example.org,Seanville,61
1101,Brittany Moore,psmith@example.org,North Julia,21
7328,Robert Myers,dianecohen@example.net,Lake Elizabeth,58
7623,Kim Moore,garciadale@example.org,East Ericachester,21
988,Christopher Olson,,Lake Kathleen,41
2853,Henry Wagner,hgray@example.org,Davidmouth,25
631,Cindy Baker,uking@example.com,New Melanie,24
1250,Andrew Wolfe,barneschristopher@example.org,Bradleyburgh,31
3180,Angela Harris,maryhunt@example.org,Port Wanda,52
483,Vanessa Wilson,brookecollins@example.net,Shaunberg,59
3041,Gina Lopez,brownshawn@example.com,North Brendaberg,66
5011,Connie Maddox,moraronnie@example.net,South Sarahside,67
8903,Frederick Hernandez,shall@example.org,Penafort,49
7001,Jessica Williams,derek17@example.com,Parkermouth,55
3274,Jonathan Bird,colindavis@example.com,Oliviashire,44
7228,Cindy Nash,srobinson@example.org,East Williamtown,23
3684,Megan Becker,kenneth22@example.net,Sarahside,20
6675,Mr. Thomas Horne,jesse65@example.org,New Melissa,43
6808,Jeffery Smith,,Laurahaven,19
9933,Blake Bautista,kenneth41@example.com,North Davidberg,61
1317,Mrs. Tracie Floyd,whuber@example.org,West Allenside,49
3226,Vanessa Thomas,perezmary@example.org,Lake Rebeccafurt,0
1073,Brian Parrish,hodgenicole@example.com,Schwartzport,70
4816,Theresa Osborn,robin13@example.org,Reynoldsville,35
8900,Carla Simpson,andrewmullins@example.org,Port Matthew,48
5753,Heather Williams,henrywashington@example.com,Port Rebecca,28
9330,Adam Caldwell,marybyrd@example.com,East Ashleytown,36
4617,Charles Oneal,jessicaharper@example.com,Michaelland,29
3098,George Daugherty,lcruz@example.net,North Melissafort,35
6870,Jade Love,valentinebrent@example.net,Smithtown,34
1301,Lisa Garcia,bullockbrittany@example.net,West Carlosshire,36
7286,James Townsend,rodriguezchristopher@example.org,Johnfurt,22
6285,Stephanie Schmidt,rmorales@example.net,Jesuschester,24
5496,Shelly Freeman,scottpatrick@example.org,Simsmouth,56
5292,Dakota Rivera,jharris@example.net,East Tylerstad,27
1799,Maria Stephenson MD,cartermichael@example.net,North Paul,32
5204,Dylan Flynn,taylormoore@example.com,Chelseastad,57
8228,Charles Gray,zjohnson@example.org,South Jacob,27
5048,Ian Lopez,marc44@example.org,New Williamview,39
6442,Angela Thompson,kristalyons@example.com,Huertaborough,19
8106,Angelica Jones,david12@example.com,Lake Barbaraville,66
2360,Nicole Morris,jnielsen@example.org,South Rileyfort,19
9568,Shawn White,brian10@example.com,West Amber,33
3655,Cody Sullivan,obarnes@example.org,Trujillochester,60
7053,David Bailey,glawrence@example.com,South Jessica,33
1287,Pam Stevens,butlerlatoya@example.net,Tannerburgh,67
9310,Jennifer Allen,poncejoseph@example.net,Port Dianaton,59
4446,Deanna Joyce,cindy02@example.com,South Elizabethbury,63
2138,Brittany Juarez,abigail69@example.org,West Kimberly,54
6788,Amber Robertson,fergusonjames@example.org,Jesseton,62
9947,Raymond Smith,isaaclittle@example.org,Harrismouth,46
8680,Mrs. Jennifer Rowe,jcaldwell@example.com,North Dominicland,44
9149,Edward Griffin,stouttyler@example.org,North Ashley,40
6895,Natasha Gilbert,maryward@example.org,North Natasha,62
8742,Shane Nixon,scott87@example.net,Gordonfort,49
7152,John Barker,toconnor@example.org,North Andreaberg,46
964,Jennifer Elliott,spetersen@example.net,Shawnburgh,41
6013,Jordan Cruz,garrettfrancisco@example.org,West Samantha,58
4883,Michael Palmer,dylangates@example.org,Markmouth,46
141,Darrell Campos,matthewmurphy@example.com,Marquezview,24
9215,Darin Roberts,gardnerjerry@example.net,Russellshire,64
6937,Brianna Smith,uwood@example.org,Lake Daniel,69
6543,Stephen Smith,llopez@example.org,South Michael,22
5244,Victoria Palmer,hubbardcaleb@example.com,Port Samuel,23
4432,Jennifer Young,lozanocrystal@example.com,Port Angelachester,63
407,Sarah Hall,michaellee@example.com,Barbershire,32
8213,Katherine Lawrence,thompsonalicia@example.com,Murphyton,36
8540,Johnny Meyers,olsonchristy@example.com,North Jeffreyshire,23
9994,Debra Walker,bknox@example.net,Jamesmouth,29
8235,Andre Brown,daniellesantos@example.org,Lake Kristinland,61
4400,Jennifer Diaz,fbennett@example.net,Kevinborough,54
5253,Jennifer Hall,stacyfoster@example.org,Cowanland,60
12,Melissa Snyder,aprilmullen@example.net,Patelview,45
4761,Rose Hanna,cristiannavarro@example.net,Simsland,34
1178,Chase White,douglas70@example.net,Port Danielmouth,36
2864,James Hines,pattersonana@example.net,Karenmouth,47
6472,Natalie Hall,dthomas@example.com,East Steve,66
6229,Lisa Miller,cookrhonda@example.org,South Belindaburgh,66
2990,Chelsea Gillespie,dgood@example.com,South Karen,48
7118,Wanda Coffey,darrellrangel@example.org,Lake Jessica,61
7011,Christina West,butlercarla@example.com,Parkerfort,28
8729,Wendy Cummings,jensenemily@example.net,Lake Sara,64
1441,Heather Stark,alee@example.org,Bethanyton,53
9942,Nicole Ayala,adam41@example.com,New Hannah,35
2876,Stephanie Mack,timothypennington@example.com,Raymondview,39
9282,Ashley Esparza,williamwillis@example.com,Port Jennifermouth,29
8965,Dawn Newton,dcarter@example.org,West Pamela,65
7233,Dawn Butler,james03@example.org,New Sarahville,52
3727,Matthew Washington,mcgeejessica@example.net,Jonathanmouth,55
2773,Ann King,smithroger@example.com,Hartmanstad,45
455,Meghan York,elizabethmoore@example.com,Port Jeremytown,24
8190,Richard Pace,kimberly53@example.net,Rebeccaview,25
1368,Debbie Benson,waltermichael@example.org,New Jeremiah,20
3713,Alan Lewis,gabrielschmidt@example.org,Suttonbury,33
3724,Michael Jennings,spearscrystal@example.net,Jacksonbury,36
1389,Faith Barton,ortegamichael@example.net,Michaelburgh,68
1001,Alexander Banks,carolynlewis@example.com,Chapmanhaven,52
7762,Sheila Velasquez,amcdonald@example.org,Port Thomas,51
3554,Danielle Reyes,nmartin@example.org,Cynthiaville,19
4115,Katherine Oconnor,scottbrenda@example.net,Joshuamouth,50
1668,Mrs. Melissa Smith,coxrachel@example.org,Gomeztown,52
3174,John Powell,manningkyle@example.com,Gibsonchester,33
9585,Aaron Wong,ftyler@example.com,Stanleyton,33
489,Charles Payne,gordonandrea@example.net,South Arthur,55
3231,Mariah Greer,davistammy@example.com,Lake Susanville,24
3829,Jenna Evans,,Port Alexanderside,55
8826,Jessica White,gordonjessica@example.com,Brandymouth,62
5209,Priscilla Smith,josephnorton@example.com,West Nicholas,22
7849,Sara Gutierrez,parkerrandall@example.com,West Peter,39
5705,Thomas Carter,priceshannon@example.net,Lake Jacob,52
9834,Dustin Johnston DDS,invalid-email,Silvafurt,44
8134,Jennifer Lara,lowesandra@example.net,Riveratown,26
704,Kelly Smith,matthew51@example.net,South Wesleychester,56
5106,Brandon Reynolds,alexis22@example.net,Emilyburgh,68
9073,Dennis Miller,torrespeter@example.net,Shaneport,63
3292,Ralph Hardy,matthew77@example.com,East Carrieburgh,60
8126,Phillip Taylor,johnmiller@example.com,Grimesmouth,61
9826,Ryan Hart,joseph32@example.org,Melendezmouth,48
9204,Amber Lynch,mayerscott@example.org,Buckberg,64
4910,Ryan Weeks MD,mthomas@example.net,South Lisa,63
4441,Brenda Carroll,morgankristina@example.com,New Randy,50
987,Rebecca Vaughan,vpeters@example.com,Smithtown,38
9424,Debra Johnston,lmarquez@example.org,South Robertfort,20
9245,Jose Hernandez,evanspaul@example.net,Port Reginashire,49
7706,Jason Rivera,williamlawrence@example.com,Brettton,27
6258,Crystal Rodriguez,cynthia29@example.com,East Davidland,63
6090,Alex West,derek13@example.net,Andersonbury,63
5239,John White,ryanwallace@example.org,South David,38
1199,Catherine Hernandez,vatkins@example.com,Munozborough,33
9253,Thomas Flores,ifowler@example.com,South Hollyhaven,39
7520,Karen Simpson,courtneyjones@example.net,New Robertton,41
6813,Haley Blair,marylove@example.com,North Johntown,32
8321,Luis Perez,dpreston@example.com,South Cynthia,65
7176,Nancy Anthony,markmills@example.com,East Frank,27
4471,Autumn Peck,perryemily@example.net,Jamesstad,54
892,Benjamin Peterson,,Dustinland,63
1970,Ashley Rodriguez,joshua89@example.org,Lake Johnview,31
5758,Melinda Huber,montgomerycarl@example.net,Port Jared,27
6528,Erika Dawson,gmartin@example.com,Baileyshire,38
6295,William Kelly,kelly19@example.net,Port Kennethstad,60
7596,Dylan Gibson,obarker@example.net,Port Elijahview,66
3250,Roy Adams,cabrerasonya@example.net,Robinsonport,33
6571,Michael Ward,rwright@example.net,Lake Elizabethbury,42
6639,Heather Ortega,anthonyroy@example.org,Lake Gregoryfort,48
7352,Amy Holloway,xcook@example.com,Paulberg,26
9358,Samuel Smith,victorroach@example.org,North Andreamouth,56
7474,Keith Kelly,rbrown@example.net,Meyerbury,21
9392,Carla Rogers,esantos@example.org,East Kristin,69
8848,Kyle Gonzalez,vscott@example.com,Middletonfurt,46
1240,Steven Pollard,kelly92@example.net,Gordonhaven,29
2290,Matthew Gonzalez,,Carlside,61
2741,Matthew Rogers,mmartin@example.com,Lake Scott,42
8468,Brett Mason,kevingarrison@example.com,Lake Katherineburgh,56
4586,Dylan Smith,opowers@example.org,Aaronport,18
1230,Ethan Richardson DVM,spearsjim@example.com,Hannahport,31
6981,Alexis Anthony,tammy04@example.com,New Bethberg,53
5179,Douglas Ryan,rossgary@example.net,Williamsbury,27
4294,James Moreno,cynthiabryant@example.com,New Anthonyport,60
1059,Albert Dominguez,nelsondavid@example.com,Michellebury,36
6263,Jessica Hensley,debbie02@example.com,Hughesville,25
282,Danielle Mcguire,trevor68@example.net,Patriciaburgh,48
969,Alexander Lee,barberangela@example.org,Port Ashleeport,30
3954,Jessica Johnson,fbranch@example.org,Samanthaberg,25
1940,Ian Harmon,nguyensheena@example.net,New Anthonyberg,34
8630,Ms. Danielle Edwards,invalid-email,Port Sharonton,65
1275,William Aguirre,shawmelissa@example.org,East Tinashire,67
620,Shannon Williams,,Hernandezmouth,22
8673,David Moreno,grahamjennifer@example.net,North Dianaborough,21
1743,Hector Osborn,churchsamuel@example.net,Port Jessicastad,45
1391,Derrick Wyatt,mary70@example.org,East Tiffany,31
2204,Kimberly Mejia,jorge44@example.org,Edwinhaven,57
3569,Robert Sanchez,william93@example.org,Julieside,40
6117,Emily Harper,,East Jenniferstad,56
2233,George Pratt,invalid-email,West Mariaton,20
6053,Carol Williams,zmiller@example.net,Port Darleneland,63
3179,Adam Wilson,seth75@example.org,North Danielborough,64
3193,Anthony Williams,simmonswayne@example.com,Brianborough,24
6100,Bryan Rhodes,fmcmahon@example.net,Davisberg,50
7030,Daniel Wade,,South Erika,60
576,Tony Woods,mark18@example.com,Schwartzhaven,59
6657,Kenneth Waters,julie49@example.com,Port Nicholasview,45
7116,David Oneal,cynthia44@example.net,Ryanhaven,68
8980,Terri Booker,,Brownshire,35
6277,Crystal Pugh,garcialuke@example.net,Port Jimton,36
9166,Gina Lewis,thernandez@example.org,West Codyside,70
5898,Cathy Kelly,savannah17@example.net,Castanedaton,24
5725,Edward Alvarado,zblack@example.org,Jessicaville,54
270,Nicholas Scott,lindseywayne@example.com,Sarahmouth,54
630,Dawn Santana,thompsonjoshua@example.net,Jasonville,21
3082,Kenneth Olson,michael74@example.net,New Jean,44
3467,Andrew Allen,shawn82@example.net,East Davidhaven,67
6431,Ryan Martinez,qlee@example.com,East Angelaside,27
9499,Wanda Henderson,elizabeth77@example.net,New Jessicahaven,66
7063,April Mcguire,daniel04@example.net,Jessicaton,40
9922,Hector Bryant,gutierrezdouglas@example.com,South Michaelland,32
5544,Matthew Freeman,ybailey@example.net,Lake Lawrence,34
4357,Richard Knapp,matthewjohnston@example.org,South Samantha,50
2114,David Ashley,ericjohnson@example.net,South Michaelburgh,55
8220,Miss Patricia Mclaughlin,courtneyruiz@example.com,East Josefort,32
3217,Eric Parker,nicolelawrence@example.net,Julieland,23
3815,Michael Foster,msweeney@example.org,Johnsonton,42
8322,Angela Nelson,williamjohnson@example.com,Flowerston,44
8762,Jason Wade,xflowers@example.net,West Carmen,21
2279,Willie Miller,rrobertson@example.com,Masontown,26
4600,Robert Manning,jerrybruce@example.org,East Cassandra,31
14,Nicholas Parker,tiffany55@example.net,South Angelabury,56
9413,Michael Nguyen,bennettsheila@example.org,Spencerhaven,55
1526,Daryl Smith,rblack@example.com,Karenmouth,28
2366,John Sandoval,andersoncharles@example.net,Lake Matthewfurt,38
4649,Monique Nash,vsnow@example.net,East Maryside,30
375,Allen Butler,richardmartin@example.org,New David,55
8691,Sean Reid Jr.,johnvaughn@example.com,North Douglasbury,26
6478,Jamie Martin,heather85@example.org,North Paultown,68
526,Mary Johnson,andrew69@example.net,West Charlesmouth,58
6896,Wayne Edwards,heather28@example.net,New Lauraville,44
3592,Maurice White,heatherlarson@example.net,Jeffreystad,53
7905,Rodney Payne,jordanjeremy@example.org,Wheelermouth,34
2959,Michelle Kirk,invalid-email,West Heatherville,28
530,Edward Nixon DVM,johnmiller@example.com,Maryport,63
3715,Jennifer Todd,debbie46@example.com,Callahanland,34
4733,Nicole Nelson,jkelly@example.com,Munozstad,40
1395,Robin Simpson,melissa20@example.com,Tristanport,150
5632,Alejandra Mcgrath,allen21@example.com,Davidbury,20
6564,Sonya Boyer,nathanmurphy@example.com,East Lucas,65
4704,Elizabeth Reed,cmoore@example.org,New Ashley,42
1713,Jennifer Roberts,david43@example.org,Jessicamouth,23
9951,Thomas Lamb,grahamashley@example.net,Perezfort,56
956,Angela Acosta,josemartin@example.com,Jasonborough,61
6676,Susan Gaines,invalid-email,North Ronald,55
3454,Jacob Lucero,zimmermanjanice@example.org,West Sergioberg,49
8596,Melissa Anthony,thomas63@example.net,North John,62
2072,Mr. Scott Contreras,,Port Alexanderland,60
9935,Jennifer Anderson,steven53@example.com,Port Stephaniemouth,69
159,Megan Williams,,Davisville,64
7006,Chelsea Dean,miagardner@example.com,Chavezton,52
353,Jacob Barron,zhernandez@example.net,Sabrinaville,58
6079,Scott Nelson,melissa74@example.org,Stewartside,21
6237,Stacey Young,davidprice@example.net,Raymondfort,30
2921,Renee Stephenson,jscott@example.com,Angelabury,59
8504,Mary Gray,samuel59@example.com,Adriennechester,27
4645,Ashley Estes,nicholas62@example.net,West Hunterstad,51
662,Timothy Waters,invalid-email,New Stephen,29
7058,Ronald Clark,hlawson@example.net,Pedrofort,60
3666,Elizabeth Terry,josephhughes@example.net,New Luketown,36
7980,Shawn West,johnallison@example.net,Lake Belinda,23
307,Reginald Green,michelle30@example.org,East Catherine,36
4791,Tyler Johnson,natashashannon@example.com,Melaniefurt,29
2357,Jessica Gillespie,georgepotter@example.org,Davisstad,63
1928,Jessica Sutton,parkerjackson@example.net,East Susan,20
9519,Jason Wright,rduran@example.com,East Ronaldton,23
3428,Ethan Patterson,lawrence19@example.org,New Norman,50
3639,Ashley Rodriguez,johnallen@example.net,Port Brandonfurt,64
1267,David Johnson,ggarcia@example.net,Port Lisaview,36
1561,Rodney Erickson,ujames@example.com,Hebertfort,69
7180,Brandi Johnson,xfernandez@example.net,Lake Charles,68
4110,Mr. Michael Osborn,jessica56@example.org,Port Brett,-5
7868,Dawn Mendoza,upotter@example.net,Medinamouth,40
4905,Joanna Wilson,richard20@example.org,Brianville,44
7295,Brittany Mccall,aharvey@example.com,Beanland,26
515,Marissa Lester,stephaniemiller@example.org,Lake Brianfurt,32
895,Douglas Thomas,robleskenneth@example.net,Matthewtown,62
8602,Stacy Brown,vargaskaitlyn@example.net,Heatherstad,59
22,Warren Smith,iwilliams@example.net,Anneville,36
900,Katie Johnson,jerry66@example.org,Lake Jonathantown,44
208,Elizabeth Nelson,vgriffith@example.org,Stevenland,39
459,Yvonne Sullivan,breyes@example.net,Thorntonfort,60
2431,Maria Green,rweber@example.net,West Paula,34
8443,Sandra Davis,mackenzie83@example.org,Walshshire,41
3390,Monica Gibbs,kadams@example.com,North Lori,47
3912,Christy Tanner,rogersjonathan@example.org,East Jasmineshire,67
5384,Anna Freeman,cuevassteven@example.org,West Jasonton,56
553,Jessica Taylor,webershirley@example.net,Ellisbury,37
3145,Matthew Smith,atran@example.net,Port Robertmouth,64
6918,Theresa Campos,lyonsamanda@example.org,West Jamesburgh,19
2057,Ashley Cook,jonathangibson@example.org,Palmerberg,62
1926,Jeffrey Pittman,carolmcdonald@example.org,New Coreyside,38
635,Matthew Greene,nicholsonbeth@example.org,Port Christopher,47
6083,Nicholas Diaz,pbrown@example.net,Lake Helenstad,38
8509,Bianca Mcdonald,traciellison@example.net,South Cynthiaberg,68
9458,Michelle Morris,jesse11@example.org,Johnsonhaven,28
9873,Tyler Phillips,campbelldarlene@example.org,Lake Jasonfurt,45
8620,Brian Robinson DDS,clarklinda@example.net,New Josephshire,27
106,Sean Taylor,tbuchanan@example.org,Bowmanburgh,27
3042,Karen Watson,elizabethcook@example.net,New Julie,37
1710,Terry Marshall,matthewcowan@example.org,Bellfort,18
90,Jonathan Gibson,,New Marcus,53
7015,Alyssa Young,,Sullivanton,54
3175,James Torres,melissahines@example.org,Port Kelly,29
918,Mathew Reyes,,Howardfurt,57
7834,Joshua Mckinney,david28@example.com,Fullerton,36
6733,Kristine Gomez,travismoore@example.com,Weberview,70
1950,Jennifer James,,Flowerstown,47
6369,Ryan Winters,invalid-email,Andreaside,26
2,Lindsey Johnson,millermelissa@example.org,Pettybury,42
8033,Christian Bryan,umartinez@example.com,Chelseaburgh,26
6048,Megan Marshall,eelliott@example.com,Ambertown,43
2721,Hannah Byrd,alexander65@example.org,Johnport,68
2751,Dr. Kenneth Campbell,moorekathy@example.org,Jacksonfurt,50
3118,Michael Ellis,invalid-email,West Christopher,59
9658,Ariel Rose,webbraymond@example.org,North Ricardotown,56
3763,Whitney Fowler,brittanyleach@example.org,New Helen,23
214,Ryan Levine,sharonwiley@example.net,South Kara,55
779,Alicia Zimmerman,amandaerickson@example.org,Port Travis,47
3497,Bradley Stevens,henryrobinson@example.net,Malonechester,48
8995,Jessica Moon,invalid-email,West Caitlinfort,65
2044,Stephanie Hamilton,invalid-email,Lake Justin,59
5421,Ellen Graham,vanessasanchez@example.com,South Davidburgh,35
6155,Natalie Sanchez,leah76@example.net,Laurenport,42
8358,Derek Haney,uclarke@example.com,North Shelby,58
8882,Aaron Ortiz,crodriguez@example.net,Lake Robert,54
8466,Aaron Bean,david89@example.org,Smithshire,19
4168,Audrey Scott,riversmarie@example.net,Jacquelinefurt,26
3789,Michael Blackwell,michaelholmes@example.org,Edwardsburgh,54
8587,Gary Conrad,noahhansen@example.com,Ashleymouth,61
584,Jennifer Carter,nicholas04@example.com,Lake Ericview,20
5528,Adam Pruitt,vangmichael@example.com,Lake Kevin,23
622,Erin Elliott,,Lake Justinmouth,35
117,Kristen Campbell,cory52@example.net,Lake Ryanside,21
6645,Collin Gonzalez,henrycook@example.org,Bobbymouth,28
9216,Kenneth Mcknight,barbara80@example.org,Juanfurt,25
6006,Christopher Mitchell,blevinspatrick@example.net,Port Shirleyshire,53
9141,Richard Miller,mark74@example.com,South Stefanie,47
8713,Catherine Mathis,timothycain@example.org,North David,64
1764,Alvin Williams,hamiltonsteven@example.net,Port Jodi,47
1876,Joseph Jackson,ralvarez@example.com,Woodville,39
3225,Heather Hernandez,williamschad@example.org,Elizabethtown,63
527,Dr. William Joyce,linda84@example.net,Allenton,39
7726,Emily Green,aprilrivera@example.com,Christopherborough,62
2947,Anne Yang,tamarajones@example.org,Lake Melissaton,19
4474,Amber Lopez,bbanks@example.net,Harringtonview,41
5656,Nathaniel Fox,cwilson@example.org,North Jasonburgh,41
6060,Meghan Mcdaniel,moonchristopher@example.org,Barbaramouth,58
960,Laurie Orozco,garrettzachary@example.com,New Joshuaburgh,36
6343,Sabrina Perry,jimmy23@example.com,New Kathrynhaven,40
3634,Yolanda Novak,cynthiaschmidt@example.net,Port Kristina,37
1051,Kirk Phillips,dgarcia@example.com,West Sara,70
8712,Charles Jordan,matthew23@example.com,West Sarahburgh,53
3381,Jonathon Ford,andrewsdana@example.net,Dylanmouth,30
3677,Bruce Miller,todd94@example.net,Danielfort,41
5777,Jennifer Cameron,davidjacqueline@example.com,Erikview,49
9228,Daniel Gutierrez,mbenitez@example.com,Nelsonfort,54
6574,Jessica Caldwell,jason02@example.net,Meyertown,38
5180,Kevin Russell,welchbarry@example.net,North Jacobview,51
1608,Mary Conway,sandra71@example.com,North Cathyborough,56
3611,George Adkins,michaelbullock@example.org,Crystalland,33
9954,Jenna Soto,palmeradam@example.com,Helenmouth,42
6636,Jeremiah Cook,djones@example.net,Robertport,29
3161,Sandra Black,stephenlynn@example.org,Ashleystad,28
792,Samuel Thomas,brewererica@example.org,East Stacyburgh,22
3057,Gregory Harris DDS,singhelizabeth@example.net,Hughesberg,47
1981,Regina Murray,sallen@example.net,Charlesville,36
3599,Tammy Fowler,bensonelizabeth@example.net,Markfort,39
934,Teresa Clark,ksimmons@example.net,East James,62
7425,Cynthia Smith,kchen@example.com,North Brittany,23
5627,Amy Moreno,adam47@example.org,North Donna,25
1683,Christine Finley,vmcdaniel@example.net,East Brianville,33
4180,Edward Holmes,baileycassandra@example.net,Williamsfurt,33
6447,Daniel Beard,fernando96@example.org,North Davidside,34
4117,Gary Hernandez,jeffersonedward@example.net,Davismouth,37
989,Christopher Williams,kenneth06@example.com,New Alyssa,22
2897,Daniel Ferguson,andrewcox@example.com,Greentown,55
3779,Kimberly Sullivan,angela62@example.com,Fergusonshire,30
5659,Karen Caldwell,emeadows@example.com,Armstrongstad,46
3094,Thomas Wilson,kevin51@example.com,East Maryland,46
3156,Steven Johnson,gsmith@example.org,Lake Stevenfurt,51
1824,Frank Sampson,reidmarie@example.com,Lambstad,60
9817,Michael Powers,james90@example.net,Calhountown,44
1099,Craig Gonzalez,brianwaters@example.com,New Karen,30
2845,Wayne Hall,kylealexander@example.org,Port Brandon,50
3343,Edward Howell,yanglawrence@example.org,Chenport,56
39,Nathan Carpenter,asilva@example.com,Seanshire,42
6541,Karen Reyes,ppowell@example.com,Douglasmouth,48
9536,Robert Mccall,michael54@example.net,Medinaview,23
8708,Lawrence Yang,nbell@example.net,South Christinaburgh,23
3357,Daniel Collins,stevensmith@example.com,Lake Micheleburgh,26
7814,Sabrina Rivera,millsalison@example.org,New Jaredshire,46
8221,Louis Malone,mitchell36@example.com,South Bettymouth,32
9415,Megan Ramirez,hooddarlene@example.com,Stephaniechester,33
2429,Elijah Fisher,crystallawrence@example.org,Port Josephland,52
5044,Janice Ferguson,xguerrero@example.com,Millerhaven,29
5347,James Keller,malonebonnie@example.org,Claytonbury,26
4812,Luis Oconnell,haley36@example.com,Houstonshire,67
8477,Kyle Wallace,chambersdoris@example.org,North Jesse,23
687,Brian Wilcox,fullerrichard@example.org,Davidtown,60
4800,Christopher Henson,robertsaaron@example.net,South Stephaniefort,66
7438,Timothy Lee,maureen33@example.com,Butlerland,21
2354,Cindy Hawkins,michele86@example.net,Lauriemouth,31
6354,Larry Mullins,invalid-email,North Jamesland,59
4570,James Davis,robin68@example.net,Howardport,51
8214,Elizabeth Rios,kimberlydunlap@example.org,New Helen,150
2753,April Black,bbrown@example.net,Brendaview,35
8074,Jeffrey Herring,lawsonwendy@example.org,New Beverlystad,53
1041,Diane Cabrera,cheryl45@example.net,Salazarview,31
7492,Albert Jackson,nicolebell@example.com,North James,65
1266,Laura Ellis DVM,johnsonscott@example.net,South Angela,62
9453,Lisa Smith,lorrainebrooks@example.net,Kimmouth,34
7060,Monica May,harrisjoel@example.com,Jenniferchester,-5
278,Leah Cole,nwilliams@example.com,Michaelchester,67
5085,Melissa Castro,fwang@example.org,Lake Sarah,45
2383,Sarah Suarez,jasoncollins@example.net,Danielberg,34
572,Rachel Day,vincentlaurie@example.com,Omarchester,18
1436,Philip Jackson,derek83@example.net,South Valerie,34
5353,Tiffany Smith,trojas@example.org,Port David,46
5446,James Barrera,vbrown@example.org,West Justin,70
1008,Johnathan Johnston,lisalambert@example.org,East Barryborough,62
4544,Michelle Shah,invalid-email,East Alejandro,28
8994,Jason Smith,jonesteresa@example.org,South Robert,18
2065,Andrea Ward,bethanynewton@example.org,Danielfurt,69
1137,Carolyn Alvarez DVM,russell02@example.net,Lake Brianstad,65
5344,Lori Taylor,latoya56@example.com,Tashamouth,43
295,Mary Jones,george67@example.com,Markberg,36
8781,Kayla Dennis,jasonpalmer@example.org,North Christinastad,53
2404,Kelly Bray,eric14@example.com,Williamsburgh,34
3999,Shaun Schneider,jennifer56@example.org,South Heatherborough,19
3742,Natalie Galvan,benjamin37@example.com,South Carolbury,69
9647,Richard Williams,hfields@example.net,East Jonathanbury,18
2720,Christine Robinson,moodylaurie@example.net,Lake Angelachester,43
9387,Martha Jackson,xkirby@example.net,North Justinmouth,68
5151,Barbara Mendoza,curtisanderson@example.org,Vasquezbury,61
2809,Tom Gonzalez,joshuarichardson@example.com,Michaelport,43
557,Martha Wise,ygonzalez@example.net,North Stephanie,64
9106,Mitchell Weber,kathyyoung@example.com,Lake Robert,64
4796,Mitchell Miller,jesusjones@example.com,New Corytown,27
2470,Wayne Lawrence,dustin99@example.com,New Allenberg,25
3739,Angela Townsend,ygreen@example.org,Seanfurt,69
4287,Joseph Miller,invalid-email,Carriemouth,22
2605,Justin Garcia,tcummings@example.org,Port Michaelfurt,56
363,Daniel Gonzalez,curtismichael@example.net,North Jamesmouth,20
6925,Jonathan Hall,karagibbs@example.com,Olsenside,31
1705,Karen Forbes,hmelton@example.org,North Richard,58
2140,Eric Burch,invalid-email,Loristad,33
3240,Megan Nguyen,jsanchez@example.org,Goldenchester,70
2384,Jason Lara,chasegrimes@example.com,Wrightborough,26
7315,Frank Hall,shawchristina@example.net,North Lauraview,20
4312,Tina Martin,nnguyen@example.net,West Darrylmouth,22
1313,David Cohen,nicholasjenkins@example.com,Tarahaven,62
3931,Michelle Moore,timballard@example.com,Herreratown,39
6184,Renee Lee,imeyer@example.org,Andersonhaven,59
1592,Lori Smith,gibbsmichelle@example.com,Coxmouth,63
9575,Richard Quinn DDS,sblake@example.com,Port Samuelshire,31
2163,John Lindsey,ldixon@example.org,Port Robert,28
2397,Jordan Clarke,wterrell@example.org,West Alexanderview,66
318,Andrew Padilla,russellelizabeth@example.net,North Felicia,67
5234,Alexander Guzman,paulmays@example.net,North Morgan,61
5069,Chelsea Brown,boyerheather@example.com,Daniellefort,26
4037,Jack Shaffer,jacksonnancy@example.org,Cooperport,32
3021,Charles Ward,sarah56@example.net,Martinport,62
8229,Rebecca Adams,berrykenneth@example.org,Port Danielland,61
5296,Tamara Henry,qhill@example.com,New Pamhaven,29
3973,Jasmine Hernandez,michellegonzales@example.com,West Alec,61
5371,Gabriel Ritter,jsmith@example.net,East Greggberg,69
4134,Samantha Melton,michaelleach@example.org,Lake Noah,34
975,Antonio Ramirez,xcarr@example.com,Allisonmouth,66
7292,Amanda Smith,omalone@example.com,Katrinaton,31
955,Logan Kline,david05@example.com,Danielsmouth,63
9494,Lauren Wilson,jhartman@example.net,Clinehaven,48
5017,Angela Wilson,garciajason@example.org,Andradeport,29
9925,Steven Vargas DDS,olivia78@example.net,North Lauramouth,40
7491,Troy Edwards,kathleen99@example.org,West Patrick,52
1641,Katie Gomez,pgarcia@example.net,Lake James,19
1291,Mary Reid,owolfe@example.org,Lake Matthew,31
1381,Lori Young,sheila47@example.org,Perezland,33
1934,Aaron Schultz,invalid-email,North Juan,49
4676,Denise Lawson,scook@example.org,West Seanfurt,36
893,Stacey Chambers,vguerrero@example.com,East James,40
7288,Amy Silva,,Shafferfort,49
4877,Cassandra Williams,rmarshall@example.net,New Nicole,28
7907,Bruce Diaz,nicolewilcox@example.net,Port Kathrynchester,50
8195,Nicole Murray,winterscourtney@example.com,Port Sherriberg,44
9567,Andre Williams,oscar04@example.net,North Erikafort,70
2467,Judy Martin,elizabeth70@example.org,Nicholsfurt,56
7658,Linda Olson,vickie70@example.org,Claytonborough,22
1914,Kristi Rios,donald30@example.net,South Jennifershire,51
2737,Michael Vasquez,,West Michaelfort,39
727,Lindsay Parker,wlittle@example.net,Marquezview,48
7215,Nicolas Gilbert,invalid-email,Susanville,57
8246,Joseph Williams,hjennings@example.com,Teresaport,51
1797,Molly Simmons MD,xgay@example.com,Brianburgh,70
3846,Kathy Salazar,ethompson@example.org,Jonesstad,64
6403,Christopher Evans,goodwinbarry@example.net,South Ronald,29
937,Ashley Henry,lynchedward@example.org,North Kevin,62
2266,Christopher Duran,mooresusan@example.net,Shelbymouth,38
825,Brian Lewis,paulmartin@example.com,Sanchezside,48
7275,Elizabeth Ward,qsharp@example.net,Hernandeztown,70
1390,Sharon Rivera,stephanieburke@example.org,Brittneyfort,43
3565,Aaron Willis,conniesanchez@example.org,New Heidichester,64
5430,Kelly Solis,igray@example.com,East Amandafurt,20
7828,Danielle Mcknight,robert72@example.net,Port Kenneth,19
5691,Erin Patterson,blee@example.org,New Michaelborough,20
7879,Angela Douglas,hardyzachary@example.com,Whitakerview,70
1869,Lori Harrison,hernandezbarbara@example.com,North Ryan,30
8203,William Mora,clarkjulian@example.com,Port Fernandoborough,29
7487,Latasha Baker,zphillips@example.com,Grayside,54
807,Jorge Olson,jwillis@example.com,Port Christinaborough,49
4806,Chad Lawson,michaelcastillo@example.org,North Brendaton,31
9337,Kelsey Woods,hortonlisa@example.com,Laurenborough,47
7512,Lisa Watkins,danielneal@example.org,West Sarashire,31
8057,Dana Mason,adam17@example.com,West Michael,23
4495,Theresa Martin,dawnwright@example.com,Julieville,34
2633,Zachary Hunt,briannawilliams@example.org,Tiffanyside,69
9080,Anthony Alvarez,mike99@example.org,Bonniebury,35
8897,David Carey,ibarracaleb@example.net,West Debra,49
8624,Anne Kent,stephaniekennedy@example.com,Port Tina,19
7833,Crystal Mendoza,alexis31@example.org,Sarahside,38
4389,Evelyn Baldwin,seancooke@example.net,South Johntown,42
146,Bryce Fry,rachelbird@example.net,Alecville,41
6468,Alexandra Smith,karmstrong@example.net,Lake Andreview,59
2034,Thomas Hammond,georgeamy@example.org,Jamiemouth,46
9316,Andrew Nunez,ehill@example.org,South Amy,57
1166,Stephanie Aguilar PhD,sherrithomas@example.com,Rachelchester,40
2051,Sarah Gomez,alexandra84@example.com,Mcgeemouth,56
3761,Derek Miller,christopher34@example.net,Patelport,65
4436,Sandra Taylor,santossean@example.com,New Davidton,61
3431,Jennifer Ward,matthew20@example.org,Oliviamouth,50
8191,Hannah Torres,randall05@example.net,Chaneyhaven,52
8929,Nicholas Mcgee,anewman@example.com,Conleyport,63
7070,Robin Potter,,Jonathanberg,20
4362,Chelsea Armstrong,michealrussell@example.net,Zacharyhaven,25
1772,Tiffany Espinoza,vickierichardson@example.org,South Ryan,60
3512,Amy Rangel,sheenacollins@example.net,Crystalton,46
272,Brian Davis,kevin83@example.net,North Courtney,63
8437,Joseph Buck,hilltracie@example.com,Hallstad,31
2033,Dylan Matthews,devinmurphy@example.org,Jeffreyburgh,46
9859,Jonathan Oconnor,george14@example.net,Briannatown,67
3811,Daniel Perkins,tashagarrison@example.com,West Keithburgh,28
4347,Lauren Morales,brittanybecker@example.net,West Madisonland,41
546,Justin Dunn,vwiley@example.net,Olsonmouth,33
3242,Arthur Roberts,zimmermanheidi@example.org,North Mary,35
8503,Jacqueline Gilbert,darren82@example.com,West Nancyville,29
766,Katherine Gross,linda88@example.org,Williamstown,50
7565,Phillip Smith,mryan@example.org,New John,43
921,Robert Grant,jody89@example.com,West Laurenbury,55
9302,Sheila Krueger,browngerald@example.org,Braychester,48
6641,Gail Holder,iwright@example.com,Melissafort,26
7695,Kenneth Carroll,sabrinarogers@example.net,West Dakota,26
8231,Kathryn Walton,gberry@example.com,Ginaland,56
7127,Christine Johnson,martin80@example.com,East Josephtown,51
4279,Megan Perkins,fyoung@example.com,West Andrew,51
2984,Maria Conway,littletyler@example.com,Port Monicaport,50
131,Bryan Olson,daniel11@example.com,Haysburgh,64
7981,Jessica Rios,robertfuller@example.net,West Joshua,64
2668,Sandy Adams,grayandrew@example.net,South Justin,65
7139,Robin Sexton,gonzalezjerry@example.org,Kennethbury,35
3224,Aaron Reid,davidthompson@example.com,Port Donnaside,68
7694,Vanessa Castillo,ashley33@example.net,North Williamhaven,53
5393,Brenda Miller,danny85@example.org,Taylorberg,19
615,Dennis Ashley,michael07@example.org,South Franklinberg,41
5020,Billy Allen,reynoldsmelinda@example.com,Lake Paulberg,32
1467,Terri Bailey,wmcdonald@example.org,New Carol,63
4498,Linda Cummings,invalid-email,Leeland,45
3043,Nicholas Salazar,leethomas@example.com,Martinburgh,38
2420,Joseph Wright,millerdavid@example.net,Walterfort,40
5086,Jennifer Valdez,michele57@example.com,Reedberg,29
3295,Adam Campbell,ohood@example.org,New Katie,54
6738,Robyn Howe,benjamin93@example.org,Geoffreyport,67
1501,Suzanne Cortez,kflynn@example.com,Donnaside,25
1522,Angela Johnson,housestephanie@example.org,New Tammy,43
9301,Eric Richard,johnferguson@example.com,Petersenside,26
4233,Mr. Kevin Page,morgan76@example.org,West Kimberly,38
7687,Ashley Banks,rodriguezjohn@example.net,Davidview,69
8821,Nicole Thomas,scottjacqueline@example.com,Brianhaven,54
4431,Cory Martinez,charles68@example.net,North Tracyton,20
391,Riley Edwards,urobertson@example.org,North Michael,63
3040,James Lewis,jacobdaniel@example.net,Lake Mary,49
7125,Brandon Keller,ramirezjean@example.net,Myersstad,31
5914,Sherry Hunter,mgraham@example.net,Michaelside,53
8593,Christopher Wallace,qromero@example.org,Adamville,61
4807,Javier Madden,djensen@example.org,Port Joshua,38
9135,Isabel Hernandez,barnestammy@example.net,Andersonside,19
8239,Steven Huerta,greenrobert@example.net,South Jessica,45
8045,Elizabeth Thomas,alexandergreen@example.net,Port Joshuabury,59
9979,Sarah Castillo,sabrina09@example.org,North Cindy,27
3994,Jasmine Spencer,hardingallison@example.net,Lake Paul,55
9745,Trevor Weiss,hollowayandrea@example.com,Lambview,39
6610,Jennifer Pena,tonihernandez@example.org,West Cheryl,62
5320,Jeremy Dunlap,szavala@example.com,East Lindsey,61
5548,Robert Weaver,williamscory@example.com,Lake Samantha,36
7120,Kathryn Simpson,,New Jonathanberg,54
2422,Brandy Williams,henry16@example.com,Jessicaport,24
5605,Austin Williamson,nathan90@example.com,Port Ryan,32
1751,Shelly Bentley,,Lake Carmen,30
9198,Leonard Young,richardwilliams@example.com,South Colton,42
9913,Dylan Myers,sanderstyler@example.net,South Janetborough,56
339,James Simmons,rnelson@example.org,Kelseychester,18
8408,Kayla Hall,fuentespatty@example.net,South Stacy,40
1342,Christy Schwartz,carlossmith@example.net,South Tammy,61
9738,Roberto Atkins,khoward@example.net,Rogerfurt,67
7983,Heather Lawson,megancompton@example.com,Samanthabury,44
3641,Paul Wood,elliottryan@example.org,Brittanyborough,68
330,Joseph Stephens,amandawright@example.net,Cameronside,18
9006,Bradley Watkins,schultzterri@example.org,Teresaton,59
3005,Stephanie Henry,andrea71@example.org,Ellisborough,45
6961,Anne Stewart,angela58@example.com,Port Jasonhaven,41
4091,Daniel Gibson,johnsonlindsay@example.net,Port Amanda,25
2323,Bradley Carrillo,powelljessica@example.net,West David,68
6668,Sandra Barnett,bking@example.org,Lake Mariomouth,29
7010,Mark Martinez,williamsmolly@example.com,Brookefurt,70
4198,Richard Mcdonald,wrightjuan@example.org,Ashleyhaven,55
3550,Zachary Farrell,sjohnson@example.com,Angelahaven,57
8364,Joel Sanchez,morrisamy@example.com,South Loganborough,65
4204,David Obrien,ngraham@example.com,Wilkersonmouth,61
9498,Ronald Marshall,vmurphy@example.net,Dominguezshire,32
9117,Justin Kennedy,glenda14@example.com,South Taylorfort,66
6186,Anthony Adams,robertritter@example.org,Jonathanfurt,35
1640,Charles Craig,ashley79@example.org,Lake Dale,51
61,Robin Gonzalez,chelseariley@example.net,East Jenniferburgh,26
1241,Linda Charles,shaffernicole@example.org,Loristad,36
5761,Kristin Greer,tommy69@example.com,New Teresa,19
5137,Crystal Arellano,patrickterry@example.net,Barbaramouth,43
2344,Kimberly Watson,gpowers@example.org,New Susan,68
2121,John Adams,bethtrujillo@example.com,Port Roger,54
1525,Tina Perez,invalid-email,Danielleton,38
7618,Paul Andersen,michaelnash@example.com,North Kaylatown,62
154,Gina Ramirez,,Zacharyshire,39
482,Michelle Garcia,andrewbailey@example.com,North Debrachester,42
6123,Sarah Cooper,kimberlyarmstrong@example.net,East Lisatown,57
7675,Sarah Ward,andrea19@example.com,Jonesville,52
7102,Shelly Mcconnell,fscott@example.net,Port Harold,58
1763,Rose Pham,johnsondominique@example.org,Anthonyfort,70
8943,Denise Duncan,invalid-email,West Danielle,40
7716,Leslie Grant,monicamoss@example.net,Sydneymouth,68
9264,Scott Reed,jasonhenry@example.org,East Kayla,53
7480,Ashley Copeland,elizabethrobertson@example.org,Campbellburgh,65
6213,Jacob Singh,whitedouglas@example.com,Dannyshire,21
4854,Jason Garcia,bishoptimothy@example.org,Smithmouth,37
2712,Joseph Thomas,vanessa93@example.org,Josemouth,62
6767,Jennifer Rodriguez,dianabradshaw@example.org,Morenoberg,21
4151,Tanya Soto,,Nicolechester,43
1334,Kyle Campbell,brian82@example.com,East Elizabeth,56
8379,Cameron Mata,bgraves@example.org,Andrewshire,61
9616,Emily Collins,cindy81@example.net,North Gabriel,24
9902,Linda Mathis,wblair@example.org,South Colleen,34
9305,Marilyn Medina,,Port Jenny,50
3851,Lori Lane,vasquezjeffrey@example.com,Port Jessicashire,34
8341,Brendan Kelley,cray@example.net,Lake Julie,41
4125,William Bright,msantos@example.org,Gomezburgh,67
9145,Jason Miller,jonday@example.org,East Albertberg,23
4789,Timothy Ware,elizabeth42@example.net,South Michaelville,67
2867,Jennifer Williams,shelbygraves@example.com,Lake Paul,31
1387,Miguel Reyes,cindy36@example.org,New Amybury,30
5942,Ellen Kennedy,kellerfranklin@example.org,Hicksmouth,66
3068,Sarah Bowers,jacob31@example.net,Stuartton,29
9241,Steven Martinez,butlerdaniel@example.com,Swansonchester,28
3630,Tina Bailey,wgray@example.org,Marissaburgh,47
9648,Jonathan Jacobson,jonescarrie@example.net,Alisonhaven,27
9130,Henry Wu,robertlynn@example.net,Whiteshire,33
3029,Sean Davis,russojo@example.com,North Natasha,26
2970,Billy Ramirez,jamesforbes@example.com,Patrickchester,34
8647,Brandon Salazar,jenniferhernandez@example.net,Lake Brittanymouth,21
6137,Stephen Bryant,alexandrarojas@example.net,East Kaylaberg,63
8802,Steven Meyers,bryanttracey@example.net,New Beverlyton,67
4264,Diane Mathews,wallacekenneth@example.net,Chasetown,18
646,Rhonda Good,julie23@example.org,North Stephenstad,18
9848,Daniel Cabrera,florescristina@example.org,Williamsburgh,42
2075,Jorge Brown,wandabray@example.com,North Jenniferfort,69
342,Elizabeth Dennis,christinebailey@example.org,Lake Philiptown,31
8042,Sarah Crawford,josephwilson@example.org,Lake Paul,24
1623,Bonnie Reid,mooremonica@example.org,South Laura,28
7142,Kelsey Dominguez,laura98@example.org,Port Kimberlyside,43
5797,Carla Holland,davissharon@example.net,West Alexandriabury,34
7185,Michelle Jones,jcastillo@example.org,North Josetown,36
8233,Jesse Petty,invalid-email,North Mackenzie,35
5476,Anthony Peterson,denisearmstrong@example.net,Grantland,39
9440,Mary Lester,kelsey26@example.com,Lake Gregoryville,31
75,Ebony Coleman,harrisonann@example.com,North Brian,70
1057,Christina Wright,jack45@example.com,Edwardsfort,54
8634,Andrea Mcguire,omedina@example.net,Brownfurt,36
9417,Kathryn Jordan,wmorgan@example.com,Port Tarafurt,62
2052,Emily Hernandez,tammy62@example.org,New Michaelland,53
2542,Anne Lewis,vanessa02@example.org,Lukeberg,20
1302,Charles Park,courtneywright@example.com,Cookfurt,34
5878,Jessica Humphrey,danielthomas@example.net,Edwardsberg,39
7369,Emily Stephens,lisarogers@example.net,Guzmanport,65
1305,Kelly Poole,znewman@example.net,East Brittanyton,0
8429,Lacey Lang,katie45@example.com,South Kristina,26
9277,Christina Trujillo,ramirezkarla@example.org,Jerrymouth,49
2600,Erica Gomez,boonemichael@example.net,East Jacobhaven,41
2574,Tiffany Hubbard,zacharylopez@example.net,West Chelsea,61
3187,Tim Kim,arodriguez@example.org,South Nancy,28
2769,Patricia Guerra,thomas41@example.net,Fieldshaven,44
4832,Mrs. April Graham,yclark@example.com,South Tarastad,45
4224,Teresa Shaw,rpugh@example.org,Reyesberg,25
9844,Mike Carlson,twilliams@example.com,Alexandriaville,48
2107,Carlos Salazar,obush@example.net,North Henry,20
2680,Matthew Foster,rbrown@example.org,Port Raymondshire,32
1388,Richard Guerra,melissatran@example.com,West Yesenia,34
9839,Robin Perry,rogerscynthia@example.com,Brianside,26
9854,Gail Orozco,ibrown@example.com,East Michael,60
7084,Elizabeth Chan,dawn97@example.org,Port Emilytown,48
1280,Julie Hill,medinabrandon@example.com,Lake Michael,22
805,Barbara Gillespie,hilltaylor@example.org,Austinton,22
1556,Christine Fowler,carolyn24@example.com,Juliefort,42
9679,Roy Mcintosh,robertskenneth@example.net,West Gregory,46
4567,Dylan Tyler,eshaffer@example.net,South Charles,58
9864,Javier Harris,elizabethsmith@example.com,Lake Dennis,33
4842,Marc Foster,veronica35@example.net,Ashleyburgh,41
3595,April Wyatt,bethday@example.net,New Haley,59
6036,Nancy Miller,lflores@example.net,North Alexander,62
6853,Anne Hernandez,lisaturner@example.com,Normanborough,54
8706,Brian Rogers,nlamb@example.com,Austinborough,58
4178,Rebecca Mayer,cody30@example.org,South Michael,22
1309,Terry Scott,catherine77@example.org,South Stephenfurt,38
3453,Ashley Graham,jonathantanner@example.com,Carriefort,29
3696,April Santiago,karen96@example.net,West Justintown,40
4243,Andrew Morrow,tperry@example.net,Port Dean,64
2199,Chris Hill,michellebarr@example.org,East Eric,21
8967,Michael Chan,felicia00@example.com,North Dianetown,24
4426,Adam Smith,debra35@example.com,East Christina,60
6151,Kristen Torres,lherrera@example.org,Marymouth,22
944,Dustin Boyle,ssalazar@example.net,West Jonathon,55
823,Renee Howard,ccollins@example.net,West Jenniferton,46
5006,Richard Smith,harrisveronica@example.org,West Kenneth,34
6613,Deborah Miller,murrayjeffery@example.net,Clinetown,47
8357,Kimberly Hammond,ckelley@example.com,West Markbury,68
5620,Brandon Wells,alyssa22@example.net,Larryfort,39
4548,Craig Riley,joseph44@example.org,Taylorland,29
2539,Gerald Taylor,tward@example.org,South Cheryltown,64
5208,Christine Zhang,hernandezaaron@example.com,Lake Johnny,30
9707,Crystal Brennan,garciajessica@example.net,Brandonhaven,41
9192,Juan Graham,hortonmatthew@example.net,West Andrewmouth,62
3055,Gary Smith,cheryl37@example.org,Port Melissa,63
3676,Mary Gilbert,zstuart@example.org,Annside,25
7777,Rachel Price,katelyn12@example.com,Stephanieshire,67
7219,Melissa Alexander,preynolds@example.net,Kelseyburgh,42
6723,Jeremiah Moore,jamie27@example.net,Williamsburgh,37
3301,Heather Adams,deaneric@example.org,Williamstown,19
3311,Alice Lin,andrewanderson@example.com,South David,57
7222,Christopher Dunlap,sarah23@example.net,North Christopherburgh,32
8520,Mary Rodriguez,lkeller@example.org,Laurafurt,29
5955,Cynthia Perry,khenson@example.org,North Heatherbury,30
833,Evelyn King,qmartin@example.org,Alisonside,49
3463,Joshua Williams,leepatrick@example.com,New Anthony,22
7644,Troy Wolf,ymurray@example.com,Dorothyland,41
55,Amanda Keith,bradley29@example.com,South Todd,34
3452,Joshua Rodriguez,john37@example.net,Jenniferborough,37
6306,John Jacobs,taylorkerry@example.net,Teresamouth,66
1482,Sherry Hoover,allison37@example.net,South Thomasmouth,66
4874,Lori Johnson,patelsamuel@example.net,Everettshire,25
8039,Sergio Morton,john89@example.org,North Kevin,42
3336,Mr. Eduardo Miller,mhubbard@example.com,Lake Tracyborough,53
6017,Natalie Aguilar,garciajill@example.com,Lake Melissa,36
4927,Monica Allen,kortiz@example.com,Audreyton,46
9139,Chloe Thompson,jamesjohnson@example.com,Lake Tyler,55
5798,Craig Shelton,khernandez@example.net,Kirkstad,22
8848,Kyle Gonzalez,vscott@example.com,Middletonfurt,46
5084,Matthew Campbell,markchaney@example.com,Anthonyport,40
6646,John Garcia,hsmith@example.com,East Brittanyhaven,59
5491,Robin Cunningham,james83@example.org,West Desireeberg,44
769,Tara Pena,brianrobinson@example.org,New Melanie,65
2066,Daniel Rowland,jason98@example.com,Christinehaven,39
1513,Diane Perez,holmescody@example.org,West Seanton,22
7312,Kyle Macias,stephensaaron@example.org,North Kyleshire,66
8478,Nicole Stevens,crystal73@example.org,Lake Lucasside,50
4525,Jimmy Strong,wiseemma@example.net,East Michelle,56
2718,Donald Lee,noblemichael@example.org,Lake Austin,54
2080,Robert Reed,baileypeterson@example.net,Deanmouth,40
8915,Casey Herrera,heathercarter@example.net,Shahtown,40
952,Brandon Carpenter,ijackson@example.com,Bakerchester,35
8059,Randall Brown,qramirez@example.net,Manuelland,58
2483,James Howard,bridgetjohnson@example.net,West Davidfurt,61
1760,Heather Davis,williamsmaria@example.org,Edwardchester,50
4423,Jessica Lopez,invalid-email,New Walter,23
6705,Kathryn Juarez DVM,donnawolf@example.org,Randallville,37
5183,James Marquez,graypatricia@example.net,Stonechester,39
8534,Christopher Morgan,melinda91@example.net,New Lauraside,32
3702,Matthew Thomas PhD,porterrandy@example.org,Jonesfurt,55
4244,Dr. James Perez,tanya19@example.org,New Renee,21
689,Charles Phillips,parrishalexandra@example.net,Watsonmouth,24
3433,Joseph Murray,eringates@example.com,New Maria,68
4945,Sylvia Salinas,davebarron@example.net,Brianville,58
967,Dwayne Brooks,middletonalexandra@example.org,North Matthewview,30
9677,Maria Lee,xharvey@example.org,Lake Joseph,27
2714,Anthony Kirk,eatontaylor@example.com,Lake Krystal,19
4758,Eric Shea,ericchang@example.org,Davisfort,67
9739,Joseph Jennings,vsimpson@example.net,Robertsonfort,29
6321,James Molina,howardjohn@example.org,Krausehaven,19
5976,Alex Collins,wallwayne@example.org,New Jessica,23
3573,Lisa Martinez,holtvictoria@example.org,Michellestad,56
5300,Charles Miller,thomasmatthew@example.net,Colinbury,55
1991,Darryl Hogan,figueroatimothy@example.net,New Bradleybury,67
1206,Sara Pitts,qlewis@example.org,Cookstad,55
4972,Jenna Allen,,Padillaport,52
9921,Lisa Garner,joshua70@example.com,Kingchester,59
6784,Eric Jackson,nsimmons@example.org,Port Saraview,31
3601,Geoffrey Lloyd,christinereynolds@example.com,Hendrixstad,46
6491,Adam Miller,phyllisramirez@example.com,South Sherry,55
8610,Brittany Graves,powerschristopher@example.com,Ramseyside,49
4514,Anita Smith,robertcarrillo@example.org,Marcusside,34
8071,Aaron Anderson,joe99@example.org,West Raymondside,65
8578,Mallory Gonzalez,nbrown@example.net,Williamville,62
7974,Joshua Carroll PhD,david77@example.org,South Edward,41
1626,Morgan Herrera,stephanie39@example.net,North James,32
537,Kayla Dunlap,kaitlin71@example.com,Woodfort,20
8767,Holly Jones,david78@example.net,Kennedyshire,18
7971,Erika Fuller,zgonzalez@example.net,Woodport,20
4213,Tiffany Stokes,stewartbrian@example.com,Lake Sara,36
6457,Eric Thomas,christopherfarley@example.com,Kathleentown,55
3508,Thomas Brown,brendahoward@example.org,Ianport,64
8394,Kara Reyes,nathaniel07@example.com,Farmerland,24
7113,Julia Fuller,lacosta@example.com,Romanbury,24
2709,Karen Nicholson,sbailey@example.net,New Jasonfurt,52
5032,Rebecca Moore,williambryan@example.net,Port Erik,29
6515,Christopher Gregory,youngwilliam@example.com,New Rogerville,31
4663,Timothy Johnson,bgriffin@example.net,Port Shawnport,58
4022,Johnny Kidd,eyoder@example.net,Aliciachester,40
1855,Patricia Ross,benjamin46@example.com,Port Kylemouth,47
9615,Chris Gray,duranmitchell@example.net,Davidshire,43
2873,Alison Brown,bobbybowman@example.net,New Thomasshire,27
3031,Mary Mckay,ruizkaren@example.com,Smithhaven,42
1646,Kyle Vargas,garytucker@example.net,Port Rodneyberg,29
3418,Kristen Williams,troyjenkins@example.com,Timothyton,59
3477,Dr. Jonathan Zimmerman,martincandice@example.net,South Tonya,54
9746,Jason Carroll,hjordan@example.com,Rollinsbury,34
1793,Randy Moore DDS,andersonsean@example.org,Brandichester,58
3798,Jeffrey Haley,derek90@example.net,Ericshire,51
3369,Leslie Espinoza,,Ambertown,58
7197,Nina Miller,david73@example.org,Gillmouth,44
9836,Eddie Oconnor,bhardy@example.com,Dustinside,35
5110,Brad Kirk,jamespotts@example.net,Jacobton,58
6025,Karen Osborne,shermanjohn@example.com,South Maryville,68
8796,Micheal Martinez,steven27@example.net,Brownland,46
9482,Catherine Taylor,monicalee@example.com,South Sandrachester,58
127,Matthew Roberts,kevin55@example.org,West Tiffany,61
5960,Sarah Jones,tbowen@example.org,Daviston,36
3877,William Hamilton,kathryngeorge@example.org,Brennanburgh,61
4452,Jessica Hall,harringtonsamantha@example.com,New Amy,42
7148,Christina Obrien,aaronwright@example.org,West Michelleland,34
3532,Brandon Harris,jeffreypena@example.net,Reidmouth,45
828,Cody White,ksoto@example.com,South Tasha,20
7791,Joshua Rose,teresarice@example.com,Griffinland,56
985,Mary Levy,josephwalters@example.net,Charlesside,27
7784,Suzanne Henderson,thomasaaron@example.org,Port Samanthafort,59
2444,Shannon Palmer,hmeyers@example.org,Port Stevenmouth,32
8555,Ryan Smith,lramirez@example.net,New Richardstad,58
346,Henry Taylor,wallacejoseph@example.org,Owensmouth,34
815,Sophia Petersen,patricia77@example.com,West Patricia,28
6167,Charles Potter,michaelochoa@example.net,North Barbara,38
5780,Joanne Best,,Andersonside,28
2117,Jenna Hodges,martinezcharles@example.org,Jamesport,41
794,Melissa Chambers,jortiz@example.net,New Carriemouth,41
6899,Mr. Zachary Santiago,lisalopez@example.com,Patriciaberg,44
2675,Brandy Wood,heather47@example.com,Lake Isabel,58
95,Shannon Vazquez,edward77@example.org,North James,59
4226,Ashley Cunningham MD,sdavis@example.org,Billyberg,70
3757,Nicholas Smith,carlos42@example.org,Bryantfort,59
2892,Julie Sandoval,christopher65@example.net,South Andrew,63
2372,Olivia Martinez,cindymoore@example.net,West Carlaview,23
9576,Mitchell Sanchez,andrea85@example.org,Smithberg,62
3229,Shane Montoya,fcarter@example.org,Janeshire,63
7864,Victor Hickman,,Litown,54
6360,Ronald Potter,umaxwell@example.net,South Deborahland,33
9383,Lawrence Flowers,troymartin@example.org,Mariamouth,51
7327,Carla Carter,brandon59@example.com,East Tannermouth,42
6029,Carol Wells,erikaolson@example.net,Harriston,57
1866,Julie Fisher,lewisanthony@example.net,New Williamton,27
4613,Seth Gallagher,scottcabrera@example.org,East Richard,36
2646,Pamela Ramirez,kgreer@example.com,Garciatown,36
2244,Connie Terrell,mgutierrez@example.net,Annfurt,40
5374,Michael Fischer,michael26@example.org,Vickieshire,42
2337,Marc Whitehead,lgreen@example.net,West Miranda,37
951,Diana Barnes,thomas99@example.org,South Keithshire,27
1121,Vernon Reid,joshuaphillips@example.net,Millerchester,27
2205,Jamie Patterson,rachel46@example.com,East Ashley,57
420,John Lee,karen97@example.net,West Joann,24
923,Alexandra Williams,davidsolis@example.com,Foxmouth,70
8670,Mitchell Robbins,april33@example.net,Kellyport,22
5409,Michael Hernandez,newtonwilliam@example.com,South Cynthia,57
5789,Michael Johnson,kmendoza@example.net,Nathanhaven,52
5743,Dakota Moore,catherinemartin@example.net,North Michelefort,24
7668,Ashley Beasley,amber75@example.org,East Edgar,47
5568,Billy Ray,kenneth63@example.org,Williammouth,64
8136,Jason Rodriguez,isingh@example.org,West Rachaelchester,22
1203,Morgan Avery,caroline40@example.net,Jenkinsside,69
5766,Elizabeth Marks,kevinpoole@example.net,Rodriguezhaven,67
8390,Katrina Clark,jasonbrown@example.net,Lake Waynebury,66
1971,Mary Mcmillan,,South Williamland,52
4019,Ashlee Carey,clee@example.org,North Sarahburgh,21
3688,Barbara Jordan,douglas85@example.org,New Kevinbury,52
1998,Emily Cox,tanya36@example.org,Nicoleport,45
4034,Carmen Turner,flynnscott@example.com,Port Courtneyfort,35
1249,Bradley Conway,blevinsvictoria@example.com,Edwardsland,53
2193,Andrea French,carrillocassidy@example.net,Parsonsland,57
2713,Sarah Lewis,wmatthews@example.com,Mendezview,30
9185,Jane Graves,bbuchanan@example.net,New Joshuamouth,47
2191,Jessica Castaneda,adriantyler@example.net,West Charlesside,61
4671,Mrs. Monica Carpenter,williamsamanda@example.com,Smithton,41
5143,Kayla Thomas,paul66@example.net,Webbhaven,34
5985,Joseph Owen,cassandranunez@example.org,Bauerchester,62
6566,Frank Johnson,xhardin@example.com,Owensmouth,25
7805,Cody Mccall,sandra68@example.org,Sparksshire,30
6944,Joel Hendricks,shannon73@example.net,Jacksonland,41
2137,Jody Norton,kevin28@example.org,North Joshua,27
1066,Michael Pruitt,mtaylor@example.net,Juliemouth,53
601,Andrea Mcdaniel,hayesmaurice@example.com,Sethbury,23
4228,Nathan Cobb,donna14@example.org,East Davidside,54
7578,Steven Flores,ubarker@example.com,Lake Jamie,70
78,Mike Collins,jean23@example.org,Elizabethstad,61
7547,Anna Morris,vargaslarry@example.net,South Jacobmouth,21
2899,Tiffany Morris,stephanienavarro@example.com,Garymouth,56
4821,Emily Collins,phillipsjermaine@example.org,Jeremiahmouth,34
9490,Mary Strickland,rickybrady@example.org,South Jeremy,38
6414,Stephen Rodriguez,daniellebird@example.com,Anthonyshire,53
9065,William Anderson,whiteemily@example.com,Nguyenbury,62
8008,Susan Le,pamelaberg@example.com,West Rita,28
5469,Andrew Lane,clarkmitchell@example.org,North Jacob,51
5952,Christopher Bishop MD,psmith@example.org,Lake Jennifer,28
3392,Megan Porter,craigbrian@example.net,Currychester,18
5416,Mary Morris,bchen@example.com,Brownchester,55
2561,Melissa Moore,stevensonjennifer@example.org,Port Frances,38
8163,Jacqueline Arellano,lindsaymiller@example.org,South Emilyland,58
2636,Mary Sandoval,tharris@example.net,East Sarah,56
5257,Molly Roberts,frankclark@example.org,Lynchhaven,47
3531,Lisa Gomez,rhodesthomas@example.org,Dianashire,66
8568,Ronald Clark,brenda38@example.com,Stephentown,36
1909,Kimberly Wong MD,samuel34@example.net,Port Amber,68
236,Heidi Small,jvega@example.net,Amandamouth,38
1605,Darrell Lynch,jonathonmarks@example.net,Brownstad,46
7985,Kim Perry,ortiznicholas@example.net,Carrollmouth,57
9311,Brett Ray,ocarter@example.org,Katherinehaven,42
3491,Steven Reeves,xavierdiaz@example.org,West Jeanneside,56
1995,Elizabeth Williams,stacycooper@example.com,Jerrymouth,70
2825,Tracey Fletcher,elizabeth65@example.org,Anthonyberg,18
9473,Kathy Williams,williamcasey@example.net,North Ricardo,34
1343,Jennifer Phillips,corey38@example.org,Hendersonshire,38
8513,Brandon Davis,andreamcguire@example.org,Parrishtown,28
1620,William Reed,invalid-email,Nicholasview,26
5288,Katelyn Gamble,alexacochran@example.com,South Evan,47
2061,Kimberly Reed,patrickrenee@example.org,East Jennifertown,46
5270,Wendy Steele,smithkenneth@example.com,Rodneyport,32
2220,Holly Wagner,loweryerica@example.com,Candiceview,35
6039,Diana Sanders,peterweiss@example.org,Calvinhaven,67
261,Kristin Wolf,dixonlori@example.net,Port Shawnmouth,31
9553,Caitlin Velez,ericthomas@example.org,South Anna,66
9094,John Hernandez,williamsdaniel@example.com,West Ryanberg,58
3745,Ronald Hood,growe@example.com,Tanyastad,52
2027,Kyle Marks MD,tracyjones@example.org,Karenhaven,68
6989,Kevin Mejia,lsnyder@example.net,New Kimberlyburgh,35
4235,Steven Wagner,muellertravis@example.net,West Gregorymouth,50
1918,Jeffrey Baldwin,xjohnson@example.net,Rossborough,69
1829,Carl Villa,johndavid@example.com,North Kelly,66
6234,Cody Cowan,eugeneadams@example.org,South Patricia,41
9520,Mr. Steven Davis,espinozasamantha@example.org,Lindaport,38
6284,Wayne Wells,smalljoshua@example.org,Lake Michelefurt,50
4209,Thomas Johnson,ewilson@example.org,Lauraport,30
225,Stephanie Martinez,othomas@example.net,South Dalton,37
8916,Barry Snyder,cameronlaura@example.net,Gibsonside,40
9334,Sandra Roberts,mark53@example.org,South Garyburgh,20
6470,Rodney Norris,sarah73@example.net,Allenland,58
9603,Scott Bowers,solisadam@example.net,East Eric,41
847,Lori Knight,fieldsamanda@example.net,Lake Jasmine,39
4290,Brent Fisher,acostarandall@example.org,Port Michelle,56
5561,Joseph Miller,wbanks@example.com,New Pamela,44
2552,Daniel Garcia,stephaniefranklin@example.org,South Sethton,37
118,Connor Contreras,trevor46@example.com,South Michaelview,0
8838,Joshua Duran,kristin47@example.net,South Charleston,33
5967,Angelica Cooley,oscardunn@example.org,Austinland,27
8196,John Sharp,jimmy40@example.com,Andreaton,67
8660,Anna James,karen65@example.net,Lake Catherine,35
7490,Janet Bryan,justin87@example.org,Spencertown,47
6,Kara Perez,sanchezandrew@example.org,Dayfurt,36
5343,Kathryn Carroll,griggs@example.com,North Williamchester,53
9112,Robert Marquez DDS,christopherelliott@example.com,Lynnmouth,18
4325,Samantha Cole,lindaklein@example.com,New Melissahaven,50
1064,Lauren Meyer,james37@example.net,Fitzgeraldville,25
2591,Tina Solis,hensleyveronica@example.com,Julianport,22
8435,Brian Leblanc,john21@example.net,Harrisshire,41
9353,Ryan Scott,xpatel@example.net,Lisaberg,35
3736,Justin Zuniga,omurphy@example.org,Beckyfort,39
3518,Sarah Mcfarland,morsechelsea@example.com,South Janetfurt,40
6987,Jennifer Miles,tcannon@example.org,South Nicoletown,38
6768,Curtis Bryant,bmartin@example.com,Bishopland,34
5623,Tara Doyle,hamiltonjoshua@example.com,Markburgh,50
1606,Charlene Smith,ecaldwell@example.net,Nicoleland,30
1734,Susan Alexander,tonydickerson@example.org,Jamesborough,54
9529,Susan Jones,zleon@example.net,South April,54
3813,Eric Yang,samantha69@example.org,Shawchester,25
9819,Eric Castro,petersonomar@example.net,North Chelseaville,56
1762,Jesse Houston,lauren28@example.com,Alanfort,56
5402,Andrew Mann,jamesmoore@example.net,West Sylviatown,27
2740,Jennifer Smith,william29@example.com,Markside,32
2473,Misty Norton,jessica23@example.org,North Brianport,30
6739,Victoria Graves,dennis91@example.com,West Sherritown,67
6892,Paula Ashley,holmeselizabeth@example.org,Danielstad,55
7944,Christine Gonzalez,tylerparker@example.com,East Josephland,54
4207,Valerie Poole,lisahoward@example.org,Port Lindamouth,58
6372,Christina Turner,lopezerica@example.org,Ryanview,58
9362,Brian Rivas,thomasandrew@example.org,South Stevefort,43
233,Raymond Johnson,harrismichelle@example.org,Jasonmouth,36
8259,Darryl Wells II,normanfelicia@example.org,Port Elizabethport,-5
7562,Michelle Bush,fmoody@example.org,Douglaschester,46
6169,Adrian Ibarra,mark66@example.com,Nicholasmouth,55
3597,Victoria Price,hramirez@example.com,South Samanthatown,20
6289,Madison Baker,amy41@example.org,New Marco,23
4633,Sean Andrews,faith70@example.com,Hutchinsonview,27
126,Yvonne Madden,mccallkelly@example.net,Port Rebecca,45
7642,Andrea Huffman,gregorybaldwin@example.com,Port Andrew,21
6230,Diana Brown,joneschristine@example.net,Richardborough,44
1297,Allison Carter,davidsutton@example.net,Vazquezside,28
1977,Wayne Jones,webbjustin@example.net,South Julian,54
9673,Jon Johnson,danielle80@example.com,Lake Amy,45
9627,Lindsey Lee,susan13@example.net,Ramostown,28
5751,Brent Moore,qmeza@example.com,Stewartport,67
8153,Donna Chandler,murraypatrick@example.net,Crawfordland,69
3087,Angelica Burke,amandajohnson@example.net,Port Nicholeburgh,43
9464,Robert Williams,craig20@example.org,Riveraview,24
6883,Sharon Johnson,stephaniewhite@example.com,Jamiefurt,55
9930,William Jennings,foxchristopher@example.com,North Alexander,24
7674,Russell Williams,nwade@example.com,West Ryan,23
3346,Lori Sampson,elizabethdickerson@example.com,New Kristinaburgh,65
8173,Laurie Lewis,zthomas@example.net,Lake Richardview,29
9611,Heather James,christophervega@example.org,Danielland,58
5871,Joseph Owen,vramos@example.com,Megantown,20
6507,Brenda Keller,shellychapman@example.net,East Nicolechester,52
2798,Alyssa Holder,terrianderson@example.com,Haynesmouth,68
919,Hannah Cooper,,South Brian,24
1647,Julie Gates,wrightcharles@example.org,Donnahaven,62
5123,Maria Williams,samuel08@example.com,Kristinshire,56
5127,Tyler Vega,nancythompson@example.com,East Chelseyhaven,25
4622,Melissa Hernandez,reyesveronica@example.net,Marialand,70
6810,Caitlin Golden,laurabrown@example.net,Lake Jenniferhaven,61
365,Aaron Flynn,harrisjames@example.net,Scottberg,40
2126,Melanie Jackson,michael78@example.com,Sanchezchester,24
8151,Mr. George Horne,michaelboyd@example.org,South Lindaview,67
8718,Jerry Mclaughlin,cliffordlloyd@example.net,Lake Scottchester,36
56,Michaela Blankenship,jason19@example.org,Petersshire,60
639,Samuel Whitaker,victoria70@example.org,Richardmouth,49
303,Morgan Ford,gregory81@example.net,Davidburgh,56
5812,Nancy Roberts,gregoryjacobson@example.com,Holmesport,44
1277,Craig Wolf,matthew41@example.org,New Josephberg,42
4433,Nancy Barnes,robert32@example.com,New Kathryn,46
3645,Dr. Hannah Ballard,heather79@example.org,South Laura,45
4144,Jacob Skinner,phillipcampos@example.com,Port James,45
2879,Donald Cooley,kenneth46@example.com,Walkerfort,63
6494,Susan Miller,nicholasgarcia@example.org,Chapmanburgh,50
5241,Dr. Wendy Chen MD,cmadden@example.net,West Robert,67
9597,Sharon Casey,gjones@example.net,Walshville,47
6938,Brandon Mcclure,wgarcia@example.net,Snyderport,70
7241,Michael Ochoa,michael55@example.org,South Hollyshire,29
2594,Luis Rogers,epeterson@example.net,South Williamfurt,46
2394,Jacob Newman,charles88@example.com,East Steven,37
524,Edward Thomas,carlywilson@example.org,Dickersonfort,22
6377,Alexandra Lopez,warnerisaiah@example.net,Nicholsonport,60
6982,Robert Rivera,kimcooley@example.org,Matthewfort,29
6678,Daniel Torres,martinezjames@example.org,New Craig,19
3901,Jonathan Roberts,awagner@example.com,East Daniellemouth,150
9829,Gina White,howardrandy@example.net,West Steven,22
5586,Patrick Carlson,owilson@example.org,Steveview,52
9548,Mary Ross,perryana@example.net,North Josephport,69
7957,Eric Martinez,,Port Randytown,58
7571,Travis Lawrence,uneal@example.net,Paulfort,46
6778,Justin Scott,walterbrianna@example.org,Tiffanyborough,28
672,Margaret Murphy,carolyn65@example.net,East Lisa,50
4189,Rebecca Reid,justinblackburn@example.com,East Christopherport,43
667,James Owens,alexandernelson@example.com,Skinnerhaven,67
3267,Erin Alexander,dean30@example.com,North Jose,33
1888,David Wilson,brittany09@example.com,Jenkinschester,38
8473,Christopher Torres,danielyang@example.org,New Stephanie,56
9092,Maria Boyd,philip77@example.org,New Colleenside,50
7688,Christopher Boyd,uhartman@example.net,Gardnerburgh,67
6032,Timothy Tapia,hmills@example.com,West Samuelborough,29
6091,Jared Washington,jerrytaylor@example.org,West Calebfort,33
6239,Christopher Joseph,invalid-email,South Billy,39
7351,Gabriel Pratt,turnercynthia@example.com,Dominguezfort,53
7831,Margaret Macdonald,linda86@example.org,Donovanmouth,66
761,Dennis Santiago,valeriedavis@example.com,Port Jessica,60
6255,Peter Mcneil,,Jeffreytown,40
1907,Annette Cooper,hodgeshelly@example.net,Ronaldborough,48
3819,Manuel Kaufman Jr.,perezchristopher@example.org,Lake Robertberg,27
6270,Katelyn Barajas,allisondarrell@example.net,West Justinburgh,40
4301,Gordon Conner,edwardthomas@example.net,Port Bradley,65
5570,Dennis Aguilar,tedwards@example.org,Jorgeside,25
7942,Glenn Ray,hayneskim@example.org,Brianfort,21
4165,Kathryn Jackson,sarah38@example.org,Darrenstad,38
5972,Paul Martinez,mendozatimothy@example.com,North Pamelaburgh,42
3580,Kristina Fleming,mcphersonmichelle@example.org,South Shawn,38
2833,Jerry Oliver,jcollins@example.com,Prestonstad,52
5450,Ryan Page,bcain@example.com,Lake Eric,19
3473,William Bauer,gibsonnatasha@example.com,North Cassieville,54
6328,Anthony Bond,hintonmichael@example.net,North Jessica,42
138,Maria Martinez,samuelmyers@example.com,West Donaldhaven,18
7044,Connor Scott,gflores@example.net,West Brandy,54
4893,John Stone,jeffrey15@example.net,Geraldmouth,33
2181,Omar Wilson,hward@example.org,Matthewburgh,46
7731,Sara Bridges,sreyes@example.org,Burgessside,18
3178,Jessica Williams,barbarabartlett@example.org,South Stacy,52
4855,David Gonzales,gregory09@example.org,Jasonfort,54
4638,Brian Martinez,kelseyhall@example.org,Lake Johnshire,54
5116,Dana Martin,gjohnson@example.com,South Adrianmouth,56
7649,Jillian Green,lynchlori@example.com,Amberhaven,47
4262,Christine Gonzalez,johnsonjessica@example.com,East Steveton,53
1332,Ashlee Deleon,,Denniston,59
7003,Bryan Walton,cmoran@example.org,Robertfort,65
6942,Derek Payne,kimberly70@example.com,North Jeremy,48
8018,Rebecca Gibson,vincenthogan@example.org,West Michael,52
6242,Melissa Gray,jeremy28@example.org,Ericksonstad,34
7236,Ashley Kirby,ismith@example.com,South Dale,68
6882,John Brooks,james48@example.net,West James,43
4531,Eric Franklin,waynemorgan@example.org,New Elizabethtown,65
4674,Tracy Mckenzie,kelly18@example.org,Hernandeztown,44
6997,Brianna Vazquez,lbishop@example.org,Pottschester,38
1253,Rhonda Morris,chelsea74@example.com,Penafort,33
3375,David Baker II,zbauer@example.net,Danielmouth,36
2815,Natalie Valdez,mward@example.org,Rayville,32
4720,James Huynh,monroekaren@example.org,East Timothyberg,50
6545,Sally Browning,hroberts@example.org,Port Lindamouth,41
4859,Keith Garcia,erinrodriguez@example.org,Lake Tannermouth,36
7902,Casey Martinez,dawnmccann@example.net,Rosefort,69
8581,Spencer Duran,amyers@example.org,South Jamesburgh,48
8428,Jessica Wilcox,yjensen@example.org,Zacharyhaven,66
1078,Michael Robertson,halldaniel@example.net,Payneport,69
4364,Brian Davis,carrieharris@example.com,New Anthony,36
771,Timothy Beck,hnewman@example.net,West Sarahview,25
8866,Michael Wilson PhD,sara52@example.net,Lake Anneland,51
250,Heather Short,marcusbennett@example.org,West Brendatown,18
7240,Juan Allen,idunn@example.net,Jillianberg,40
3420,Philip Hendricks,john17@example.org,Bowersmouth,42
4977,Bryan King,ericolson@example.net,Williamsmouth,0
4545,Matthew Reeves,faithodonnell@example.org,Cooperbury,49
5566,Pamela Li,abrown@example.net,Santanafurt,57
7940,Andrea Burns,caleberickson@example.com,Chelseafort,66
717,Jamie Contreras,laurennelson@example.org,East Steven,69
9847,John Patrick,qlong@example.com,South Kaitlynborough,38
2049,Dylan White,romerothomas@example.net,East Alexanderhaven,45
5998,Katie Anderson,tayloramy@example.net,Torresbury,26
6601,David Simon,david21@example.net,Port Matthewfurt,20
7246,Nathaniel Daniel,sarahrodriguez@example.org,Angelafurt,45
4179,Kevin Bowen,daniel53@example.org,Toddfort,45
4810,Jennifer Nunez,elizabeth90@example.net,Port Stacyton,51
9675,Michael Jones DVM,xcrawford@example.org,East Lesliemouth,70
7141,Joshua Pennington,cherylbrooks@example.org,Stephanieland,24
7191,Julie Reed,wbriggs@example.net,New Anne,45
1461,Alicia Payne,monicamontgomery@example.org,East Brian,54
5990,Ryan Morrison,courtneylopez@example.com,West Robertview,42
2001,Mark Cruz,stacypeters@example.org,Wilsonside,48
8176,Duane Gilbert,ydickson@example.net,New Carlamouth,23
405,Susan Patterson,katherinemartin@example.org,Margaretview,33
385,Jennifer Walsh,sgibbs@example.com,North Justin,44
9640,Franklin Hernandez,alexander83@example.com,Lake Maryland,53
9680,Jill Maxwell,gileslisa@example.org,Moraleshaven,46
1634,Diana Nguyen,gallaghermelissa@example.com,Woodardton,67
9749,Melissa Stanton,anntaylor@example.org,Kylehaven,30
4785,Jillian Carlson,michelle15@example.org,New Christophermouth,41
9649,Tiffany Wright,tara35@example.net,Micheleport,41
6971,Jacob Davidson,joseph64@example.org,Lake Juan,47
3926,Todd Jones,vpatton@example.com,Smithborough,26
4159,Edward Petersen,jessicaray@example.org,Woodsstad,57
7450,Rebecca Nelson,tkent@example.net,New Roberttown,53
8416,Kyle Conley,david85@example.net,Marquezfort,67
2194,Amy Thomas,hoffmanantonio@example.com,Wardville,69
1016,Cynthia Ortiz,thomas15@example.com,East Robin,60
5125,Jacob Spencer,smithjessica@example.net,North Elizabethburgh,42
7419,Jennifer Anthony,burkekayla@example.net,New Alyssabury,26
7410,Angelica Meyers,tonya40@example.net,East Derrick,53
8990,Kathy Christensen,,Christopherport,61
2872,Randall Sharp,yparker@example.net,North Kellyville,61
10,Lisa Downs,zoeparker@example.org,Martinmouth,33
1839,Christopher Rogers,ashley07@example.org,Stevenshire,36
4805,Susan Johnson,penamichael@example.net,Wardstad,42
256,Carlos Sanders,vmorris@example.org,Lake Sheenaport,39
7027,David Davis,umorales@example.com,South Nicole,54
5714,David Hancock,rtaylor@example.org,Alexischester,30
3325,Daniel Gutierrez,thomas84@example.org,Jillianton,28
7715,Suzanne Roth,miranda99@example.org,South Patrick,51
1582,Jim Pena,michaelmichael@example.com,Port Brendaborough,47
925,Brian Miller,rochadeborah@example.net,West Amberbury,60
2780,Matthew Todd,meganwood@example.org,South Mark,50
7892,Paul Smith,harold62@example.com,New Crystaltown,65
6133,Johnny Erickson,zoneal@example.org,North Daniel,58
5321,Kendra Robinson,ibarramatthew@example.com,Ethanmouth,49
7313,Nancy Walker,mcclainjames@example.net,Joshuaside,54
7103,Miss Alexandra Mckenzie MD,amanda34@example.org,Lake Derekton,70
6043,Gerald Suarez,murrayphilip@example.net,East Amber,49
3776,George Hamilton DDS,cmartin@example.com,Longfort,18
4836,Heather Manning,andrew39@example.com,Lanefurt,63
4965,Frank Alvarez,gherman@example.com,Gonzalesbury,55
540,Haley Greer,hsmith@example.com,New Saraborough,42
7484,Shane Mcdaniel,hintonmichelle@example.com,Port William,32
2746,Brett Mckinney,mistypayne@example.com,Lake Annafurt,65
3720,Edward Lynn,penningtonolivia@example.com,Fisherbury,54
6820,Heidi Copeland,reyespeter@example.com,New Stacy,41
9338,Andrew Garcia,dustinpowell@example.net,New Matthew,68
4469,Daniel Tran,rogerselizabeth@example.net,Lorettashire,34
668,Anthony Williams,ambermccormick@example.com,East Crystal,19
7576,Ellen Harris,timothynavarro@example.com,Larashire,50
8550,William Potter,bmarshall@example.org,Lindseyview,32
5064,Joshua Jackson,joshuagibson@example.org,Nortonfurt,64
1354,Danielle Maldonado PhD,louis77@example.net,Traceyshire,38
7115,George Brown,carolyn07@example.com,Tuckerfurt,32
9970,Carl Hardy,hamiltonjennifer@example.net,South Christina,56
8663,Kathy Reid,veronica26@example.org,Beckermouth,58
2704,Dustin Cowan,esanchez@example.net,Port Ashley,66
3331,Brian Scott,martinkristen@example.org,Tinafurt,21
8054,Christina Hunt,simpsonbrianna@example.net,East Diane,22
9589,Kristen Mckee,upage@example.org,South Dawnstad,36
3585,Jennifer Duke,youngholly@example.net,North Jenna,35
9633,April Lopez,kerrkent@example.net,Maldonadoburgh,58
5646,Jeremy King,tparker@example.com,New Patricia,21
3377,Melinda Palmer,loridavis@example.com,North Timothystad,48
1257,John Torres,fergusonrebecca@example.net,North Terrimouth,44
6191,Cynthia Smith,jacquelinecarr@example.com,Port Tony,64
9443,Shelby Rogers,crawfordhayley@example.com,Yangmouth,64
5349,Taylor Edwards,jessicapalmer@example.org,Lake Aaron,40
4176,Mark Lin,nelsonrick@example.com,Erikborough,59
4911,William Hopkins DDS,pauljohnson@example.org,Wareshire,44
1853,David Moore,joshuasoto@example.org,Martinberg,65
6317,Emily Allen,lori79@example.org,West Davidborough,39
4994,Michael Wood,invalid-email,Port Christinemouth,26
2106,Michelle Mason,cookvanessa@example.net,Josephtown,43
134,Amy Brown,juliaboyer@example.net,Walkershire,53
5030,Mark Ruiz,osummers@example.com,Millertown,52
929,Todd Stanton,kristen91@example.com,Davidside,63
824,Sean Garcia,pattersondaniel@example.com,South Erictown,51
7577,Timothy Nelson,invalid-email,New Kathrynfort,63
1532,Amy Welch,riverasarah@example.org,Melissatown,43
1215,Omar Patrick,jeremyreyes@example.net,South Jerome,36
505,Robert Burke,ghardy@example.net,Taylorbury,33
6531,Jessica Miller,simsbonnie@example.org,South Nathanview,54
3073,Joseph Long PhD,iwhite@example.org,Leemouth,21
9577,Dustin Murphy,atucker@example.net,South Lindsay,63
9087,Darlene Soto,julia57@example.org,Cuevasmouth,68
8648,Cassandra Nguyen,wwilliamson@example.org,Hansonbury,46
6620,Thomas Miller,michael58@example.org,New Vanessaborough,62
9274,Kathleen Miller,williamslisa@example.org,West Kennethchester,24
3710,Ashley Reilly,howarddavid@example.net,Port Kristin,18
9775,Jill Mosley,dayeric@example.com,Lisafurt,24
4850,Megan King,lthompson@example.com,Cristinaland,18
4749,Michael Irwin,kenneth84@example.net,Lake Cassandraland,67
4269,William Collins,kathleenmcconnell@example.com,Lake Jasonside,45
6688,Wesley Smith,christine68@example.net,Lopezland,39
8906,Deborah Rollins,carlahernandez@example.org,Port Michaelstad,35
4187,Chelsea Williams,stacywatson@example.org,East Derekville,34
5302,Jennifer Patterson,barbara03@example.org,Brendanhaven,25
2924,Lauren Rice,,New Elizabethland,35
6589,Katie Howard,markroberts@example.org,Maloneport,48
1811,Rebecca Hurley,samuelvaughn@example.org,Mahoneymouth,20
3487,Travis King,luis72@example.com,West Jeremy,58
7420,Alexis Lee,brownlawrence@example.net,West Danielstad,40
3142,Heather Montgomery,michael87@example.org,Blakebury,31
9348,Sheila Reed,ericacurtis@example.org,East Melissa,59
1325,Brian Lowery,laura65@example.com,South Kathrynhaven,46
4313,James Brown,henryleblanc@example.net,North Sara,58
7495,Jessica Brown,margaretmiller@example.org,Walkermouth,40
8703,Richard Jenkins,james84@example.org,Jasonville,48
8692,Antonio Scott,allenrebecca@example.org,Lake Erin,52
9696,Antonio Anderson,manuelcampbell@example.net,Lake Charlesville,61
9581,Monica Yu,amclaughlin@example.org,North Heather,39
5542,Toni Maddox DVM,brownrobert@example.org,Ryanshire,66
6173,Sheryl Smith,gentrylisa@example.org,Coreyside,38
1541,Claudia Norris,faulknerneil@example.net,Josephton,18
9410,John Goodman,clopez@example.com,New Staceyfort,19
2682,Cameron Mason,goodwinthomas@example.com,Port Sarahmouth,44
953,Courtney Silva,lisacox@example.net,Lake Amberfurt,59
6314,Justin Frazier,jamespatel@example.org,Smithton,36
1192,Derrick Garcia,melissariley@example.org,Theodoreberg,21
5294,David Nelson,hking@example.org,Colleenborough,27
1543,Susan Ritter,rebeccaroman@example.net,Christianburgh,26
7057,Jose Williams,sarah43@example.com,Meganville,58
2540,Sheila Bradley,jenniferwalter@example.com,East Raymondburgh,54
954,Michael Walker,xwalker@example.org,West Jennifer,27
7242,Edward Strickland,john90@example.net,Joshuamouth,40
6732,Jason Mccormick,moodydarlene@example.org,North Matthew,23
4847,Roger Mcguire,,South Cynthiafort,53
6802,Richard Harper,jeffrey44@example.org,Delacruzport,37
8011,Katherine Briggs,mcooper@example.net,Robinsonmouth,52
4331,Craig Mcdaniel,mark94@example.net,Lesliefort,32
8925,Jamie Ferguson,linda27@example.com,West Stephaniestad,41
5335,Mathew Ingram,roger13@example.com,New Matthewshire,34
7331,Sarah Chavez,mccallmary@example.net,North Frances,23
9349,Casey Schwartz,jeremypark@example.net,Powellburgh,25
4730,Karen Blair,ybrandt@example.com,West Brittany,42
6542,Richard Wright,amandaharper@example.com,South Jennaland,28
5306,Christopher Blankenship,tony17@example.com,North Jamiefurt,49
5162,Matthew Cooper,travis96@example.org,New Tracyfurt,50
7861,Jermaine Morris,thomashale@example.org,Morrisonview,27
2157,Melissa Lewis,invalid-email,Lake Felicia,63
1063,Daniel Rodriguez,loriruiz@example.net,Clarkshire,39
1168,Jeffrey Hamilton,marydaniels@example.com,Lindashire,19
3637,Mary Lopez,jamesnavarro@example.com,Jonesmouth,31
7652,Emily Williams,hansenhannah@example.org,North James,55
5589,Teresa Bailey,horneaudrey@example.com,East Kelly,36
7193,Keith Parks,danielbell@example.com,Lake Andrew,58
4492,Angela Mckinney,,West David,29
7267,Amy Lowe,danielle07@example.com,Marystad,65
4981,Nicole Briggs,umcpherson@example.com,East Connor,64
8336,Charles Wood,kellywilson@example.com,Lake Jessicaview,56
6040,Kenneth Hale,melissamoore@example.net,Lake Josephstad,18
4947,Eric Turner,fpratt@example.com,East Brycemouth,27
2783,Rachel Martin,sellersdorothy@example.com,Yuland,68
718,Angel Lee,david33@example.com,East Jamiehaven,45
2503,Jennifer Matthews,jacob33@example.net,Jenniferberg,66
4361,Lisa Woods,taylor10@example.net,Burnsville,31
4172,Eric Williams,martha44@example.com,Littlefurt,45
8083,Christine Brown,vcontreras@example.net,Waynestad,50
9957,John Adams,invalid-email,East Miguelport,39
396,Jon Ochoa,frogers@example.net,Heidifurt,20
7187,Jesse Li,marcusking@example.com,Melissahaven,70
9897,Jodi Luna,vmiddleton@example.org,New Phillip,51
4493,Derek Hahn,leonardjohn@example.com,North Mallory,39
1366,Monica Davis,ngriffith@example.com,Port Johnborough,64
9719,Stephanie Jackson,robertwright@example.com,East Scotthaven,68
8788,Mckenzie Brooks,sgutierrez@example.com,New Loriborough,52
5918,Theresa Ellison,damonmorris@example.org,Allisonbury,45
4969,Brian Woods,taylorsteven@example.org,Stoneton,68
2915,Ronald Lewis,howardchristopher@example.com,Fuentesbury,45
5645,Tony Sellers,torresjoy@example.com,North Lisa,31
3767,Adam Mccarty,hallbrent@example.net,South Andrew,63
3441,Amy Martin,sheppardamber@example.com,West Kathleen,57
7358,Anthony Hess,allendavid@example.net,Amberville,29
6807,Laurie Kramer,raymondcynthia@example.net,East Terrishire,33
2144,Ryan Smith,ashleygraham@example.com,East Kathrynton,20
5105,Jonathan Garrett,rasmussentammy@example.net,South Samanthaport,23
5074,Nancy Ferguson,imartinez@example.org,Ericchester,60
1572,Autumn Oliver,ywilson@example.com,West Carolfurt,44
4080,David Scott,albertwilliams@example.com,Jodiport,-5
1123,William Anderson,mckenziemarcus@example.org,South William,46
2787,Theresa Manning,timothysloan@example.org,New Philiphaven,69
2968,Cathy Brewer,scarter@example.com,Lake Stuart,57
2505,Logan Salazar,andrewbartlett@example.com,Amytown,52
5989,Mary Mason,franciscopeterson@example.org,Reedbury,25
8868,Megan Hammond,invalid-email,Cliffordberg,20
7165,Marcus Montoya,philliphampton@example.com,Lake Jenniferbury,62
729,Lindsay Edwards,haileyjohns@example.net,West Lisaton,37
7588,Matthew Ellis,dsmith@example.com,Hernandezland,65
7544,Mark Turner,clintonmeyer@example.org,Christopherstad,57
413,Natalie Holmes,michael45@example.org,North Brianchester,54
9709,Dana Salinas,nicholsbenjamin@example.org,West Michael,23
5746,Ashley Bailey,wrightpeter@example.org,North Zachary,29
7669,David Johnson,xvaughn@example.net,North Crystal,36
826,Gerald Marquez,bartonsamuel@example.org,North Zachary,65
3268,Molly Thomas,keithchambers@example.org,Potterfurt,57
3975,Martin Myers,michelle23@example.net,New Jeffery,62
8809,Matthew Kelly,,Alvarezshire,-5
8307,Jacob Moore,jodistewart@example.com,Lake Bradleychester,51
418,Stephanie Simpson,lindseygreene@example.net,East Joelside,70
6749,Zachary Gonzalez,brooksernest@example.com,New Jennifer,55
8968,Mrs. Jessica Richards,awong@example.org,South Susanberg,61
2083,Thomas Fowler,mhernandez@example.org,Port Cassandra,30
8946,Stephanie Fernandez,mbass@example.org,Port Allenland,57
3374,Linda Marquez,nicholasford@example.net,South Johnnystad,33
5727,William Chavez,adamortega@example.com,New Kayla,19
4108,Victoria Boone,hartbobby@example.net,Lewisport,66
4381,Jeremy Schmidt,jmartinez@example.org,Lake Davidton,57
7724,William Moore,wagnereric@example.org,North Shaneview,67
1067,Ryan Peterson,jamie58@example.net,Lake Marialand,20
3914,Marissa Blackburn,wrodriguez@example.org,Joannland,44
5537,David Phillips,valdezjesse@example.com,New Alyssafurt,21
8003,Dustin Everett,jfleming@example.net,East Loganchester,70
5388,Cassandra Jones,fle@example.com,East Philliptown,48
5733,Michael Gallagher,lisa19@example.net,North Richard,45
2739,Jessica Fields,owensvanessa@example.org,Howardborough,62
5053,John Jacobs,joseph07@example.org,New Ricardo,51
4001,Jerry Price,laurenprice@example.net,Gilbertfort,42
2428,Robin Gregory,cherylhoward@example.com,Taylorland,61
6834,Debra Watson,patrick23@example.com,Warrentown,33
1688,Nicole Munoz DVM,ccarter@example.org,Lindaburgh,42
852,Alison Ortiz,calebmiles@example.org,Port Richardhaven,35
6304,Kaitlin Taylor,ashleyfoley@example.net,North Vickie,61
9088,Deanna Clark,nicholas86@example.com,East Melanie,49
5879,Gregory Ferguson,destiny02@example.com,Patelhaven,32
8528,Melissa Martin,brianna99@example.org,North Derrick,54
2840,Angela Bailey,bblack@example.com,Eatonstad,32
4612,Angela Campbell,invalid-email,Brianborough,21
9541,Thomas Prince,katherineturner@example.org,Baileyburgh,25
9208,Wesley Brown,,Bairdshire,59
2490,Jamie Baldwin,jasmine98@example.com,Turnerhaven,29
6906,Jeremy Parker,uhines@example.net,Scottbury,62
7391,Antonio Gomez II,michelleedwards@example.org,Adamston,64
2850,Diana Gutierrez,steven21@example.org,East Christopher,67
6666,Adrian Moreno,davidfernandez@example.net,North Traceyview,41
5882,Heather Williams,brenda91@example.net,Lake Aliciatown,67
4453,Anna Ford,reyesbrian@example.net,Hunterton,56
7422,Shirley Hernandez,millerjason@example.org,Maryfort,21
6485,Robin Sparks,ramoskristen@example.net,East Sandramouth,62
2480,Mrs. Virginia Santos,ronald26@example.net,Lopezburgh,69
6618,Amber Harvey,robert73@example.com,Ronaldfurt,41
2142,Emily Lynch,mirandabarnes@example.com,Lake Tara,52
5189,Jennifer King,fisherderek@example.org,Lake Jessicaview,33
9899,Kathleen Sullivan,jesus99@example.org,South Karentown,67
2745,Steven Hughes,byrdjulian@example.net,North Nicholas,26
7254,David Patterson,jamesmartin@example.net,Anthonyburgh,59
3507,Eric Burns,kgraves@example.com,East Amandachester,25
1680,Keith Johnston,richard05@example.com,Fordside,32
4250,Heather Boyd,stevenstristan@example.com,Rioshaven,30
3148,John Parker,banksomar@example.com,Georgestad,69
8131,Christopher James,brenda77@example.net,Robinville,45
7005,Anna Boone,kennedyjoseph@example.org,Michaelmouth,24
581,Peter Wise,kruegerstephanie@example.org,New Jerry,150
9663,Mrs. Tara Harris DDS,travisanderson@example.net,Angelafurt,37
4071,Savannah Jenkins,eric91@example.net,Martinezchester,35
3344,Olivia Jones,erica24@example.net,Aguilarchester,31
7405,Nicole Ramos,nicolesmith@example.net,New Michaelhaven,39
3673,Phyllis Russell,andreaalvarez@example.org,Kylestad,20
560,Virginia Jones,,West Feliciaville,58
5238,George Anderson,invalid-email,South Gabrielleport,60
7806,Ryan Williams,kaitlin92@example.org,East Ryanton,62
513,Joshua Rasmussen,hintonmichael@example.net,Lisaland,43
1082,Victoria Butler,floresjoshua@example.com,Jacquelinefort,30
1665,Allison Salazar,kimberlymiller@example.org,East Timothymouth,27
9205,William Allen,austin95@example.com,Marcusport,26
1932,Martha Crawford,,Port Chase,29
9861,Amy Washington,gregory87@example.com,Holtchester,65
1151,Rachel Munoz,qmelton@example.net,Ramseyfort,66
2839,Mrs. Alice Glover,dudleyrobert@example.com,Shannontown,69
5950,Jason Dennis,crivera@example.org,Lake Daltonton,25
8309,Curtis Jones,crystaldiaz@example.org,Port Justinville,31
8933,Richard Martin,richardssteven@example.com,West Justin,60
9985,Sheila Smith,lisa13@example.org,West Robert,42
5178,Ashlee Hudson,yorkkristina@example.org,South Jamesfurt,55
831,Margaret Lee,rsmith@example.org,North Jenniferborough,54
8312,Jo Harper,johnstoncynthia@example.net,Morrisview,38
4753,Ashley Ramirez,wbarrera@example.org,Knightburgh,27
9916,Darren Liu,ray60@example.net,New Ashleemouth,67
636,Jason Ayala,samanthaboone@example.org,East Seanside,33
4466,Jeffrey Hill,george90@example.com,Brianmouth,23
6800,Cory Marsh,heidi16@example.org,North Alicia,64
7988,Christopher Mccoy,jennifer93@example.net,Smithland,22
7080,Katherine Cole,tracysmith@example.com,New Rachelfort,61
6967,Stacey Garcia,kimberlypowers@example.org,North Jacob,19
4143,James Hernandez,whiteheaddiane@example.com,North Robertland,56
7028,Harry Pearson,ndean@example.org,Jasonchester,27
9184,Henry Rubio,kylesutton@example.com,West Lisa,31
877,Aaron Hubbard,odavis@example.net,Adkinsfurt,69
4870,Kimberly Hogan,millertracie@example.net,East Michaelstad,24
5316,Michael Tanner,robertoreynolds@example.com,East Emilymouth,58
5223,Bethany Morrow,peggy65@example.org,Hoffmanview,37
5,Zachary Mills,anthony09@example.com,East Shirleyside,57
3052,Brandi Johnson,juliefranklin@example.org,Lake Johnstad,40
5692,Randy Reed,eileen49@example.org,Paulstad,65
3125,Stacy Kelly,joshua75@example.org,Jeffreyland,67
2492,Gary Perez,martindenise@example.com,North Trevorton,25
3855,Melanie Nielsen,vwilliams@example.net,Williamland,24
4778,Justin Adams,joneschristopher@example.com,East Joanna,41
7510,Kathleen Roach,william06@example.com,Anthonymouth,29
6458,Thomas White,oburnett@example.org,Port Lisa,49
6294,Wesley Anderson,yolanda50@example.com,Jessicatown,49
1149,Jennifer Rangel,jeremiah81@example.net,West Jenniferview,38
575,David Buckley,ayersmichael@example.net,Kingtown,43
3770,Francisco Andrade,sgonzalez@example.com,Lake Michelle,32
4147,Ray Perry,mhall@example.net,Port Erinberg,63
854,Kevin Dixon,,Lawrenceborough,55
5920,Ann Carter,anna69@example.org,Davidberg,53
9359,Joseph Carrillo,aking@example.org,Lake John,25
6615,Amber Matthews,christine49@example.net,Willistown,40
6003,Hannah Hess,taylortaylor@example.com,Stonefort,38
9164,Stephen Bell,figueroaanna@example.org,Melissachester,24
4496,David Davis,duncanglen@example.com,Brandonburgh,69
8174,Phillip Harmon,michael59@example.com,South Justin,30
6656,Matthew Hall,pooleaaron@example.com,Kingland,23
2369,Barry Robertson,ebrown@example.org,Reynoldsfurt,41
4781,Melanie Oneill,bbrown@example.net,Anitaton,39
7993,Alicia Dillon,vlam@example.org,Lisafort,47
2951,Kurt Deleon,samanthaandrade@example.net,South Robertstad,28
5626,Evan Massey,rdavis@example.org,Espinozaberg,42
6972,Michelle Moon,anichols@example.net,East Valerie,37
8717,Jennifer Cook,arogers@example.org,Margaretbury,38
1842,Gina Meza,chapmanjacob@example.com,Davidfort,53
5987,Mark Walker,andrearogers@example.com,South Heather,63
538,Cheryl Collins,jessica16@example.net,East Joseburgh,47
2807,Parker Carter,joneslucas@example.com,Lake Natalie,44
5802,Michael Torres,shelleylong@example.net,Robertmouth,54
5597,Patricia Mckee,burnsmichael@example.org,Harperstad,49
7207,Natasha Gonzales,deannathompson@example.net,Kimmouth,52
7344,Tracy Harmon,cbaker@example.net,West Elizabethborough,38
7561,Valerie Klein,michellehernandez@example.com,New Joan,28
8097,Christina Vasquez,ronald64@example.com,Jonesmouth,27
785,Mary Young,ruizashley@example.org,Lake Edwardfort,26
1410,Rebecca Perry,ericksonmegan@example.org,Feliciaview,59
155,Tyler Hayes,pbarrett@example.net,Paulbury,53
7807,Gloria Lowery,gabriellehall@example.com,East Brandonfurt,19
3010,Jessica Brown,ebarton@example.net,Robertstad,47
1687,Gregory Newton,jennifer25@example.net,South Ashleybury,46
4015,Jessica Sanders,bduffy@example.org,Williamston,48
7456,Larry Hernandez,samuel19@example.net,Rodriguezchester,64
3864,Amanda Jackson,alexandraharrison@example.net,North Cameron,55
2734,Matthew Cruz,youngjose@example.com,Ashleyton,43
1896,Monica Powell,pweber@example.net,New Patricia,61
5443,Gabrielle Schroeder,ashleygraham@example.org,North Alexandra,43
570,James West,hineslydia@example.com,Daughertyville,64
6710,Monica Booker,cantubrittney@example.net,Jacksonstad,63
5855,Richard Roberts,alexander93@example.com,South Laura,45
1817,Joseph Harding,susanjames@example.net,Port Stephanie,42
8320,Katherine Willis,christopherknight@example.org,Lake Tonyahaven,66
3395,Nicholas Murphy,ihenderson@example.com,North Jessicashire,68
3328,Madison Frye,asantiago@example.net,Meganport,52
5704,Andrew Green,tsmith@example.net,South Andrew,48
6103,William Larson,amorris@example.net,Port David,48
2976,Tyler Anderson,johngarrett@example.org,North Kelly,23
981,Amy Williams,qkaiser@example.org,Annafurt,47
191,Danielle Schmidt,robinsonnicholas@example.net,North Monicaville,46
9332,Logan Morris,deborahsmith@example.com,North Donmouth,47
5089,Mercedes Walker,harristodd@example.net,Whitebury,18
700,Monica Haley,gordonpeter@example.org,West Andrea,46
9956,Aaron Mejia,garciarebecca@example.net,Crawfordchester,47
607,Jose Rodriguez,wgardner@example.com,Port Robert,41
302,Rachael Stout,brenda29@example.com,Jacksonhaven,36
3421,Benjamin Wise,gcampbell@example.net,Barbaraport,65
4685,Michele Pham,nicholas70@example.org,Wilsonstad,28
1061,William Berry,nixonkristen@example.com,West Brendabury,19
3445,Patricia Warner,sheltonlinda@example.org,Lake Jamesborough,22
1070,Richard Collins,michelle06@example.org,Lake Danielville,28
2206,Curtis Lynch,thomaswilliam@example.org,New Corey,46
9436,Lauren Chambers,joshua90@example.net,South Donnaberg,29
7340,Jessica Lewis,npennington@example.org,Wileymouth,48
8209,Tamara Warren,tcastillo@example.org,Dawnside,44
7680,Katherine Bates,bbaker@example.net,Port Robertburgh,52
4643,Nichole Elliott,michele62@example.com,Makaylamouth,49
7684,Shane Blair,jenna11@example.com,East John,49
9008,Kathleen Blackburn,janet95@example.com,West Ronald,39
7997,Lisa Stark,michellerios@example.com,New Ashleyhaven,25
5601,Jacob Snyder,fsmith@example.net,Hernandezfurt,51
9152,Savannah Krueger,,Onealfurt,70
7023,Mr. Aaron Schultz,rojasalison@example.com,Heatherfort,52
4894,Corey Campbell,brennancraig@example.com,West Karen,30
226,William Harris,phillipsmark@example.com,Taylorhaven,64
3355,Amy Taylor,zphillips@example.com,North Ryanport,49
5896,Joseph Cruz,agonzalez@example.com,Saraport,46
8755,Steven Rivera,frenchanna@example.org,Bryanchester,38
3437,Gregory Torres,singletonjamie@example.net,New Madison,18
1694,Andrew Bennett,cheyennegonzales@example.com,Amystad,58
6894,Wendy Perry,browntyler@example.com,Port Cheryl,61
1046,Lisa Smith,michelemontes@example.com,East Lauren,40
3447,Heather Davidson,dwaynemorales@example.com,East Lisa,36
8051,Stephen Lopez,william04@example.com,Paulbury,43
9147,Bobby Patterson,kimberly03@example.net,Peterland,36
3101,Marissa Oconnell,ureed@example.net,East Jamesview,41
4736,Michael Vang,james26@example.com,South Andrewborough,39
4497,Melissa Burke,amccoy@example.com,Toddchester,47
1219,George Parker,dustin29@example.net,Jacobview,42
6016,Shelly Ramirez,hessjacqueline@example.com,Kanetown,18
9720,Douglas Villanueva,davisjoseph@example.com,New Tylerstad,59
3988,Patricia Scott,williamfuller@example.com,South Stevenberg,65
4912,Margaret Cervantes,medwards@example.org,North Meganville,42
9493,Diana Myers,invalid-email,Mcmillanstad,53
4494,Kathryn Monroe,paul47@example.com,West Jacqueline,27
6945,Anthony Koch,rebecca67@example.net,East Jonathanmouth,55
5700,James Boyd,victoria61@example.net,West Margaretview,59
8353,Julie Lowe,dariushamilton@example.org,Lake Jessica,24
957,Jerry Manning,aayers@example.net,Cynthiashire,46
2870,Jamie Rice,,Lake Dwayne,24
4434,Karl Edwards,lbanks@example.com,Hickstown,39
4974,Julie Greene,robert16@example.net,Meganhaven,67
2962,Beth Ruiz,vgoodwin@example.net,West Emilyland,60
2201,Michael Miller,robert88@example.net,Lauraberg,37
99,Jason Watkins,elizabeth56@example.org,East Danielfurt,150
3466,Maria Boyd,williamstiffany@example.com,Port Jamesstad,54
2558,Angelica Duncan,christopher66@example.org,Scottmouth,42
8446,Matthew Meadows,adamperez@example.com,Johnburgh,19
4200,Colin Hunt,waltershaw@example.net,East Leestad,29
9638,Gerald King,santiagoanthony@example.net,East Maurice,69
5540,Sara Thomas,yjimenez@example.net,North Lisa,67
1649,Mia Lewis,morrisbrian@example.org,Patriciahaven,32
9889,Brandon Warren,mclaughlinjared@example.net,North Benjamin,61
6198,Christopher Hernandez,leedanielle@example.com,West Kathy,32
6296,Ashley Jenkins,,West Anthony,28
4500,Krystal Lopez,mbrown@example.com,Mathisville,19
1155,Todd Fowler,yhernandez@example.net,Brewershire,54
2256,Stephen West,vwatson@example.com,South Veronicaville,25
9875,Suzanne Smith,julie55@example.net,South Cindy,59
3171,Rebecca Smith,ggarcia@example.com,Mendozafurt,29
7401,Kiara Martinez,,South Kelly,70
7159,Richard Sanchez,wstafford@example.net,Theodoreside,34
3109,Jennifer Miles,dawnblake@example.net,Darrenmouth,20
4549,Morgan Ali,nthomas@example.com,Phillipsview,45
5424,Tracy Thomas,ohines@example.org,Walshchester,20
2050,Dakota Edwards,gomezeric@example.com,West Kellychester,60
9209,Cheryl Floyd,crystal32@example.org,North Nicoletown,67
8816,Angel Shields V,ghoward@example.org,Christinachester,51
9995,Antonio Bailey,rachel70@example.org,Tuckerfurt,57
263,David Giles,manderson@example.org,Port Joel,66
4062,Joshua Thompson,briandoyle@example.org,Lindafurt,60
5535,Jodi Smith,angelhodges@example.org,East Thomaston,66
6617,Brandi Hammond,rosalesrichard@example.net,Michellestad,59
8121,Lauren Murphy,austin58@example.org,Sextontown,19
8156,Mr. Andrew Mathis,gregoryblackwell@example.net,East Lisatown,55
1803,Jonathan Graves,sophia83@example.net,East Victoriaville,62
4737,James Reid,jonesruth@example.org,Monicaport,57
2386,Mark Clay,jonathanray@example.net,Boyleshire,42
6695,Katherine Martin,uoneill@example.net,South Debrafurt,70
5760,Timothy Boyd,hmason@example.net,New Ritafort,22
1960,James Nelson,,Rodneytown,0
2977,Cindy Singleton,elizabethmccullough@example.com,Emilymouth,42
8681,Dr. Michele Smith,jennifermarshall@example.com,Brownfort,0
1844,Christopher Owen,jenniferflynn@example.org,Berrychester,49
1735,Ronald Lewis,obrown@example.com,New Chadmouth,49
2912,Joseph Higgins,diana33@example.net,Port Sarah,27
8339,Janet Smith,tammyfrank@example.org,Acostachester,45
1987,Gina Anderson,camposdebbie@example.com,Nathantown,37
9562,Donald English,jvargas@example.net,Lake Steven,63
6547,Laura Cowan,frankhernandez@example.org,Henryland,56
7099,Hector Hernandez,mannkarl@example.net,Graveshaven,38
2812,Angela Patton,millerkatelyn@example.org,West Laura,26
660,Derrick Mcdonald,alicia59@example.net,Lake Julie,53
9987,James Fisher,,Meyersport,51
2512,Justin Soto,williamsruth@example.net,West Brendaburgh,33
4283,Larry Lee,rhernandez@example.org,Williamport,26
9340,Shannon Le,jonesdanielle@example.org,Riceshire,26
8801,Courtney King,joeolson@example.com,Kristytown,28
6288,Luke Burnett,tamarahall@example.com,Harrisport,55
1931,John Burch,allisonalexander@example.org,West Danaburgh,59
7126,Dr. Lisa Cruz,vcampbell@example.net,East Amanda,41
198,Cory Madden,xtaylor@example.net,Florestown,35
7778,Benjamin Bryant,davidmorris@example.org,Rodriguezstad,51
2932,Nicholas Williams,laurawilliams@example.net,Lake Adamshire,65
8005,Samantha Bradley,ymorgan@example.org,Wardshire,36
2328,Stephanie Cabrera,iwall@example.net,New Vincenttown,41
4390,Kerry Cordova,gsingh@example.org,South Scottfort,67
8959,Gary Gomez,jamie54@example.org,Kimberlyberg,24
4219,Charles Winters,gbruce@example.com,Whiteville,26
203,Jose Ruiz,melanie15@example.net,North Michael,66
3511,Peggy Lin,michaelmarsh@example.com,East Penny,39
4932,Richard Bauer,kylie67@example.net,North Wayne,59
5536,Michael Camacho,walkerjohn@example.com,Lake Julieport,60
9926,Valerie Crawford,ryan92@example.com,Monicafurt,24
5792,Tanya Greene,johnorozco@example.org,New Robertberg,30
1708,Colin Bennett,renee64@example.com,North Gregorybury,56
5173,Angela King,davisstephen@example.org,Campbellborough,70
5250,Amanda Tucker,susan45@example.org,Davisfort,18
6529,Patricia Smith,austinchad@example.org,Brennanshire,63
4820,Jamie Wells,luiswheeler@example.org,Rangelfurt,62
5856,Tony Shannon,gcurry@example.org,West Christopher,50
8165,Tiffany Evans,christopher67@example.org,Dickersonberg,43
855,Kimberly Adams,gamblejustin@example.net,Robertshire,28
4738,Robert Williams,amanda88@example.org,North Wendymouth,21
699,Stuart Stuart,schultzangela@example.net,North Erintown,40
3697,Duane Butler,cmorales@example.org,Lake Jennifer,54
1637,Richard Stanley,clarkjustin@example.org,Lake Mark,60
7281,Alan Johnson,nstone@example.org,West Lee,36
7555,Christopher Mccormick,michael78@example.org,West Patricia,52
3582,Michael Blackburn,rebeccadelacruz@example.org,Lake Markstad,61
1292,Benjamin Vaughn,madisonwillis@example.net,Aliciamouth,32
6586,Thomas Strong,grace84@example.org,South Adrienne,49
1854,Wayne Decker,dpitts@example.com,New Codyfurt,48
5233,Brandon Wise,watkinspatricia@example.net,Amandabury,43
3764,Karen Taylor,xhernandez@example.net,West Dennisstad,58
3305,Jeremy Kim,goodwincheryl@example.com,North Lisaton,40
1496,Emily Carney,brownsuzanne@example.net,Port Brianstad,62
7995,Crystal Morris,john62@example.org,Kelleyton,20
1999,Brian Hendricks,thomasmccoy@example.org,South Peterton,57
664,Joseph Anderson,parsonsmatthew@example.com,North Michelle,56
3749,Rachel Dillon,ssmith@example.org,Maxwellstad,20
4414,Aaron Boyle,myerspaul@example.net,Kramerstad,27
5531,Tara Tran,msolomon@example.org,Port Stephanie,69
5576,Lisa Ford,richardsonmatthew@example.com,West Christopher,40
8902,Michael Johnston,perrykatherine@example.com,Raymondmouth,30
7527,Brandon Walker,kelly16@example.net,Thomasberg,49
9475,Suzanne James,cunninghammichael@example.com,East Christina,27
5865,Lisa Atkinson,scottwallace@example.net,East Ashleyport,27
6777,Janet Thomas,kristi61@example.org,Susanfurt,39
1307,Pamela Price,evanswilliam@example.com,Jasonport,50
7393,Debbie Carlson,dherrera@example.net,South Kenneth,63
5593,Rebekah Dudley,contrerasjohn@example.net,Ayersside,39
9722,Tammy Vargas,greenerobert@example.com,New Troy,59
1664,Lauren Ramos,,Warnerland,46
5451,Mary Steele,wallacejames@example.net,North Alexandria,22
8447,Kelly Stewart,stephaniejackson@example.com,Manningtown,30
3628,Sarah Guerrero,christinegonzalez@example.com,Karentown,32
2694,Janet Brown,david49@example.org,Kellyberg,35
9790,Rachel Willis,eric57@example.com,New Toddhaven,44
5916,Tracy Burns,schneiderbrenda@example.org,Port Bryanhaven,62
3158,Christina White,douglasowens@example.net,Ashleytown,70
9915,Mindy Scott,victor08@example.org,New Derek,60
6669,Theresa Hoffman,,Cardenasland,61
1060,Michelle Taylor,,West Alan,62
4637,Gary Jordan,reneealvarez@example.net,Donaldview,38
3243,Christopher Hanna,,Foleychester,20
1679,Timothy Watkins,hannathomas@example.net,Quinnside,45
6893,Carolyn Spence,lwilson@example.org,Hugheshaven,42
6375,Michael Hood,jasonbullock@example.com,Brittanyview,38
7575,Vanessa Dennis,kristinegutierrez@example.com,Julietown,28
1758,Felicia Moses,yweiss@example.org,South Alfred,47
6020,Calvin Griffin,qgarrett@example.com,New Vickiemouth,26
5117,Mark Torres,lee84@example.net,Schwartzland,63
8756,Aaron Harris,terrimerritt@example.com,Lisaview,27
7409,Julia Jordan,shanethomas@example.com,Brittneyview,38
2791,Edward Melton,hwilliams@example.net,West Brenda,24
864,Deanna Jefferson,patrick19@example.com,New Stevenmouth,19
7859,Victor Ward,robertmason@example.com,Lake Debra,56
1485,Jamie Lewis,jasminewilkerson@example.com,Markfurt,41
7036,David Weber,vavery@example.org,Greerside,67
7722,Jennifer Cook,scottlucas@example.net,West Shirley,62
5978,Sean Anderson,ashleysmith@example.net,Lake Benjaminchester,62
5135,Lauren House,obrowning@example.com,Port Kyle,24
207,Christopher Tran,margaret50@example.net,Timothyberg,55
4489,Melissa Phillips,juliefranco@example.com,Lake Timothyside,65
6939,Lacey Myers,christinanorris@example.org,Doughertymouth,44
9063,Henry Deleon,zfleming@example.net,Lake Joshuafort,20
6911,Anne Morgan,amandasantos@example.org,East Alexander,53
503,Christopher Trujillo,cynthia51@example.net,Acostahaven,35
7386,Jeremy Richardson,bmartinez@example.net,North Yvetteview,69
1029,Jeffrey Thompson,morrisgrace@example.com,South Kristinshire,29
3841,Kevin Oneill,frenchronald@example.net,Davismouth,54
8111,Dale Gibson,james24@example.org,Richardstad,43
5057,Bryan Johnson,browncharles@example.com,West Samanthastad,48
9763,George Ellis,gregory50@example.org,Amyport,28
8155,Sheri Rodriguez,steve11@example.org,Port Rhonda,21
2732,Elizabeth Becker,umedina@example.org,Albertfort,53
8997,Jacob Martinez,christinecarson@example.org,Lake Philiptown,70
2455,Kevin Harper,cindy80@example.net,North Laura,25
7216,Brett Mcdonald,millerbarbara@example.org,East Autumnville,37
3105,Julie Jones,fgarcia@example.org,Johnsonfort,33
8393,Sean Washington,vrose@example.net,Phamburgh,29
6279,Alicia Bender,pmoore@example.net,Herreraberg,37
3100,Michael Long,rreynolds@example.org,South Aaronton,19
6185,John Mora,tbennett@example.com,West Troyborough,57
3562,Lisa Cook,jared50@example.net,Lake Roberta,45
5893,Natasha Grimes,lisa65@example.com,Port Patrick,37
392,Nicole Smith,thomas16@example.org,Kurthaven,19
6737,Kimberly Smith,lwilliams@example.com,Port Paulamouth,65
5619,John Hernandez,npope@example.com,East Derrick,42
5259,Kenneth Nelson,davidlee@example.net,East Lindaside,30
9688,Deanna Phillips,kevinmiddleton@example.net,New Kyle,62
2696,Lori Escobar,kellyreeves@example.com,Charlesborough,19
2028,Jacob Rodriguez,jjones@example.com,Lake Johnchester,69
5464,Daniel Alvarez,romeroalicia@example.net,Robertberg,52
2569,Laura Vincent,xedwards@example.org,North Caitlinburgh,40
8007,John Wade,mroberson@example.com,Lake Davidstad,69
65,Jessica Sanchez,,Raymondstad,44
2063,Kenneth Davis,jacobkline@example.org,Lake Rachel,23
5277,Dr. Gabriel Newton,barnesanthony@example.com,West Omarhaven,29
7209,Matthew Lloyd,vanessaarmstrong@example.org,Josephhaven,64
8685,Bradley Cook,stacydawson@example.com,Rayfurt,65
8572,Bonnie Stevens,csmith@example.com,Lake Rebecca,27
6332,Sarah Wright,mbarton@example.net,Jonathanview,26
4860,Amber Ball,brianlarsen@example.com,East Douglasland,50
4888,Stacy Benson,nancymiller@example.net,Dennistown,66
9269,Micheal White,iwood@example.org,Wellsstad,39
879,Jenny Gonzalez,josephdelacruz@example.net,Port Nicholasport,28
8530,Kyle Mora,peterjones@example.com,East Williamview,54
7917,Angela Anderson,carolyn65@example.org,West Kevinfurt,47
6864,Rebecca Davis,marywalker@example.com,South Juan,39
7893,Angela Hughes,gibsonamanda@example.com,Lake Ralph,34
6440,Courtney Mitchell,ayalamartin@example.com,Carolynchester,40
7870,James Booker,taylordanielle@example.com,North Paulview,23
1017,Tyler Smith,nnicholson@example.org,Schmidtfurt,46
9468,Rachel Santana,lisa85@example.org,Mistyberg,34
7630,David Carroll,chenemily@example.org,West Robert,49
996,Haley Blake,hahnmelissa@example.org,East Deanna,56
4298,Angela Jenkins,lburns@example.org,Hallbury,32
162,Danielle Powell,sullivanbruce@example.net,Elizabethberg,33
5676,Trevor Rivera,ucraig@example.org,Bradleytown,33
6874,Zachary Taylor,riosashley@example.org,Ballstad,27
9693,Mrs. Paige Cunningham,alexandermark@example.org,South Sandrafurt,52
7990,Michael Alexander,qstewart@example.com,Joneschester,34
3844,Julia Ryan,diana77@example.org,East John,22
1022,Ryan Murphy,erinbailey@example.com,Port Johnside,62
3074,Aaron Wells,michelletaylor@example.org,North Kathy,25
7556,Theresa Bowman,raymelinda@example.net,South Mindy,22
3944,Lori Clayton,kennethmonroe@example.org,Lake Kathyborough,68
1586,Jeffery Stanley,ramireztammy@example.org,West Matthew,65
3153,Lori Young,powellkristin@example.net,North James,34
8227,James Ortega,ywilliams@example.com,East Kylefort,53
776,Matthew Garrison,hardinlisa@example.org,East Tracybury,41
9671,Erica Ryan,james09@example.org,East Benjaminview,24
7100,John Mullins,glewis@example.com,North Barbara,43
5487,Dr. Ashley Harris,invalid-email,Paulaland,51
6236,Peter Palmer,matthew90@example.org,Jordanton,67
9556,Judy Miller,taylormichael@example.net,Summerside,50
7042,Lisa Flores,xramirez@example.net,Rossfurt,70
2613,Dawn Anderson,qmcintosh@example.net,Charlesfurt,38
7514,Carol Thomas,shahnicholas@example.com,Hendersonfort,26
8434,Sabrina Martinez,calebwilkins@example.net,Thompsonland,25
8793,Michael Small,brivera@example.com,North Yvette,65
5394,Crystal Jones,matthew86@example.com,Johnsonland,64
8839,Victoria Mack,ysnyder@example.net,Morrisland,57
3891,Bruce Edwards,natalie90@example.net,Edwardshire,56
3557,Kyle Williams,alexandraevans@example.org,Coffeyville,66
1529,Tracey Gonzales,tanyaweaver@example.org,Cynthiaside,20
1268,Jamie Sosa,smithkelly@example.org,Mariaborough,48
7735,John Stevens,youngjose@example.net,Madisonfurt,66
1900,Sandra Jones,fordkelly@example.com,New Xavierport,59
4659,Zachary Hernandez,matthewclark@example.com,East Heathermouth,61
3006,Wendy Mckinney,finleysteven@example.net,Whiteside,32
2735,James Francis,heidi88@example.com,East David,26
190,Mindy Hoover,todd05@example.com,Dianeshire,36
9999,James Burke,frobinson@example.net,West Latashaborough,33
9168,Teresa Bird,blopez@example.com,North Kristen,21
2748,Daniel Smith,chencarlos@example.net,South Susan,49
2048,Rachel Camacho,ibass@example.org,Jennifermouth,66
7850,Cathy Lynch,vbarrett@example.com,Robinsonstad,51
2559,Nathan Molina,woodsdorothy@example.com,East Josephhaven,44
9275,Matthew Cole,jasonhall@example.net,North Adam,37
8667,Caleb Flores,iking@example.net,Montesstad,35
6397,Blake Hart,nberry@example.com,Thomasside,61
3386,Renee Fields,karen89@example.net,North Tracy,51
4556,Julia Manning,cathy62@example.net,Port Heidiberg,31
1185,James Watson,lisa37@example.net,Gibsonstad,29
6421,Amanda Summers,iscott@example.org,Villanuevaburgh,53
5052,William Morton,earlsherman@example.com,Cruzfurt,63
5312,Carmen Morton,williamshaley@example.org,South Tina,29
2434,Kevin Nelson,wcarter@example.org,Oliviafurt,47
6950,Gregory Vincent,gardnerjill@example.org,Lewisside,37
770,Jasmine White,ricerobert@example.org,North Crystalmouth,69
1686,Jennifer Peterson,yhernandez@example.com,Carrollbury,44
8323,Jennifer Fisher,brian34@example.net,West Michelleville,37
5579,Chad Wells,ocooper@example.com,North Jamie,23
4427,Kendra Lewis,benitezroy@example.org,North Michaelberg,33
467,Luis Griffith,kimberlyjohnson@example.org,East Yvonne,30
6266,Donald Shaw,blankenshipjames@example.org,Amandaview,37
5735,Victor Dillon,jswanson@example.org,Glennfort,37
5192,Daniel Taylor,vwood@example.org,South Matthew,54
5391,Paul Thompson,brandon12@example.com,West Amy,35
861,Mrs. Stephanie Jackson MD,sschultz@example.net,Christineport,37
7271,Steven Kennedy,alexandrareyes@example.net,North Petertown,27
