inventory_id,store_id,product_id,stock_quantity,reorder_level,last_restock_date,inventory_status
3483,49,996,191,71,2026-02-28,In Stock
9388,54,540,82,48,2025-11-27,In Stock
4270,98,597,158,49,2025-04-05,In Stock
9271,22,875,64,97,2026-07-31,Low Stock
18789,95,258,222,46,2024-02-24,In Stock
9659,5,763,172,61,2024-01-01,In Stock
17317,28,99,343,72,2024-01-13,In Stock
11956,43,816,232,39,2024-12-02,In Stock
14648,98,451,180,44,2026-06-17,In Stock
3475,9,928,268,17,2024-09-23,In Stock
14913,85,313,61,49,2025-11-18,In Stock
12305,32,187,427,83,2025-02-18,In Stock
10793,19,373,239,73,2024-07-14,In Stock
7536,30,603,421,20,2025-04-17,In Stock
4194,100,126,0,66,2025-11-16,Out of Stock
16601,54,441,134,34,2024-01-15,In Stock
10884,15,277,223,23,2024-10-08,In Stock
15365,57,311,358,33,2024-05-11,In Stock
9085,77,608,397,27,2024-10-24,In Stock
6092,26,779,410,12,2026-02-15,In Stock
7629,59,58,239,32,2026-08-03,In Stock
18383,30,162,320,43,2026-05-17,In Stock
6391,38,260,369,37,2024-02-10,In Stock
14904,7,861,15,88,2026-05-20,Low Stock
17737,10,449,7,45,2025-05-31,Low Stock
9061,97,823,262,51,2025-12-18,In Stock
6416,6,99,102,60,2025-12-08,In Stock
12023,5,743,450,30,2024-10-26,In Stock
15085,78,287,228,89,2025-08-21,In Stock
2639,8,882,343,73,2024-09-27,In Stock
7418,68,348,203,96,2024-12-06,In Stock
9515,39,49,435,49,2025-06-09,In Stock
6115,32,880,96,69,2024-05-30,In Stock
7592,34,813,391,88,2025-11-03,In Stock
8230,62,443,272,48,2025-10-12,In Stock
9120,42,732,257,14,2027-06-23,In Stock
19249,92,925,384,46,2025-08-25,In Stock
11789,52,156,388,100,2024-07-11,In Stock
15273,100,865,225,64,2025-12-01,In Stock
4075,64,667,417,31,2024-09-18,In Stock
12965,27,764,458,80,2026-07-03,In Stock
5195,63,409,471,43,2026-04-20,In Stock
16297,83,105,367,13,,In Stock
8249,29,397,445,25,2024-09-03,In Stock
5850,34,72,454,35,2026-03-12,In Stock
5226,60,322,31,93,2024-04-13,Low Stock
12224,1578,699,440,90,2024-01-03,In Stock
3887,27,294,113,90,2024-08-01,In Stock
4521,94,384,168,31,2024-05-17,In Stock
7179,95,963,231,88,2026-04-03,In Stock
9865,35,211,420,38,2025-04-07,In Stock
19292,39,987,43,39,2025-03-30,In Stock
8288,60,1,137,89,2024-08-23,In Stock
19790,23,923,-10,62,2024-08-17,Out of Stock
11582,3,186,175,67,2025-07-04,In Stock
16296,2,455,181,91,2024-05-20,In Stock
5043,29,603,464,61,2024-02-04,In Stock
3942,88,333,390,57,2024-02-24,In Stock
19345,3,671,489,56,2024-12-08,In Stock
3166,44,743,206,39,2024-10-10,In Stock
5145,12,74,393,89,2024-11-29,In Stock
11492,51,653,490,94,2026-02-01,In Stock
5964,71,418,194,39,2024-04-13,In Stock
8590,82,122,477,78,2025-02-21,In Stock
2268,75,339,241,46,2025-08-18,In Stock
13048,6,101,436,28,2026-07-19,In Stock
17066,4,205,126,63,2026-07-06,In Stock
6053,81,596,317,46,2026-05-13,In Stock
6979,42,340,382,34,2026-01-21,In Stock
3687,60,367,452,31,2025-09-13,In Stock
15499,73,269,252,20,2024-09-27,In Stock
13769,81,726,14,52,2024-12-30,Low Stock
10073,16,791,102,72,2024-11-23,In Stock
19968,80,771,167,56,2025-12-23,In Stock
5826,70,931,284,74,2024-03-02,In Stock
3705,14,447,26,79,2024-03-02,Low Stock
18296,74,602,186,93,2024-01-05,In Stock
17394,37,903,115,15,,In Stock
7102,87,888,335,34,,In Stock
19914,17,42,317,22,2024-04-14,In Stock
14725,37,80,149,49,2024-05-22,In Stock
3520,32,383,7,94,2024-04-27,Low Stock
15537,37,730,477,75,2025-09-07,In Stock
15791,20,975,126,71,2026-06-17,In Stock
5395,16,17,488,51,2026-11-07,In Stock
8584,61,853,331,27,2025-01-21,In Stock
10116,86,442,414,60,2024-08-08,In Stock
10388,21,608,190,79,2026-05-22,In Stock
15189,29,731,147,27,2024-12-31,In Stock
12688,43,532,205,29,2024-02-11,In Stock
7790,84,201,482,0,2024-02-18,In Stock
3972,78,67,26,37,2024-07-01,Low Stock
8207,89,51,15,68,2025-09-14,Low Stock
9424,15,134,162,100,2025-07-02,In Stock
13195,52,260,188,16,2026-03-08,In Stock
17284,52,332,450,46,2025-12-14,In Stock
14882,12,127,313,22,2024-07-04,In Stock
2459,88,613,156,15,2024-07-31,In Stock
19294,91,825,435,82,2025-03-02,In Stock
8077,65,874,458,87,2025-02-17,In Stock
8493,98,18395,213,61,2024-01-21,In Stock
9013,71,569,82,44,2024-09-22,In Stock
18507,86,445,130,76,2024-01-04,In Stock
14624,1463,13,182,96,2026-06-20,In Stock
16272,7,436,468,35,2026-07-19,In Stock
9401,32,94,338,93,2024-11-13,In Stock
13370,15,585,415,64,2025-10-10,In Stock
19623,96,815,393,98,2025-12-06,In Stock
2513,57,460,152,32,2026-07-27,In Stock
5048,96,815,479,25,2024-02-18,In Stock
15817,1466,966,225,-20,2026-03-13,In Stock
5166,15,550,-1,24,2026-07-15,Out of Stock
10501,32,549,188,99,2025-08-04,In Stock
12839,85,683,273,59,2024-11-28,In Stock
8159,16,593,303,45,2026-01-31,In Stock
17051,93,212,236,62,2024-07-21,In Stock
16086,25,82,60,44,2026-05-23,In Stock
2468,12,64,175,46,2026-06-14,In Stock
6062,86,867,432,54,2024-06-29,In Stock
1148,45,167,427,41,2024-03-27,In Stock
4326,11,120,16,22,2024-06-21,Low Stock
5631,5,561,238,90,2024-04-03,In Stock
10194,7,975,38,86,2024-08-18,Low Stock
18703,70,592,499,36,2026-06-16,In Stock
19827,56,420,32,40,2025-08-11,Low Stock
2715,92,17413,40,60,2025-05-02,Low Stock
5000,6,773,455,34,2024-06-08,In Stock
19956,38,437,90,50,2026-05-12,In Stock
4983,5,279,239,52,2024-07-08,In Stock
2725,78,875,204,22,2024-06-10,In Stock
7153,98,91,398,48,2025-02-09,In Stock
19269,8,370,471,97,2026-04-13,In Stock
5208,93,835,236,0,2024-03-27,In Stock
16832,17,84,363,36,2024-03-02,In Stock
6259,89,375,204,94,2025-06-08,In Stock
8118,10,343,192,91,2025-06-11,In Stock
5372,78,7,271,30,2026-07-28,In Stock
18641,17,990,207,18,2025-08-29,In Stock
2560,66,676,449,56,2026-07-18,In Stock
10205,89,560,375,70,2026-07-03,In Stock
7349,13,118,384,38,2024-05-20,In Stock
4848,35,296,471,-20,2025-12-07,In Stock
18706,13,715,147,90,2026-06-28,In Stock
10791,33,803,128,91,2026-02-19,In Stock
7662,92,438,328,80,2024-03-18,In Stock
10670,27,199,455,22,2026-01-16,In Stock
2389,25,704,114,69,2026-06-05,In Stock
504,52,224,163,57,2025-06-12,In Stock
3801,82,256,457,43,2026-08-06,In Stock
2190,53,202,16,71,2026-04-17,Low Stock
2982,32,918,363,46,2026-02-17,In Stock
12286,28,672,317,57,2024-08-27,In Stock
4150,18,532,262,0,,In Stock
12558,10,794,400,86,2026-06-22,In Stock
12105,66,562,-50,73,2024-03-25,Out of Stock
3636,37,905,265,58,,In Stock
12530,53,210,312,70,2025-04-23,In Stock
3711,86,608,449,37,2026-07-15,In Stock
12420,47,930,328,74,2025-05-18,In Stock
18952,30,676,12,96,2026-03-20,Low Stock
11551,66,254,-100,39,2024-08-01,Out of Stock
12217,43,366,372,17,2024-12-12,In Stock
15974,31,501,108,11,2024-11-20,In Stock
4473,72,667,360,20,2025-12-19,In Stock
12051,75,574,429,69,2024-11-23,In Stock
12106,78,602,319,16,2024-10-21,In Stock
11733,15,252,396,29,2025-08-04,In Stock
17033,11,159,471,54,2024-08-20,In Stock
10514,36,275,222,44,2025-10-04,In Stock
439,55,493,334,14,2026-04-11,In Stock
9533,63,448,104,36,2025-07-08,In Stock
5720,76,436,192,17,2024-09-03,In Stock
4227,89,372,412,32,2024-12-12,In Stock
15017,93,486,352,32,2026-07-24,In Stock
16279,44,19167,258,60,2024-04-11,In Stock
17625,97,138,354,14,2024-03-25,In Stock
5378,64,48,385,19,2025-10-31,In Stock
17440,37,954,429,57,2026-02-15,In Stock
7661,25,454,260,66,2025-09-17,In Stock
19258,92,917,305,20,2024-08-01,In Stock
16812,34,734,344,79,2025-06-28,In Stock
8214,80,307,337,29,2024-09-17,In Stock
5749,93,967,-1,34,2025-02-12,Out of Stock
10282,98,373,148,63,2026-01-20,In Stock
11579,83,535,349,65,2024-01-23,In Stock
10422,49,939,183,12,2026-02-08,In Stock
5761,78,230,435,83,2026-08-01,In Stock
1902,13,747,418,32,2024-01-09,In Stock
5358,79,406,464,67,2024-02-15,In Stock
12308,63,742,59,93,2024-09-21,Low Stock
1490,91,667,470,97,2025-06-12,In Stock
11720,36,396,160,59,2026-03-23,In Stock
13151,78,246,54,88,2025-09-10,Low Stock
9359,24,781,375,86,2026-03-27,In Stock
10353,33,863,369,25,2025-09-10,In Stock
14165,40,682,243,68,2025-01-23,In Stock
9611,31,777,87,27,2026-04-04,In Stock
15144,92,319,7,76,2024-04-03,Low Stock
5346,28,70,104,98,2024-12-06,In Stock
4266,99,329,320,78,2026-03-08,In Stock
5187,9,944,406,22,2025-10-07,In Stock
19617,66,127,29,49,2025-12-05,Low Stock
15270,97,294,145,67,2024-06-20,In Stock
10615,79,931,401,56,2026-01-12,In Stock
7709,40,2,364,28,2026-05-20,In Stock
17141,87,764,79,56,2026-05-12,In Stock
2580,65,209,132,39,2026-04-01,In Stock
5558,21,860,214,96,2026-01-05,In Stock
3726,15,299,290,83,2026-02-07,In Stock
19597,24,66,189,50,2025-08-22,In Stock
1035,39,844,229,90,2025-04-15,In Stock
981,22,693,411,48,2025-07-22,In Stock
14087,1,8,472,67,2026-06-22,In Stock
8518,59,193,335,87,2024-12-04,In Stock
1816,59,31,325,93,2024-02-10,In Stock
13554,69,270,190,99,2025-11-07,In Stock
10560,97,361,153,52,2025-10-14,In Stock
17191,11,577,59,90,2025-04-11,Low Stock
6221,79,145,282,38,2025-04-07,In Stock
6836,75,268,259,72,2024-02-08,In Stock
13823,46,829,61,49,2026-07-12,In Stock
10916,61,213,214,47,2026-08-04,In Stock
18994,61,95,426,0,2024-10-30,In Stock
5307,31,349,499,89,2024-02-26,In Stock
10954,87,728,72,13,2024-04-11,In Stock
7898,11,120,81,66,2024-08-18,In Stock
5703,66,550,129,85,2026-03-03,In Stock
12556,2,357,475,41,2024-04-21,In Stock
13445,95,2,27,64,2024-04-10,Low Stock
18043,26,390,464,30,,In Stock
209,76,80,246,58,2025-07-15,In Stock
4200,1755,276,445,74,2024-03-15,In Stock
17103,83,678,189,48,2026-03-28,In Stock
937,59,928,0,49,2024-12-01,Out of Stock
6389,24,588,1,100,2026-02-18,Low Stock
6837,32,712,234,12,2026-08-08,In Stock
120,54,463,27,99,2026-01-13,Low Stock
17811,13,103,420,50,2026-08-01,In Stock
9991,47,186,148,31,2025-03-02,In Stock
7607,30,867,-10,50,2024-03-04,Out of Stock
7291,23,674,279,70,2026-06-17,In Stock
18330,59,318,145,44,2025-05-07,In Stock
7748,13,86,399,18,2024-06-09,In Stock
12823,97,948,432,78,2025-05-28,In Stock
19002,37,622,173,85,2024-06-13,In Stock
5519,84,57,87,45,2025-12-18,In Stock
16181,12,716,256,35,2025-03-25,In Stock
8360,35,941,69,51,2025-11-24,In Stock
11730,63,476,83,23,2024-11-01,In Stock
14071,35,203,207,85,2024-01-18,In Stock
14554,63,477,25,96,2025-10-02,Low Stock
4817,58,962,295,11,2026-06-26,In Stock
4744,21,925,61,97,2026-03-22,Low Stock
7795,90,488,88,18,2026-01-14,In Stock
2142,4,162,424,58,2026-05-08,In Stock
2394,6,690,83,52,2025-01-28,In Stock
3459,29,947,408,11,2026-03-16,In Stock
18700,26,643,247,34,2024-02-16,In Stock
14676,48,710,423,73,2025-12-15,In Stock
16950,42,116,211,-5,2026-05-01,In Stock
16061,93,653,232,27,2024-06-06,In Stock
19468,14,519,339,77,2024-04-10,In Stock
10651,90,645,78,83,2025-07-04,Low Stock
12219,16,194,34,71,2024-09-26,Low Stock
19908,78,305,37,78,2026-01-09,Low Stock
4915,52,359,138,83,2024-07-23,In Stock
8414,61,229,470,86,2024-01-04,In Stock
10925,75,250,446,74,2024-06-10,In Stock
8050,99,123,497,92,2026-08-12,In Stock
14242,64,601,160,94,2025-11-15,In Stock
18106,53,798,372,20,2024-03-16,In Stock
13357,83,282,179,13,2026-04-06,In Stock
9729,27,607,250,77,2025-01-05,In Stock
19890,84,37,337,67,2025-08-25,In Stock
3617,82,933,116,51,2026-05-11,In Stock
10347,68,277,15,48,2024-09-07,Low Stock
17655,82,330,396,20,,In Stock
6530,78,104,352,74,2026-08-10,In Stock
18535,62,11946,51,67,2025-02-08,Low Stock
9836,52,962,208,17,2026-02-18,In Stock
12567,64,66,130,23,,In Stock
19095,22,240,496,56,2024-12-07,In Stock
6294,83,518,272,94,2025-10-12,In Stock
11472,80,590,356,35,2024-10-10,In Stock
13703,13,382,294,28,2026-03-04,In Stock
7667,86,223,338,51,2024-11-22,In Stock
7331,41,54,428,69,2024-03-22,In Stock
7902,65,788,150,22,2026-04-13,In Stock
8100,79,291,221,62,2024-12-28,In Stock
8586,80,122,34,93,2026-11-13,Low Stock
7145,10,394,495,49,2026-04-23,In Stock
35,3,309,251,91,2024-04-07,In Stock
7899,43,363,146,57,2026-07-17,In Stock
7201,43,930,44,57,2026-06-22,Low Stock
9925,93,293,90,97,2024-09-10,Low Stock
13371,76,409,418,56,2025-10-15,In Stock
1428,93,178,100,95,2026-04-13,In Stock
9676,27,845,461,43,2026-01-05,In Stock
11048,19,191,463,35,2026-08-12,In Stock
5287,40,228,90,18,2025-08-07,In Stock
5447,87,615,401,38,2024-12-05,In Stock
409,53,477,205,23,2025-07-12,In Stock
16067,9,785,103,68,2026-03-19,In Stock
10147,57,924,440,53,2024-11-21,In Stock
19519,92,619,193,54,2026-03-17,In Stock
6754,11,763,361,71,2026-06-21,In Stock
8132,59,799,164,20,2024-10-21,In Stock
6187,9,324,-100,81,2024-03-25,Out of Stock
10181,44,62,418,93,2024-05-06,In Stock
11681,55,502,138,66,2025-04-17,In Stock
352,83,497,38,10,2026-07-29,In Stock
13514,5,42,145,41,2024-10-10,In Stock
10366,51,915,401,88,2025-09-20,In Stock
3303,49,91,306,59,2025-09-22,In Stock
18597,16,675,381,44,2025-05-16,In Stock
5136,77,366,425,55,2025-10-24,In Stock
219,41,904,498,57,2026-03-01,In Stock
7229,97,593,278,44,2025-05-02,In Stock
2352,52,207,53,23,2024-12-02,In Stock
4016,34,235,385,23,2024-10-11,In Stock
10138,70,340,51,10,2025-02-16,In Stock
15268,58,148,212,14,2026-06-08,In Stock
19405,16,14558,2,94,2026-07-12,Low Stock
13455,79,842,497,18,2026-06-20,In Stock
4195,69,245,245,32,2025-02-28,In Stock
2782,100,595,356,80,2024-05-10,In Stock
11969,47,384,465,98,2024-03-08,In Stock
19611,81,723,165,75,2026-09-05,In Stock
6000,45,406,48,66,2026-01-29,Low Stock
1995,84,983,51,69,2025-09-01,Low Stock
5251,19,449,480,21,2024-04-13,In Stock
16687,14,136,451,75,2026-05-15,In Stock
19012,73,517,298,100,2026-05-10,In Stock
929,5,476,240,56,2026-05-23,In Stock
1511,23,475,170,58,2024-07-25,In Stock
11277,32,356,290,34,2024-06-06,In Stock
3389,47,361,284,55,2024-05-29,In Stock
8254,20,995,193,64,2024-12-03,In Stock
475,74,948,125,51,2024-07-08,In Stock
3572,83,708,230,53,2024-07-25,In Stock
14021,12,940,412,75,2024-09-01,In Stock
2790,50,918,433,44,2024-01-16,In Stock
11451,17,257,156,50,2025-04-19,In Stock
9239,29,33,412,15,2025-09-15,In Stock
14980,1,311,464,16,2024-05-19,In Stock
12148,22,315,444,82,2024-10-16,In Stock
607,54,741,305,94,2025-10-13,In Stock
18237,72,598,449,52,2025-04-14,In Stock
9407,37,164,415,77,2024-03-15,In Stock
9043,89,43,357,11,2026-05-09,In Stock
18077,13,550,300,91,2026-05-27,In Stock
14489,24,858,414,68,2024-09-10,In Stock
3063,92,326,497,96,2024-04-28,In Stock
1289,50,756,124,74,2024-05-25,In Stock
16997,7,357,429,45,2025-08-15,In Stock
7133,42,182,382,72,2026-03-20,In Stock
12086,13,612,411,57,2025-05-23,In Stock
14884,62,568,221,94,2024-02-03,In Stock
5859,72,211,69,48,2024-03-05,In Stock
18684,78,519,358,26,2025-08-12,In Stock
6179,32,553,136,80,2024-08-26,In Stock
15964,23,186,156,82,2026-01-04,In Stock
6905,42,242,0,16,2024-04-17,Out of Stock
1476,5,156,116,62,2025-11-03,In Stock
13663,75,438,479,91,2026-03-10,In Stock
12345,14,413,134,11,2024-05-04,In Stock
15456,90,922,162,41,2024-04-10,In Stock
10889,71,151,253,88,2025-01-05,In Stock
11679,35,319,152,88,2026-06-01,In Stock
9648,98,33,192,10,2024-05-30,In Stock
13252,95,837,96,14,2026-01-22,In Stock
17283,36,563,353,55,2024-03-07,In Stock
18294,40,928,314,23,2024-12-07,In Stock
12673,18,747,313,45,2025-11-20,In Stock
1806,42,55,63,11,2025-06-26,In Stock
7949,69,678,30,22,2024-12-23,In Stock
13896,94,815,135,62,2025-05-09,In Stock
2636,99,513,363,70,2027-03-07,In Stock
3942,88,333,390,57,2024-02-24,In Stock
8157,3,47,385,66,2024-02-10,In Stock
8575,52,623,472,92,2025-10-10,In Stock
4986,88,953,318,28,2024-11-17,In Stock
15993,63,32,-1,47,2025-05-15,Out of Stock
14000,96,569,99,89,2025-09-28,In Stock
3143,63,69,288,43,2025-02-19,In Stock
6742,29,236,374,19,2025-06-14,In Stock
18646,99,894,207,26,2025-05-21,In Stock
16415,53,974,488,24,2025-01-04,In Stock
18264,18,467,479,16,2024-09-07,In Stock
16047,2,60,127,28,2026-03-09,In Stock
1329,82,652,80,69,2024-05-13,In Stock
13637,57,471,487,51,2025-09-28,In Stock
14340,89,473,463,54,2024-01-18,In Stock
4937,4,807,105,48,2025-11-24,In Stock
18192,75,221,108,10,2026-06-02,In Stock
6892,89,756,141,50,2026-05-14,In Stock
13331,41,956,369,15,2024-06-01,In Stock
19005,99,862,15,55,2026-02-27,Low Stock
15341,86,971,175,36,2024-01-16,In Stock
19575,68,356,404,73,2025-07-28,In Stock
17035,37,420,365,95,2026-06-09,In Stock
8538,64,187,401,88,2024-09-30,In Stock
19763,87,995,188,95,2026-05-12,In Stock
1203,40,235,436,99,2025-10-30,In Stock
9173,74,70,144,15,2025-01-07,In Stock
4476,87,403,168,14,2025-04-05,In Stock
12440,4,719,309,33,2024-03-20,In Stock
4548,33,24,218,83,2025-04-15,In Stock
15594,1276,532,212,52,2024-07-16,In Stock
2648,44,456,112,36,2025-09-10,In Stock
19971,56,811,297,89,2025-03-27,In Stock
10376,86,218,46,46,2026-08-02,Low Stock
4446,88,502,34,58,2024-01-15,Low Stock
7797,88,56,246,45,2024-06-19,In Stock
19517,10,371,435,97,,In Stock
15415,81,587,241,26,2024-07-06,In Stock
1347,78,5,204,74,2024-02-25,In Stock
12490,76,367,246,86,2025-03-16,In Stock
17122,8,438,486,47,2024-12-17,In Stock
16814,84,195,236,88,2024-03-04,In Stock
3533,14,3,208,62,2025-01-04,In Stock
739,56,422,207,24,2024-03-28,In Stock
15147,70,253,184,55,2025-02-15,In Stock
8987,65,867,312,94,2026-01-05,In Stock
7887,99,894,362,13,2025-11-12,In Stock
386,26,475,408,81,2024-12-30,In Stock
18669,38,692,254,63,2026-07-20,In Stock
7151,35,173,268,10,2024-01-27,In Stock
11288,11,729,24,84,2024-10-30,Low Stock
5598,74,11202,471,86,2024-04-29,In Stock
2622,18,696,431,98,2025-08-19,In Stock
18545,39,581,104,77,2025-10-23,In Stock
8761,14,748,369,86,2025-09-20,In Stock
10070,71,34,361,58,2024-12-03,In Stock
11847,85,400,132,89,2026-06-27,In Stock
18582,80,684,61,67,2026-01-29,Low Stock
18796,31,642,372,50,2025-02-13,In Stock
8799,52,768,493,86,2025-02-27,In Stock
2248,19,863,417,84,2026-06-13,In Stock
5993,28,229,135,62,2025-09-29,In Stock
3722,31,270,-50,100,2024-07-24,Out of Stock
1714,22,765,445,84,2024-07-30,In Stock
16023,90,706,228,93,2025-07-12,In Stock
19587,53,825,163,37,2025-08-17,In Stock
2415,57,101,57,66,2024-10-06,Low Stock
14387,26,892,151,-20,2026-01-10,In Stock
8981,40,829,125,68,2024-10-22,In Stock
17856,62,111,431,59,2024-06-01,In Stock
3753,36,527,455,0,2026-05-25,In Stock
9230,23,631,170,78,2025-02-23,In Stock
7338,67,648,112,61,2025-03-30,In Stock
8949,8,535,37,19,2025-08-29,In Stock
13888,98,651,156,18,2025-08-14,In Stock
18123,59,186,212,41,2024-01-12,In Stock
15592,8,142,1,0,2024-03-01,In Stock
19247,53,788,264,46,2025-12-01,In Stock
9452,70,564,168,24,2027-02-21,In Stock
2009,17,926,184,28,2026-06-29,In Stock
19165,44,601,411,82,2025-02-10,In Stock
18839,67,947,221,45,2026-03-27,In Stock
11558,10,76,489,28,2024-05-27,In Stock
19753,51,618,230,34,2024-09-25,In Stock
16949,21,730,285,62,2024-01-15,In Stock
14642,97,6,344,24,2025-11-22,In Stock
11818,85,496,119,64,2026-02-08,In Stock
17599,24,126,335,13,2026-01-28,In Stock
1434,18,602,28,90,2026-01-10,Low Stock
15352,48,915,207,20,2026-04-11,In Stock
1088,23,379,439,66,2026-02-08,In Stock
10273,93,278,30,77,2025-02-10,Low Stock
15816,6,571,287,57,2024-07-11,In Stock
4610,60,938,25,50,2024-09-30,Low Stock
13577,90,295,359,11,2026-04-15,In Stock
13226,78,373,98,39,2024-09-06,In Stock
994,61,374,-10,75,2025-04-13,Out of Stock
16616,40,486,2,14,2025-06-25,Low Stock
4973,48,11,178,58,2025-01-03,In Stock
13505,9,779,236,95,2025-05-04,In Stock
18236,65,550,17,72,2024-11-09,Low Stock
3932,14,437,282,30,2024-05-20,In Stock
7428,43,551,14,80,2025-04-10,Low Stock
6271,79,56,201,90,2024-12-12,In Stock
7487,68,524,72,84,2026-05-03,Low Stock
3756,58,764,276,81,2025-03-24,In Stock
14963,62,780,57,14,2024-09-28,In Stock
7736,8,646,401,36,2026-05-07,In Stock
5021,41,833,254,91,2025-05-25,In Stock
4881,94,10,225,90,2026-07-04,In Stock
9755,79,281,230,45,2026-03-25,In Stock
4703,96,889,93,28,,In Stock
6341,22,507,219,93,2026-02-18,In Stock
14113,2,744,172,-5,2024-07-27,In Stock
19034,15,973,456,43,2025-05-27,In Stock
8876,30,576,471,13,2024-02-05,In Stock
1078,41,939,361,31,2025-05-12,In Stock
12126,29,332,460,18,2025-11-09,In Stock
12093,35,757,152,51,2025-07-13,In Stock
11379,75,538,69,33,2024-09-05,In Stock
14445,14,436,445,18,2025-10-18,In Stock
4402,63,66,485,25,2025-06-04,In Stock
18136,35,626,219,18,2024-01-28,In Stock
19943,74,643,131,86,2025-04-29,In Stock
5161,93,192,204,82,2026-05-17,In Stock
6751,93,422,256,61,2025-04-16,In Stock
18558,10,135,297,71,2025-09-26,In Stock
16919,4,600,130,100,2025-08-16,In Stock
17026,40,202,205,43,2024-04-04,In Stock
11074,25,799,316,61,2025-04-18,In Stock
6347,59,688,287,44,2024-01-01,In Stock
16931,39,592,413,61,2024-12-02,In Stock
2517,56,922,34,81,2024-01-03,Low Stock
7862,94,994,49,44,2024-09-21,In Stock
14304,91,555,472,77,2025-11-14,In Stock
16820,41,810,394,65,2024-10-01,In Stock
9503,30,402,378,95,2025-04-22,In Stock
17881,91,983,376,25,2025-12-19,In Stock
1581,43,642,49,47,2024-08-31,In Stock
7933,18,563,124,17,2024-04-22,In Stock
3795,91,212,161,35,2025-09-14,In Stock
14458,13,846,244,51,2026-07-23,In Stock
2085,60,278,26,76,2024-03-30,Low Stock
10672,1548,928,369,96,2026-10-08,In Stock
3223,95,184,206,45,2024-03-23,In Stock
1963,83,649,121,16,2026-04-30,In Stock
13764,16,905,-10,73,2025-02-13,Out of Stock
13304,53,808,473,34,2024-03-22,In Stock
5755,64,158,428,0,2024-06-09,In Stock
6671,18,196,378,-20,2025-10-10,In Stock
9145,24,212,434,94,2026-04-11,In Stock
2116,89,335,456,18,2025-08-16,In Stock
18524,71,848,142,31,2024-12-01,In Stock
9005,90,35,46,65,2025-10-22,Low Stock
5338,81,14,192,99,2025-05-22,In Stock
15971,32,949,460,18,2024-10-27,In Stock
6688,23,141,408,76,2025-11-24,In Stock
5118,23,116,314,93,2024-05-05,In Stock
14792,95,790,68,24,2025-12-29,In Stock
5218,13,464,279,13,2024-10-31,In Stock
2880,77,322,391,29,2025-11-02,In Stock
5060,82,872,275,32,2025-07-03,In Stock
3526,50,2,269,35,2026-02-24,In Stock
14361,90,932,453,47,2024-07-22,In Stock
11296,32,782,242,67,2025-05-15,In Stock
11649,37,35,385,12,2024-03-24,In Stock
2362,21,672,263,99,2026-06-29,In Stock
2172,50,101,234,32,2024-09-02,In Stock
6867,31,852,65,21,2025-01-21,In Stock
8827,53,119,443,15,2026-05-21,In Stock
7887,99,894,362,13,2025-11-12,In Stock
4038,18,316,284,20,2025-12-08,In Stock
1228,6,746,324,60,2025-09-01,In Stock
3227,81,789,443,38,2025-12-07,In Stock
6243,32,274,472,45,2025-03-20,In Stock
11657,20,804,280,58,2024-07-05,In Stock
13593,16,379,491,87,2025-01-29,In Stock
9791,93,905,-10,100,2026-01-19,Out of Stock
5551,69,991,13,74,2026-08-01,Low Stock
11099,94,654,334,56,2025-03-17,In Stock
13954,36,606,-1,64,2024-12-08,Out of Stock
18586,76,229,402,29,2025-08-01,In Stock
14371,17,877,490,75,2025-02-16,In Stock
6873,33,82,101,69,2024-03-10,In Stock
8566,51,391,450,79,2024-09-12,In Stock
12517,46,609,183,94,2024-03-22,In Stock
16562,78,189,429,58,2024-09-15,In Stock
6088,69,681,218,44,2024-12-02,In Stock
3580,82,743,293,100,2025-07-17,In Stock
17181,85,970,436,40,2026-07-20,In Stock
134,98,580,362,27,2025-05-22,In Stock
9913,83,748,446,19,2025-04-19,In Stock
3948,63,234,386,99,2025-05-05,In Stock
6071,76,282,415,47,2024-03-08,In Stock
19463,83,651,475,38,2025-09-09,In Stock
14766,2,265,374,55,2026-01-08,In Stock
3616,20,855,286,16,2026-04-23,In Stock
14118,30,264,260,13,2026-01-01,In Stock
3571,24,611,479,92,2024-11-19,In Stock
17380,99,933,148,69,2026-04-04,In Stock
6724,45,613,149,91,2025-03-07,In Stock
4820,91,252,378,89,2024-03-01,In Stock
13087,1563,232,336,97,2025-02-08,In Stock
13212,93,602,170,88,2024-11-09,In Stock
19274,42,181,387,96,2024-05-27,In Stock
12869,7,640,232,63,2026-05-24,In Stock
7576,19,704,342,-5,2025-12-01,In Stock
2938,11,960,292,17,2026-07-10,In Stock
6474,41,103,266,25,2025-06-18,In Stock
14788,83,418,233,15,2024-01-30,In Stock
452,99,55,98,15,2025-05-04,In Stock
16748,34,103,148,95,2024-08-28,In Stock
15256,1769,11963,262,72,2025-11-02,In Stock
3126,34,728,308,15,2025-04-18,In Stock
2421,82,418,255,22,2024-12-29,In Stock
14828,52,167,375,74,2024-06-09,In Stock
18244,19,447,293,92,2024-02-12,In Stock
15779,78,853,134,35,2026-05-25,In Stock
13119,31,476,69,47,2024-12-02,In Stock
14138,73,428,245,27,2025-08-15,In Stock
4510,40,74,99,47,2025-05-11,In Stock
6253,8,894,167,50,2025-04-13,In Stock
2203,65,685,201,63,2026-09-07,In Stock
13383,47,730,261,43,2026-02-23,In Stock
13710,14,850,119,26,2025-08-07,In Stock
1183,41,713,175,48,2024-07-31,In Stock
1528,19,136,159,56,2025-09-22,In Stock
9417,93,663,214,15,2025-01-22,In Stock
3923,6,367,292,40,2025-03-15,In Stock
19419,10,711,331,44,2024-07-14,In Stock
14496,70,613,60,37,2024-05-02,In Stock
11141,3,831,400,44,2024-08-28,In Stock
4626,18,664,21,18,2025-08-13,In Stock
5865,97,132,322,61,2024-05-29,In Stock
3822,3,493,69,38,2026-02-10,In Stock
4102,35,152,91,64,2024-12-10,In Stock
2642,15,85,10,77,2025-06-22,Low Stock
15019,77,108,257,90,2024-10-20,In Stock
13701,66,155,283,90,2026-03-21,In Stock
867,9,787,335,27,2024-08-04,In Stock
5571,36,865,143,66,2024-05-23,In Stock
10740,14,325,418,22,2024-12-07,In Stock
1053,42,514,341,47,2024-07-01,In Stock
1454,39,218,472,36,2026-01-06,In Stock
5454,2,204,458,75,2025-05-11,In Stock
972,100,322,250,42,2024-12-02,In Stock
19710,37,723,468,35,2024-10-02,In Stock
4339,77,534,261,94,2026-02-16,In Stock
12347,95,96,383,17,2025-12-07,In Stock
18319,100,504,384,12,2026-06-24,In Stock
7094,18,7,34,93,2024-06-13,Low Stock
6495,77,176,270,10,2024-02-17,In Stock
19016,52,422,216,34,2024-05-31,In Stock
3231,64,829,394,19,2024-07-31,In Stock
7989,21,356,73,96,2025-10-15,Low Stock
448,56,897,389,16,2024-06-12,In Stock
13928,55,498,52,41,2024-01-20,In Stock
15872,59,434,80,10,2025-02-12,In Stock
9377,79,234,138,97,,In Stock
11525,38,852,499,53,2025-01-11,In Stock
5944,65,91,495,19,2025-02-15,In Stock
14381,93,594,465,73,2026-05-30,In Stock
6603,58,935,488,42,2024-07-18,In Stock
1730,67,248,99,65,2025-10-18,In Stock
5827,21,358,379,17,2025-01-21,In Stock
13647,6,686,256,81,2024-12-10,In Stock
181,4,900,89,79,2026-02-01,In Stock
19207,45,60,415,44,2025-12-28,In Stock
5906,32,830,141,56,2024-09-12,In Stock
5216,9,609,-100,80,2026-03-22,Out of Stock
252,55,58,316,20,2025-12-24,In Stock
17863,86,171,427,74,2024-10-12,In Stock
15956,95,730,118,67,,In Stock
10495,14,238,308,91,2026-06-22,In Stock
6558,29,46,303,30,2025-09-15,In Stock
2175,82,151,257,96,2026-02-14,In Stock
7223,13,661,97,84,2024-08-20,In Stock
1351,90,578,211,41,2024-12-24,In Stock
6869,8,95,77,98,2025-11-21,Low Stock
804,59,228,383,13,2025-12-27,In Stock
14147,68,728,296,83,2024-05-14,In Stock
15096,33,366,100,95,2026-03-21,In Stock
18702,61,309,6,26,2024-03-03,Low Stock
4449,1,905,73,57,2025-07-22,In Stock
8300,13,2,251,73,2024-12-10,In Stock
16955,31,567,447,40,2025-03-01,In Stock
15328,78,169,119,19,2025-05-20,In Stock
3144,73,589,-50,52,2024-09-02,Out of Stock
1979,34,946,24,62,2026-06-06,Low Stock
6310,93,610,324,57,2025-12-29,In Stock
1633,50,665,428,42,2024-08-23,In Stock
17931,65,790,105,31,2024-04-30,In Stock
7782,40,913,62,81,2024-06-10,Low Stock
6287,91,309,441,24,2024-07-17,In Stock
16187,86,10,437,68,2026-02-04,In Stock
5469,10,376,64,47,2025-03-28,In Stock
19805,37,477,364,49,2026-01-23,In Stock
8404,79,881,285,44,2024-05-17,In Stock
15764,30,48,76,26,2024-02-09,In Stock
4780,56,203,457,26,2024-12-28,In Stock
18061,30,527,70,63,2025-06-30,In Stock
1007,10,863,277,69,2024-08-10,In Stock
10276,70,7,244,16,2025-02-12,In Stock
11751,60,216,347,63,2024-09-16,In Stock
13533,1074,763,23,24,2025-09-15,Low Stock
3278,53,593,5,72,2024-01-01,Low Stock
11248,67,369,172,14,2025-04-06,In Stock
8044,67,442,485,97,2026-03-11,In Stock
10262,28,388,363,43,2024-07-20,In Stock
829,63,464,379,70,2025-01-08,In Stock
857,33,393,0,13,2024-07-23,Out of Stock
17633,72,440,3,88,2025-12-11,Low Stock
11380,67,699,329,28,2026-05-29,In Stock
10017,81,989,336,60,2025-08-01,In Stock
5217,67,366,278,95,2024-04-03,In Stock
17764,67,703,379,58,2025-10-31,In Stock
9243,77,320,378,31,2025-05-05,In Stock
2886,40,539,233,98,2026-09-01,In Stock
9348,35,119,457,28,2024-09-05,In Stock
3770,78,519,362,98,2024-08-25,In Stock
8601,83,625,70,40,2024-09-27,In Stock
2481,92,18709,480,80,2026-06-18,In Stock
14175,78,212,269,11,2026-08-05,In Stock
8545,43,366,458,81,2024-12-02,In Stock
4389,56,669,276,31,2024-10-09,In Stock
14874,75,994,70,53,2026-04-18,In Stock
16801,67,530,415,94,2026-08-07,In Stock
14965,56,614,42,35,2025-08-07,In Stock
6696,54,261,460,-20,2024-02-24,In Stock
1605,64,867,374,95,2025-11-16,In Stock
17214,54,493,470,40,2026-01-03,In Stock
19906,92,153,40,63,2025-04-14,Low Stock
12522,77,693,278,100,2025-10-18,In Stock
11828,11,61,325,85,2024-03-15,In Stock
10052,93,693,294,77,2026-02-02,In Stock
6673,8,484,228,0,2026-03-26,In Stock
15772,63,774,21,40,2025-08-28,Low Stock
14014,54,213,320,47,2025-05-02,In Stock
19671,10,849,158,80,2026-02-08,In Stock
8272,62,567,199,13,2024-09-05,In Stock
813,62,842,416,89,2026-03-26,In Stock
13771,13,765,243,17,2024-10-31,In Stock
2555,79,7,260,32,2024-08-20,In Stock
2154,53,564,71,70,2025-02-08,In Stock
7529,14,666,258,85,2024-06-02,In Stock
1693,49,74,178,63,2024-12-01,In Stock
19679,89,995,458,65,2025-02-03,In Stock
15860,3,482,301,62,2026-07-02,In Stock
13031,10,827,424,87,2026-05-19,In Stock
15422,49,389,236,56,2025-01-28,In Stock
16218,47,201,108,44,2024-06-03,In Stock
6563,49,462,216,75,2026-08-08,In Stock
6077,1,238,404,42,2024-06-10,In Stock
14660,5,625,439,80,2025-05-03,In Stock
7431,89,71,102,36,2024-02-07,In Stock
6068,90,146,457,61,2024-02-11,In Stock
6076,50,980,351,42,2024-07-04,In Stock
3700,33,134,293,88,2025-08-19,In Stock
15616,80,934,28,49,2026-02-27,Low Stock
3074,47,977,422,100,2024-03-09,In Stock
12644,3,50,318,72,2027-02-10,In Stock
17292,1,293,359,93,2024-02-26,In Stock
7918,39,362,276,99,2025-06-17,In Stock
1457,91,205,120,88,2024-03-31,In Stock
1164,5,497,166,36,2026-06-18,In Stock
323,43,761,312,85,2025-03-29,In Stock
18645,23,342,116,26,2025-05-02,In Stock
15761,20,156,411,21,2025-09-13,In Stock
384,2,827,45,70,2025-03-28,Low Stock
1573,35,909,262,56,2024-08-08,In Stock
5981,76,219,298,42,2025-02-16,In Stock
2316,15,611,367,51,2026-05-07,In Stock
13539,58,837,390,67,2025-02-01,In Stock
5548,88,139,171,85,2025-09-24,In Stock
5479,48,332,282,68,2024-08-18,In Stock
4149,93,31,417,96,2025-05-24,In Stock
3208,54,426,55,28,2025-01-30,In Stock
2393,58,438,403,32,2024-11-17,In Stock
7556,83,787,386,86,2024-04-23,In Stock
14294,94,839,306,19,2026-04-19,In Stock
2795,15,416,98,64,2024-12-26,In Stock
19569,83,765,500,51,2025-08-24,In Stock
16001,61,287,189,41,,In Stock
5377,12,266,295,47,2025-10-06,In Stock
3353,64,268,41,59,2024-11-13,Low Stock
18531,17,240,385,39,2024-01-18,In Stock
16100,8,699,73,-20,2025-03-23,In Stock
12553,63,146,388,74,2024-11-14,In Stock
1600,52,408,416,79,2024-07-03,In Stock
4843,73,529,277,64,2024-07-11,In Stock
6691,91,917,279,43,2025-02-24,In Stock
9854,62,433,80,88,2024-04-19,Low Stock
14561,16,636,279,24,2024-05-20,In Stock
9051,42,163,386,92,2024-06-24,In Stock
8417,93,780,255,77,2025-11-13,In Stock
16290,72,788,301,13,2024-09-24,In Stock
11171,57,750,19,-20,2025-10-19,In Stock
3669,4,513,16,91,2024-06-11,Low Stock
17481,39,754,345,15,2024-12-13,In Stock
9752,89,229,408,82,2025-10-17,In Stock
7030,45,276,367,76,2024-07-07,In Stock
17526,20,28,69,96,2025-06-10,Low Stock
5107,79,131,291,59,2026-03-22,In Stock
7262,38,669,77,81,2025-05-01,Low Stock
1078,41,939,361,31,2025-05-12,In Stock
2606,48,719,132,51,2025-12-16,In Stock
5351,50,265,475,67,2025-06-02,In Stock
13765,51,154,5,24,2024-03-13,Low Stock
15975,41,701,297,80,2025-09-11,In Stock
4439,36,624,81,18,2024-11-26,In Stock
2409,93,666,402,45,2026-05-01,In Stock
6276,89,36,415,64,2024-10-21,In Stock
16050,26,124,411,45,2024-06-05,In Stock
13645,95,312,228,58,2024-10-25,In Stock
12336,84,176,499,41,2025-11-28,In Stock
10291,61,417,173,53,2025-09-25,In Stock
3653,52,76,284,89,2024-07-10,In Stock
17238,94,867,153,32,2025-10-16,In Stock
9595,35,927,173,31,2024-02-13,In Stock
3012,97,539,134,86,2025-01-05,In Stock
7086,57,779,491,47,2026-02-24,In Stock
4528,82,458,251,86,2024-04-19,In Stock
19862,85,130,321,88,2024-08-12,In Stock
16643,16,708,69,14,2025-07-26,In Stock
2449,35,7,475,58,2025-12-25,In Stock
10429,97,814,365,59,2026-05-08,In Stock
11845,87,813,217,-20,2025-10-17,In Stock
5459,45,377,132,99,2026-04-17,In Stock
5743,10,145,127,16,2026-04-21,In Stock
13801,69,952,333,100,2024-08-23,In Stock
19660,2,698,151,77,,In Stock
9164,47,286,147,25,2026-05-31,In Stock
18834,78,435,460,87,2025-11-27,In Stock
15747,96,991,207,76,2025-10-05,In Stock
18398,58,116,247,95,2024-08-06,In Stock
2579,73,566,217,32,2024-06-17,In Stock
15630,93,665,354,77,2024-09-04,In Stock
3335,48,796,489,96,2024-10-20,In Stock
16465,18,596,31,22,2026-02-10,In Stock
4597,67,768,241,69,2024-08-11,In Stock
14620,48,152,63,25,2024-05-12,In Stock
10810,67,272,200,57,2025-06-30,In Stock
14285,73,635,147,89,2024-03-09,In Stock
14846,65,884,457,37,2025-09-01,In Stock
721,96,783,253,16,2025-06-15,In Stock
6163,33,256,288,77,2026-05-25,In Stock
3257,29,488,370,-5,2024-09-16,In Stock
6445,41,522,255,37,2025-04-14,In Stock
14851,16,615,496,77,2025-08-16,In Stock
8952,27,470,167,47,2024-05-13,In Stock
9771,60,171,133,46,2025-12-02,In Stock
2381,63,167,93,82,2025-12-12,In Stock
8806,71,375,162,96,2025-10-11,In Stock
13178,60,427,327,45,2024-11-19,In Stock
7067,47,312,113,54,2024-03-24,In Stock
4581,76,779,28,18,2026-02-18,In Stock
17244,30,544,155,68,2024-12-09,In Stock
14380,6,83,93,89,2024-02-25,In Stock
327,57,439,481,65,2024-01-30,In Stock
12900,50,958,372,35,2025-02-28,In Stock
10735,7,419,240,23,2025-12-10,In Stock
5628,15,86,474,88,2025-06-10,In Stock
15919,25,263,79,54,2024-02-03,In Stock
9052,65,137,203,63,2026-06-08,In Stock
1098,9,577,247,67,2025-01-25,In Stock
8675,73,637,466,39,2025-09-27,In Stock
11483,11,829,371,30,2025-08-13,In Stock
14816,67,224,124,72,2025-10-16,In Stock
8542,84,213,267,49,2026-07-20,In Stock
1863,44,89,184,86,2026-04-13,In Stock
12037,61,747,185,73,2024-07-30,In Stock
12239,36,95,294,37,2025-05-15,In Stock
15312,69,60,312,68,2025-08-15,In Stock
9963,82,904,50,65,2024-10-26,Low Stock
16947,60,532,53,77,2025-05-26,Low Stock
10980,11,1000,69,90,2026-01-31,Low Stock
8958,97,824,258,87,2025-08-15,In Stock
17784,12,920,314,15,2024-08-19,In Stock
13730,61,875,224,29,2024-11-08,In Stock
6014,92,214,-100,78,2025-02-02,Out of Stock
3704,43,76,325,13,2025-04-23,In Stock
13349,27,75,169,78,2024-01-17,In Stock
2278,42,402,414,56,2024-02-11,In Stock
8145,67,148,107,30,2025-03-01,In Stock
32,61,917,7,59,2025-12-22,Low Stock
8263,94,739,153,97,2024-04-09,In Stock
14159,84,280,120,88,2025-12-08,In Stock
5715,29,590,387,45,2024-09-15,In Stock
10357,23,437,110,44,2026-01-13,In Stock
8183,44,981,497,63,2026-07-22,In Stock
1711,64,249,257,89,2024-06-18,In Stock
8162,66,369,73,29,2026-01-22,In Stock
12622,47,81,478,68,2025-01-24,In Stock
1028,51,178,417,46,2025-06-02,In Stock
11013,15,131,78,15,2025-09-24,In Stock
13614,88,985,237,27,2024-12-15,In Stock
3324,31,52,9,32,2024-03-03,Low Stock
4978,57,49,130,93,2025-02-18,In Stock
14148,19,302,47,78,2024-10-07,Low Stock
8507,6,965,414,85,2024-07-04,In Stock
10936,50,580,63,17,2025-07-09,In Stock
1555,2,426,308,75,2025-07-27,In Stock
15012,74,757,296,41,2025-11-09,In Stock
3610,13,126,128,37,2025-05-15,In Stock
128,1,777,43,42,2026-01-01,In Stock
10036,96,578,100,86,2024-08-23,In Stock
9410,31,914,156,99,2027-06-18,In Stock
12514,60,796,325,34,2025-03-21,In Stock
10792,100,208,7,21,2025-07-18,Low Stock
8475,16,293,351,92,2025-10-10,In Stock
1298,69,976,486,10,2025-10-05,In Stock
9499,6,804,360,68,2024-08-10,In Stock
8654,50,648,-1,48,2025-01-12,Out of Stock
14433,100,65,426,11,2026-04-23,In Stock
18838,15,341,119,59,2025-09-07,In Stock
11769,1,37,262,77,2025-04-30,In Stock
17753,78,440,89,87,2026-04-20,In Stock
2200,50,891,480,27,2026-02-25,In Stock
3670,85,15,486,18,2024-10-10,In Stock
12302,79,398,75,70,2025-01-05,In Stock
248,17,528,272,95,2026-07-13,In Stock
1202,53,230,435,81,2025-01-05,In Stock
16353,80,621,435,53,2024-04-18,In Stock
9751,59,975,91,14,2025-11-04,In Stock
17665,14,770,309,87,2025-12-03,In Stock
6594,18,740,18,29,2025-06-15,Low Stock
10837,43,254,313,35,,In Stock
9967,16,966,10,71,2024-06-19,Low Stock
2113,89,971,60,48,2026-04-16,In Stock
10962,57,370,19,88,2025-06-17,Low Stock
11633,73,341,319,67,2025-10-01,In Stock
17777,43,334,159,56,2024-02-05,In Stock
16783,68,193,218,11,2025-10-22,In Stock
12883,90,930,456,58,2024-12-31,In Stock
13529,67,62,237,97,2024-05-22,In Stock
7921,94,575,287,75,2024-08-11,In Stock
2266,15,511,195,80,2024-08-24,In Stock
14338,70,983,331,35,2024-07-21,In Stock
6211,56,149,202,73,2025-03-29,In Stock
19835,79,409,62,98,2026-06-22,Low Stock
15002,8,703,337,62,2024-02-09,In Stock
19014,50,624,96,61,2026-02-08,In Stock
4981,69,626,374,100,2025-02-16,In Stock
15871,82,345,442,72,2024-07-14,In Stock
1607,71,966,447,72,2026-01-04,In Stock
719,49,528,465,35,2025-04-24,In Stock
18359,43,636,137,44,2024-09-03,In Stock
8366,68,30,153,24,2024-11-14,In Stock
18021,87,739,11,55,2026-01-14,Low Stock
9567,92,798,325,45,2024-10-16,In Stock
5108,68,817,494,61,2024-12-06,In Stock
15804,10,587,358,21,2024-12-02,In Stock
9797,26,277,334,12,2025-01-15,In Stock
6473,24,574,416,36,2025-08-24,In Stock
13131,92,439,261,85,2025-12-04,In Stock
5848,82,217,131,0,2025-08-09,In Stock
8826,93,960,251,11,2025-06-04,In Stock
13755,82,844,89,19,2024-05-24,In Stock
1338,49,475,459,33,2024-10-06,In Stock
6735,72,804,169,41,2024-11-07,In Stock
13814,30,239,33,100,2026-06-29,Low Stock
3523,76,833,498,67,2026-08-03,In Stock
18950,74,839,29,70,2025-04-01,Low Stock
19178,7,197,168,22,2024-09-17,In Stock
12274,76,792,363,-5,2025-02-27,In Stock
14678,23,106,109,78,2025-09-28,In Stock
4154,100,16759,166,10,2026-05-07,In Stock
12258,82,203,254,76,2025-11-26,In Stock
4442,44,144,306,53,2025-05-13,In Stock
18128,96,590,183,82,2024-01-31,In Stock
2313,37,885,254,22,2026-08-06,In Stock
18353,39,9,379,62,2025-10-06,In Stock
12982,63,532,410,61,2026-01-19,In Stock
3473,1528,913,-1,31,2024-06-14,Out of Stock
8142,31,259,92,0,2025-02-08,In Stock
11873,7,864,146,30,2025-10-20,In Stock
961,74,575,297,34,2024-12-31,In Stock
8740,48,256,344,88,2026-07-01,In Stock
9758,59,569,164,54,2024-06-06,In Stock
6694,98,767,249,32,2024-01-10,In Stock
3927,6,240,266,98,2024-10-04,In Stock
10039,78,458,122,17,2025-04-04,In Stock
116,46,951,438,31,2026-06-01,In Stock
16846,55,184,312,69,2026-05-31,In Stock
6498,75,715,432,77,2025-02-11,In Stock
14101,27,480,344,76,2025-08-28,In Stock
16189,77,30,213,49,2025-04-23,In Stock
10500,62,190,452,14,2026-01-09,In Stock
19814,38,757,145,29,2025-04-30,In Stock
13156,34,983,349,85,2025-08-14,In Stock
10839,81,4,64,80,2026-05-10,Low Stock
7278,36,482,282,11,2025-01-14,In Stock
13797,65,672,-100,34,2024-03-30,Out of Stock
485,77,480,197,19,2024-02-23,In Stock
14442,32,485,437,79,2025-05-02,In Stock
3311,28,780,416,29,2025-09-10,In Stock
12366,28,988,408,46,2025-05-25,In Stock
16090,90,640,113,99,2024-04-06,In Stock
7835,7,854,143,46,2025-09-29,In Stock
15129,92,517,410,47,2024-05-21,In Stock
7342,58,105,484,89,2026-03-21,In Stock
14363,99,784,459,92,2025-07-03,In Stock
8080,81,589,60,67,2024-12-06,Low Stock
2406,23,776,366,11,2025-06-15,In Stock
15529,10,993,369,63,2025-10-22,In Stock
12288,24,631,56,16,2025-08-29,In Stock
10770,5,679,425,55,2026-02-21,In Stock
10270,58,224,446,61,2025-03-08,In Stock
1769,11,393,59,67,2025-11-28,Low Stock
10430,93,568,344,40,2024-03-04,In Stock
13994,42,362,354,24,,In Stock
342,54,394,80,35,2025-12-30,In Stock
2753,15,551,281,23,2025-02-08,In Stock
19021,98,287,364,63,2026-05-09,In Stock
11991,89,250,43,64,2024-01-02,Low Stock
19991,26,975,138,87,2025-05-22,In Stock
13692,6,752,49,81,2024-08-22,Low Stock
314,35,707,161,42,2025-09-03,In Stock
15866,8,749,121,89,2024-08-22,In Stock
10490,35,560,461,94,2024-06-29,In Stock
15739,62,18,316,13,2024-08-08,In Stock
3001,26,750,279,60,2024-12-20,In Stock
13723,27,888,75,78,2025-04-25,Low Stock
13419,10,348,359,79,2024-06-27,In Stock
16119,84,914,350,57,2026-08-02,In Stock
12142,33,913,411,94,,In Stock
7443,91,225,492,25,2024-12-14,In Stock
9689,65,36,46,49,2025-09-22,Low Stock
410,61,503,28,-20,2025-06-29,In Stock
8859,36,649,246,80,2024-11-27,In Stock
9454,34,111,128,33,2025-02-05,In Stock
4673,39,144,363,80,2024-06-12,In Stock
12015,9,396,292,28,2024-01-07,In Stock
13341,35,389,491,71,2025-10-04,In Stock
18373,96,920,419,40,2024-08-11,In Stock
5001,4,689,-100,10,2026-07-12,Out of Stock
16320,96,801,54,100,2025-01-19,Low Stock
16835,29,434,408,49,2025-02-26,In Stock
15559,4,958,27,18,2024-09-29,In Stock
4823,50,987,270,34,2024-02-04,In Stock
5863,49,718,36,21,2025-01-13,In Stock
13291,20,526,195,84,2025-08-01,In Stock
6139,97,272,401,37,2025-10-12,In Stock
8486,61,379,488,-5,2024-07-13,In Stock
7432,45,437,117,69,2024-11-13,In Stock
11308,23,29,171,11,2025-12-01,In Stock
10335,15,862,440,12,2026-07-06,In Stock
18864,73,212,19,22,2025-11-01,Low Stock
19796,21,917,468,89,2026-07-12,In Stock
3416,72,183,471,93,2025-07-15,In Stock
14122,66,812,461,19,2025-12-31,In Stock
8680,67,932,267,56,2025-11-30,In Stock
1273,30,990,419,69,2025-11-29,In Stock
12164,21,718,365,31,2026-07-18,In Stock
17432,4,108,77,79,2025-02-07,Low Stock
1536,80,833,411,61,2024-11-07,In Stock
15302,66,957,128,94,2024-07-19,In Stock
17269,5,125,407,49,2024-04-16,In Stock
4904,97,515,230,56,2026-08-12,In Stock
2091,88,495,51,68,2024-04-27,Low Stock
9247,21,331,168,66,2024-10-20,In Stock
14262,59,277,199,-5,2025-12-15,In Stock
14281,1,477,-50,95,2026-07-13,Out of Stock
2857,50,146,405,78,2025-05-26,In Stock
15468,99,444,223,99,2026-06-28,In Stock
4565,66,154,376,23,2024-06-03,In Stock
4340,75,266,289,17,2027-06-26,In Stock
11148,64,518,475,77,2025-08-23,In Stock
13044,1,16982,19,18,2024-02-15,In Stock
12500,54,584,361,83,2024-04-03,In Stock
17814,51,788,92,94,2026-07-17,Low Stock
3387,43,244,161,82,2024-01-26,In Stock
3351,68,17271,180,15,2026-06-16,In Stock
7511,59,462,307,85,2024-12-28,In Stock
18951,24,633,71,31,2026-06-05,In Stock
1403,75,21,160,76,2025-06-11,In Stock
16509,100,956,133,22,2025-10-04,In Stock
15598,11,323,443,51,2025-04-10,In Stock
16008,53,351,401,33,2024-12-31,In Stock
2504,76,651,149,34,2024-10-23,In Stock
17142,37,182,350,50,2024-02-19,In Stock
6528,20,185,408,43,2025-08-17,In Stock
8723,50,882,19,12,2024-11-01,In Stock
18615,59,329,381,61,2024-02-16,In Stock
16521,2,636,407,18,2026-03-07,In Stock
7721,94,845,115,22,2025-07-19,In Stock
8285,30,200,4,14,2024-03-01,Low Stock
3434,26,921,239,57,2026-03-27,In Stock
13767,14,991,124,26,2026-07-31,In Stock
2004,98,645,449,23,2026-05-21,In Stock
7649,11,482,337,34,,In Stock
5116,34,542,298,84,2025-03-01,In Stock
5438,83,553,55,81,,Low Stock
16605,89,974,304,83,2025-08-25,In Stock
4630,44,831,55,58,2026-07-12,Low Stock
16437,23,534,50,70,2026-03-26,Low Stock
266,90,40,254,18,2024-09-27,In Stock
7692,38,221,457,-20,2024-07-31,In Stock
9802,15,117,488,12,2026-04-19,In Stock
2713,33,927,39,39,2025-11-22,Low Stock
19032,28,148,241,19,2025-12-17,In Stock
14354,97,973,426,71,2026-07-28,In Stock
1535,91,453,295,59,2025-10-29,In Stock
18302,2,977,200,44,2024-10-23,In Stock
14069,36,508,129,18,2026-06-24,In Stock
12832,69,522,376,97,2024-07-29,In Stock
4070,97,653,56,65,2026-10-04,Low Stock
12085,35,77,472,35,2025-12-08,In Stock
2335,42,287,317,72,2025-10-27,In Stock
4485,17,186,233,94,2024-09-10,In Stock
13543,26,479,196,-5,2025-05-29,In Stock
18023,71,168,477,42,2024-09-27,In Stock
14732,57,900,236,46,2024-03-11,In Stock
8613,77,233,28,99,2025-12-18,Low Stock
9015,36,247,392,43,2026-02-02,In Stock
696,81,414,5,96,2025-05-07,Low Stock
18559,40,844,378,20,2025-08-01,In Stock
19248,88,20,466,18,2025-12-10,In Stock
2685,78,881,83,-20,2026-02-16,In Stock
14813,77,760,159,48,2026-05-24,In Stock
1291,83,439,424,57,2024-11-23,In Stock
12632,65,91,46,15,2024-06-13,In Stock
10877,34,180,260,21,2026-06-25,In Stock
10300,94,846,328,46,2024-08-16,In Stock
9383,88,680,303,54,2026-07-17,In Stock
12496,9,98,230,92,2025-01-10,In Stock
10034,10,608,367,81,2025-05-13,In Stock
17436,59,83,438,85,,In Stock
2969,63,465,137,41,2026-01-08,In Stock
10255,86,86,103,35,2025-05-03,In Stock
18196,6,43,227,42,2025-07-01,In Stock
5866,15,399,-1,60,2024-12-30,Out of Stock
140,55,747,158,46,2025-02-15,In Stock
19314,78,714,229,67,2025-10-22,In Stock
9394,54,208,477,32,2025-01-23,In Stock
8479,20,367,248,59,2024-03-31,In Stock
7890,25,791,426,56,2026-01-18,In Stock
19866,89,943,128,15,2024-12-24,In Stock
3377,58,637,36,66,2025-10-27,Low Stock
18656,67,882,358,39,2025-01-29,In Stock
2894,68,998,359,67,2024-06-10,In Stock
6518,12,898,197,27,2024-10-24,In Stock
7200,100,14716,454,94,2025-08-01,In Stock
9626,99,288,13,43,,Low Stock
19529,60,925,146,33,2024-09-14,In Stock
14924,1489,415,351,11,2025-01-07,In Stock
8638,47,643,162,95,2025-06-23,In Stock
12897,40,5,61,84,2026-04-30,Low Stock
19981,51,665,184,54,2026-03-31,In Stock
13283,38,811,342,81,2025-01-01,In Stock
10843,27,948,97,70,2025-04-02,In Stock
17161,5,57,243,30,2024-07-21,In Stock
11809,27,765,472,70,2025-05-25,In Stock
2699,72,838,158,67,2025-10-30,In Stock
3482,20,530,173,52,2025-09-21,In Stock
16876,2,620,88,19,2024-10-22,In Stock
18374,95,556,114,71,2025-06-04,In Stock
5867,100,69,80,32,2025-06-14,In Stock
11523,17,726,260,12,2026-01-07,In Stock
17410,8,268,131,17,2024-06-15,In Stock
17157,36,945,224,16,2024-02-14,In Stock
15233,97,89,156,73,2025-12-11,In Stock
3107,32,135,89,49,2024-07-26,In Stock
2042,15,21,229,38,2024-01-08,In Stock
13111,85,777,79,37,2025-02-23,In Stock
2798,95,646,125,31,2024-09-05,In Stock
15140,69,508,60,69,,Low Stock
7555,41,706,260,26,2024-09-17,In Stock
8730,93,471,261,53,2025-10-17,In Stock
16666,14,595,243,69,2025-07-01,In Stock
1494,83,484,350,51,2025-12-04,In Stock
12390,14,84,176,83,2024-09-27,In Stock
16882,62,784,135,43,2024-07-11,In Stock
11538,76,749,239,44,2025-10-13,In Stock
7672,9,78,3,15,2024-03-26,Low Stock
19440,5,189,88,18,2024-07-01,In Stock
12349,47,54,92,65,2025-09-04,In Stock
3101,71,144,99,84,2024-04-23,In Stock
10463,99,256,424,94,2025-06-11,In Stock
4411,76,405,235,12,2024-03-23,In Stock
5200,58,437,408,79,2026-04-16,In Stock
15160,59,920,420,85,2026-06-23,In Stock
7199,93,735,308,28,2024-11-23,In Stock
211,61,479,360,50,,In Stock
10437,86,252,62,87,2025-05-29,Low Stock
15908,24,732,362,91,2024-08-05,In Stock
3861,49,351,138,53,2025-02-04,In Stock
9433,70,590,210,62,2024-09-22,In Stock
11283,15,221,121,15,2024-12-17,In Stock
12185,29,270,232,36,2024-04-17,In Stock
3895,56,261,307,48,2024-10-04,In Stock
425,31,300,392,37,2025-06-07,In Stock
11204,72,881,257,47,2024-06-28,In Stock
9730,44,584,266,83,2026-01-18,In Stock
3116,70,552,206,99,2025-12-16,In Stock
12367,88,351,39,25,2024-10-12,In Stock
13378,41,922,450,58,2024-02-02,In Stock
18180,56,311,297,38,2025-05-28,In Stock
7477,68,830,249,25,2026-07-26,In Stock
6207,29,37,249,76,2025-03-26,In Stock
11119,28,871,48,23,2025-04-06,In Stock
3435,35,900,272,62,2025-06-16,In Stock
18167,100,209,331,70,2024-08-30,In Stock
328,4,382,252,85,2026-05-19,In Stock
15376,11,501,100,65,2025-11-15,In Stock
15783,14,76,425,90,2024-02-05,In Stock
15381,22,161,448,17,2024-04-05,In Stock
7318,72,946,49,68,2026-04-01,Low Stock
7535,76,848,436,20,2027-05-27,In Stock
89,87,23,65,53,2026-04-03,In Stock
14172,91,57,432,11,2026-04-27,In Stock
15657,67,329,361,25,2024-09-10,In Stock
9772,16,85,9,79,2024-04-15,Low Stock
17664,83,712,177,27,2024-02-21,In Stock
13751,22,466,-50,55,2026-05-13,Out of Stock
3486,32,50,490,84,2026-03-30,In Stock
1057,15,810,160,23,2024-02-15,In Stock
3170,80,403,442,0,2025-01-21,In Stock
1085,58,222,455,44,2024-03-13,In Stock
2677,68,61,409,18,2025-05-25,In Stock
14411,37,559,193,57,2025-03-10,In Stock
2726,33,498,9,12,2025-07-11,Low Stock
6308,41,243,101,10,2026-02-24,In Stock
10303,35,74,132,0,2026-07-16,In Stock
4047,67,912,293,74,2024-02-02,In Stock
16308,74,301,240,22,2024-05-17,In Stock
3283,46,444,403,28,2025-03-08,In Stock
1206,10,147,40,0,2025-06-18,In Stock
7489,22,742,380,85,2024-05-26,In Stock
8455,26,337,163,29,2026-07-19,In Stock
17146,15,90,450,77,2025-06-24,In Stock
15924,80,281,499,32,2025-03-23,In Stock
14128,45,507,66,73,2026-03-23,Low Stock
6761,69,268,126,11,2024-12-21,In Stock
9203,99,996,7,90,2025-02-03,Low Stock
11161,35,390,417,65,2024-09-05,In Stock
15777,88,131,-1,90,2026-04-16,Out of Stock
1513,65,853,95,66,2024-07-25,In Stock
12713,8,443,466,18,2025-06-17,In Stock
11021,68,958,121,28,2024-07-01,In Stock
6650,22,70,252,31,2026-05-10,In Stock
3288,75,155,349,65,2025-01-04,In Stock
19812,98,293,195,98,2026-06-06,In Stock
8234,66,540,220,80,2025-11-22,In Stock
13100,51,237,332,93,2024-03-22,In Stock
7584,32,626,351,91,2025-04-08,In Stock
10529,42,91,94,80,2025-07-28,In Stock
2520,64,184,19,46,2026-07-02,Low Stock
12481,48,484,78,88,2024-04-04,Low Stock
10544,1,174,383,11,2025-03-12,In Stock
4394,30,748,368,24,2024-05-17,In Stock
18930,50,685,59,89,2024-09-23,Low Stock
7246,45,565,424,78,2025-04-30,In Stock
4578,46,458,3,43,2026-03-28,Low Stock
12309,77,312,38,41,2024-06-16,Low Stock
222,36,870,132,48,2025-09-08,In Stock
14218,10,401,52,22,2025-10-09,In Stock
19748,30,638,313,28,2024-03-10,In Stock
18292,28,397,117,90,2024-06-08,In Stock
16603,61,443,240,49,2025-05-13,In Stock
19280,35,351,136,38,2025-12-22,In Stock
4974,38,589,245,38,2026-04-05,In Stock
3734,13,627,473,36,2026-06-24,In Stock
500,49,304,364,35,2024-01-11,In Stock
7098,7,61,397,75,2025-04-03,In Stock
7126,86,119,97,57,2024-02-03,In Stock
18573,34,895,17,77,2025-12-30,Low Stock
2534,48,689,407,56,2025-10-10,In Stock
19331,94,492,-50,20,2024-03-25,Out of Stock
13060,79,943,116,25,2026-05-20,In Stock
12864,9,907,413,78,2024-04-18,In Stock
4895,75,659,452,69,2026-05-05,In Stock
14634,60,207,236,66,2025-01-24,In Stock
15821,39,901,180,56,2026-01-13,In Stock
11937,5,590,239,93,,In Stock
8701,24,226,78,82,2024-09-24,Low Stock
11468,8,456,380,34,2026-08-04,In Stock
2251,72,133,464,14,2024-04-17,In Stock
467,50,437,462,29,2024-12-31,In Stock
60,62,598,413,24,2024-08-22,In Stock
4167,27,169,459,99,2025-08-22,In Stock
8892,84,638,182,29,2025-03-16,In Stock
5917,55,787,262,16,2024-02-25,In Stock
3888,49,589,253,40,2024-02-19,In Stock
15880,36,750,290,71,2024-02-09,In Stock
2151,79,454,27,61,2024-07-22,Low Stock
9564,39,797,102,60,2024-08-09,In Stock
13792,22,81,126,97,2024-10-24,In Stock
15987,20,739,301,10,2026-06-11,In Stock
12605,57,46,113,49,2024-02-20,In Stock
16823,65,781,260,28,2026-09-01,In Stock
16380,42,968,351,16,2025-06-09,In Stock
6021,17,845,196,65,2025-03-06,In Stock
7041,86,346,400,94,2024-09-07,In Stock
879,54,926,219,32,2026-08-13,In Stock
17980,55,120,166,48,2026-02-25,In Stock
7015,59,387,237,52,2024-05-25,In Stock
1808,26,605,296,81,2025-12-10,In Stock
13312,79,160,312,34,2025-12-13,In Stock
11855,80,834,304,69,2024-10-05,In Stock
3106,20,866,435,95,2025-07-14,In Stock
15546,42,116,115,36,2024-06-06,In Stock
7597,41,909,106,100,2025-04-15,In Stock
12488,69,35,491,35,2024-03-07,In Stock
6025,32,477,10,86,2024-09-06,Low Stock
19590,40,492,40,22,,In Stock
2877,53,980,269,84,2025-10-02,In Stock
5901,29,558,305,24,2024-10-08,In Stock
8831,66,228,108,60,2025-05-29,In Stock
18324,5,880,12,53,2025-01-12,Low Stock
19778,27,375,387,48,2025-08-13,In Stock
201,9,514,297,39,2026-07-02,In Stock
7583,11,346,218,10,2024-06-20,In Stock
6511,92,691,462,63,2024-05-21,In Stock
6434,32,835,325,55,2025-08-10,In Stock
14616,89,137,73,73,2025-02-19,Low Stock
14780,58,690,347,32,2024-05-03,In Stock
14577,3,699,400,80,2025-01-29,In Stock
2413,6,238,409,35,2025-03-18,In Stock
17510,68,120,474,18,2024-02-04,In Stock
13424,92,96,172,64,2024-02-20,In Stock
5672,1,669,217,52,2026-03-14,In Stock
899,8,885,241,72,2025-08-31,In Stock
4490,31,636,330,23,2026-05-23,In Stock
15531,6,914,13,68,2026-08-12,Low Stock
5231,2,323,386,99,2025-11-26,In Stock
18660,37,660,349,51,2026-05-25,In Stock
8407,49,483,449,71,2025-01-01,In Stock
9287,24,195,430,34,2024-11-29,In Stock
4025,9,608,175,13,2024-05-21,In Stock
1093,54,157,182,55,2024-11-07,In Stock
15320,7,37,166,25,2026-07-06,In Stock
6203,52,601,350,-20,2025-03-27,In Stock
8733,87,482,239,15,2024-08-17,In Stock
9093,62,281,369,91,2024-02-22,In Stock
1399,34,924,158,82,2024-12-31,In Stock
14604,63,333,217,43,2024-02-21,In Stock
4193,18,309,158,36,2024-08-30,In Stock
17274,62,810,48,-5,2026-01-12,In Stock
2879,60,844,383,100,2024-07-21,In Stock
12784,74,277,96,70,2025-04-24,In Stock
16629,22,775,397,58,2026-07-28,In Stock
6690,11,421,306,42,2024-02-07,In Stock
11743,18,356,461,56,2025-12-27,In Stock
17148,7,248,248,64,2025-06-22,In Stock
18708,15,843,380,75,2025-12-01,In Stock
9039,11,1000,406,69,2026-06-30,In Stock
7915,74,154,387,19,2024-09-09,In Stock
9087,80,397,440,14,2025-07-06,In Stock
8553,2,962,32,41,2024-01-29,Low Stock
15693,31,177,240,47,2024-08-14,In Stock
2196,19,762,385,30,2024-06-30,In Stock
9993,94,988,378,26,2025-06-16,In Stock
5352,97,43,305,31,2024-12-09,In Stock
1612,8,49,241,17,2024-05-19,In Stock
5916,34,572,402,24,2024-11-16,In Stock
3975,86,842,196,58,2025-05-22,In Stock
8067,11,374,242,87,2025-04-13,In Stock
9680,77,525,307,55,2025-01-07,In Stock
10432,50,640,77,86,2025-09-19,Low Stock
9294,40,92,268,46,2024-04-01,In Stock
15556,30,928,439,17,2024-02-27,In Stock
19435,74,366,482,76,2025-01-07,In Stock
10639,62,614,119,30,2025-05-25,In Stock
1283,83,908,153,55,2024-01-10,In Stock
13756,18,311,136,93,2024-01-26,In Stock
6441,61,883,271,16,2026-05-09,In Stock
11549,92,358,152,75,2025-05-15,In Stock
13292,90,85,164,52,2024-11-18,In Stock
7665,20,626,58,90,2025-09-05,Low Stock
4448,93,755,155,87,2024-10-01,In Stock
15404,94,763,13,49,2024-10-31,Low Stock
4741,41,332,182,59,2025-03-23,In Stock
17915,78,86,241,76,2025-08-04,In Stock
5129,90,359,487,42,2024-06-11,In Stock
5835,47,918,215,86,2025-01-14,In Stock
13776,13,101,32,98,2024-02-24,Low Stock
6625,45,370,368,21,2026-05-17,In Stock
16150,13,154,41,79,2024-05-25,Low Stock
11837,45,289,374,86,,In Stock
14345,63,381,379,67,2024-05-13,In Stock
16458,45,728,349,70,2024-09-23,In Stock
5955,30,567,476,46,2026-03-28,In Stock
7444,94,973,432,-5,2025-09-14,In Stock
4011,50,876,238,46,2025-07-24,In Stock
4992,93,330,405,47,2025-06-17,In Stock
8205,18,573,338,34,2024-05-13,In Stock
8884,80,742,139,95,2026-01-19,In Stock
12035,90,947,268,80,2026-06-25,In Stock
9528,87,738,253,21,2024-03-28,In Stock
8031,28,810,192,45,2024-08-10,In Stock
3044,39,624,407,46,2024-01-30,In Stock
1115,66,658,205,97,2026-05-13,In Stock
13210,81,335,304,61,2025-01-01,In Stock
10948,51,323,180,95,2024-05-05,In Stock
12138,50,730,80,36,2024-08-26,In Stock
11623,59,57,380,94,2025-09-09,In Stock
19239,45,524,262,53,2025-03-19,In Stock
6648,91,457,71,89,2024-09-03,Low Stock
8212,54,958,438,60,2024-10-27,In Stock
3469,39,526,464,34,2024-07-10,In Stock
15868,12,614,271,76,2025-01-10,In Stock
6919,72,511,238,64,2025-10-07,In Stock
12649,6,736,118,43,2025-04-22,In Stock
9799,57,867,362,31,2025-05-13,In Stock
7590,13,537,350,56,2024-06-20,In Stock
15703,27,793,152,17,2024-01-29,In Stock
7932,53,430,2,19,2026-02-19,Low Stock
7781,96,649,134,17,2026-08-12,In Stock
5872,92,884,441,20,2024-01-27,In Stock
11365,3,461,11,43,2026-08-06,Low Stock
17360,38,602,456,50,2024-06-06,In Stock
10120,47,58,384,11,2026-03-06,In Stock
14605,76,748,355,10,2025-12-19,In Stock
9110,26,61,38,19,2025-04-03,In Stock
16800,31,171,273,60,2025-04-26,In Stock
1259,2,355,368,27,2024-01-01,In Stock
12320,95,323,294,50,2025-07-11,In Stock
16215,81,4,216,57,2026-06-03,In Stock
15838,92,437,307,61,2024-11-13,In Stock
8699,11,900,320,43,2024-06-14,In Stock
9677,31,41,160,24,2024-11-19,In Stock
9240,69,537,458,85,2025-03-01,In Stock
274,25,229,164,45,2026-05-01,In Stock
9237,69,131,223,87,2024-09-16,In Stock
18763,7,431,45,50,2024-08-28,Low Stock
13125,34,564,461,49,2024-05-12,In Stock
2178,90,863,193,72,2025-06-20,In Stock
16517,27,227,231,26,2024-01-29,In Stock
18064,55,579,260,23,2025-11-16,In Stock
1643,76,801,409,69,2024-06-01,In Stock
5922,12,851,33,49,2024-06-08,Low Stock
10530,22,12385,216,50,2025-03-19,In Stock
1064,46,751,404,73,2026-08-02,In Stock
13824,8,704,261,45,2025-08-03,In Stock
12216,92,589,382,75,2026-03-03,In Stock
1982,81,582,426,62,2025-06-05,In Stock
11230,98,217,423,82,2025-02-28,In Stock
19152,66,899,287,71,2026-03-06,In Stock
8785,39,767,185,84,2024-11-05,In Stock
6064,24,955,199,97,2025-05-30,In Stock
15697,82,549,67,88,2025-06-26,Low Stock
11567,69,280,60,92,2024-09-28,Low Stock
16701,63,112,56,14,2026-01-04,In Stock
17572,59,627,39,95,2024-03-19,Low Stock
2618,13,454,204,57,2025-09-09,In Stock
19856,13,338,205,73,2026-07-09,In Stock
13218,14,350,442,77,2025-05-18,In Stock
9821,31,345,216,16,2024-04-08,In Stock
18870,95,443,75,10,2024-06-10,In Stock
11388,64,832,287,44,2026-01-01,In Stock
2044,75,168,410,58,2024-04-14,In Stock
19948,81,926,126,26,2026-06-30,In Stock
16556,32,449,50,33,2026-01-04,In Stock
13997,27,602,83,95,2024-03-20,Low Stock
12063,55,182,454,33,2025-09-03,In Stock
3471,53,861,301,70,2024-04-16,In Stock
19162,39,467,449,86,2024-11-03,In Stock
1531,80,841,485,30,2025-10-05,In Stock
12693,11,206,293,16,2025-07-25,In Stock
3827,44,507,463,77,2025-05-28,In Stock
4707,49,226,321,76,2026-01-25,In Stock
3185,30,589,449,70,2024-11-04,In Stock
12999,5,455,382,53,2026-06-03,In Stock
4074,79,466,260,90,2024-10-04,In Stock
1871,64,885,110,43,2025-03-21,In Stock
11312,84,730,126,97,2025-12-08,In Stock
9091,68,912,450,43,2024-02-24,In Stock
7740,89,126,388,66,2024-04-13,In Stock
10883,100,267,367,21,2024-11-17,In Stock
3462,75,341,376,72,2024-08-20,In Stock
7464,35,21,241,47,2026-03-07,In Stock
10716,74,998,490,32,2026-04-07,In Stock
424,92,292,47,91,2025-08-16,Low Stock
2128,42,808,459,99,2025-05-07,In Stock
19300,57,686,306,68,2026-01-28,In Stock
258,97,146,494,74,2026-06-29,In Stock
6780,12,12126,427,38,2024-01-16,In Stock
13464,80,491,231,66,2024-12-31,In Stock
5467,63,332,248,75,2026-01-24,In Stock
19942,65,55,334,30,2024-04-04,In Stock
14339,3,951,482,10,2026-02-27,In Stock
15611,37,211,251,44,2024-08-01,In Stock
16886,1,98,44,89,2025-06-11,Low Stock
3190,94,515,354,32,2024-01-08,In Stock
15950,24,591,375,55,2024-08-02,In Stock
3634,51,113,178,31,2026-06-04,In Stock
17711,77,324,367,84,2024-04-10,In Stock
19189,44,542,311,10,2024-05-29,In Stock
3243,79,22,336,39,2024-10-18,In Stock
9193,72,883,60,61,2026-06-12,Low Stock
14517,20,312,317,19,2025-09-21,In Stock
1444,21,614,228,78,2026-07-12,In Stock
13611,65,707,262,15,2024-01-16,In Stock
17500,46,381,225,73,2024-07-24,In Stock
347,7,245,73,75,2024-03-11,Low Stock
10900,32,439,172,61,2025-02-24,In Stock
14494,26,503,420,47,2024-06-02,In Stock
12400,60,34,430,49,2025-06-19,In Stock
18418,45,361,389,80,2026-08-04,In Stock
15116,95,268,449,46,2024-05-06,In Stock
11559,43,785,105,11,2025-03-31,In Stock
14809,8,866,168,23,2026-05-10,In Stock
19972,43,811,480,99,2025-01-08,In Stock
8688,89,887,438,44,2026-06-17,In Stock
12251,79,16,349,30,2025-06-06,In Stock
2860,14,840,444,88,2025-01-08,In Stock
14397,77,657,469,43,2024-02-20,In Stock
8822,10,652,183,19,2025-01-19,In Stock
15271,15,23,15,97,2026-08-12,Low Stock
17022,16,988,293,45,,In Stock
16489,78,243,274,65,2024-08-23,In Stock
16314,90,491,480,82,2025-05-23,In Stock
19711,10,271,248,74,2024-04-06,In Stock
18828,41,423,454,26,2025-09-25,In Stock
2768,95,856,224,53,2025-06-11,In Stock
18809,18,306,269,100,2025-07-07,In Stock
9779,82,594,209,26,2026-06-13,In Stock
15257,52,554,458,46,2026-01-06,In Stock
16160,34,458,363,39,2025-09-24,In Stock
6760,77,585,376,39,2024-12-05,In Stock
3785,66,469,167,13,2024-06-20,In Stock
17503,88,450,137,79,2026-08-09,In Stock
16739,56,188,157,12,2026-05-11,In Stock
1062,50,850,405,99,2024-03-24,In Stock
17666,56,110,130,80,2024-05-03,In Stock
3506,37,921,27,74,2025-09-29,Low Stock
16684,29,614,19,22,2026-02-10,Low Stock
104,14,653,473,66,2024-06-11,In Stock
12793,49,433,73,60,2024-03-27,In Stock
16384,28,702,22,21,2025-11-04,In Stock
19455,3,452,319,41,2025-07-12,In Stock
14970,7,28,65,86,2025-09-21,Low Stock
7723,15,705,249,66,2025-08-17,In Stock
2271,62,984,105,64,2026-06-14,In Stock
3352,47,627,15,46,2026-03-02,Low Stock
7560,4,775,354,78,2026-03-17,In Stock
3994,74,747,431,56,2026-01-24,In Stock
4897,72,140,415,89,2024-09-28,In Stock
16175,32,535,278,62,2025-09-17,In Stock
15808,61,534,295,59,2026-03-11,In Stock
19048,93,900,302,36,2024-08-12,In Stock
4352,51,890,361,91,2025-10-18,In Stock
15326,88,777,362,56,2025-04-10,In Stock
6922,47,350,245,45,2025-11-23,In Stock
2326,51,271,388,13,2024-08-03,In Stock
7186,80,755,254,64,2025-11-05,In Stock
14652,96,162,339,53,2024-04-07,In Stock
4732,58,239,7,94,2026-03-21,Low Stock
11238,64,104,61,82,2026-02-14,Low Stock
14267,13,344,332,0,2025-01-03,In Stock
7912,98,320,287,53,2024-06-19,In Stock
11886,34,773,226,90,2025-12-15,In Stock
4450,60,797,3,75,2024-09-30,Low Stock
10393,50,711,461,66,2026-06-01,In Stock
17307,48,712,96,84,2025-02-19,In Stock
1731,41,908,18,51,2024-10-10,Low Stock
16869,99,454,73,100,2025-06-21,Low Stock
15599,83,921,422,98,2025-02-08,In Stock
4179,11,725,305,84,2025-04-17,In Stock
14048,84,796,39,95,2026-04-02,Low Stock
4310,31,556,296,0,,In Stock
7287,9,897,-1,38,2024-08-19,Out of Stock
6693,28,706,416,42,2025-02-02,In Stock
58,60,269,406,60,2026-05-07,In Stock
14336,86,306,457,40,2025-07-24,In Stock
16512,66,245,170,10,2025-10-27,In Stock
7137,39,533,411,21,2025-11-29,In Stock
2993,87,440,460,35,2025-07-27,In Stock
3430,17,794,262,98,2024-08-30,In Stock
18803,94,539,364,97,2025-02-12,In Stock
460,53,310,229,24,2025-08-03,In Stock
13955,57,171,467,47,2024-04-08,In Stock
2752,73,694,326,50,2025-08-08,In Stock
17644,43,590,296,73,2025-05-19,In Stock
1912,30,774,241,92,2025-02-19,In Stock
2134,92,754,-100,75,2024-05-23,Out of Stock
12377,19,616,387,37,2025-11-27,In Stock
18695,49,695,479,24,2026-03-17,In Stock
6166,79,802,299,69,2024-10-03,In Stock
6551,99,102,131,82,2026-06-26,In Stock
14239,9,289,150,86,2026-02-09,In Stock
11712,21,72,184,0,2026-03-14,In Stock
2827,79,515,370,85,2024-02-10,In Stock
6137,18,182,427,29,2026-05-04,In Stock
5183,98,33,304,36,2024-07-14,In Stock
18755,17,154,3,43,2025-01-20,Low Stock
15174,66,304,204,48,2026-08-09,In Stock
5735,75,464,286,31,2025-06-28,In Stock
15701,67,271,112,60,2025-09-15,In Stock
15425,78,19,136,48,2024-06-28,In Stock
15383,40,153,69,67,2025-11-18,In Stock
14414,35,384,178,11,2025-01-28,In Stock
1625,58,197,392,12,2026-05-06,In Stock
7114,62,974,319,44,2025-09-22,In Stock
6818,5,915,380,97,2025-11-11,In Stock
16625,45,556,283,84,2026-05-30,In Stock
8059,79,34,310,30,2025-03-18,In Stock
380,14,810,448,25,2025-02-05,In Stock
4120,62,215,104,49,2024-04-18,In Stock
5427,71,497,346,56,2024-06-03,In Stock
4107,38,973,426,24,2026-11-07,In Stock
14820,11,14,321,95,2025-01-03,In Stock
18002,39,269,143,73,2024-02-01,In Stock
9890,67,629,289,11,2025-02-01,In Stock
10698,73,13115,361,53,2024-06-30,In Stock
2120,84,484,281,39,2024-04-01,In Stock
10690,30,101,16,81,2026-04-25,Low Stock
16341,13,750,97,84,2024-10-09,In Stock
9050,44,824,346,29,2025-06-21,In Stock
14269,79,774,300,74,2024-02-15,In Stock
11953,66,54,426,99,2026-01-21,In Stock
650,64,215,13,33,2025-07-31,Low Stock
2320,64,658,381,55,2025-06-21,In Stock
18130,83,53,205,71,2024-04-08,In Stock
9543,58,494,221,10,2026-01-06,In Stock
2572,52,875,206,79,2025-09-10,In Stock
17549,59,95,45,58,2025-10-26,Low Stock
5202,2,269,375,19,2025-12-31,In Stock
3510,60,63,399,96,2025-10-01,In Stock
912,4,301,243,100,2025-12-17,In Stock
6109,92,507,419,85,2026-03-11,In Stock
2797,58,518,-50,93,2025-02-16,Out of Stock
10805,21,792,478,92,2024-06-13,In Stock
15120,35,788,245,20,2025-08-16,In Stock
10420,78,19721,332,82,2025-10-19,In Stock
7347,38,683,384,84,2025-09-11,In Stock
11133,3,763,228,16,2025-03-08,In Stock
13695,80,49,146,52,2026-07-14,In Stock
7837,36,446,399,29,2024-08-08,In Stock
11947,95,949,203,75,2024-06-12,In Stock
14957,71,846,113,33,2024-01-25,In Stock
14864,52,198,460,51,2026-04-12,In Stock
14674,5,706,213,17,2026-04-13,In Stock
2027,67,582,325,12,2026-05-13,In Stock
14511,59,67,109,28,2025-04-04,In Stock
11194,59,230,278,20,2025-08-25,In Stock
10209,73,378,176,21,2026-08-05,In Stock
16351,28,843,196,54,2024-02-01,In Stock
3474,32,882,128,54,2025-03-29,In Stock
15685,45,666,100,10,2026-05-08,In Stock
3169,46,74,81,16,2024-01-04,In Stock
6004,49,19,146,29,2024-09-23,In Stock
9135,80,311,415,42,2025-04-20,In Stock
13880,26,181,398,92,2024-10-14,In Stock
13652,31,571,204,51,2024-11-02,In Stock
4985,78,621,76,25,2026-07-28,In Stock
13877,96,804,203,52,2025-01-20,In Stock
5854,58,584,55,40,2025-12-08,In Stock
2347,58,956,-100,58,2025-12-16,Out of Stock
7088,29,563,202,24,2025-08-29,In Stock
9587,87,491,169,51,2025-01-12,In Stock
14901,84,673,352,81,2026-03-07,In Stock
14255,5,666,182,93,2025-01-08,In Stock
5654,36,106,448,14,2024-05-09,In Stock
2849,89,759,400,61,2025-09-25,In Stock
10433,87,874,6,94,2025-08-19,Low Stock
17224,53,12206,221,30,2024-01-16,In Stock
9419,41,134,209,87,2024-06-07,In Stock
14712,89,642,497,14,2024-06-27,In Stock
3172,34,686,263,83,2025-11-30,In Stock
8397,84,673,220,44,2024-02-07,In Stock
8508,87,56,208,96,,In Stock
6706,68,565,27,68,2026-02-21,Low Stock
19771,86,255,308,70,,In Stock
17975,23,952,124,87,2026-03-23,In Stock
12966,69,37,130,40,2025-12-15,In Stock
4936,11,679,189,70,2024-11-06,In Stock
11765,98,653,471,85,,In Stock
5736,94,89,256,30,2026-07-31,In Stock
12825,83,154,387,50,,In Stock
2506,61,454,453,69,2026-06-10,In Stock
19832,12,868,339,74,2024-05-05,In Stock
10498,85,600,328,33,2024-07-24,In Stock
8500,91,218,106,66,2024-01-23,In Stock
17232,20,399,283,66,2024-01-24,In Stock
18690,62,570,211,0,2025-06-03,In Stock
10629,46,666,295,88,2026-03-13,In Stock
11353,93,790,478,13,2024-09-28,In Stock
18356,60,127,313,76,2024-08-22,In Stock
9458,41,249,152,-5,2025-10-16,In Stock
10483,90,178,468,30,2026-04-01,In Stock
2458,99,691,476,45,2026-06-17,In Stock
12611,1,450,146,45,2025-05-01,In Stock
5478,51,901,335,18,2024-12-15,In Stock
18846,70,749,189,45,2024-12-22,In Stock
17905,8,764,162,76,2026-01-27,In Stock
4,70,814,82,42,2024-01-20,In Stock
19673,83,209,105,11,2025-08-12,In Stock
18623,5,441,380,33,2024-02-02,In Stock
18452,66,229,434,92,2025-09-23,In Stock
8800,69,745,498,12,2026-08-07,In Stock
10575,77,175,76,79,2026-06-05,Low Stock
14823,94,275,97,91,2026-04-01,In Stock
6351,44,338,482,82,2025-12-08,In Stock
345,12,878,173,14,2024-07-24,In Stock
17253,82,56,247,58,2025-03-15,In Stock
18663,74,443,182,52,2025-12-30,In Stock
3512,69,89,208,87,,In Stock
4255,60,405,246,42,2025-05-12,In Stock
10723,14,593,163,88,2025-11-15,In Stock
9301,52,354,326,59,2025-08-31,In Stock
15545,68,505,479,29,2026-02-06,In Stock
17929,10,140,196,25,2024-09-08,In Stock
19776,68,425,356,73,2024-01-11,In Stock
18473,63,270,203,47,2025-08-16,In Stock
18047,12,127,311,20,2026-07-03,In Stock
19072,80,209,78,42,2024-05-09,In Stock
14450,71,656,26,76,2026-02-21,Low Stock
43,89,741,421,47,2026-01-13,In Stock
2749,12,773,52,82,2025-01-11,Low Stock
17139,79,541,53,88,2024-02-20,Low Stock
1523,81,841,64,47,2024-12-28,In Stock
1789,12,34,417,58,2026-07-22,In Stock
2502,99,719,241,-5,2026-06-08,In Stock
14668,65,329,408,76,2025-11-13,In Stock
796,54,307,441,69,2025-09-11,In Stock
13105,31,730,229,31,2026-07-20,In Stock
19695,32,562,485,45,2026-06-11,In Stock
13825,19,572,384,0,2024-06-11,In Stock
3025,30,605,342,16,2024-06-26,In Stock
14359,93,894,248,61,2026-01-24,In Stock
17406,32,654,421,27,2024-02-02,In Stock
16292,26,505,195,48,2025-01-06,In Stock
4280,49,55,68,11,2024-05-07,In Stock
18337,37,548,366,52,2025-11-09,In Stock
18005,66,778,400,33,2024-12-22,In Stock
4982,75,783,144,70,2024-09-11,In Stock
7480,100,668,134,87,2027-06-12,In Stock
16977,18,19,421,100,2026-01-10,In Stock
1035,39,844,229,90,2025-04-15,In Stock
16926,21,875,207,47,2026-05-23,In Stock
6629,10,224,417,52,2024-06-28,In Stock
16497,69,571,245,76,2026-02-23,In Stock
47,32,821,453,95,2025-07-29,In Stock
15216,98,14959,336,14,2025-03-13,In Stock
14551,48,732,439,94,2024-03-17,In Stock
4689,98,543,400,61,2024-04-25,In Stock
14034,72,773,0,16,2025-09-24,Out of Stock
11936,83,280,259,71,2026-07-02,In Stock
2947,22,263,262,54,2025-11-02,In Stock
18819,67,951,410,97,2026-05-12,In Stock
11038,38,304,285,94,2024-04-01,In Stock
2916,59,888,286,65,2024-12-26,In Stock
17412,85,346,316,-5,2026-05-11,In Stock
11479,12,299,226,70,2025-11-24,In Stock
11656,31,635,35,21,2024-11-18,In Stock
5588,23,399,353,94,2024-06-14,In Stock
13816,3,666,257,26,2024-01-03,In Stock
8426,12,10244,136,32,2024-03-10,In Stock
5750,80,537,212,39,,In Stock
12920,93,310,25,38,2024-05-25,Low Stock
16514,82,412,487,70,2024-12-10,In Stock
15621,41,642,266,100,2024-12-19,In Stock
8603,4,602,326,81,2026-08-03,In Stock
12483,74,644,68,90,2026-05-16,Low Stock
5555,98,752,303,11,2024-07-05,In Stock
6236,11,596,2,51,2026-01-15,Low Stock
17478,77,950,17,29,,Low Stock
8194,47,142,328,56,2024-02-22,In Stock
2302,77,759,56,12,2024-08-16,In Stock
6384,67,157,439,44,2024-05-24,In Stock
19865,8,471,343,72,2024-08-30,In Stock
4111,1,133,435,56,2024-03-27,In Stock
3074,47,977,422,100,2024-03-09,In Stock
14790,86,743,230,25,2026-04-18,In Stock
10631,18,56,32,16,2024-02-09,In Stock
7111,7,841,23,33,2025-06-07,Low Stock
18351,38,514,59,84,2024-03-15,Low Stock
6897,9,217,167,74,2025-08-07,In Stock
6542,99,318,29,75,2025-12-05,Low Stock
15669,43,168,265,37,2026-06-03,In Stock
12695,43,541,488,92,2026-01-17,In Stock
6226,42,316,74,21,2024-05-30,In Stock
11584,85,516,245,72,2025-06-21,In Stock
14504,57,173,396,68,2026-07-22,In Stock
17237,29,127,414,66,,In Stock
11420,44,157,163,36,2024-01-08,In Stock
17494,97,388,268,0,2025-04-21,In Stock
6423,2,904,212,90,2024-07-17,In Stock
2609,46,917,240,27,2026-08-11,In Stock
1262,90,743,333,37,2026-05-18,In Stock
4073,69,510,429,70,2024-08-22,In Stock
5538,32,779,7,50,2026-03-28,Low Stock
6833,59,245,14,57,2025-01-25,Low Stock
16309,2,77,165,49,2024-06-17,In Stock
4825,80,907,228,58,2026-05-07,In Stock
18258,96,615,291,81,2024-07-15,In Stock
5358,79,406,464,67,2024-02-15,In Stock
2863,57,730,159,17,2027-04-22,In Stock
7463,73,464,357,41,2025-09-14,In Stock
2899,45,11,422,38,2024-09-17,In Stock
6146,31,307,99,89,2024-03-14,In Stock
9983,44,505,171,17,2024-06-11,In Stock
14202,65,262,150,62,2025-08-17,In Stock
6811,59,978,371,45,2024-08-06,In Stock
8779,88,360,267,45,2026-01-15,In Stock
4116,81,794,295,68,2025-09-08,In Stock
5035,45,700,22,38,2025-11-16,Low Stock
709,58,354,264,16,2026-02-07,In Stock
8133,89,523,486,72,2026-04-06,In Stock
19780,94,600,469,50,,In Stock
14715,27,296,432,-5,2024-04-29,In Stock
6299,10,795,330,39,2026-07-22,In Stock
13190,40,657,466,57,2024-09-20,In Stock
689,1,476,268,55,2026-04-25,In Stock
2484,68,365,297,29,2026-08-12,In Stock
4338,3,51,360,73,2024-07-03,In Stock
8084,57,531,128,83,2024-10-03,In Stock
14315,34,754,328,12,2025-06-10,In Stock
8889,23,269,364,94,2025-02-14,In Stock
19226,68,64,299,17,2024-02-18,In Stock
2584,15,324,368,23,2025-01-05,In Stock
10835,99,627,340,19,2026-03-18,In Stock
12682,91,15722,231,19,2024-07-25,In Stock
17846,68,438,339,50,2024-03-02,In Stock
2451,94,168,442,81,2024-10-21,In Stock
13176,16,526,313,29,2026-01-09,In Stock
11044,80,333,349,19,2025-10-18,In Stock
6098,61,573,55,34,2027-02-02,In Stock
9788,23,370,460,56,2025-03-27,In Stock
14760,53,526,54,22,2025-11-12,In Stock
19250,34,966,222,30,2025-04-19,In Stock
14508,53,491,19,77,2025-02-17,Low Stock
3699,95,42,47,-5,2024-05-12,In Stock
9620,51,30,167,100,2024-09-26,In Stock
13186,23,266,106,51,2024-03-01,In Stock
2704,30,24,181,99,2024-08-03,In Stock
10251,11,274,39,21,2026-01-14,In Stock
13859,8,554,423,68,2024-08-27,In Stock
13417,22,812,488,81,2025-01-18,In Stock
645,41,905,174,73,2025-03-29,In Stock
10456,3,686,113,22,2025-11-29,In Stock
14320,62,187,458,30,2026-07-20,In Stock
6378,2,709,226,54,2025-01-03,In Stock
13335,79,975,474,47,2024-09-26,In Stock
8587,21,352,299,26,2025-11-01,In Stock
1969,12,869,94,96,2025-06-25,Low Stock
13345,93,764,38,35,2026-05-29,In Stock
8310,6,883,347,93,2024-04-03,In Stock
5602,13,950,373,40,2024-07-02,In Stock
6217,91,884,48,65,2025-08-29,Low Stock
13065,51,898,196,72,2026-07-02,In Stock
2113,89,971,60,48,2026-04-16,In Stock
11369,34,754,162,26,2024-03-20,In Stock
7853,38,130,336,72,2024-04-17,In Stock
19516,68,341,120,73,2025-10-27,In Stock
6533,92,580,356,85,2026-02-03,In Stock
9842,31,908,459,84,2024-05-23,In Stock
8058,15,449,377,70,2026-04-16,In Stock
14635,46,925,144,44,2024-10-15,In Stock
8029,91,760,354,46,2026-05-14,In Stock
8967,80,769,132,33,2025-05-04,In Stock
13678,59,259,440,41,2024-02-20,In Stock
2301,61,713,8,-5,2025-03-30,In Stock
3354,20,832,134,79,2024-01-09,In Stock
14013,99,258,265,-20,2026-07-04,In Stock
16266,71,115,106,66,2024-04-23,In Stock
8966,99,280,454,35,2025-08-27,In Stock
1431,12,526,287,81,2024-11-29,In Stock
12394,71,602,347,100,2024-05-22,In Stock
18316,60,369,147,98,2025-11-30,In Stock
19416,62,699,492,23,2026-01-14,In Stock
2603,91,180,309,0,2024-01-30,In Stock
12228,53,729,382,11,2024-04-08,In Stock
18724,84,122,270,82,2026-06-06,In Stock
324,37,934,49,63,2025-08-22,Low Stock
15460,91,495,436,28,2025-03-26,In Stock
6956,39,843,34,41,2025-09-06,Low Stock
11415,75,381,55,48,2025-12-29,In Stock
19935,79,505,119,72,2025-09-14,In Stock
11207,19,193,308,92,2024-04-20,In Stock
8073,10,708,311,85,2025-05-03,In Stock
10405,63,479,396,50,2026-03-27,In Stock
3499,71,704,271,100,2025-07-21,In Stock
18894,19,398,212,95,2024-04-16,In Stock
15577,22,799,12,34,2025-11-04,Low Stock
6813,4,480,93,0,2026-01-31,In Stock
6736,35,429,289,36,2024-01-21,In Stock
15514,53,511,204,90,2025-03-24,In Stock
13409,9,760,130,10,2024-02-02,In Stock
8092,100,339,428,30,2024-06-21,In Stock
4437,87,91,239,92,2025-09-12,In Stock
13600,82,141,7,80,2026-03-18,Low Stock
2586,34,181,435,33,2025-12-05,In Stock
17542,44,362,438,62,2026-01-07,In Stock
11823,100,238,159,77,2024-11-18,In Stock
3234,29,621,486,24,2024-11-17,In Stock
7682,26,16247,101,100,,In Stock
3729,66,762,84,76,2026-01-16,In Stock
19834,24,740,466,84,2024-11-11,In Stock
9151,71,170,235,75,2026-08-06,In Stock
9271,22,875,64,97,2026-07-31,Low Stock
7589,18,118,401,94,2025-12-09,In Stock
3922,29,773,60,39,2024-07-28,In Stock
2021,60,217,268,35,2025-07-29,In Stock
19852,14,907,114,28,2026-04-12,In Stock
4756,61,371,1,61,2025-09-14,Low Stock
4694,77,854,421,76,2024-10-25,In Stock
19909,1515,471,218,30,2024-07-20,In Stock
2236,67,585,133,53,2024-09-19,In Stock
8214,80,307,337,29,2024-09-17,In Stock
12460,6,386,275,59,2024-11-29,In Stock
2222,80,926,53,64,2025-04-30,Low Stock
8726,77,511,341,98,2026-01-10,In Stock
17207,71,178,6,53,2024-02-24,Low Stock
9215,61,181,360,37,2025-09-07,In Stock
8994,63,812,398,18,2026-01-13,In Stock
669,56,51,45,81,2024-08-14,Low Stock
1163,90,830,164,11,2024-12-04,In Stock
3394,49,231,332,78,2025-04-28,In Stock
3529,71,13189,226,16,2026-07-14,In Stock
15732,69,626,201,44,2026-07-29,In Stock
8802,54,14,202,0,2026-03-20,In Stock
3703,83,78,158,61,2025-08-13,In Stock
11319,3,227,226,64,2025-04-21,In Stock
18798,17,977,204,-20,2025-07-22,In Stock
6330,1420,715,303,17,2024-04-03,In Stock
1748,88,970,201,55,2025-01-21,In Stock
16665,18,93,245,49,2025-07-15,In Stock
432,60,779,113,34,2024-12-22,In Stock
8711,34,817,434,41,2025-05-27,In Stock
2118,53,749,330,89,2025-02-21,In Stock
16756,60,547,268,35,2024-02-01,In Stock
4203,25,719,184,30,2025-09-29,In Stock
15852,77,346,318,23,2025-11-09,In Stock
4171,49,255,7,20,2025-06-20,Low Stock
11430,22,976,0,57,2025-02-28,Out of Stock
15443,34,18,405,35,2026-08-12,In Stock
1356,90,638,66,79,2026-05-28,Low Stock
16102,19,682,239,48,2025-12-08,In Stock
19978,7,758,212,49,2026-03-24,In Stock
2141,49,870,116,58,2024-03-02,In Stock
14119,20,64,48,93,2025-08-20,Low Stock
11026,84,596,292,87,2026-08-03,In Stock
13900,34,77,108,22,2025-12-05,In Stock
18347,51,114,245,31,2025-02-20,In Stock
17064,10,323,482,56,2025-01-28,In Stock
12838,74,531,173,54,2024-05-11,In Stock
13913,34,758,453,59,2026-01-17,In Stock
15948,76,214,139,53,2026-06-23,In Stock
4253,53,973,406,32,2024-09-23,In Stock
15528,79,901,177,24,2026-04-23,In Stock
8175,59,907,480,75,2026-06-27,In Stock
6596,57,878,284,59,2025-04-11,In Stock
14967,72,87,396,72,2024-09-03,In Stock
9607,42,508,178,70,2026-06-16,In Stock
564,69,132,224,43,2025-04-01,In Stock
12645,79,366,398,63,2026-06-15,In Stock
8271,18,99,23,60,2026-01-28,Low Stock
1713,44,210,77,40,2026-05-01,In Stock
17908,34,432,212,57,2024-02-04,In Stock
5752,12,245,155,50,2024-11-08,In Stock
19512,31,23,89,68,2026-01-18,In Stock
1420,90,416,67,92,2026-06-12,Low Stock
2324,29,289,67,66,2024-09-15,In Stock
7817,67,817,36,35,2025-05-10,In Stock
5169,37,223,352,62,2025-01-31,In Stock
827,95,193,237,39,2025-07-29,In Stock
18984,49,746,346,97,2025-11-20,In Stock
14317,36,740,208,88,2026-06-21,In Stock
3959,3,591,44,55,2024-10-28,Low Stock
4772,72,528,120,86,2024-08-22,In Stock
11753,84,334,496,34,2025-11-11,In Stock
4511,20,928,160,77,2025-04-11,In Stock
291,75,185,204,44,2024-05-21,In Stock
13500,25,532,340,54,2024-12-15,In Stock
15275,35,50,438,38,,In Stock
12140,36,788,38,42,2025-03-23,Low Stock
9250,85,740,39,75,2024-09-16,Low Stock
16444,87,617,271,36,2026-01-27,In Stock
10995,4,868,259,79,2026-02-02,In Stock
7507,78,444,78,70,2025-07-22,In Stock
8109,63,944,471,68,2025-06-22,In Stock
17736,94,438,19,45,2026-05-04,Low Stock
19219,9,401,177,72,2024-10-10,In Stock
9614,30,901,296,69,2025-02-15,In Stock
14927,31,972,13,11,2025-05-02,In Stock
7110,29,41,104,68,2024-01-04,In Stock
4549,16,331,269,53,2025-01-27,In Stock
6254,76,658,407,92,2026-08-08,In Stock
641,81,418,435,57,2025-12-06,In Stock
294,65,516,4,78,2024-07-11,Low Stock
7921,94,575,287,75,2024-08-11,In Stock
12822,75,464,408,52,2026-01-16,In Stock
9195,35,578,98,88,2025-03-13,In Stock
8611,33,276,122,32,2026-06-13,In Stock
12615,10,667,-10,74,2024-04-09,Out of Stock
12121,41,758,474,46,2025-02-02,In Stock
483,18,294,182,33,2026-09-22,In Stock
3422,59,135,480,71,2024-10-02,In Stock
4654,33,357,174,94,2026-08-10,In Stock
8047,73,361,188,35,2024-11-05,In Stock
5599,52,401,260,57,2025-05-13,In Stock
10572,88,522,78,87,2026-03-13,Low Stock
7950,85,86,122,28,2026-04-30,In Stock
14933,53,645,488,35,2024-07-31,In Stock
18311,65,99,356,58,2024-07-09,In Stock
15696,48,203,49,68,2025-10-09,Low Stock
17078,36,276,482,93,2024-06-02,In Stock
19744,66,16878,481,76,2024-12-21,In Stock
17367,28,794,318,43,2025-03-12,In Stock
15472,33,240,154,81,2024-08-19,In Stock
8539,71,347,416,61,,In Stock
17990,84,120,383,55,2025-11-25,In Stock
2239,31,201,219,79,2026-02-26,In Stock
14013,99,258,265,-20,2026-07-04,In Stock
1705,45,253,384,14,2026-04-22,In Stock
11699,51,77,126,43,2026-04-13,In Stock
7935,53,784,163,69,2026-01-18,In Stock
16720,49,159,210,27,2025-05-10,In Stock
6816,95,559,492,92,2026-06-20,In Stock
12657,38,694,319,32,2024-06-08,In Stock
978,3,586,464,54,2024-01-26,In Stock
3503,52,725,332,81,2024-06-18,In Stock
15620,65,577,268,92,2026-07-12,In Stock
12575,14,328,48,54,2024-08-11,Low Stock
10650,12,137,246,38,2026-04-05,In Stock
622,99,374,332,40,2026-01-05,In Stock
8365,12,923,16,67,2026-04-14,Low Stock
17787,42,272,190,23,2026-07-14,In Stock
17579,2,49,273,86,2025-08-28,In Stock
19628,82,903,104,89,2025-06-22,In Stock
11466,24,865,413,45,2025-07-26,In Stock
4575,93,320,312,17,2024-04-02,In Stock
3157,87,942,332,72,2025-11-02,In Stock
1154,53,696,284,19,2024-06-11,In Stock
9395,59,336,135,82,2026-07-20,In Stock
9971,27,387,400,45,2025-11-02,In Stock
2306,99,757,171,22,2025-07-26,In Stock
6562,87,730,372,74,2026-04-19,In Stock
9099,39,986,356,44,2025-03-02,In Stock
17172,96,576,58,68,2025-08-19,Low Stock
6422,1871,767,66,15,,In Stock
656,86,89,185,25,2025-01-19,In Stock
587,32,207,-100,67,2026-04-12,Out of Stock
10400,33,510,264,17,2025-06-22,In Stock
6133,52,869,132,76,2025-02-25,In Stock
6730,90,682,117,29,2026-02-06,In Stock
2936,47,289,250,43,2024-01-27,In Stock
18573,34,895,17,77,2025-12-30,Low Stock
2496,36,452,65,41,2026-06-05,In Stock
5349,42,488,344,46,2025-12-27,In Stock
7717,94,729,497,21,2024-08-08,In Stock
15022,97,114,240,97,2026-07-22,In Stock
10724,29,877,30,34,,Low Stock
16421,19,219,86,91,2026-04-02,Low Stock
13012,70,694,383,84,2025-09-26,In Stock
19031,75,194,409,60,2026-03-23,In Stock
13583,38,582,328,82,2024-08-06,In Stock
11107,30,762,348,65,2025-05-05,In Stock
5793,11,804,396,55,2024-06-11,In Stock
6046,55,948,190,75,2025-08-22,In Stock
17943,16,852,364,59,2024-08-09,In Stock
14837,70,221,256,28,2026-02-15,In Stock
10646,48,195,31,68,2025-07-22,Low Stock
11263,37,315,12,48,2024-07-01,Low Stock
14977,27,19648,311,13,2025-05-31,In Stock
18155,52,228,284,100,2026-07-31,In Stock
853,63,205,148,21,2025-03-17,In Stock
3644,95,874,391,24,2025-06-19,In Stock
468,4,675,379,45,2025-09-12,In Stock
15658,4,205,439,81,2024-12-01,In Stock
2617,7,957,111,32,2025-02-23,In Stock
11244,79,102,399,91,2026-05-24,In Stock
11737,80,548,379,76,2025-07-15,In Stock
15533,65,769,30,37,2024-12-21,Low Stock
19394,44,346,55,15,2024-11-05,In Stock
10568,38,240,163,90,2024-11-11,In Stock
4768,31,655,153,58,2026-03-25,In Stock
14001,74,802,361,91,2026-04-16,In Stock
15403,69,836,478,57,2026-03-13,In Stock
8514,51,569,228,54,2024-10-17,In Stock
2387,93,48,316,93,2026-05-13,In Stock
737,80,909,82,55,2025-10-12,In Stock
13941,32,978,47,58,2024-06-22,Low Stock
19105,16,611,478,83,2026-01-02,In Stock
9900,93,599,-100,65,2024-07-29,Out of Stock
3911,45,869,196,53,2024-12-12,In Stock
451,94,847,-100,16,2026-08-10,Out of Stock
11419,10,201,405,76,2024-07-28,In Stock
2911,9,940,23,93,2025-09-02,Low Stock
7308,93,151,418,91,2024-11-28,In Stock
15727,56,312,139,18,2025-02-04,In Stock
8529,100,438,86,43,,In Stock
14362,88,459,426,12,2026-02-15,In Stock
13527,59,217,95,13,2025-12-09,In Stock
16173,53,826,293,83,2025-06-09,In Stock
19157,89,94,282,70,2024-04-11,In Stock
12617,85,635,451,56,2026-03-26,In Stock
15171,7,524,478,100,2024-01-21,In Stock
1145,55,683,463,95,2025-04-19,In Stock
11702,63,384,150,76,2026-08-13,In Stock
12928,29,87,354,78,,In Stock
14402,28,941,287,53,2026-07-10,In Stock
7986,53,589,48,52,2025-03-29,Low Stock
18102,9,763,81,49,2024-03-26,In Stock
5889,27,825,376,44,2026-03-10,In Stock
8461,56,565,255,41,2024-03-23,In Stock
12619,10,799,199,89,2024-09-28,In Stock
42,1387,772,136,27,2026-07-09,In Stock
3913,48,875,105,76,2026-07-29,In Stock
2146,34,219,211,79,2026-02-10,In Stock
2309,13,288,469,90,2026-06-04,In Stock
16712,91,979,116,17,2024-08-04,In Stock
18801,52,314,24,58,2026-03-07,Low Stock
14927,31,972,13,11,2025-05-02,In Stock
5864,77,515,117,43,2025-02-02,In Stock
2035,62,322,245,53,2026-07-26,In Stock
1124,72,766,6,18,2025-03-02,Low Stock
3508,68,777,74,31,2024-03-04,In Stock
9071,65,775,271,78,2024-10-20,In Stock
16680,100,422,438,23,2024-03-07,In Stock
18124,80,17895,461,54,2025-06-12,In Stock
6877,15,95,496,61,2025-04-08,In Stock
19558,11,189,56,81,2026-08-13,Low Stock
1348,3,868,290,90,2024-06-23,In Stock
7512,46,446,280,72,2024-05-06,In Stock
8261,58,22,265,84,2026-07-25,In Stock
18528,18,189,90,71,2025-12-30,In Stock
5815,54,551,25,45,2024-12-17,Low Stock
4418,38,690,108,87,2026-05-26,In Stock
9902,56,39,225,13,2026-01-29,In Stock
13605,74,46,259,32,2024-04-22,In Stock
3777,88,983,5,61,2025-08-26,Low Stock
14782,67,854,373,54,2025-09-23,In Stock
16111,61,232,184,78,2025-10-30,In Stock
16866,50,309,196,79,2024-10-07,In Stock
36,24,909,50,41,2025-02-24,In Stock
4161,55,45,452,49,2025-02-16,In Stock
4672,64,233,34,56,2026-03-29,Low Stock
16570,69,66,337,32,2025-12-28,In Stock
5023,30,502,477,65,2025-05-06,In Stock
706,66,900,452,72,2024-02-22,In Stock
13874,36,670,290,75,2024-01-10,In Stock
14394,76,185,306,67,2024-11-22,In Stock
10102,34,277,437,24,2026-02-28,In Stock
5473,100,241,16,60,2026-03-18,Low Stock
4376,99,189,287,30,2024-03-17,In Stock
13166,23,751,225,51,2024-09-03,In Stock
16903,28,853,58,54,2025-10-14,In Stock
5801,77,104,210,35,2026-07-31,In Stock
10206,64,950,199,39,2025-05-31,In Stock
19461,31,204,190,37,2025-07-22,In Stock
7450,91,439,121,40,2024-05-03,In Stock
17222,88,648,269,81,2026-04-24,In Stock
4462,4,820,80,79,2026-04-05,In Stock
16495,77,398,67,19,2024-08-31,In Stock
2003,23,660,37,11,2026-06-30,In Stock
3618,16,565,376,65,2024-03-11,In Stock
9422,57,772,197,87,2025-05-13,In Stock
4166,62,814,231,22,2025-08-02,In Stock
12837,77,320,354,41,2025-01-12,In Stock
18740,5,82,321,60,2025-01-12,In Stock
2931,86,339,248,77,2025-12-01,In Stock
15274,24,826,321,85,2026-02-23,In Stock
2905,75,355,430,44,2026-06-06,In Stock
7286,21,995,161,63,2024-04-13,In Stock
4035,49,36,105,72,2026-07-27,In Stock
11807,10,10290,250,58,2024-09-20,In Stock
7569,39,347,477,47,2026-06-01,In Stock
11800,64,265,10,83,2025-02-08,Low Stock
19332,16,61,258,76,2026-03-03,In Stock
17110,5,468,158,52,2026-02-13,In Stock
13056,25,169,325,91,2025-08-23,In Stock
1867,11,453,160,85,2024-09-10,In Stock
8391,38,817,9,42,2025-11-13,Low Stock
6959,99,611,104,63,2025-12-27,In Stock
17119,14,808,337,83,,In Stock
19158,11,318,86,71,2025-09-12,In Stock
4297,59,404,274,22,2024-06-04,In Stock
652,7,793,105,47,2024-12-13,In Stock
15644,77,407,108,19,2024-01-25,In Stock
11445,4,772,423,36,2025-06-16,In Stock
4392,89,30,104,53,2025-09-22,In Stock
4259,63,737,222,44,2025-07-27,In Stock
18331,81,403,22,-20,2025-12-24,In Stock
15015,64,481,229,0,2025-07-16,In Stock
4046,47,713,470,14,2024-05-30,In Stock
8055,60,618,450,86,2026-05-07,In Stock
18,11,695,215,95,2024-07-29,In Stock
16917,28,92,218,49,2026-01-09,In Stock
17446,34,260,403,60,2026-04-30,In Stock
11898,62,347,202,74,2025-07-11,In Stock
13216,8,332,368,92,,In Stock
16761,36,726,28,33,2024-01-01,Low Stock
15032,76,685,323,97,2024-05-05,In Stock
5717,22,915,245,94,2025-01-23,In Stock
9640,64,673,439,51,2025-02-09,In Stock
8888,80,74,156,100,2024-11-03,In Stock
6791,20,6,47,85,2025-12-16,Low Stock
648,6,548,43,99,2024-03-07,Low Stock
7218,1,41,449,18,2025-04-01,In Stock
5924,28,824,482,45,2025-03-28,In Stock
2215,38,196,342,48,2026-02-06,In Stock
1322,1,17,345,13,2026-08-23,In Stock
3976,83,308,206,32,2025-06-11,In Stock
17311,95,852,396,31,2025-09-04,In Stock
1906,95,495,66,36,2024-05-29,In Stock
13675,44,927,409,53,2024-08-02,In Stock
3980,79,970,2,78,2025-08-25,Low Stock
14223,94,250,432,55,2026-01-19,In Stock
16552,57,511,37,40,2025-05-14,Low Stock
2208,21,509,84,49,2025-06-27,In Stock
4520,98,441,174,71,2025-08-09,In Stock
4004,45,273,228,34,2025-03-10,In Stock
17853,73,595,378,13,2024-11-11,In Stock
1430,34,116,317,49,2026-05-05,In Stock
19613,4,69,445,20,2025-11-30,In Stock
17543,38,431,449,76,2024-01-18,In Stock
218,34,829,441,55,2025-09-28,In Stock
11863,98,986,407,80,2024-11-14,In Stock
14241,8,92,451,19,2024-03-06,In Stock
1397,47,614,346,-5,2026-06-19,In Stock
17114,6,918,393,44,2026-04-12,In Stock
19873,86,688,221,87,2026-06-06,In Stock
13684,31,189,10,27,2026-07-16,Low Stock
6007,56,895,418,58,2024-08-14,In Stock
1740,79,689,405,36,2026-01-31,In Stock
15681,51,308,167,24,2024-06-16,In Stock
11966,97,401,201,86,2026-04-04,In Stock
8841,5,449,153,38,2024-01-08,In Stock
17917,46,469,-100,23,2024-06-25,Out of Stock
12256,55,907,482,47,2027-01-17,In Stock
13355,46,720,439,71,2027-07-24,In Stock
10111,34,381,156,95,2024-06-21,In Stock
6428,63,377,476,25,2026-06-06,In Stock
7703,78,422,59,55,2027-06-18,In Stock
4731,70,740,294,31,2024-03-12,In Stock
17830,5,837,101,97,2024-07-19,In Stock
14379,13,391,43,71,2025-09-13,Low Stock
6893,54,247,259,21,2024-05-04,In Stock
9694,28,919,129,58,2026-05-10,In Stock
7169,74,996,305,79,2024-10-10,In Stock
1839,25,511,196,12,2026-06-06,In Stock
2865,51,442,198,83,2026-06-11,In Stock
13213,32,751,244,25,2025-04-19,In Stock
6886,83,881,385,86,2026-06-20,In Stock
2519,30,170,162,29,2026-03-08,In Stock
11888,35,672,440,57,2025-02-21,In Stock
17402,68,88,260,67,2025-03-09,In Stock
388,75,114,66,77,2025-07-19,Low Stock
11935,12,156,203,59,2026-01-22,In Stock
15881,40,174,455,71,2025-10-28,In Stock
9852,6,231,147,83,2024-01-24,In Stock
4308,42,138,257,95,2025-02-16,In Stock
1036,88,5,175,11,2025-01-27,In Stock
18293,52,365,487,35,2024-05-01,In Stock
8026,64,388,301,77,2025-05-14,In Stock
842,74,845,399,85,2024-12-19,In Stock
7467,29,181,223,31,2024-04-05,In Stock
16546,4,741,71,41,2026-02-26,In Stock
3589,1,185,314,42,2024-08-01,In Stock
7908,96,153,431,37,2025-04-14,In Stock
4697,48,128,147,73,2025-06-04,In Stock
12431,30,502,268,59,2024-04-18,In Stock
12961,37,805,416,65,2024-08-20,In Stock
19746,71,611,372,56,2026-06-16,In Stock
3019,94,806,161,62,2024-08-05,In Stock
14707,38,89,302,17,2024-02-03,In Stock
16122,96,13523,81,75,2024-10-08,In Stock
4144,98,665,213,25,2026-06-01,In Stock
18787,17,50,60,11,2024-08-18,In Stock
18587,1377,429,422,79,2024-07-27,In Stock
15867,78,92,338,74,2025-03-28,In Stock
12939,14,626,374,17,2025-11-23,In Stock
12986,73,93,410,76,2024-12-04,In Stock
9726,33,188,210,100,2024-02-19,In Stock
14626,60,782,100,49,2026-07-06,In Stock
2066,57,885,258,56,2025-03-18,In Stock
4547,70,21,473,46,2024-03-07,In Stock
18810,80,173,496,24,2025-11-23,In Stock
1445,79,124,444,39,2024-09-26,In Stock
3078,64,124,161,58,,In Stock
1373,56,340,42,88,2026-05-31,Low Stock
279,19,725,385,73,2026-02-05,In Stock
10128,89,162,121,63,,In Stock
3965,97,936,358,52,2026-01-17,In Stock
9290,92,617,245,97,2024-03-25,In Stock
514,36,849,335,10,2024-07-20,In Stock
3844,30,746,122,59,2024-08-12,In Stock
4346,41,615,53,83,2026-05-17,Low Stock
6260,38,264,103,60,2025-01-19,In Stock
12079,19,653,480,72,2024-09-09,In Stock
3209,48,530,448,36,2024-03-19,In Stock
4008,97,461,26,67,2026-08-05,Low Stock
8782,16,99,432,63,2024-03-13,In Stock
6518,12,898,197,27,2024-10-24,In Stock
8510,29,214,408,52,2024-12-12,In Stock
18632,94,40,251,77,2025-12-29,In Stock
5577,56,647,322,44,2024-11-05,In Stock
8193,37,972,206,97,2025-07-20,In Stock
5941,39,976,47,91,2024-11-17,Low Stock
13834,92,25,418,16,2024-03-09,In Stock
9316,29,748,490,68,2025-05-16,In Stock
16878,78,759,452,65,2024-09-22,In Stock
15679,74,80,152,52,2025-03-03,In Stock
5702,23,267,8,40,2024-02-26,Low Stock
19480,92,497,418,56,2024-06-26,In Stock
6329,26,615,322,73,2025-08-06,In Stock
13317,6,791,279,19,2025-08-02,In Stock
7435,58,414,260,17,2025-05-26,In Stock
14477,90,934,357,-20,2026-05-24,In Stock
8196,28,298,94,57,,In Stock
14420,5,186,419,63,2026-07-18,In Stock
18844,85,18,336,-5,2026-04-14,In Stock
5961,55,961,260,67,2024-11-29,In Stock
10969,62,43,180,14,2024-02-01,In Stock
18299,33,387,1,91,2025-06-28,Low Stock
7956,85,354,1,0,2026-03-26,In Stock
17629,82,480,9,45,2024-09-14,Low Stock
3480,88,285,206,84,2024-04-14,In Stock
16172,89,343,425,82,2024-06-07,In Stock
1706,45,451,243,34,2025-08-14,In Stock
6353,58,135,430,78,2024-12-08,In Stock
16505,96,834,493,61,2025-10-31,In Stock
18841,22,716,-1,53,2025-11-27,Out of Stock
477,76,659,225,19,2026-10-02,In Stock
16021,1,177,374,-5,2025-06-04,In Stock
16675,2,238,235,48,2025-09-22,In Stock
12705,94,80,342,28,2024-08-31,In Stock
6069,1,196,54,10,2025-12-31,In Stock
17577,16,51,81,22,2024-01-22,In Stock
17976,61,475,288,100,2025-12-09,In Stock
11346,1966,583,462,59,2025-05-28,In Stock
4950,9,641,70,42,,In Stock
9376,14,106,47,31,2024-02-03,In Stock
7336,71,112,468,72,2024-01-23,In Stock
14353,1593,67,140,38,2024-12-15,In Stock
4668,13,225,42,56,2024-12-22,Low Stock
13588,22,650,406,86,,In Stock
971,47,222,494,92,2025-06-01,In Stock
12566,25,315,244,16,2025-02-28,In Stock
6815,62,392,287,62,2026-02-14,In Stock
5573,82,345,84,68,2026-01-26,In Stock
17479,45,66,-1,81,2025-07-09,Out of Stock
17025,3,55,341,56,2025-04-28,In Stock
16803,95,376,148,33,,In Stock
2813,9,971,384,40,2024-07-02,In Stock
8687,62,464,270,44,2025-08-02,In Stock
8846,23,769,329,61,2024-09-02,In Stock
10634,30,775,133,-5,2024-09-23,In Stock
9933,17,407,155,31,2025-01-22,In Stock
19067,55,521,169,39,2026-03-19,In Stock
18551,40,356,29,70,2026-07-26,Low Stock
12050,25,134,384,80,2024-10-13,In Stock
18420,22,128,275,41,2024-01-14,In Stock
17086,73,342,160,57,2024-05-06,In Stock
15943,29,121,90,22,2024-11-21,In Stock
734,12,669,303,71,2025-07-24,In Stock
4187,89,303,192,68,2024-06-24,In Stock
9641,39,973,170,35,2024-06-14,In Stock
10126,72,459,400,74,2025-04-19,In Stock
9358,76,696,400,0,2025-01-09,In Stock
7052,99,610,3,45,2026-04-26,Low Stock
15751,18,940,371,50,2024-08-23,In Stock
10134,40,997,212,100,2024-01-20,In Stock
16558,59,401,406,56,2024-08-26,In Stock
12628,51,695,28,48,2024-08-28,Low Stock
19750,91,693,416,20,2024-03-23,In Stock
19905,73,116,4,91,2025-11-11,Low Stock
7776,45,67,218,84,2025-06-29,In Stock
19993,19,641,464,100,2024-10-29,In Stock
18489,68,833,283,31,2025-06-06,In Stock
13427,73,174,472,21,2024-02-15,In Stock
12595,55,756,337,87,2025-09-08,In Stock
15392,64,104,153,32,2024-09-28,In Stock
7222,4,562,480,58,2025-06-26,In Stock
9238,73,66,50,59,2025-10-07,Low Stock
7794,29,976,166,53,2024-05-06,In Stock
6280,47,402,344,98,2024-08-13,In Stock
19884,16,379,335,65,,In Stock
1442,87,723,324,94,2025-05-25,In Stock
15670,53,448,446,19,2024-03-20,In Stock
7104,34,619,129,27,2026-04-21,In Stock
10899,54,407,347,15,2025-09-23,In Stock
15799,79,141,365,94,2024-12-24,In Stock
19703,23,338,189,13,2025-11-07,In Stock
5666,86,809,362,41,2024-06-18,In Stock
3129,71,840,347,31,2025-03-04,In Stock
2445,12,86,394,86,2025-04-25,In Stock
5509,14,527,218,13,2026-05-08,In Stock
13152,33,850,162,49,2026-06-30,In Stock
6429,16,328,142,25,2025-03-11,In Stock
17670,100,619,119,53,,In Stock
12115,1,366,44,16,2024-12-12,In Stock
2989,21,16845,98,0,2026-01-29,In Stock
3367,46,813,50,59,2025-05-19,Low Stock
18538,26,888,359,0,2025-05-20,In Stock
3849,58,379,211,96,2024-10-11,In Stock
13303,40,670,257,38,2025-03-28,In Stock
4085,2,460,111,16,2025-02-12,In Stock
922,29,340,486,99,2025-09-08,In Stock
1087,83,445,387,61,2025-12-20,In Stock
3579,53,676,9,24,2024-12-28,Low Stock
10302,13,569,161,40,2024-08-25,In Stock
961,74,575,297,34,2024-12-31,In Stock
2754,29,250,208,17,2025-09-30,In Stock
13025,73,237,61,99,2024-05-27,Low Stock
12535,90,98,268,89,2024-10-05,In Stock
1363,74,260,154,86,2024-04-21,In Stock
10158,97,254,494,44,2024-10-27,In Stock
14303,69,345,130,63,2024-02-20,In Stock
16007,6,263,381,27,2026-04-03,In Stock
13915,27,768,218,-20,2026-05-26,In Stock
2233,65,317,484,45,2026-02-14,In Stock
10384,28,780,119,62,2024-12-01,In Stock
2546,57,650,72,57,2026-06-22,In Stock
14160,46,476,158,33,2024-01-13,In Stock
9807,56,201,451,38,2026-03-19,In Stock
5785,63,221,470,32,2024-11-30,In Stock
17272,37,613,498,44,2026-07-01,In Stock
8930,94,587,306,49,2025-02-09,In Stock
5228,90,358,273,75,2025-06-16,In Stock
9321,67,11,422,11,2025-07-20,In Stock
18259,21,390,314,26,2025-06-12,In Stock
13766,70,313,138,95,2025-10-04,In Stock
2130,48,793,375,76,2025-12-11,In Stock
3799,80,115,96,17,2024-07-19,In Stock
13004,37,855,169,14,2024-05-07,In Stock
6848,49,954,414,21,2025-09-09,In Stock
17469,28,407,372,18,2024-09-30,In Stock
2700,63,189,310,63,2024-01-11,In Stock
8624,15,660,418,98,2025-07-14,In Stock
12661,44,220,282,95,2024-01-24,In Stock
5144,81,466,140,44,2025-11-04,In Stock
1384,81,471,485,18,2026-05-22,In Stock
19836,49,947,184,48,2027-01-24,In Stock
18393,7,233,186,38,2026-03-12,In Stock
13469,26,958,372,70,2026-01-29,In Stock
3266,50,277,380,62,2026-05-07,In Stock
7439,63,654,140,37,2024-04-29,In Stock
15801,7,708,171,93,2026-07-18,In Stock
5762,59,115,273,96,2026-08-13,In Stock
170,100,72,447,36,2025-08-04,In Stock
15645,72,412,475,55,2025-12-06,In Stock
8424,92,429,497,48,2026-02-13,In Stock
10697,19,444,221,38,2026-04-28,In Stock
18159,86,393,333,22,2024-05-23,In Stock
14985,57,633,179,19,2025-03-11,In Stock
16636,63,382,166,20,2025-02-20,In Stock
17799,9,790,22,97,2026-01-13,Low Stock
6452,11,865,126,37,2026-06-26,In Stock
12760,66,569,236,21,2025-03-20,In Stock
9586,28,1,271,83,2025-07-31,In Stock
7616,65,874,365,27,2026-03-03,In Stock
6718,57,78,53,81,2025-03-18,Low Stock
12981,92,743,215,41,2024-05-29,In Stock
138,5,687,79,80,2026-06-05,Low Stock
8959,56,524,395,73,2024-09-22,In Stock
9565,79,741,54,55,2025-05-01,Low Stock
11774,50,313,135,53,2025-05-31,In Stock
2930,3,261,388,91,2025-12-10,In Stock
13121,95,923,300,30,2026-01-30,In Stock
12091,61,238,329,66,2024-07-05,In Stock
14436,58,223,266,60,2024-04-16,In Stock
17468,92,313,215,17,2024-04-15,In Stock
2535,72,930,298,33,2025-01-09,In Stock
19007,55,150,499,70,2025-03-30,In Stock
15839,12,430,366,56,2025-05-05,In Stock
9273,9,380,318,78,,In Stock
16254,5,967,167,47,2025-04-13,In Stock
3336,18,22,205,38,2025-04-13,In Stock
19290,30,365,41,19,2026-08-14,In Stock
10625,31,885,143,15,2026-03-28,In Stock
7761,5,459,157,52,2024-12-15,In Stock
19024,30,14,260,52,2025-10-30,In Stock
11347,66,691,283,33,2024-01-30,In Stock
1398,65,505,457,78,2025-11-04,In Stock
10597,68,391,362,26,2026-05-29,In Stock
16433,80,588,127,55,2025-03-26,In Stock
8095,21,434,188,-5,2024-11-13,In Stock
10283,43,729,-1,50,2024-08-21,Out of Stock
2784,12,508,316,53,2024-01-15,In Stock
18735,90,24,460,65,2024-02-06,In Stock
18493,64,318,11,45,2025-03-14,Low Stock
17947,100,451,420,88,2025-01-03,In Stock
4069,77,204,281,14,2025-10-07,In Stock
9427,32,166,41,67,2024-02-27,Low Stock
5019,51,475,210,78,2024-04-30,In Stock
5997,71,923,470,85,2025-08-15,In Stock
16980,88,367,7,12,2025-01-25,Low Stock
10348,41,952,248,89,2024-12-10,In Stock
6467,14,953,-100,-20,2025-04-03,Out of Stock
19079,18,335,318,39,2024-06-08,In Stock
9768,93,710,479,26,2025-12-01,In Stock
2086,14,727,135,24,2025-04-24,In Stock
13076,38,664,51,62,2024-09-23,Low Stock
18647,99,178,50,21,2024-01-25,In Stock
6651,64,278,171,22,2026-05-31,In Stock
13432,17,797,437,11,2025-12-22,In Stock
10037,66,825,376,13,2025-04-08,In Stock
16890,27,760,249,19,2025-01-26,In Stock
7696,19,601,141,93,2024-10-13,In Stock
3493,88,963,329,87,2026-01-05,In Stock
6225,43,33,471,60,2026-02-14,In Stock
7459,81,22,64,64,2025-10-30,Low Stock
6249,37,310,98,26,2024-08-01,In Stock
17823,48,292,464,91,2025-08-22,In Stock
5294,43,493,150,56,2024-10-18,In Stock
4775,1442,297,48,77,2025-11-12,Low Stock
2688,66,338,43,33,2024-08-04,In Stock
7812,53,121,48,32,2025-08-31,In Stock
11344,60,899,214,87,2025-05-27,In Stock
10455,22,924,186,72,2026-02-19,In Stock
16538,74,828,253,36,2026-05-31,In Stock
16737,87,365,184,39,2024-12-02,In Stock
9892,93,368,465,64,2024-11-28,In Stock
12736,56,800,434,75,2024-07-02,In Stock
1600,52,408,416,79,2024-07-03,In Stock
715,88,30,440,49,2024-07-15,In Stock
9446,21,957,319,77,2024-07-20,In Stock
13255,69,999,144,57,2026-04-04,In Stock
13074,62,41,138,94,2025-09-28,In Stock
14748,30,473,3,100,2026-01-28,Low Stock
12141,75,4,424,90,2026-05-13,In Stock
13910,70,39,84,31,2025-04-05,In Stock
8232,16,97,349,48,2025-05-21,In Stock
17443,64,370,495,91,2024-08-17,In Stock
7,41,464,235,66,2025-11-21,In Stock
17363,78,742,416,51,2024-03-03,In Stock
9869,34,513,-100,18,2024-08-25,Out of Stock
10167,28,524,384,15,2024-12-11,In Stock
10278,22,433,162,84,2025-08-30,In Stock
11057,55,384,326,40,2024-10-30,In Stock
17270,79,642,459,98,2024-08-16,In Stock
14312,6,904,86,91,2025-10-31,Low Stock
5027,37,318,334,28,2025-02-16,In Stock
10027,65,872,225,37,2026-04-28,In Stock
8338,54,314,224,76,2024-01-09,In Stock
7614,81,584,311,66,2025-02-17,In Stock
9368,26,568,4,71,2024-07-12,Low Stock
18790,29,817,312,67,2025-05-10,In Stock
17156,24,288,289,78,2024-02-03,In Stock
4573,25,231,346,69,2024-05-23,In Stock
15231,94,185,370,34,2024-12-07,In Stock
19918,44,851,337,77,2024-07-06,In Stock
4642,40,805,213,100,2025-05-24,In Stock
1024,27,501,475,48,2025-06-24,In Stock
6704,97,262,463,57,2025-12-27,In Stock
16129,1,755,271,16,2026-02-07,In Stock
11920,61,508,224,83,2024-06-24,In Stock
12933,50,358,15,75,2026-01-10,Low Stock
19985,48,148,199,50,2024-02-08,In Stock
4286,34,350,415,54,2025-10-06,In Stock
9709,54,131,296,74,2026-08-06,In Stock
2623,32,89,106,14,2024-01-21,In Stock
8441,81,184,34,85,2024-11-18,Low Stock
15947,68,987,111,80,2024-07-20,In Stock
7657,84,69,95,49,2026-07-03,In Stock
16069,51,143,332,23,2024-09-11,In Stock
13403,18,180,190,66,2026-06-23,In Stock
8375,6,16330,420,52,2026-03-27,In Stock
15496,20,612,21,88,2025-04-04,Low Stock
11215,90,278,54,100,2024-04-27,Low Stock
3845,44,566,453,81,2024-01-12,In Stock
18173,27,210,335,63,2026-05-05,In Stock
14536,9,854,103,76,2025-10-27,In Stock
2112,59,394,492,74,2024-11-12,In Stock
19571,1,39,344,47,2024-02-03,In Stock
3069,81,969,214,84,2025-11-25,In Stock
16853,73,803,348,52,2024-10-11,In Stock
3560,86,249,284,54,2026-01-14,In Stock
19602,100,548,354,20,2025-07-31,In Stock
18517,66,802,259,91,2024-09-27,In Stock
5223,78,702,85,33,2025-03-03,In Stock
18611,55,551,219,40,2026-06-12,In Stock
13718,71,694,275,85,2024-07-18,In Stock
559,21,818,112,44,2025-02-12,In Stock
10330,2,408,336,22,2025-06-21,In Stock
17491,57,850,467,80,2026-08-03,In Stock
19187,3,389,302,31,2025-10-09,In Stock
16132,95,459,37,76,2025-08-18,Low Stock
12292,55,504,381,53,2024-06-13,In Stock
17598,48,94,455,82,2024-12-15,In Stock
11271,27,755,93,13,2026-08-11,In Stock
8917,100,426,67,98,2025-12-21,Low Stock
19313,95,482,192,31,2025-12-14,In Stock
8286,25,262,401,24,2024-05-31,In Stock
12520,47,410,29,15,2026-04-28,In Stock
18007,40,179,272,69,2025-03-10,In Stock
3316,28,951,488,41,2024-01-31,In Stock
8883,71,112,108,54,2025-06-16,In Stock
11629,31,808,201,50,2025-11-03,In Stock
10091,12,38,-1,35,2025-06-10,Out of Stock
17921,46,672,175,64,2025-02-22,In Stock
8243,29,800,437,68,2024-01-18,In Stock
1471,19,736,243,64,2025-03-14,In Stock
2679,98,118,11,96,,Low Stock
8620,23,649,211,73,2026-07-22,In Stock
18114,25,841,395,19,2024-09-17,In Stock
4601,9,45,40,27,2025-10-05,In Stock
18103,67,361,342,48,2025-07-19,In Stock
19091,59,669,215,-5,2025-01-13,In Stock
4619,76,88,228,59,2025-06-08,In Stock
15895,21,955,164,93,2025-09-19,In Stock
5184,26,570,2,80,2024-09-07,Low Stock
14226,90,426,468,21,2025-01-13,In Stock
6286,64,475,-50,68,2025-02-25,Out of Stock
5806,73,717,363,27,2025-03-03,In Stock
10734,53,284,55,53,2026-07-30,In Stock
16535,40,574,464,41,2026-01-27,In Stock
11106,3,512,321,94,2026-03-12,In Stock
2253,62,927,264,21,2024-02-16,In Stock
19841,93,893,339,97,2024-01-25,In Stock
16395,90,692,158,21,2026-05-28,In Stock
1870,49,503,356,45,2026-01-22,In Stock
9003,65,210,387,43,2025-06-16,In Stock
9665,96,627,407,34,2025-03-15,In Stock
14852,1869,169,311,25,2024-08-04,In Stock
10927,17,610,72,55,2024-09-05,In Stock
6889,55,720,339,67,2025-05-10,In Stock
5934,76,554,163,78,2026-07-16,In Stock
15467,83,631,25,46,2024-05-25,Low Stock
1200,39,81,239,58,2024-12-24,In Stock
3426,89,135,105,43,2024-04-13,In Stock
8060,86,870,391,76,2027-07-14,In Stock
1278,99,848,29,58,2024-05-18,Low Stock
8777,83,660,107,53,2024-04-21,In Stock
6548,24,288,447,58,2026-07-16,In Stock
3683,14,539,388,83,2025-07-28,In Stock
716,16,892,273,47,2024-12-01,In Stock
1671,57,754,451,35,2026-01-26,In Stock
6642,43,238,372,13,2025-02-20,In Stock
17688,28,442,329,88,2024-11-25,In Stock
13196,27,48,186,25,,In Stock
7426,40,2,219,32,2025-03-22,In Stock
362,19,603,387,93,2025-11-16,In Stock
3708,79,486,425,43,2024-11-17,In Stock
10008,9,973,125,58,2024-06-19,In Stock
15511,1075,780,55,91,2024-05-27,Low Stock
9398,52,37,302,37,2024-01-15,In Stock
9858,35,552,104,67,2024-08-01,In Stock
16224,33,955,50,89,2026-02-05,Low Stock
6504,30,356,107,85,2026-05-10,In Stock
14667,40,761,6,19,2025-06-05,Low Stock
2767,96,13,327,37,2025-03-20,In Stock
4725,97,298,86,38,2026-01-27,In Stock
17012,90,541,212,65,2024-03-21,In Stock
5562,74,129,465,36,2026-01-20,In Stock
8143,51,752,429,95,2024-07-12,In Stock
13395,22,374,262,18,2026-01-06,In Stock
19538,48,90,134,14,2025-08-31,In Stock
7701,98,129,316,38,2024-06-19,In Stock
1158,99,318,401,40,2026-08-06,In Stock
10266,25,82,33,53,2025-04-23,Low Stock
17247,60,540,159,91,2024-12-31,In Stock
14570,78,967,453,71,2024-07-19,In Stock
15561,87,709,112,42,2024-07-08,In Stock
461,1344,633,361,54,2026-02-05,In Stock
5225,50,816,355,49,2024-11-23,In Stock
18833,84,318,321,29,2024-05-10,In Stock
6246,41,745,62,68,,Low Stock
292,74,326,144,37,2025-04-24,In Stock
9924,1,965,72,62,2024-10-27,In Stock
11342,84,73,243,81,2024-01-17,In Stock
7316,75,82,276,43,2024-06-11,In Stock
14564,21,512,316,58,2025-08-22,In Stock
15767,64,698,405,17,2025-04-28,In Stock
19723,20,392,398,82,2024-02-08,In Stock
3275,96,648,469,23,2026-05-12,In Stock
6408,36,62,248,14,2024-10-21,In Stock
15327,45,761,179,100,2025-01-11,In Stock
16973,26,217,383,68,2025-08-25,In Stock
13665,82,470,450,79,2024-02-02,In Stock
13642,60,160,-10,44,2024-09-04,Out of Stock
10369,90,577,213,23,2024-12-08,In Stock
12646,87,216,161,-5,2024-05-14,In Stock
4157,42,931,490,95,2026-01-31,In Stock
8098,76,876,332,97,2024-04-10,In Stock
14133,2,785,499,59,2025-01-05,In Stock
18921,4,791,224,62,2024-12-29,In Stock
10605,84,596,19,22,2026-06-07,Low Stock
18583,65,190,-50,85,2024-10-20,Out of Stock
14035,25,500,148,53,2026-01-12,In Stock
17934,7,798,209,69,2026-07-14,In Stock
901,28,837,86,71,2025-01-16,In Stock
2280,85,583,466,-20,2025-09-26,In Stock
7415,34,959,368,62,2026-01-16,In Stock
14916,3,506,337,95,2025-04-17,In Stock
13571,20,145,450,63,2025-08-27,In Stock
5385,100,54,430,73,2024-03-18,In Stock
11899,16,939,176,80,2024-05-16,In Stock
260,27,547,456,18,2026-01-08,In Stock
11236,47,654,463,54,2024-06-21,In Stock
19788,99,839,342,16,2025-05-04,In Stock
16346,37,438,149,100,2026-01-22,In Stock
17254,57,721,454,58,2024-04-07,In Stock
8087,89,443,225,84,2025-07-10,In Stock
231,33,344,439,69,2025-10-15,In Stock
11700,13,116,137,70,2024-12-01,In Stock
3036,67,682,263,55,2024-12-07,In Stock
3883,15,127,84,0,2025-05-29,In Stock
8289,48,948,498,75,2026-03-26,In Stock
13437,77,690,245,67,2026-01-01,In Stock
13949,41,611,214,-20,2026-07-27,In Stock
3435,35,900,272,62,2025-06-16,In Stock
15398,26,816,110,26,2026-07-28,In Stock
16573,59,848,438,10,2026-05-29,In Stock
3489,29,652,265,17,2025-12-02,In Stock
15462,53,501,29,88,2024-09-01,Low Stock
18161,20,447,311,36,2024-08-09,In Stock
13143,89,522,284,100,2025-11-29,In Stock
6063,63,670,94,65,2024-11-22,In Stock
10685,26,50,406,19,2026-04-28,In Stock
15259,34,77,142,65,2024-05-17,In Stock
12525,97,880,404,72,2024-01-19,In Stock
10871,98,447,11,35,2025-10-29,Low Stock
5099,95,703,279,47,2026-03-18,In Stock
13214,45,871,163,71,2026-03-22,In Stock
12588,90,328,246,97,2026-03-29,In Stock
15596,39,377,-10,69,2025-01-22,Out of Stock
15489,39,403,437,26,2024-02-20,In Stock
11666,66,474,20,65,2024-10-04,Low Stock
2627,12,741,401,88,2026-05-17,In Stock
10778,39,420,139,71,2024-05-21,In Stock
13772,94,404,449,30,2025-06-27,In Stock
3534,4,598,471,93,2026-05-04,In Stock
3395,58,857,262,53,2024-09-03,In Stock
3462,75,341,376,72,2024-08-20,In Stock
6915,71,725,42,57,2026-03-17,Low Stock
9685,92,723,276,70,2025-01-30,In Stock
15057,24,472,422,31,2024-11-30,In Stock
19777,95,773,212,44,2024-02-09,In Stock
5413,28,72,390,90,2025-06-18,In Stock
12563,55,59,163,79,2025-06-27,In Stock
3837,51,341,113,58,2025-02-13,In Stock
2755,38,958,418,99,2025-02-02,In Stock
10761,93,828,19,84,2025-02-06,Low Stock
3624,81,979,22,82,2025-01-22,Low Stock
9976,70,659,440,82,2026-03-23,In Stock
5278,33,10,2,17,2027-07-20,Low Stock
10372,83,636,453,36,2025-06-14,In Stock
14933,53,645,488,35,2024-07-31,In Stock
5408,62,493,348,52,2025-05-05,In Stock
5712,80,705,449,11,2026-01-15,In Stock
11326,98,360,176,58,2025-09-27,In Stock
10141,10,810,308,75,2024-11-15,In Stock
19144,6,430,423,58,2026-05-29,In Stock
10868,17,42,245,62,2026-04-20,In Stock
6410,83,447,355,55,2024-04-02,In Stock
4463,6,290,310,94,2025-12-12,In Stock
7198,81,596,290,80,2025-11-08,In Stock
17871,65,276,95,51,2024-12-04,In Stock
18780,95,144,379,43,2025-05-04,In Stock
12053,80,441,169,63,2026-02-13,In Stock
11142,44,740,426,17,2026-06-28,In Stock
5051,82,605,176,25,2025-08-08,In Stock
4606,46,418,310,16,2026-04-15,In Stock
12538,64,436,43,64,2024-08-09,Low Stock
13609,1770,753,189,21,2025-06-15,In Stock
8690,54,997,296,60,2024-05-30,In Stock
1958,72,415,173,23,2024-04-11,In Stock
488,28,119,273,74,2025-04-07,In Stock
19411,55,533,341,20,2025-03-08,In Stock
3024,73,487,379,96,2025-02-11,In Stock
11442,54,792,46,39,2024-05-28,In Stock
16727,67,353,314,69,2025-09-30,In Stock
10217,6,23,245,54,2024-11-14,In Stock
9812,87,180,30,56,2024-10-01,Low Stock
12402,8,524,342,46,2024-09-09,In Stock
13338,23,667,429,82,2024-08-18,In Stock
12907,22,938,427,59,2025-03-24,In Stock
15890,5,114,66,0,2024-06-15,In Stock
13061,1,291,232,18,2025-08-17,In Stock
6546,66,696,220,18,2025-05-27,In Stock
12754,96,101,178,-20,2024-12-17,In Stock
15783,14,76,425,90,2024-02-05,In Stock
14375,32,575,339,27,2024-07-02,In Stock
18065,81,796,100,52,2024-05-31,In Stock
4141,93,529,73,19,2024-08-09,In Stock
4105,45,935,442,10,2024-04-10,In Stock
1021,94,881,293,83,,In Stock
5688,96,207,45,16,2026-07-19,In Stock
19900,43,58,478,44,2024-02-13,In Stock
16733,76,959,431,86,2024-09-15,In Stock
12515,25,772,344,48,2027-06-07,In Stock
11698,19,92,493,42,2024-02-24,In Stock
10224,41,955,214,47,2025-05-05,In Stock
8724,9,288,143,32,,In Stock
5837,28,676,64,62,2024-08-01,In Stock
13967,16,315,208,99,2026-06-30,In Stock
7704,75,375,103,10,2024-03-21,In Stock
15983,39,998,114,63,2025-11-08,In Stock
7158,26,486,249,41,2025-11-01,In Stock
7177,100,679,184,58,2026-07-13,In Stock
135,53,164,258,92,2025-08-23,In Stock
18377,7,279,302,11,2026-06-14,In Stock
9568,33,483,258,86,2025-02-17,In Stock
17847,66,652,53,17,2026-08-11,In Stock
14701,37,423,365,70,2025-03-11,In Stock
13985,57,375,272,95,2024-04-18,In Stock
16777,87,714,40,86,2025-12-07,Low Stock
15054,86,246,488,63,2026-01-09,In Stock
8469,53,963,103,20,2024-05-28,In Stock
4635,78,762,45,73,2025-04-23,Low Stock
6240,47,368,148,17,2025-03-29,In Stock
4746,81,513,209,52,2024-08-12,In Stock
8727,12,124,415,12,2026-06-06,In Stock
3003,21,17451,217,29,2024-04-02,In Stock
3920,1827,575,299,12,2024-02-14,In Stock
7889,58,270,125,57,2024-02-04,In Stock
16706,2,900,53,30,2026-08-09,In Stock
15579,39,439,93,14,2024-02-15,In Stock
486,20,78,474,56,2025-09-27,In Stock
5860,27,6,393,95,2025-06-07,In Stock
968,70,297,186,96,2025-08-16,In Stock
12070,50,740,367,78,2026-01-20,In Stock
8065,13,607,238,80,2025-08-05,In Stock
18313,88,171,459,14,,In Stock
12111,39,259,249,85,2024-04-17,In Stock
14215,29,20,144,32,2024-10-04,In Stock
19827,56,420,32,40,2025-08-11,Low Stock
2226,59,659,307,26,2024-08-27,In Stock
16593,27,896,80,32,2025-10-18,In Stock
3211,10,935,215,43,2024-01-23,In Stock
9660,59,34,331,59,2025-07-03,In Stock
13099,39,175,207,20,2024-12-27,In Stock
3212,40,522,474,28,2025-06-23,In Stock
13754,12,729,119,100,2024-03-17,In Stock
12386,53,506,193,59,,In Stock
6660,85,235,244,67,2025-03-23,In Stock
19645,78,631,32,86,2025-03-07,Low Stock
12668,18,923,202,64,2024-05-25,In Stock
15345,9,117,271,13,2025-10-23,In Stock
14152,16,329,250,71,2024-05-11,In Stock
8181,45,865,447,94,2024-12-14,In Stock
11016,43,821,42,32,,In Stock
12977,96,31,318,13,2025-04-28,In Stock
3935,24,201,421,80,2025-02-12,In Stock
2550,59,100,444,59,2025-04-09,In Stock
10765,95,453,79,26,2025-07-30,In Stock
17673,20,704,169,18,2024-03-20,In Stock
10415,75,21,68,23,2024-09-26,In Stock
8531,90,819,372,50,2026-03-29,In Stock
18965,63,916,152,40,2026-02-18,In Stock
19506,15,501,8,72,2026-03-02,Low Stock
14855,71,50,110,67,2024-01-10,In Stock
4008,97,461,26,67,2026-08-05,Low Stock
18814,95,548,271,70,2025-05-13,In Stock
15334,2,779,247,53,2024-05-15,In Stock
9758,59,569,164,54,2024-06-06,In Stock
6406,37,368,461,72,2024-04-03,In Stock
7503,35,209,122,10,2024-09-30,In Stock
18045,12,630,421,79,2025-04-22,In Stock
7299,2,298,480,38,2025-11-05,In Stock
602,95,187,288,63,2025-06-18,In Stock
8242,89,565,46,92,2025-06-07,Low Stock
14621,6,251,376,88,2026-01-29,In Stock
19654,29,4,72,97,2025-01-29,Low Stock
13189,15,578,357,61,2025-06-26,In Stock
4292,43,733,116,92,2026-08-04,In Stock
5392,9,345,472,78,2026-01-27,In Stock
4231,13,826,299,63,2024-01-28,In Stock
2168,57,838,387,60,2026-06-15,In Stock
17096,46,867,360,61,2024-07-04,In Stock
11200,45,17987,120,60,2024-08-02,In Stock
5853,26,415,200,17,2024-07-17,In Stock
18193,61,789,363,68,2025-05-01,In Stock
10676,7,2,288,86,2026-04-03,In Stock
5550,21,685,19,27,2025-05-27,Low Stock
10980,11,1000,69,90,2026-01-31,Low Stock
11507,45,671,286,10,2024-11-06,In Stock
11915,11,622,315,53,2026-03-28,In Stock
2625,99,317,475,33,2024-03-06,In Stock
3966,44,32,36,71,2026-07-26,Low Stock
5171,63,88,356,98,2026-06-14,In Stock
2546,57,650,72,57,2026-06-22,In Stock
6880,59,352,370,-5,2025-05-16,In Stock
4931,20,968,387,13,2025-06-15,In Stock
15847,91,833,479,20,2024-04-12,In Stock
742,44,306,285,11,2025-10-10,In Stock
412,61,704,98,53,2026-04-16,In Stock
16271,1462,700,147,65,2026-03-03,In Stock
17034,86,616,141,12,2024-07-30,In Stock
6707,34,99,243,100,2025-11-30,In Stock
13810,98,974,462,11,2024-11-04,In Stock
9962,21,130,32,67,2024-10-11,Low Stock
2498,38,622,-1,68,2024-11-29,Out of Stock
3753,36,527,455,0,2026-05-25,In Stock
11848,36,146,360,49,2025-11-29,In Stock
5006,86,224,82,51,2024-04-12,In Stock
2761,17,192,394,70,2026-06-05,In Stock
2076,66,883,36,84,2024-08-06,Low Stock
11727,42,694,58,61,2026-04-27,Low Stock
18606,88,761,186,75,2026-07-03,In Stock
18032,12,680,207,10,2024-04-16,In Stock
16819,26,840,435,76,2025-05-03,In Stock
14311,9,267,181,12,2024-04-18,In Stock
17937,26,527,487,88,2026-05-27,In Stock
14009,33,354,361,88,2024-11-24,In Stock
4967,37,562,189,63,2026-04-22,In Stock
12095,41,849,20,74,2024-11-06,Low Stock
287,65,657,276,32,2024-04-06,In Stock
1324,93,19,279,52,2026-07-25,In Stock
13977,79,207,146,50,2024-01-19,In Stock
3112,93,631,157,97,2024-03-05,In Stock
6149,6,706,233,69,2026-06-22,In Stock
10505,65,152,397,97,2025-10-14,In Stock
73,51,906,301,39,2025-03-25,In Stock
8125,87,660,197,63,2024-02-26,In Stock
411,27,644,471,75,2024-11-16,In Stock
12861,73,400,112,15,2025-06-19,In Stock
3740,32,511,83,19,2025-01-09,In Stock
18792,24,187,267,72,2027-04-10,In Stock
9390,5,115,131,96,2024-11-12,In Stock
5991,17,785,53,34,2024-01-02,In Stock
19759,72,69,139,87,2025-02-04,In Stock
7514,46,649,46,48,2024-07-15,Low Stock
13821,14,265,33,11,2024-12-17,In Stock
2523,42,624,479,93,2024-08-01,In Stock
12650,79,913,298,33,2025-11-17,In Stock
7204,21,901,2,94,2026-03-20,Low Stock
11185,27,324,312,67,2025-01-07,In Stock
8046,77,859,61,48,2024-03-12,In Stock
18110,40,232,380,46,2026-03-29,In Stock
17578,6,744,107,89,2024-06-14,In Stock
11842,7,608,459,23,2024-10-05,In Stock
9415,21,274,165,53,2024-06-23,In Stock
6368,75,549,235,29,2024-07-03,In Stock
4451,71,830,10,70,2025-09-18,Low Stock
6825,23,280,29,95,2024-01-20,Low Stock
9016,40,414,28,44,2025-06-06,Low Stock
6933,54,717,467,13,2025-11-07,In Stock
10329,82,351,133,99,2025-07-05,In Stock
2299,7,122,77,100,2025-11-29,Low Stock
8955,10,251,263,24,2026-08-12,In Stock
7357,49,206,414,72,2026-05-09,In Stock
14633,84,591,346,39,2024-06-22,In Stock
9672,15,237,139,88,2025-11-27,In Stock
15100,44,604,92,30,2025-04-18,In Stock
15892,5,815,458,78,2025-08-15,In Stock
17760,79,838,231,40,2025-03-26,In Stock
8281,88,513,212,90,2026-06-15,In Stock
3650,64,896,135,46,2024-11-01,In Stock
17117,62,419,317,56,2026-03-18,In Stock
1072,35,819,224,37,2024-11-20,In Stock
14206,5,296,219,84,2024-01-15,In Stock
19137,24,748,0,18,2024-12-27,Out of Stock
14188,17,327,148,82,2024-01-31,In Stock
19125,59,97,371,94,2024-05-20,In Stock
11196,47,487,315,52,2024-05-25,In Stock
2831,5,133,329,73,2024-09-02,In Stock
4014,36,849,221,91,2024-08-16,In Stock
15047,80,810,265,73,2024-02-22,In Stock
9774,95,874,378,23,2026-05-26,In Stock
7604,30,720,173,45,2025-05-13,In Stock
9809,30,45,449,46,2026-04-27,In Stock
7069,23,728,210,84,2024-11-11,In Stock
206,64,420,404,56,2024-03-27,In Stock
14207,68,352,18,48,2024-04-01,Low Stock
9150,1,256,498,100,2025-12-26,In Stock
10825,50,604,283,75,2026-02-20,In Stock
13406,91,30,218,31,2024-01-23,In Stock
13154,27,277,491,63,2025-11-04,In Stock
9653,86,471,466,39,2024-03-27,In Stock
18265,41,197,285,81,2025-01-21,In Stock
9326,87,688,-1,47,2026-03-28,Out of Stock
2678,45,993,69,69,2025-08-11,Low Stock
16858,17,611,215,62,2025-02-21,In Stock
12033,62,646,111,38,2026-04-25,In Stock
8956,93,955,400,73,2026-03-24,In Stock
8695,50,158,262,48,2025-01-30,In Stock
1732,85,282,443,84,2026-06-03,In Stock
13739,8,132,130,79,,In Stock
5113,90,334,76,41,2024-08-31,In Stock
4348,84,17911,-10,78,2024-11-22,Out of Stock
698,57,168,489,60,2024-07-06,In Stock
1006,14,440,462,42,2025-06-24,In Stock
13382,79,477,357,44,2024-01-11,In Stock
17418,84,562,12,76,2026-06-28,Low Stock
2772,26,677,90,72,2024-01-27,In Stock
11245,83,876,161,61,2025-07-05,In Stock
9865,35,211,420,38,2025-04-07,In Stock
13573,63,649,333,77,2024-08-27,In Stock
4903,3,315,193,27,2026-07-12,In Stock
12045,5,733,308,27,2025-07-16,In Stock
14132,1,520,466,40,2024-01-01,In Stock
18247,34,344,409,81,2024-03-03,In Stock
1030,86,489,460,98,2025-07-30,In Stock
10478,99,572,432,26,2025-10-22,In Stock
8890,68,117,126,70,2025-11-29,In Stock
10782,92,322,373,31,2024-06-23,In Stock
3490,55,296,313,43,2024-03-09,In Stock
9621,98,351,114,28,2025-07-02,In Stock
19015,60,868,92,40,2024-12-21,In Stock
10783,61,284,385,45,2024-01-18,In Stock
16600,18,298,164,55,2026-05-01,In Stock
5460,40,187,89,92,2024-01-25,Low Stock
17239,60,300,277,26,2025-01-09,In Stock
4611,80,211,476,23,2026-07-13,In Stock
9569,95,338,149,14,2024-04-11,In Stock
17496,58,675,247,95,2026-05-06,In Stock
10220,82,144,185,79,2024-09-06,In Stock
4412,43,48,321,90,2026-03-13,In Stock
10762,35,949,155,93,2024-04-18,In Stock
2102,62,305,254,86,2025-12-18,In Stock
12889,79,42,57,99,2026-03-28,Low Stock
102,63,889,289,44,2024-01-31,In Stock
4032,42,40,433,57,2025-06-19,In Stock
5763,80,689,21,67,2025-03-17,Low Stock
16109,19,391,2,58,2024-12-06,Low Stock
2744,63,920,257,19,2026-03-16,In Stock
10831,27,104,53,73,2026-05-05,Low Stock
17793,54,32,90,57,2024-05-17,In Stock
5512,61,100,142,26,2024-02-24,In Stock
17218,53,911,301,66,2024-08-24,In Stock
6731,50,910,218,47,2026-01-20,In Stock
6557,65,513,409,26,2024-10-19,In Stock
5946,73,432,463,84,2025-02-12,In Stock
2731,76,180,454,82,2024-01-08,In Stock
397,22,529,159,20,2024-06-22,In Stock
1665,54,498,45,92,2026-01-08,Low Stock
8937,85,764,477,87,2024-01-02,In Stock
6485,55,506,143,97,2025-12-08,In Stock
1477,83,647,212,19,2026-05-29,In Stock
8123,41,424,485,40,2025-05-14,In Stock
10185,13,859,326,47,2024-05-22,In Stock
17282,69,257,57,23,2026-01-05,In Stock
636,1,195,229,54,2026-05-08,In Stock
818,69,545,489,37,2025-07-03,In Stock
4919,44,389,193,87,2024-09-22,In Stock
16842,55,709,-1,21,2025-05-24,Out of Stock
18087,19,512,212,32,2024-07-25,In Stock
51,39,133,79,88,2025-07-08,Low Stock
14800,2,638,305,37,2025-02-10,In Stock
15428,84,790,112,90,2026-01-14,In Stock
8615,35,872,290,60,2024-07-05,In Stock
15139,88,403,438,76,2024-05-13,In Stock
708,46,357,228,95,2024-07-14,In Stock
1687,40,526,235,70,2026-05-28,In Stock
7925,62,830,156,86,2025-02-02,In Stock
4784,76,300,27,16,2025-01-06,In Stock
2778,24,571,71,86,2024-12-14,Low Stock
14783,8,16,152,17,2025-10-26,In Stock
725,74,451,442,95,2025-10-03,In Stock
18416,57,356,214,58,2024-03-05,In Stock
3406,62,877,89,60,2025-04-26,In Stock
837,18,12657,267,73,2024-06-27,In Stock
4679,61,535,176,78,2024-05-20,In Stock
4334,40,899,-100,90,2024-11-02,Out of Stock
8617,99,615,79,70,2024-01-21,In Stock
18277,43,501,405,20,2025-02-25,In Stock
5334,17,362,168,80,2026-01-21,In Stock
3249,56,355,299,74,2026-03-02,In Stock
4668,13,225,42,56,2024-12-22,Low Stock
16009,68,772,492,99,2025-09-02,In Stock
11761,54,494,312,51,2024-08-06,In Stock
4388,34,986,286,54,2026-05-25,In Stock
6024,21,946,345,16,2025-06-27,In Stock
4337,66,303,417,19,2025-03-27,In Stock
18252,33,135,290,15,2026-01-10,In Stock
15551,100,862,461,37,2026-07-27,In Stock
17115,68,914,130,98,2025-09-08,In Stock
13035,18,875,320,100,2026-01-01,In Stock
4464,14,132,47,62,2025-02-25,Low Stock
1159,91,768,334,60,2025-02-12,In Stock
10260,46,269,138,64,,In Stock
4773,13,972,233,13,2024-07-03,In Stock
10018,60,793,493,88,2025-05-02,In Stock
8569,22,552,80,83,2024-09-12,Low Stock
11643,52,456,444,50,2024-07-24,In Stock
124,82,430,303,84,2025-06-18,In Stock
1248,52,716,18,48,2024-06-14,Low Stock
821,72,31,181,97,2024-11-21,In Stock
11370,14,746,107,42,2025-12-09,In Stock
19042,75,266,468,39,2024-12-13,In Stock
9787,54,305,353,93,2026-01-28,In Stock
17970,74,325,130,65,2026-07-03,In Stock
19938,25,877,315,15,2026-08-13,In Stock
15728,30,151,129,55,2025-04-26,In Stock
9840,84,523,82,62,2025-02-10,In Stock
10781,82,150,228,17,2026-05-16,In Stock
14256,35,86,213,20,2025-03-12,In Stock
11959,14,262,234,92,2026-02-19,In Stock
4187,89,303,192,68,2024-06-24,In Stock
8139,65,230,18,61,2024-07-23,Low Stock
10926,39,62,338,57,2025-11-16,In Stock
2949,67,845,306,99,2024-11-02,In Stock
5150,40,551,240,11,2025-04-03,In Stock
12270,81,969,6,98,2024-05-26,Low Stock
9566,57,6,456,16,2025-04-22,In Stock
12221,33,772,159,59,2024-04-10,In Stock
8819,21,851,127,45,2025-01-06,In Stock
4951,73,837,102,35,2025-08-31,In Stock
7224,46,196,224,30,2025-11-25,In Stock
9771,60,171,133,46,2025-12-02,In Stock
14468,66,40,8,50,2024-05-10,Low Stock
964,74,423,117,19,2024-03-25,In Stock
17190,25,711,257,67,2024-08-17,In Stock
10991,56,839,251,87,2024-11-24,In Stock
1960,61,451,262,36,2024-10-22,In Stock
18483,4,809,359,72,2025-05-09,In Stock
19315,32,224,222,54,2025-03-20,In Stock
16544,75,246,402,82,2025-09-26,In Stock
9746,46,739,425,60,2026-02-26,In Stock
19451,43,954,298,59,2025-05-15,In Stock
15865,5,882,255,72,2024-09-30,In Stock
9623,71,594,419,11,2024-04-04,In Stock
17536,23,807,39,69,2025-11-01,Low Stock
12203,28,902,394,73,2024-09-13,In Stock
11355,61,513,197,76,2024-02-03,In Stock
931,84,19333,223,58,2026-04-23,In Stock
13715,41,626,117,37,2025-07-21,In Stock
18050,55,266,3,16,2025-08-17,Low Stock
15530,34,115,131,17,2025-09-26,In Stock
8204,94,17098,309,62,2026-03-03,In Stock
17206,15,251,138,52,2026-01-23,In Stock
9214,49,852,288,93,2025-12-21,In Stock
2153,41,898,96,20,2026-04-20,In Stock
12260,29,446,132,26,2024-07-30,In Stock
14286,18,671,192,56,2026-04-06,In Stock
928,18,685,125,16,2025-06-12,In Stock
13125,34,564,461,49,2024-05-12,In Stock
4401,26,749,113,58,2025-10-01,In Stock
5175,82,303,472,93,2024-05-09,In Stock
12369,35,195,297,80,2025-05-09,In Stock
11298,22,325,267,22,2025-02-20,In Stock
19742,90,131,484,24,2024-11-11,In Stock
18157,62,491,335,90,2026-05-17,In Stock
13443,1,264,91,59,2024-03-21,In Stock
12847,49,857,246,77,2025-10-14,In Stock
7475,74,816,299,11,2024-01-13,In Stock
8511,63,993,122,37,2024-02-05,In Stock
15165,42,846,488,55,2025-07-30,In Stock
8255,52,51,326,85,2025-11-02,In Stock
6872,31,996,433,93,2024-11-06,In Stock
6757,27,804,252,17,2026-01-26,In Stock
19235,100,587,378,64,2024-03-26,In Stock
3504,49,267,96,27,2025-09-13,In Stock
5515,90,600,471,38,2026-06-19,In Stock
15026,88,561,117,22,2025-09-02,In Stock
13275,6,976,396,0,2024-04-23,In Stock
17216,57,833,115,89,2025-11-30,In Stock
2944,80,81,158,38,2026-01-11,In Stock
18877,37,927,434,47,2025-08-23,In Stock
12788,44,609,230,65,2025-09-05,In Stock
19546,94,846,151,71,2026-02-28,In Stock
4591,11,440,185,96,2024-11-15,In Stock
17225,94,628,433,38,2024-06-01,In Stock
4519,8,996,322,41,2025-07-31,In Stock
2806,5,935,-10,56,2026-06-18,Out of Stock
3590,57,829,162,45,2024-08-26,In Stock
9227,12,571,459,30,2026-01-27,In Stock
8815,15,583,374,20,2024-11-11,In Stock
9168,24,230,480,95,2026-04-24,In Stock
4169,33,126,328,15,2024-01-10,In Stock
6293,59,225,459,23,2025-06-08,In Stock
5668,12,948,403,91,2024-05-19,In Stock
1838,33,225,44,58,2025-05-17,Low Stock
15973,33,230,317,44,2024-02-28,In Stock
17632,10,524,158,53,2026-05-03,In Stock
6492,60,495,430,56,2026-03-01,In Stock
19086,41,890,463,89,2024-10-16,In Stock
14559,69,726,423,53,2024-04-16,In Stock
17137,6,408,415,77,2025-10-28,In Stock
17304,51,776,296,16,2024-06-11,In Stock
7516,80,98,11,78,2024-01-24,Low Stock
13882,90,36,67,21,2026-06-06,In Stock
16409,65,96,338,86,2026-05-18,In Stock
3779,7,480,348,56,2024-07-29,In Stock
6242,24,501,334,23,2024-06-03,In Stock
9943,84,757,29,42,2026-04-19,Low Stock
19782,89,529,162,88,2025-09-05,In Stock
4631,71,332,339,24,2024-07-13,In Stock
13315,58,952,96,79,2025-11-30,In Stock
14999,91,311,370,29,2024-05-25,In Stock
9843,19,179,116,40,2024-08-17,In Stock
9332,55,17382,351,73,2024-05-26,In Stock
6552,84,610,451,49,2024-05-13,In Stock
9501,9,780,389,55,2024-03-17,In Stock
17826,81,155,436,19,2025-07-25,In Stock
3948,63,234,386,99,2025-05-05,In Stock
19018,97,47,421,67,2025-10-01,In Stock
9852,6,231,147,83,2024-01-24,In Stock
17032,10,780,192,71,2024-07-22,In Stock
18230,80,377,-10,20,2025-12-06,Out of Stock
4202,65,293,177,67,2024-07-14,In Stock
15000,59,488,351,97,2025-09-26,In Stock
9304,26,42,99,37,2026-04-05,In Stock
14002,29,733,4,42,2025-04-09,Low Stock
10541,91,873,394,29,2024-03-10,In Stock
12752,78,577,144,89,2025-05-05,In Stock
7593,46,397,404,25,2026-07-29,In Stock
1558,68,485,14,76,2024-01-08,Low Stock
4557,32,584,267,96,2024-12-06,In Stock
16450,73,272,398,52,2026-06-02,In Stock
12746,31,272,51,60,2025-04-06,Low Stock
5972,51,601,11,20,2025-01-04,Low Stock
8591,50,703,302,19,2025-02-07,In Stock
15858,53,431,285,0,2024-12-21,In Stock
10250,58,689,191,22,2024-06-26,In Stock
17002,33,970,44,92,2024-09-11,Low Stock
13459,64,953,490,22,2026-06-29,In Stock
17703,86,187,402,72,2024-04-18,In Stock
18289,50,942,19,95,2024-02-01,Low Stock
17452,92,357,479,100,2026-03-18,In Stock
15388,41,380,276,50,2026-04-03,In Stock
12291,12,409,124,49,2024-07-23,In Stock
2158,77,186,24,11,2026-06-30,In Stock
8367,82,543,130,53,2025-04-28,In Stock
18138,55,995,60,14,2024-07-30,In Stock
11184,62,170,309,90,2024-11-26,In Stock
13881,32,908,108,40,2026-03-11,In Stock
8764,4,853,28,98,2024-10-22,Low Stock
19140,26,231,75,61,2026-01-27,In Stock
4044,63,968,273,65,2026-07-03,In Stock
18367,27,343,131,16,2024-01-01,In Stock
11519,56,281,409,50,2025-11-28,In Stock
2815,68,83,204,21,2024-10-09,In Stock
5212,31,735,57,55,2024-08-18,In Stock
1698,13,665,437,49,2025-05-07,In Stock
2741,30,608,186,68,2025-11-30,In Stock
10130,98,388,198,24,2026-08-06,In Stock
15684,93,239,339,23,2025-09-19,In Stock
6689,73,813,-50,42,2024-09-03,Out of Stock
5744,44,524,199,41,2024-04-14,In Stock
11496,15,677,270,29,2026-07-01,In Stock
5788,23,680,358,88,2026-08-06,In Stock
1067,6,17515,95,100,2025-02-16,Low Stock
16054,87,733,281,60,2025-08-05,In Stock
7673,22,168,432,11,,In Stock
13477,66,911,353,96,2026-07-21,In Stock
14030,67,238,263,40,2024-07-19,In Stock
18036,58,392,59,10,2025-09-21,In Stock
736,81,160,459,71,2025-08-14,In Stock
2440,61,511,371,20,2025-09-25,In Stock
17081,24,135,362,27,2024-09-06,In Stock
2499,76,306,377,56,2026-07-24,In Stock
14901,84,673,352,81,2026-03-07,In Stock
8324,87,115,291,84,2024-07-05,In Stock
19719,30,366,285,36,2024-09-16,In Stock
2783,33,632,466,16,2025-10-22,In Stock
2137,53,102,235,34,2025-02-28,In Stock
17887,4,837,167,97,2024-01-31,In Stock
1699,86,610,320,28,2026-01-11,In Stock
7325,65,241,306,77,2024-11-20,In Stock
5549,85,271,269,21,2024-03-16,In Stock
2040,80,257,345,62,2024-10-28,In Stock
9877,13,553,65,93,2024-11-22,Low Stock
2361,80,440,264,88,2025-08-21,In Stock
13625,90,713,48,57,2025-01-18,Low Stock
8693,100,570,72,36,2024-01-16,In Stock
8215,64,404,258,23,2024-02-14,In Stock
10856,90,948,118,10,2024-09-17,In Stock
9000,25,315,414,98,2025-07-10,In Stock
8188,59,733,201,51,2025-08-02,In Stock
15067,39,500,119,10,2026-03-01,In Stock
18596,75,203,94,18,2024-03-01,In Stock
16227,29,185,289,50,2024-10-07,In Stock
10550,59,302,261,66,2025-08-26,In Stock
14654,66,738,129,61,2026-07-23,In Stock
3985,14,587,149,39,2025-12-07,In Stock
19287,52,679,114,19,2024-06-01,In Stock
12995,23,664,366,55,2025-04-25,In Stock
13202,72,606,178,17,2024-08-31,In Stock
1220,79,793,268,47,2024-07-29,In Stock
11713,87,823,343,66,2025-12-25,In Stock
18188,29,193,426,18,2026-02-14,In Stock
14019,88,600,25,59,2025-09-01,Low Stock
7712,81,62,493,65,2024-11-13,In Stock
15168,49,477,175,80,2024-06-04,In Stock
3376,33,238,95,12,2024-11-01,In Stock
8629,33,864,351,87,2024-08-28,In Stock
10342,21,618,438,62,2026-03-03,In Stock
4740,38,579,206,30,2024-02-01,In Stock
16994,49,361,335,20,2024-10-04,In Stock
13301,1,732,97,24,2024-02-11,In Stock
13790,39,312,149,40,2025-11-10,In Stock
8770,3,799,305,86,2024-07-10,In Stock
5237,90,362,171,93,2024-02-09,In Stock
14670,67,716,136,63,2026-06-25,In Stock
9903,15,85,302,84,2024-08-17,In Stock
6864,60,448,495,27,2024-06-11,In Stock
6661,20,720,272,33,2024-01-26,In Stock
9163,27,622,498,43,2024-07-02,In Stock
16732,18,700,382,63,2025-03-06,In Stock
17445,94,579,171,64,2024-07-17,In Stock
6106,57,70,500,24,2025-01-12,In Stock
12039,3,22,58,73,2026-07-26,Low Stock
2047,55,859,492,35,2024-08-23,In Stock
16892,60,16,343,35,2025-03-31,In Stock
13173,53,697,31,99,2025-06-14,Low Stock
9420,76,973,392,98,2025-08-09,In Stock
18900,48,492,433,60,2026-01-16,In Stock
14105,94,171,421,35,2025-01-25,In Stock
11833,31,629,25,88,2025-09-22,Low Stock
10106,91,713,177,19,2025-02-20,In Stock
18099,29,374,376,35,2025-02-01,In Stock
18197,85,201,253,82,2024-12-19,In Stock
7783,70,484,263,88,2026-02-24,In Stock
3060,53,614,48,52,2024-07-27,Low Stock
11752,16,473,106,52,2025-07-16,In Stock
17409,54,226,470,81,2024-05-02,In Stock
15426,40,304,-100,88,2024-06-28,Out of Stock
9561,18,60,241,54,2026-04-16,In Stock
15083,1,709,79,100,2026-01-21,Low Stock
3342,74,883,487,54,2025-03-25,In Stock
9978,27,617,192,84,2025-10-13,In Stock
3530,91,810,289,69,2024-05-18,In Stock
10665,16,478,393,71,2026-03-29,In Stock
19296,88,862,138,76,2024-11-29,In Stock
6545,23,647,200,22,2026-03-06,In Stock
8551,68,93,310,64,2025-11-13,In Stock
3214,43,357,359,88,2025-01-11,In Stock
5199,54,296,385,15,2026-02-03,In Stock
10064,79,851,267,61,2025-03-16,In Stock
18932,47,312,381,52,2026-03-06,In Stock
3048,22,826,2,31,2025-03-22,Low Stock
17415,73,757,247,79,2024-06-09,In Stock
5733,66,621,478,74,2025-05-16,In Stock
19114,24,697,77,75,2026-07-25,In Stock
1027,40,469,483,76,2024-05-28,In Stock
16051,27,955,45,97,2026-08-03,Low Stock
10164,31,275,152,27,2025-11-06,In Stock
8886,1,795,10,86,2025-03-13,Low Stock
15074,27,614,156,95,2024-05-07,In Stock
12494,8,947,292,18,2026-02-26,In Stock
4345,97,934,79,31,2024-07-07,In Stock
6847,64,13523,482,52,2025-02-02,In Stock
12426,60,75,276,10,2025-07-20,In Stock
10263,77,415,349,59,2026-06-08,In Stock
5655,5,984,91,72,2026-01-09,In Stock
7840,53,94,428,28,2024-04-23,In Stock
16108,94,64,298,33,2024-01-06,In Stock
14718,30,42,152,64,2024-04-29,In Stock
6282,52,149,290,63,2026-08-11,In Stock
18407,88,678,236,32,2025-03-03,In Stock
13013,5,325,-100,84,2025-09-20,Out of Stock
17441,91,284,330,0,2025-03-22,In Stock
10183,73,728,168,91,,In Stock
16785,34,149,459,45,,In Stock
1195,68,686,225,44,2024-01-19,In Stock
6114,36,469,309,70,2024-12-20,In Stock
15251,59,769,214,19,2026-08-02,In Stock
15362,41,772,452,74,2024-05-24,In Stock
632,13,510,214,94,2026-04-10,In Stock
9241,78,85,485,77,2024-08-11,In Stock
197,73,410,23,10,2025-07-29,In Stock
1120,3,670,401,12,2025-02-17,In Stock
2291,67,350,312,34,2025-04-11,In Stock
18511,39,507,178,46,2025-03-09,In Stock
7882,41,611,29,70,2024-10-07,Low Stock
13830,69,567,448,76,2026-01-09,In Stock
4922,80,649,48,78,2025-09-24,Low Stock
12124,89,540,90,60,2025-09-10,In Stock
2185,82,324,285,100,2025-02-27,In Stock
3573,6,522,247,48,2025-12-25,In Stock
19323,44,656,463,26,2025-03-26,In Stock
12953,82,835,308,24,2026-08-12,In Stock
6003,45,362,-50,46,2025-06-15,Out of Stock
275,30,212,135,48,2024-11-27,In Stock
15753,12,940,32,56,2025-11-15,Low Stock
4975,40,893,195,85,2025-09-20,In Stock
1805,68,922,89,10,2024-07-14,In Stock
13708,76,485,213,36,2024-07-19,In Stock
5461,79,988,261,52,2024-08-17,In Stock
17595,66,664,84,29,2024-02-27,In Stock
11336,73,615,80,29,2025-03-10,In Stock
5999,4,197,338,14,2026-04-27,In Stock
6353,58,135,430,78,2024-12-08,In Stock
4910,79,244,353,29,2026-02-26,In Stock
7078,96,879,253,32,2024-02-03,In Stock
17477,87,850,50,34,,In Stock
1777,41,753,271,61,2025-07-31,In Stock
19326,57,623,96,57,2025-02-27,In Stock
16248,33,637,469,64,2025-02-21,In Stock
2702,6,654,120,80,2026-07-11,In Stock
12152,59,387,207,59,2026-03-07,In Stock
17967,35,31,358,82,2024-03-19,In Stock
2703,9,783,122,64,2026-06-12,In Stock
17320,60,561,70,50,2024-09-24,In Stock
10216,66,832,30,22,2026-08-02,In Stock
12242,11,686,225,25,2025-07-16,In Stock
286,44,43,459,77,2025-03-22,In Stock
3464,12,676,148,62,2024-04-14,In Stock
9894,66,291,213,40,2024-02-22,In Stock
7683,61,468,165,50,2025-07-05,In Stock
4942,54,767,63,17,2026-07-27,In Stock
18320,6,918,20,29,2024-08-01,Low Stock
4329,50,448,424,85,2025-07-12,In Stock
5486,33,145,243,91,2024-05-02,In Stock
550,87,700,443,38,2026-10-17,In Stock
5862,10,720,186,39,2024-08-13,In Stock
15803,39,794,118,92,2024-03-04,In Stock
2910,16,761,315,60,2024-07-08,In Stock
14649,46,216,373,68,2025-02-05,In Stock
17390,22,374,308,72,2025-06-09,In Stock
3049,93,667,232,89,2026-07-20,In Stock
9939,49,986,472,99,2026-06-18,In Stock
11367,75,717,195,36,2025-03-20,In Stock
6154,34,676,340,44,2025-02-01,In Stock
12282,76,539,351,81,2024-07-26,In Stock
7884,85,805,486,52,2026-01-03,In Stock
12551,90,272,211,19,2025-08-27,In Stock
4050,16,273,374,43,2024-01-05,In Stock
14903,1301,423,99,30,2025-08-10,In Stock
2453,97,609,82,20,2025-05-29,In Stock
12048,87,863,141,94,2024-04-08,In Stock
19070,62,255,267,68,2024-09-24,In Stock
3650,64,896,135,46,2024-11-01,In Stock
17726,95,372,335,56,2024-02-28,In Stock
2068,34,214,184,60,2024-10-15,In Stock
14422,42,568,432,38,2026-04-19,In Stock
10281,34,195,61,52,2025-05-12,In Stock
3269,50,955,327,52,2025-12-12,In Stock
14314,51,270,447,47,2025-07-07,In Stock
9878,64,574,162,28,2024-04-04,In Stock
14579,81,820,228,93,2026-05-13,In Stock
19815,79,770,36,83,2026-04-07,Low Stock
3949,12,955,240,25,2025-04-22,In Stock
13103,38,136,153,24,2025-03-09,In Stock
13540,71,641,102,51,2026-01-25,In Stock
5886,7,435,486,32,2026-07-06,In Stock
11597,71,404,-1,22,2025-02-17,Out of Stock
10865,83,397,105,60,2024-12-22,In Stock
6888,80,422,273,58,2024-09-16,In Stock
18028,44,910,309,95,2024-12-25,In Stock
8490,38,947,144,80,2025-05-16,In Stock
19902,88,879,157,54,2025-09-26,In Stock
1359,69,708,488,24,2024-11-25,In Stock
3071,21,945,0,47,2026-04-25,Out of Stock
16599,37,652,92,66,2024-02-28,In Stock
7538,54,136,-50,20,2026-05-04,Out of Stock
9856,44,297,485,31,2025-06-10,In Stock
6809,90,429,140,74,2026-03-11,In Stock
12273,51,335,314,23,2026-05-21,In Stock
10860,18,51,-100,45,2025-11-06,Out of Stock
2256,43,399,378,66,2026-06-15,In Stock
2267,68,813,183,40,2025-12-01,In Stock
11882,19,796,370,56,2026-08-08,In Stock
18675,72,476,459,58,2024-10-12,In Stock
10528,26,916,238,31,2024-01-19,In Stock
12533,13,118,250,86,2025-04-03,In Stock
9432,81,342,63,13,2024-08-26,In Stock
18095,45,702,100,81,2024-04-24,In Stock
4206,32,283,424,92,2026-01-16,In Stock
8589,49,425,12,73,2026-06-30,Low Stock
13003,73,141,182,57,2024-11-01,In Stock
11894,76,23,-1,45,2024-07-29,Out of Stock
11118,26,481,212,47,2026-04-14,In Stock
879,54,926,219,32,2026-08-13,In Stock
19289,38,693,313,58,2025-12-31,In Stock
8932,75,555,381,71,2024-11-29,In Stock
3205,1,7,273,27,2024-06-02,In Stock
8650,23,49,44,95,2024-09-04,Low Stock
16261,75,630,398,80,2026-05-03,In Stock
14130,51,753,300,47,2025-09-15,In Stock
19319,38,33,493,87,,In Stock
10044,8,502,141,64,2025-02-04,In Stock
12168,5,991,336,56,2026-08-01,In Stock
10511,76,780,174,38,2026-01-17,In Stock
14990,91,170,286,12,2024-07-30,In Stock
4700,71,221,9,69,2024-11-26,Low Stock
50,95,215,196,13,2024-11-19,In Stock
14969,20,147,120,36,2025-02-05,In Stock
2933,41,738,32,25,2024-01-16,In Stock
2967,78,612,406,30,2026-07-16,In Stock
7809,3,156,455,49,2024-05-23,In Stock
6403,26,892,293,37,2024-12-01,In Stock
11618,45,753,242,44,2025-06-22,In Stock
19407,8,534,176,74,2024-05-24,In Stock
4529,82,502,109,20,2025-12-16,In Stock
14770,63,95,117,62,2025-11-11,In Stock
8192,100,97,383,64,2025-06-20,In Stock
9667,80,586,465,64,2024-10-09,In Stock
7714,52,111,323,29,2025-12-24,In Stock
1304,64,779,331,96,2024-10-02,In Stock
19368,63,154,184,20,2026-08-14,In Stock
18762,44,358,370,88,2026-06-09,In Stock
17994,39,954,221,31,,In Stock
18194,36,693,164,83,2024-04-23,In Stock
15978,66,792,199,73,2024-01-23,In Stock
10060,30,680,298,83,2024-02-15,In Stock
1374,62,381,48,59,2024-03-24,Low Stock
2999,43,307,248,55,2024-06-09,In Stock
7982,58,506,269,60,2025-01-28,In Stock
11869,41,425,76,27,2024-01-29,In Stock
8346,84,699,475,97,2025-06-12,In Stock
1136,34,851,276,64,2024-10-12,In Stock
14757,66,736,166,-20,2025-02-28,In Stock
3051,25,424,197,46,2025-12-27,In Stock
427,17,176,178,39,2026-05-24,In Stock
14764,23,32,463,77,2024-10-19,In Stock
13388,98,980,216,94,2026-10-09,In Stock
11027,48,808,490,95,2024-01-02,In Stock
17896,22,953,454,62,2025-11-29,In Stock
17095,86,124,26,73,2024-12-28,Low Stock
340,42,278,343,55,2026-03-15,In Stock
13587,78,88,183,14,2024-05-17,In Stock
13902,23,388,187,61,2024-10-25,In Stock
12340,99,265,176,92,2024-11-19,In Stock
19047,35,832,81,53,2026-02-21,In Stock
13021,77,536,320,95,2024-06-19,In Stock
11864,36,259,478,54,2026-03-09,In Stock
16574,45,635,120,65,2024-09-08,In Stock
11359,10,514,340,-20,2026-07-09,In Stock
6963,90,919,212,92,2026-04-10,In Stock
13433,68,689,473,70,2026-04-24,In Stock
3315,2,941,404,41,2025-06-15,In Stock
7317,27,728,64,56,2024-08-14,In Stock
11921,99,981,281,83,2024-08-12,In Stock
10050,37,157,421,58,2026-02-10,In Stock
4739,31,469,118,66,2024-08-03,In Stock
17323,58,526,32,92,2026-04-14,Low Stock
55,83,628,110,90,2025-01-07,In Stock
2974,55,742,394,56,2024-06-01,In Stock
8855,81,449,142,84,2025-03-29,In Stock
4849,22,493,239,72,2024-03-20,In Stock
2960,68,835,43,95,2025-01-06,Low Stock
10947,84,144,185,56,2025-09-18,In Stock
8355,83,971,185,41,2025-12-28,In Stock
15583,65,869,256,12,2024-04-01,In Stock
402,78,197,319,83,2024-04-13,In Stock
6138,54,664,288,16,2026-08-02,In Stock
6934,95,309,235,94,2026-01-07,In Stock
4692,78,81,278,80,2024-09-04,In Stock
9154,61,377,382,17,,In Stock
13535,79,281,116,31,2025-10-23,In Stock
4129,27,958,345,26,2026-02-06,In Stock
12170,81,154,435,81,2024-12-03,In Stock
7181,88,779,156,40,2026-04-12,In Stock
5554,62,68,224,62,2024-12-04,In Stock
13673,61,765,110,23,2026-03-10,In Stock
17530,15,575,14,56,2024-05-11,Low Stock
6382,53,7,299,100,2024-10-08,In Stock
8443,14,533,64,82,2026-07-11,Low Stock
4829,58,52,379,25,2024-10-30,In Stock
18967,92,89,269,81,2024-07-18,In Stock
10440,28,432,381,97,2025-02-23,In Stock
1723,75,456,319,81,,In Stock
6868,86,752,47,26,2024-10-12,In Stock
665,96,15,171,57,2026-03-18,In Stock
16831,99,103,94,13,2025-03-15,In Stock
12782,41,268,108,83,2026-10-11,In Stock
4443,31,418,314,22,2025-01-10,In Stock
4098,12,970,377,96,2025-04-21,In Stock
7976,73,750,404,51,2024-09-05,In Stock
6799,100,399,31,95,2026-06-24,Low Stock
6316,46,248,40,94,2025-11-19,Low Stock
18732,44,513,64,95,2026-05-01,Low Stock
3270,82,824,284,73,2025-10-14,In Stock
4022,15,889,206,78,2025-12-07,In Stock
5888,19,579,252,14,2024-10-18,In Stock
12099,64,336,86,71,2024-01-21,In Stock
18848,31,729,430,74,2025-02-26,In Stock
6663,77,744,11,72,2026-03-02,Low Stock
9654,19,949,40,53,2026-04-07,Low Stock
10099,67,511,250,82,2026-04-29,In Stock
12342,27,745,327,56,2026-01-16,In Stock
6174,60,486,336,94,2025-03-01,In Stock
10946,39,352,246,54,2024-05-17,In Stock
4421,22,132,426,56,2024-10-09,In Stock
16263,40,881,321,55,2024-10-05,In Stock
5381,44,724,20,60,2024-04-12,Low Stock
18644,3,789,226,77,2025-11-04,In Stock
609,49,875,350,33,2024-12-24,In Stock
17007,9,751,419,47,2026-07-16,In Stock
17879,50,205,387,19,2025-03-12,In Stock
20,39,71,247,70,2025-05-01,In Stock
1339,63,615,500,98,2026-02-20,In Stock
9103,47,903,275,46,2026-06-26,In Stock
7896,26,786,355,46,2026-02-28,In Stock
14719,32,214,102,90,2024-05-30,In Stock
4743,67,720,119,11,2025-10-18,In Stock
14557,11,909,174,93,2025-08-15,In Stock
19576,22,130,209,46,2024-04-15,In Stock
11779,86,887,157,96,2026-06-12,In Stock
8396,1774,211,327,24,2024-12-29,In Stock
6224,24,439,72,23,2024-02-05,In Stock
2488,58,509,214,85,2025-02-22,In Stock
16430,84,464,335,21,2026-05-19,In Stock
14203,72,325,-50,37,2026-06-30,Out of Stock
4405,8,376,347,98,2024-12-27,In Stock
16375,91,662,201,91,2024-12-06,In Stock
16591,35,137,451,59,2025-03-17,In Stock
16344,78,380,486,57,2025-10-01,In Stock
10797,93,435,45,34,2026-03-23,In Stock
3487,7,955,33,17,2025-12-01,In Stock
6683,60,639,418,74,2025-11-19,In Stock
10744,88,263,430,61,2025-08-27,In Stock
15805,21,994,473,59,2025-04-27,In Stock
19647,8,581,137,74,2024-10-15,In Stock
2426,39,882,266,41,2024-11-10,In Stock
10331,29,875,404,71,2025-06-02,In Stock
2128,42,808,459,99,2025-05-07,In Stock
12559,33,258,64,34,2026-03-01,In Stock
17985,11,628,226,19,2026-03-08,In Stock
4198,42,874,20,51,2024-12-28,Low Stock
8328,88,343,288,49,2026-03-04,In Stock
10135,28,366,192,-5,2024-08-03,In Stock
7192,19,252,86,100,2024-06-30,Low Stock
2959,53,914,375,70,2025-11-04,In Stock
15249,61,477,279,30,2025-09-10,In Stock
6789,21,471,105,41,2026-07-29,In Stock
11812,86,983,473,60,2024-01-01,In Stock
4506,25,498,294,45,2026-06-06,In Stock
10952,83,909,374,34,2024-02-14,In Stock
17790,31,423,253,38,2024-03-15,In Stock
10816,59,681,220,13,2024-04-19,In Stock
13696,6,773,405,89,2025-04-28,In Stock
10953,12,534,340,72,2025-02-01,In Stock
17954,6,300,476,97,2025-11-21,In Stock
12954,99,12,419,37,2026-06-08,In Stock
16791,95,593,362,22,2025-07-11,In Stock
11759,3,538,251,57,2026-04-08,In Stock
16824,45,344,341,51,2024-05-25,In Stock
12448,11,298,200,90,2024-06-02,In Stock
12957,43,966,63,91,2024-11-23,Low Stock
13299,56,184,303,92,2026-05-22,In Stock
1984,37,768,113,63,2026-07-08,In Stock
5884,10,833,428,60,2026-08-07,In Stock
18815,5,274,251,45,2024-08-16,In Stock
11877,44,492,304,29,2026-02-23,In Stock
11256,96,514,126,14,2025-04-30,In Stock
5141,96,971,96,35,2026-03-10,In Stock
10978,31,724,209,61,2025-05-28,In Stock
5032,1,603,470,49,2026-07-10,In Stock
9416,58,715,399,39,2025-12-18,In Stock
658,1,753,356,96,2026-03-06,In Stock
8014,38,415,444,48,2024-07-22,In Stock
752,92,9,406,14,2024-03-06,In Stock
2082,97,402,453,98,2024-01-24,In Stock
18813,83,100,52,53,2026-02-08,Low Stock
6591,95,733,1,61,2024-04-23,Low Stock
3979,76,819,116,86,2024-07-15,In Stock
13592,73,769,294,16,2024-05-05,In Stock
13135,50,126,80,71,2024-12-18,In Stock
844,95,978,390,96,2024-12-28,In Stock
17267,95,822,242,60,2024-11-10,In Stock
15995,41,899,73,15,2025-11-27,In Stock
14145,96,687,472,31,2026-04-07,In Stock
19154,22,279,15,83,2025-05-01,Low Stock
3411,45,942,214,33,2024-03-26,In Stock
18580,27,678,106,64,2024-06-17,In Stock
16152,64,623,312,17,2024-04-13,In Stock
19661,25,887,110,31,2024-01-05,In Stock
19721,73,256,142,-20,2026-07-29,In Stock
13055,16,551,481,34,2024-03-31,In Stock
17391,96,250,72,33,2025-11-16,In Stock
554,95,850,340,72,2024-07-17,In Stock
19717,56,569,253,90,2024-02-21,In Stock
10804,81,421,67,79,2024-09-16,Low Stock
4833,16,511,418,55,2026-02-03,In Stock
7403,52,427,201,27,2024-04-18,In Stock
16619,84,6,0,75,2024-02-18,Out of Stock
13672,73,740,267,10,2024-10-10,In Stock
577,35,694,429,87,2024-06-27,In Stock
4029,98,83,414,25,2025-10-12,In Stock
12613,32,845,7,53,2025-05-19,Low Stock
4853,90,411,4,13,2025-02-22,Low Stock
15411,65,627,382,86,2024-09-04,In Stock
48,37,537,160,67,2025-09-24,In Stock
6608,60,265,164,33,2024-01-05,In Stock
12043,46,283,381,97,2026-07-01,In Stock
8936,99,664,390,59,2025-05-01,In Stock
18117,17,809,64,64,2024-06-22,Low Stock
10295,40,151,185,69,2024-01-09,In Stock
18927,65,403,5,22,,Low Stock
14096,57,887,405,72,2026-05-11,In Stock
1216,1,131,124,18,2025-06-24,In Stock
5346,28,70,104,98,2024-12-06,In Stock
4885,81,730,2,87,2025-03-10,Low Stock
12598,64,932,129,54,2025-05-24,In Stock
5764,36,196,173,100,2025-11-12,In Stock
1945,3,396,408,69,2025-03-09,In Stock
17589,74,546,325,25,2024-03-10,In Stock
1451,15,705,497,28,2025-12-03,In Stock
17089,32,616,119,46,2026-11-13,In Stock
17208,99,954,215,67,2026-02-15,In Stock
7684,67,774,382,22,2026-04-22,In Stock
9392,52,798,460,63,2025-07-18,In Stock
17090,78,342,116,53,2024-05-04,In Stock
13499,73,218,225,15,2025-07-25,In Stock
2404,94,425,372,96,2025-05-08,In Stock
14849,89,130,288,68,2024-06-14,In Stock
11122,87,409,71,70,2024-02-29,In Stock
19448,88,828,405,31,2025-09-07,In Stock
15781,26,164,251,100,2024-02-19,In Stock
12234,49,147,379,50,2025-07-12,In Stock
17635,82,178,61,43,2024-01-26,In Stock
19052,69,673,478,13,2025-11-17,In Stock
7294,84,53,306,40,2025-07-08,In Stock
2169,30,259,303,93,2025-08-21,In Stock
17899,1895,419,362,94,2024-02-09,In Stock
5100,4,521,352,14,,In Stock
19633,70,147,452,68,2025-04-07,In Stock
6713,69,547,358,30,2025-08-12,In Stock
14686,81,407,498,36,2025-11-24,In Stock
17011,96,885,386,67,2026-03-05,In Stock
14072,55,653,410,31,2025-05-20,In Stock
19990,28,661,280,66,2025-03-06,In Stock
15798,55,255,73,51,2026-01-01,In Stock
1214,44,227,303,74,2026-03-11,In Stock
15112,87,27,419,74,2024-07-19,In Stock
15420,37,241,108,65,2026-06-07,In Stock
11817,28,579,108,50,2025-01-04,In Stock
18434,85,820,348,65,2026-03-02,In Stock
12466,72,949,193,38,2024-04-17,In Stock
14259,21,490,24,34,2025-07-26,Low Stock
5305,30,394,324,12,2025-04-02,In Stock
17522,7,420,247,65,2026-01-02,In Stock
16317,23,254,15,99,2024-05-03,Low Stock
7370,10,400,369,90,2025-06-23,In Stock
3902,63,148,361,90,2024-08-29,In Stock
9133,91,906,302,37,2024-11-13,In Stock
11605,19,247,470,60,2025-04-17,In Stock
6199,45,883,337,51,,In Stock
745,16,361,470,76,2024-01-19,In Stock
8926,33,234,333,54,2025-10-10,In Stock
2913,69,520,165,84,2025-10-21,In Stock
14082,18,586,93,71,2024-03-25,In Stock
10045,36,845,244,31,2025-01-26,In Stock
1039,19,834,60,95,2025-06-08,Low Stock
18504,71,338,258,89,2026-05-01,In Stock
13474,18,862,336,18,2024-10-04,In Stock
9927,100,842,432,61,2026-12-11,In Stock
4837,95,358,166,22,2024-02-15,In Stock
16520,58,5,270,70,2025-11-09,In Stock
13192,98,8,435,76,2026-06-16,In Stock
15205,81,718,139,20,2024-11-28,In Stock
17296,70,419,188,18,2026-05-12,In Stock
4808,79,805,218,73,2026-04-29,In Stock
730,16,286,331,56,2024-11-28,In Stock
12401,43,19661,478,68,2025-07-14,In Stock
19342,55,221,477,98,2024-12-17,In Stock
1641,75,404,419,91,2026-01-31,In Stock
11188,81,398,257,0,2025-09-26,In Stock
9998,91,252,14,20,2024-11-11,Low Stock
10389,82,176,182,12,2024-09-18,In Stock
17982,26,44,442,19,2025-06-05,In Stock
543,48,242,203,40,2025-03-16,In Stock
9137,31,343,388,74,2026-06-23,In Stock
1066,33,596,17,85,2024-06-13,Low Stock
13097,70,193,467,85,2025-08-08,In Stock
13431,47,961,170,11,2026-01-11,In Stock
147,9,396,262,78,2026-02-13,In Stock
3754,96,631,497,65,2024-03-16,In Stock
13815,13,225,208,31,2024-05-29,In Stock
7568,74,387,255,61,2024-04-02,In Stock
242,61,202,39,100,2025-12-24,Low Stock
4878,42,34,308,72,2025-08-25,In Stock
3596,4,99,416,79,2025-06-22,In Stock
13740,37,855,430,91,2024-08-12,In Stock
8201,32,578,83,72,2026-01-14,In Stock
15219,27,205,167,84,2024-01-17,In Stock
5450,94,77,180,77,2026-02-10,In Stock
10747,1,962,345,19,2026-04-11,In Stock
1953,10,377,397,55,2026-05-01,In Stock
4752,27,844,301,21,2025-05-16,In Stock
12585,86,690,449,44,2026-07-24,In Stock
1595,20,951,277,63,2026-02-28,In Stock
8189,93,67,260,52,2024-04-28,In Stock
5690,51,403,454,89,2024-11-09,In Stock
4505,42,496,238,22,2025-06-26,In Stock
11536,64,526,466,87,2025-08-24,In Stock
19670,76,496,319,68,2025-06-14,In Stock
17810,49,624,151,87,2025-08-31,In Stock
4742,1,721,20,48,2025-08-03,Low Stock
2681,48,483,35,55,2024-02-10,Low Stock
845,60,619,155,80,2025-08-23,In Stock
2079,47,265,25,93,2025-07-29,Low Stock
15469,61,693,415,51,2026-06-14,In Stock
8933,21,80,439,72,2024-10-25,In Stock
11644,93,903,146,90,2025-12-25,In Stock
5117,77,182,472,14,2025-04-29,In Stock
9956,31,302,462,55,2025-12-09,In Stock
1,90,970,117,37,2025-04-03,In Stock
19804,9,109,461,55,2025-06-04,In Stock
9619,98,298,386,47,2026-05-21,In Stock
17186,45,229,45,57,2026-01-11,Low Stock
9189,86,822,399,67,2026-08-07,In Stock
10084,73,72,379,32,2024-12-09,In Stock
13699,40,804,132,90,2026-04-28,In Stock
4681,98,569,452,31,2024-06-23,In Stock
2145,29,453,150,22,2026-07-26,In Stock
14818,80,278,316,19,,In Stock
17900,73,153,473,93,,In Stock
9101,64,968,110,62,2024-03-31,In Stock
8897,22,115,271,96,2025-08-14,In Stock
14546,2,297,275,51,2024-03-03,In Stock
19389,61,942,429,33,2025-02-07,In Stock
2067,100,589,417,75,2025-05-10,In Stock
1347,78,5,204,74,2024-02-25,In Stock
8824,84,45,72,12,2024-11-19,In Stock
5269,38,72,441,49,2026-08-07,In Stock
12303,41,882,386,77,2024-03-25,In Stock
2272,78,116,242,45,2024-07-28,In Stock
7959,68,710,253,18,2025-07-16,In Stock
5949,51,710,200,69,2025-05-29,In Stock
12552,30,402,497,35,2025-02-21,In Stock
3586,30,275,294,0,2025-04-19,In Stock
5082,70,105,204,54,2025-05-22,In Stock
9162,95,592,450,64,2024-08-15,In Stock
5818,54,766,421,46,2024-08-23,In Stock
12576,82,498,10,47,2024-09-19,Low Stock
7998,72,832,496,55,2025-10-19,In Stock
15885,18,768,275,22,2024-01-03,In Stock
17532,52,330,10,12,2024-10-18,Low Stock
8127,35,214,436,66,2025-02-21,In Stock
4615,86,617,274,52,2024-09-23,In Stock
8381,45,453,421,96,2026-01-25,In Stock
7842,1,142,239,58,2024-08-27,In Stock
9148,66,519,132,-5,2025-02-04,In Stock
5590,84,751,361,40,2026-05-04,In Stock
17581,93,662,362,36,,In Stock
5246,31,111,188,53,2025-10-27,In Stock
13798,47,920,223,59,2024-07-16,In Stock
18718,74,248,401,83,2026-04-13,In Stock
17991,44,509,380,63,2026-08-10,In Stock
18928,17,371,60,67,2024-11-30,Low Stock
4070,97,653,56,65,2026-10-04,Low Stock
19795,27,405,435,47,2024-10-27,In Stock
16137,48,629,-1,49,2025-12-09,Out of Stock
7880,62,751,16,14,2024-12-25,In Stock
4630,44,831,55,58,2026-07-12,Low Stock
3450,57,221,251,20,2026-01-25,In Stock
15562,35,278,263,28,2025-11-28,In Stock
15013,81,802,197,81,2024-11-19,In Stock
11087,9,204,171,97,2026-06-16,In Stock
14961,47,43,297,35,2025-10-06,In Stock
17842,83,166,-10,60,2025-10-31,Out of Stock
5632,61,269,220,47,2027-01-06,In Stock
14938,75,748,172,13,2025-10-20,In Stock
16220,98,525,467,61,2024-10-21,In Stock
16735,60,356,90,77,2024-02-02,In Stock
12177,59,986,242,17,2024-04-14,In Stock
16478,1703,479,-100,20,2024-03-26,Out of Stock
10243,4,714,79,45,2025-02-02,In Stock
18745,8,570,234,11,2026-08-08,In Stock
6601,96,533,229,32,2025-01-05,In Stock
17547,56,146,69,100,2025-10-14,Low Stock
7901,52,920,402,19,2025-01-24,In Stock
10649,49,7,283,43,2026-07-17,In Stock
1176,5,81,375,34,2024-07-17,In Stock
4190,32,54,394,25,2026-01-19,In Stock
11661,15,29,195,80,2026-04-07,In Stock
6527,72,814,144,44,2026-07-04,In Stock
17613,84,969,489,32,2025-04-03,In Stock
10225,37,102,349,70,2024-01-24,In Stock
15193,56,393,156,47,2025-09-03,In Stock
11801,85,708,8,78,2024-12-18,Low Stock
19202,57,834,179,90,2026-02-22,In Stock
5260,70,267,389,77,2024-03-03,In Stock
10480,22,272,161,51,2024-09-30,In Stock
16683,93,711,353,10,2026-07-21,In Stock
11014,69,273,433,14,2024-11-17,In Stock
4721,13,673,488,98,2024-09-12,In Stock
15996,88,496,325,13,,In Stock
8305,11,35,246,83,2024-08-26,In Stock
16996,96,428,139,46,2025-01-19,In Stock
14673,1,628,451,85,2026-05-10,In Stock
7429,18,724,318,12,2024-11-08,In Stock
11736,53,995,335,-20,2026-04-06,In Stock
5036,77,917,373,96,2024-12-23,In Stock
14484,43,232,75,58,2025-12-26,In Stock
9864,50,533,465,96,2024-03-23,In Stock
18605,26,983,331,55,2026-01-06,In Stock
15934,66,798,351,83,2026-10-24,In Stock
3264,52,676,467,91,2024-03-05,In Stock
8224,20,829,214,61,2024-11-06,In Stock
17251,79,946,390,93,2025-11-09,In Stock
11153,5,745,363,53,2026-01-06,In Stock
10412,82,486,176,17,2026-01-27,In Stock
3951,27,686,162,14,2024-04-01,In Stock
15832,41,134,53,23,2026-05-14,In Stock
14240,18,113,169,78,2026-01-18,In Stock
1167,3,371,475,14,2024-10-05,In Stock
7160,73,727,285,15,2024-05-13,In Stock
14441,68,931,429,91,2024-12-07,In Stock
8141,1,15,404,94,2024-08-19,In Stock
4059,79,289,254,16,2025-11-30,In Stock
10228,22,904,493,16,2025-09-05,In Stock
7537,32,986,13,44,2026-04-12,Low Stock
15780,82,421,490,60,2027-04-16,In Stock
13080,24,195,402,64,2025-11-12,In Stock
12144,61,875,490,-5,2026-03-09,In Stock
4220,5,578,351,74,,In Stock
1784,7,66,236,46,2024-02-09,In Stock
1414,62,355,2,32,2026-08-07,Low Stock
1131,52,645,-1,99,2025-02-19,Out of Stock
18505,42,153,149,75,2026-08-04,In Stock
12790,3,42,494,38,2026-06-01,In Stock
15840,79,877,358,75,2025-12-18,In Stock
14277,1986,809,436,91,2025-08-11,In Stock
17745,4,64,161,91,2024-07-08,In Stock
12137,61,696,336,70,2025-04-01,In Stock
19347,5,546,190,65,2024-02-23,In Stock
1622,38,176,140,85,2025-04-18,In Stock
6232,46,858,119,100,2026-06-26,In Stock
7031,24,439,362,33,2025-11-14,In Stock
13847,80,910,49,98,2026-07-07,Low Stock
15323,84,317,349,19,2026-06-28,In Stock
12463,86,482,130,36,2025-04-08,In Stock
16469,74,268,109,26,2025-11-30,In Stock
13582,24,36,140,62,2024-02-15,In Stock
11458,14,929,47,97,2026-03-28,Low Stock
8879,56,574,210,90,2025-09-05,In Stock
11989,95,619,94,60,2024-11-04,In Stock
8526,59,131,249,17,2024-04-28,In Stock
4374,1450,193,194,98,2026-02-20,In Stock
13167,50,381,303,73,2025-09-28,In Stock
19135,6,341,94,39,2025-12-01,In Stock
3299,41,178,5,99,2026-05-19,Low Stock
14194,70,413,312,60,2024-03-12,In Stock
17554,24,680,347,29,2024-05-06,In Stock
12919,10,524,331,28,2025-02-12,In Stock
12691,68,387,326,76,2024-04-21,In Stock
13078,100,8,-100,31,2024-09-08,Out of Stock
8605,46,218,93,99,2025-02-09,Low Stock
15304,78,962,163,100,2024-07-06,In Stock
5513,23,958,104,92,2025-10-16,In Stock
15967,48,432,186,87,2024-12-08,In Stock
14151,61,560,27,37,,Low Stock
9406,55,289,393,71,2024-04-02,In Stock
10599,29,508,369,57,2024-04-04,In Stock
14325,99,479,22,13,2024-04-16,In Stock
18836,87,493,175,85,2024-09-15,In Stock
17497,43,376,361,46,2025-04-16,In Stock
12846,44,259,282,30,2026-03-26,In Stock
3296,83,775,486,31,2026-02-07,In Stock
16228,72,870,7,59,2025-07-25,Low Stock
18891,12,463,497,86,2024-09-29,In Stock
19166,90,998,221,25,2025-05-10,In Stock
17776,63,324,159,39,2024-12-28,In Stock
17127,49,193,475,87,2025-01-16,In Stock
18938,34,189,187,12,2025-08-28,In Stock
14185,15,840,50,45,,In Stock
7727,82,746,129,70,2024-04-26,In Stock
9544,42,858,192,65,2024-05-03,In Stock
18245,8,492,408,80,2026-07-24,In Stock
9124,31,43,156,64,2024-02-24,In Stock
9502,84,761,181,39,2024-06-24,In Stock
19096,26,756,340,40,2025-01-01,In Stock
17950,72,290,394,51,2024-12-13,In Stock
4033,61,214,439,31,2024-06-19,In Stock
6456,9,4,260,52,2024-11-07,In Stock
9562,79,491,401,77,2025-03-15,In Stock
8095,21,434,188,-5,2024-11-13,In Stock
13735,99,153,282,49,2024-07-27,In Stock
16794,26,997,14,55,2025-07-04,Low Stock
18397,29,233,310,68,2025-04-03,In Stock
6052,36,790,279,96,2025-12-23,In Stock
15222,8,963,96,77,2025-08-30,In Stock
18370,92,345,473,22,2024-08-05,In Stock
7841,96,557,162,72,2025-07-15,In Stock
484,40,87,443,15,2024-02-04,In Stock
3847,53,714,344,74,2025-04-15,In Stock
9467,68,757,433,60,2025-12-07,In Stock
1316,20,551,301,79,2024-07-27,In Stock
3016,33,50,73,17,2024-05-25,In Stock
15717,48,645,291,-5,2025-04-25,In Stock
14018,6,395,142,76,2025-04-26,In Stock
18946,64,569,404,70,2024-04-21,In Stock
8150,37,165,35,26,2025-09-08,In Stock
18046,79,694,-50,34,2024-03-10,Out of Stock
8011,75,28,402,49,2025-05-13,In Stock
9871,44,282,9,79,2025-05-23,Low Stock
11660,5,441,467,30,2026-03-25,In Stock
13688,24,575,26,84,2024-07-17,Low Stock
19049,18,5,412,78,2024-03-08,In Stock
15845,87,571,191,80,2024-04-09,In Stock
2486,58,444,227,97,2025-09-11,In Stock
12523,43,571,484,13,2024-08-04,In Stock
9053,97,285,470,36,2026-03-10,In Stock
6181,24,662,328,23,2024-11-30,In Stock
4344,64,498,182,40,2024-10-05,In Stock
908,77,24,436,56,2025-06-06,In Stock
1577,80,321,346,66,2024-11-20,In Stock
16482,55,217,80,12,2026-07-26,In Stock
11038,38,304,285,94,2024-04-01,In Stock
14931,96,11677,442,96,2024-01-13,In Stock
13952,98,789,129,55,2024-08-10,In Stock
6385,47,813,59,25,2025-03-07,In Stock
1340,80,535,473,70,2025-09-06,In Stock
16120,28,768,225,30,2025-09-04,In Stock
5046,36,718,338,82,2026-05-15,In Stock
9073,100,750,400,100,2024-11-19,In Stock
11273,9,474,143,94,2026-08-04,In Stock
18959,85,895,340,93,2026-02-21,In Stock
7008,75,159,3,18,2026-02-22,Low Stock
17893,19,792,112,39,2025-09-22,In Stock
12590,22,867,171,57,2025-06-24,In Stock
1990,56,419,216,40,,In Stock
9706,23,862,234,88,2025-07-29,In Stock
7666,92,898,155,33,2025-01-26,In Stock
17118,5,563,243,66,2027-03-09,In Stock
6057,63,810,205,13,2026-02-08,In Stock
8257,12,121,132,82,2025-01-24,In Stock
14915,10,594,47,90,2024-09-05,Low Stock
15156,6,621,341,22,2025-12-27,In Stock
18523,33,185,-1,17,2024-08-18,Out of Stock
11565,67,13288,66,15,2025-06-03,In Stock
122,45,647,422,36,2025-11-05,In Stock
2610,85,133,438,58,2024-09-12,In Stock
16883,6,265,44,17,2025-03-13,In Stock
19554,50,617,299,84,2025-09-07,In Stock
14017,28,721,108,41,2024-12-17,In Stock
12524,72,683,360,92,2025-09-13,In Stock
8252,7,888,384,64,2025-09-19,In Stock
17840,82,637,59,42,2024-04-01,In Stock
11688,62,500,427,83,2026-02-15,In Stock
954,63,966,0,40,2024-01-23,Out of Stock
8674,21,536,72,45,2026-03-07,In Stock
13702,66,800,182,54,2025-12-28,In Stock
15504,92,794,143,16,2024-10-07,In Stock
16116,1,332,273,39,2026-07-18,In Stock
16140,58,142,101,90,2025-11-03,In Stock
8864,93,478,317,64,2026-07-22,In Stock
17368,50,186,487,40,2024-10-08,In Stock
6085,97,607,312,11,2026-06-27,In Stock
10775,24,387,84,78,2025-10-12,In Stock
7885,4,709,370,11,2024-12-31,In Stock
2541,15,297,91,59,2025-05-14,In Stock
13207,75,976,451,37,2025-07-15,In Stock
1271,30,315,468,79,2025-07-10,In Stock
7050,68,182,176,40,2025-08-31,In Stock
11606,54,794,79,50,2025-11-21,In Stock
8923,36,862,128,72,2026-04-14,In Stock
1692,26,10,477,73,2025-07-12,In Stock
10055,13,193,155,52,,In Stock
17698,38,377,382,58,2025-05-12,In Stock
3821,78,649,4,73,2026-04-06,Low Stock
10157,12,893,198,64,2025-02-27,In Stock
2728,71,737,270,11,2026-09-13,In Stock
10019,21,482,226,35,2025-09-26,In Stock
18266,45,400,8,53,2025-07-22,Low Stock
15726,53,335,427,91,2024-07-15,In Stock
10332,81,87,6,93,2025-12-07,Low Stock
15580,100,983,275,75,2025-11-03,In Stock
7020,57,825,115,94,2025-11-26,In Stock
2975,95,230,434,65,2025-09-14,In Stock
7773,11,401,474,23,2026-01-05,In Stock
7739,12,386,471,46,2024-10-27,In Stock
17531,62,618,333,10,2026-06-24,In Stock
2046,84,157,61,82,2026-07-06,Low Stock
17687,38,830,30,95,2025-04-04,Low Stock
7917,34,377,37,70,2025-01-25,Low Stock
7733,82,398,333,26,2025-04-23,In Stock
6699,64,150,451,92,2025-09-11,In Stock
10935,89,812,40,58,2025-06-13,Low Stock
2737,88,907,48,98,2026-05-29,Low Stock
17942,46,152,280,13,2024-12-27,In Stock
15044,94,737,-100,67,2026-08-14,Out of Stock
1209,83,448,24,57,2024-01-22,Low Stock
14187,16,214,240,51,2024-12-27,In Stock
11624,56,395,334,27,2026-04-14,In Stock
13598,13,472,65,91,2025-01-28,Low Stock
8705,85,957,275,84,2025-01-15,In Stock
18654,63,380,354,43,2024-11-08,In Stock
19979,87,609,19,98,2025-12-27,Low Stock
5333,37,695,86,81,2024-01-23,In Stock
6931,11,833,376,95,2026-01-22,In Stock
7500,2,936,459,78,2026-02-26,In Stock
16151,74,80,58,86,2025-03-27,Low Stock
10337,67,374,297,63,2026-07-28,In Stock
1091,100,18,163,93,2025-07-27,In Stock
3121,67,104,332,10,2026-10-05,In Stock
5971,78,441,411,51,2024-08-29,In Stock
10937,95,888,187,75,2026-07-08,In Stock
3509,85,804,74,37,2024-11-29,In Stock
6182,48,728,252,76,2024-07-16,In Stock
14498,98,890,115,62,2026-01-14,In Stock
1534,4,767,264,56,2024-11-16,In Stock
4875,32,535,44,28,2026-04-10,In Stock
1412,8,727,192,69,2024-05-26,In Stock
14079,49,836,113,34,2025-02-05,In Stock
8655,95,30,488,-5,2025-03-12,In Stock
3201,78,129,121,22,2026-02-05,In Stock
4049,32,780,328,43,2026-04-30,In Stock
2615,85,58,11,69,2024-05-14,Low Stock
8137,32,667,146,74,2025-11-20,In Stock
16763,81,117,479,39,2026-06-24,In Stock
2547,10,172,273,30,2025-09-14,In Stock
8878,84,363,79,78,2024-07-23,In Stock
2637,87,55,430,92,2025-10-29,In Stock
4990,60,921,121,60,2025-04-12,In Stock
18914,74,546,406,68,2026-03-16,In Stock
2665,56,620,311,64,2025-11-08,In Stock
9399,8,412,64,75,2025-06-29,Low Stock
15149,48,14955,407,12,2025-02-08,In Stock
11481,33,365,25,87,2025-06-29,Low Stock
14910,91,758,335,92,2026-06-30,In Stock
5569,69,999,479,28,2024-09-04,In Stock
17685,27,768,250,20,2026-03-18,In Stock
10497,44,514,169,69,,In Stock
1458,69,422,362,30,2025-03-29,In Stock
3046,75,554,434,79,2025-09-08,In Stock
16225,3,672,130,12,2024-01-04,In Stock
14935,47,639,206,70,2025-04-17,In Stock
12823,97,948,432,78,2025-05-28,In Stock
8940,63,350,-1,74,2024-03-01,Out of Stock
13951,81,827,343,38,2026-01-18,In Stock
7828,56,888,58,44,2025-09-18,In Stock
11703,79,156,261,17,2025-09-14,In Stock
6578,17,209,440,99,2025-04-10,In Stock
16188,74,648,46,18,2025-08-05,In Stock
14201,4,283,331,21,2024-02-07,In Stock
4520,98,441,174,71,2025-08-09,In Stock
6613,89,87,430,71,2024-03-29,In Stock
16975,28,279,91,96,2024-11-03,Low Stock
4357,58,483,293,58,2025-06-14,In Stock
2951,3,13,223,68,2025-01-13,In Stock
9094,38,279,357,50,2025-08-02,In Stock
1394,42,571,94,18,2024-10-10,In Stock
5562,74,129,465,36,2026-01-20,In Stock
17277,1310,2,394,85,2025-12-27,In Stock
12161,70,60,161,57,2026-01-23,In Stock
8834,4,507,374,90,2025-08-17,In Stock
17560,19,687,222,99,2026-03-01,In Stock
3015,82,408,243,94,2024-09-03,In Stock
17166,84,521,308,35,2026-01-03,In Stock
16972,64,805,120,100,2024-02-17,In Stock
11962,46,308,324,59,2024-11-21,In Stock
5849,38,70,106,70,2025-06-08,In Stock
7290,74,817,318,92,2024-05-30,In Stock
12808,43,862,-100,63,2025-01-26,Out of Stock
4745,88,211,195,37,2026-04-19,In Stock
4771,92,267,479,20,2024-02-16,In Stock
14774,62,733,267,93,2026-08-02,In Stock
4789,67,56,475,54,2024-10-24,In Stock
1768,86,704,-100,18,2024-04-12,Out of Stock
6196,25,356,355,76,2024-01-25,In Stock
8844,42,77,61,24,2024-08-20,In Stock
11925,56,142,434,15,2024-07-08,In Stock
16420,20,605,208,75,2024-03-30,In Stock
10902,21,408,293,47,2026-03-25,In Stock
8256,30,844,253,69,2024-12-22,In Stock
16127,9,124,457,85,2025-01-08,In Stock
16031,71,456,167,17,2026-04-16,In Stock
14497,69,634,325,20,2026-01-12,In Stock
11995,42,588,392,58,2024-07-21,In Stock
4230,59,984,313,66,2026-03-19,In Stock
10324,68,229,387,54,2025-12-06,In Stock
4246,25,750,469,59,2024-07-23,In Stock
1003,88,429,187,73,2024-04-08,In Stock
14713,1202,212,336,57,2024-10-29,In Stock
14724,32,493,219,78,2025-11-06,In Stock
12770,69,199,168,22,2025-04-07,In Stock
7752,23,588,326,83,2025-07-06,In Stock
16648,16,331,235,82,2024-10-06,In Stock
10038,33,717,202,64,2026-03-03,In Stock
18920,50,368,40,78,2025-08-01,Low Stock
15509,89,911,375,-5,2025-08-30,In Stock
11210,39,895,230,82,2024-11-10,In Stock
2147,35,725,146,15,2024-01-28,In Stock
10390,98,706,240,59,2026-04-01,In Stock
2663,60,111,350,11,2024-08-02,In Stock
19369,66,497,482,95,2024-04-27,In Stock
18160,12,725,367,77,2025-10-27,In Stock
3195,69,695,453,80,2025-04-14,In Stock
12055,57,483,4,88,2024-06-17,Low Stock
2954,81,375,6,24,2026-03-25,Low Stock
12054,5,630,364,69,2024-10-26,In Stock
12727,26,381,469,62,2026-06-14,In Stock
13389,97,772,326,89,2025-09-27,In Stock
8110,13,51,342,25,2025-05-05,In Stock
19668,49,679,329,99,2024-11-19,In Stock
13830,69,567,448,76,2026-01-09,In Stock
17884,44,275,374,25,2024-02-29,In Stock
3796,19,212,48,81,2024-04-09,Low Stock
10993,18,236,345,81,2024-10-13,In Stock
1281,100,94,33,10,2024-02-28,In Stock
5679,58,426,318,20,2025-05-12,In Stock
13916,17,406,231,34,2026-07-30,In Stock
4955,95,762,399,11,2025-07-01,In Stock
10471,83,27,378,34,2026-03-14,In Stock
10423,33,51,412,63,2024-03-30,In Stock
6509,70,812,236,87,2024-04-02,In Stock
7306,86,421,58,38,2025-03-02,In Stock
15631,25,502,128,-20,2026-04-03,In Stock
6887,80,408,155,30,2024-07-16,In Stock
223,44,875,27,45,2024-06-05,Low Stock
3546,1733,467,324,56,2025-07-09,In Stock
19501,88,250,391,76,2025-03-11,In Stock
2443,98,497,183,73,2024-06-23,In Stock
13811,32,451,191,81,2024-05-16,In Stock
5526,98,338,0,0,2025-11-02,Out of Stock
1973,50,584,389,27,2024-05-29,In Stock
1571,60,298,421,27,2027-07-26,In Stock
2282,97,186,461,43,2025-01-28,In Stock
6425,85,574,133,72,2025-03-04,In Stock
2022,72,634,47,10,2025-08-02,In Stock
14738,18,28,263,58,2025-10-12,In Stock
6845,48,81,117,74,2024-05-23,In Stock
19041,73,170,59,32,2024-01-02,In Stock
2557,99,226,160,0,2025-06-26,In Stock
7034,65,771,291,90,2025-10-26,In Stock
18566,84,111,428,0,2024-05-27,In Stock
3345,18,668,51,61,2026-02-02,Low Stock
903,80,465,90,84,2025-01-07,In Stock
10063,19,115,362,42,2025-06-17,In Stock
182,7,613,343,61,2026-05-04,In Stock
10020,57,125,336,74,2024-01-07,In Stock
5528,25,728,243,64,2024-02-02,In Stock
1854,43,860,119,19,2025-01-03,In Stock
15187,95,111,155,0,2025-07-06,In Stock
7610,87,844,-100,21,2025-12-21,Out of Stock
9404,4,587,-100,28,2024-11-06,Out of Stock
18358,59,562,217,30,2026-08-02,In Stock
1459,48,199,126,89,2025-11-01,In Stock
10247,92,454,159,30,2026-03-30,In Stock
14794,28,333,456,79,2024-02-10,In Stock
11039,3,197,9,95,2025-02-02,Low Stock
15342,50,842,194,93,2025-04-22,In Stock
1927,1987,707,443,36,2025-01-02,In Stock
11984,92,458,480,36,2024-05-17,In Stock
7345,41,457,365,39,2024-09-15,In Stock
18609,32,470,310,20,2025-04-15,In Stock
3657,1,909,171,95,2025-08-09,In Stock
6904,63,850,463,38,2026-02-02,In Stock
7478,45,699,500,16,2026-01-14,In Stock
19127,55,87,77,62,2026-02-03,In Stock
17301,76,385,483,47,2025-10-09,In Stock
12443,89,151,177,93,2025-01-21,In Stock
11264,69,601,422,36,2024-02-27,In Stock
5514,64,833,463,94,2025-05-03,In Stock
7999,13,199,238,80,2025-10-03,In Stock
11001,95,118,75,81,2024-09-23,Low Stock
12491,4,340,192,39,2024-01-08,In Stock
14323,35,624,213,100,2026-06-30,In Stock
16223,43,77,67,43,2025-12-27,In Stock
8676,74,137,328,38,2025-04-26,In Stock
6970,21,400,89,46,2025-12-09,In Stock
18522,41,275,137,56,2025-02-05,In Stock
18982,2,112,365,34,2026-02-25,In Stock
4000,38,126,378,13,2026-03-11,In Stock
18812,19,875,313,85,2024-11-06,In Stock
10023,69,926,432,38,2026-06-08,In Stock
2087,78,532,360,38,2026-05-20,In Stock
8408,55,9,110,100,2025-09-27,In Stock
6188,81,990,491,38,2025-01-03,In Stock
2590,72,45,214,59,2026-03-20,In Stock
19215,30,132,42,69,2025-01-03,Low Stock
5353,87,945,319,47,2025-08-28,In Stock
13864,23,281,124,55,2026-04-02,In Stock
16782,32,12334,112,77,2025-06-28,In Stock
10506,1,501,383,50,2026-04-09,In Stock
18859,95,594,352,60,2025-04-04,In Stock
13634,23,413,353,30,2024-05-22,In Stock
12102,92,663,384,82,2025-05-02,In Stock
14543,44,791,-10,28,2025-12-13,Out of Stock
15441,32,78,153,96,2024-01-05,In Stock
885,28,759,7,18,2026-04-03,Low Stock
1040,67,450,350,70,2025-01-05,In Stock
15109,40,319,184,71,,In Stock
14810,65,671,460,97,2024-06-30,In Stock
2446,87,861,36,78,2025-01-15,Low Stock
10159,43,162,491,42,2024-02-10,In Stock
7279,84,848,419,96,2025-04-24,In Stock
16589,74,209,259,19,2026-06-02,In Stock
15607,68,591,93,24,2025-12-16,In Stock
7328,41,799,110,35,2026-03-07,In Stock
2096,26,244,177,58,2024-12-12,In Stock
3858,57,281,180,48,2026-03-19,In Stock
18626,93,179,454,18,2024-11-29,In Stock
19643,78,208,475,87,2025-06-14,In Stock
3478,71,980,280,31,2024-05-28,In Stock
1011,96,978,250,61,2024-01-03,In Stock
9144,78,898,381,86,2025-04-17,In Stock
14372,13,155,62,73,2025-12-15,Low Stock
5611,50,84,394,51,2026-03-12,In Stock
9845,10,303,282,40,2026-04-25,In Stock
14022,5,345,312,0,2024-12-25,In Stock
8942,7,878,16,44,2025-02-07,Low Stock
935,97,942,204,46,2026-04-29,In Stock
6921,1685,935,67,25,2026-02-08,In Stock
8064,52,13489,371,21,2024-10-16,In Stock
18705,96,594,99,45,2024-10-11,In Stock
1344,8,1,482,51,2026-04-15,In Stock
19591,73,825,459,81,2026-02-12,In Stock
360,98,476,372,75,2024-10-04,In Stock
15155,43,344,121,40,2025-02-22,In Stock
18764,22,87,240,33,2024-01-17,In Stock
960,17,773,246,69,2026-01-29,In Stock
19639,39,493,293,14,2024-03-08,In Stock
1149,41,931,342,57,2024-06-20,In Stock
2955,37,607,55,28,2024-05-12,In Stock
2052,12,937,31,63,2025-09-26,Low Stock
2055,51,447,327,26,2024-05-23,In Stock
8332,92,466,317,31,2024-11-01,In Stock
13822,89,60,407,28,2026-05-18,In Stock
5283,72,626,290,57,2024-11-28,In Stock
14033,30,702,407,55,2024-07-27,In Stock
6502,10,194,48,88,2026-04-06,Low Stock
16734,51,847,390,14,2024-11-08,In Stock
4822,38,13,258,33,2026-01-17,In Stock
17920,62,13,324,58,2026-05-08,In Stock
18776,6,220,285,94,2025-10-04,In Stock
19608,73,35,243,88,2024-01-04,In Stock
19471,11,259,405,71,2025-08-26,In Stock
5360,65,74,245,39,2026-02-07,In Stock
13492,2,696,274,96,2025-07-17,In Stock
18080,37,851,22,26,2024-04-07,Low Stock
15110,96,213,444,27,2024-01-09,In Stock
3609,27,988,253,87,2026-05-19,In Stock
8633,80,301,466,86,2024-04-12,In Stock
5196,82,243,19,96,2024-07-04,Low Stock
16798,29,548,414,42,2026-06-20,In Stock
12464,10,837,398,58,2026-07-14,In Stock
10435,54,496,67,29,2024-07-27,In Stock
17739,81,810,162,58,2025-04-09,In Stock
19764,48,670,458,38,2025-09-23,In Stock
19139,67,378,381,72,2024-01-26,In Stock
6507,53,441,9,71,2025-01-09,Low Stock
18055,51,316,164,23,2026-04-09,In Stock
4294,8,616,496,76,2026-03-27,In Stock
8247,68,100,151,57,2025-12-12,In Stock
19992,12,85,144,50,2024-10-13,In Stock
2395,28,127,0,35,2025-06-23,Out of Stock
13175,79,679,15,54,2024-03-26,Low Stock
18861,64,805,95,70,2024-02-13,In Stock
4872,2,254,480,16,2026-03-11,In Stock
13208,7,484,171,50,2024-04-11,In Stock
13427,73,174,472,21,2024-02-15,In Stock
13604,68,338,310,39,2025-12-29,In Stock
9318,8,354,49,15,2025-08-01,In Stock
11571,50,217,160,77,2025-06-18,In Stock
7039,36,197,344,41,2024-02-13,In Stock
14129,4,620,240,44,2024-07-04,In Stock
5810,21,191,83,62,2025-06-29,In Stock
3538,51,678,66,54,2025-01-24,In Stock
14016,17,271,373,-20,2025-10-03,In Stock
13906,52,506,500,96,2025-07-05,In Stock
2747,37,931,183,11,2026-02-16,In Stock
103,91,359,185,18,2025-09-20,In Stock
13209,1,625,270,-20,2025-04-28,In Stock
1662,5,225,305,83,2024-08-27,In Stock
16872,82,924,258,40,2025-08-24,In Stock
9363,9,50,204,66,2025-11-27,In Stock
14622,92,847,223,71,2024-12-22,In Stock
15204,66,445,59,82,2026-07-28,Low Stock
15887,35,709,132,54,2024-12-26,In Stock
9396,6,380,332,76,2025-01-13,In Stock
7221,53,866,318,38,2024-03-31,In Stock
1695,42,85,330,38,2024-12-28,In Stock
11907,75,312,40,30,2026-05-12,In Stock
18369,16,569,180,72,2024-01-06,In Stock
15994,7,487,425,31,2025-02-07,In Stock
519,89,900,202,20,2024-02-06,In Stock
7018,27,356,329,69,2025-01-18,In Stock
15968,1755,790,205,76,2025-10-29,In Stock
13726,82,415,0,34,2024-12-13,Out of Stock
13742,18,855,442,78,2024-08-28,In Stock
2359,86,957,48,11,2026-03-05,In Stock
5130,18,989,430,31,2026-03-29,In Stock
938,52,889,44,81,2024-03-26,Low Stock
13584,31,115,17,13,2025-04-03,In Stock
18556,47,563,96,49,2025-07-02,In Stock
13279,80,522,83,39,2024-03-24,In Stock
2135,48,452,323,29,2024-05-22,In Stock
7725,77,909,387,43,2025-07-03,In Stock
7669,77,57,63,13,2025-12-22,In Stock
9333,47,331,312,95,2024-07-30,In Stock
10072,81,372,263,55,2024-05-29,In Stock
3120,9,139,257,87,2026-04-17,In Stock
14945,48,245,159,80,2026-07-20,In Stock
9483,40,143,83,55,2026-01-02,In Stock
1211,70,565,437,73,2025-03-03,In Stock
6587,90,391,172,27,2025-12-07,In Stock
1086,76,568,384,76,2024-08-24,In Stock
13707,10,20,444,19,,In Stock
9350,90,182,353,93,2025-01-24,In Stock
5710,45,421,269,68,,In Stock
16196,79,587,138,38,2024-03-01,In Stock
10727,12,63,131,83,2025-02-24,In Stock
16952,73,353,180,45,2026-06-21,In Stock
11457,77,445,200,54,2024-11-23,In Stock
10769,13,617,157,40,2024-08-02,In Stock
8294,90,598,62,75,2025-08-01,Low Stock
3380,29,282,218,99,2025-03-10,In Stock
1319,9,180,122,60,2025-07-22,In Stock
1770,32,73,3,68,2026-01-19,Low Stock
4372,60,50,88,96,2024-09-14,Low Stock
9253,83,420,127,57,2024-07-07,In Stock
12600,75,646,149,63,2024-10-06,In Stock
17588,62,580,153,56,2025-03-04,In Stock
3563,52,379,106,73,2025-12-05,In Stock
131,79,634,373,21,2024-05-10,In Stock
13436,57,45,25,73,2025-02-19,Low Stock
18730,66,811,466,13,2025-07-22,In Stock
12635,15,456,258,61,2024-11-24,In Stock
17832,16,640,164,42,2024-10-28,In Stock
12878,45,756,208,70,2026-04-28,In Stock
13746,98,369,157,12,2026-05-04,In Stock
1826,48,576,120,70,2026-04-02,In Stock
5475,92,645,473,33,2026-03-20,In Stock
18405,32,590,319,57,2026-06-27,In Stock
4414,26,197,129,22,2025-02-15,In Stock
5437,40,501,76,37,2025-03-26,In Stock
17848,4,524,102,76,2026-05-27,In Stock
11125,44,628,275,28,2025-03-19,In Stock
8918,91,572,129,67,2025-02-13,In Stock
12408,6,160,353,23,2026-04-25,In Stock
2217,6,594,121,51,2025-08-20,In Stock
2996,92,884,318,20,2025-06-26,In Stock
15760,43,29,208,78,2025-12-27,In Stock
11683,42,455,259,34,2025-04-09,In Stock
16048,61,549,200,85,2026-05-06,In Stock
10176,15,836,453,54,2024-05-18,In Stock
4984,71,647,72,62,2025-02-18,In Stock
17364,66,597,389,83,2025-07-03,In Stock
5533,26,418,419,41,2025-11-19,In Stock
12322,85,279,248,73,2026-01-04,In Stock
3941,24,986,12,25,2024-12-27,Low Stock
10269,27,981,492,31,2025-10-19,In Stock
17130,75,363,412,86,2025-07-30,In Stock
17987,51,590,233,65,2025-03-21,In Stock
9839,42,885,396,93,2026-04-24,In Stock
8361,26,493,305,89,2024-09-18,In Stock
3224,10,123,93,97,2025-02-15,Low Stock
4640,91,252,163,85,2024-10-14,In Stock
13979,95,888,240,10,2025-10-22,In Stock
14565,18,573,252,15,2025-04-09,In Stock
450,16,581,412,40,2025-02-16,In Stock
2265,75,315,172,67,2024-11-17,In Stock
18139,50,272,279,56,2025-04-10,In Stock
11910,60,625,296,42,2025-07-11,In Stock
14843,16,199,363,64,2025-12-29,In Stock
7754,2,793,231,62,2026-06-29,In Stock
12398,50,211,69,17,2025-11-15,In Stock
7387,69,655,369,83,2024-04-05,In Stock
536,27,20,255,100,2024-01-25,In Stock
7440,20,829,61,41,2024-11-25,In Stock
10854,83,96,459,61,,In Stock
1837,74,587,429,77,2026-12-16,In Stock
11314,8,262,359,38,2026-08-02,In Stock
9810,61,325,69,37,2025-12-22,In Stock
14571,80,29,266,98,2024-01-10,In Stock
9635,66,782,100,41,2025-09-16,In Stock
4497,53,387,359,73,2025-11-29,In Stock
1891,75,874,160,78,2027-08-01,In Stock
6247,47,641,328,57,2024-02-04,In Stock
6758,28,789,195,49,2024-09-10,In Stock
1689,86,910,112,84,2026-01-06,In Stock
17876,52,528,300,64,2024-02-25,In Stock
9606,85,187,362,72,2026-07-13,In Stock
5072,23,645,268,22,2026-03-19,In Stock
11260,37,754,498,78,2024-10-21,In Stock
2450,79,876,174,61,2025-11-20,In Stock
10076,34,629,396,53,2024-06-11,In Stock
12586,62,186,369,14,2025-03-28,In Stock
15244,76,65,458,27,2026-03-09,In Stock
455,4,505,462,68,2024-05-11,In Stock
18513,67,654,391,50,2025-03-23,In Stock
19483,60,390,158,44,2024-05-11,In Stock
13421,36,836,99,27,2026-07-23,In Stock
3853,32,631,398,57,2025-11-15,In Stock
183,8,553,152,86,2025-04-16,In Stock
4844,28,675,-50,17,2024-12-22,Out of Stock
14426,56,6,24,37,2024-04-07,Low Stock
5422,47,452,280,45,2026-01-20,In Stock
12580,89,349,249,50,2025-09-04,In Stock
19837,14,333,449,15,2025-07-01,In Stock
100,36,127,240,38,2026-01-11,In Stock
4979,61,195,358,62,2026-06-09,In Stock
19642,4,66,245,76,2024-08-28,In Stock
14230,46,730,409,72,2025-01-23,In Stock
17763,67,348,41,66,2024-04-06,Low Stock
2765,96,357,292,60,2025-10-30,In Stock
834,26,129,-100,73,2024-05-04,Out of Stock
1708,25,713,376,25,2025-08-23,In Stock
255,84,259,365,12,2025-10-21,In Stock
12563,55,59,163,79,2025-06-27,In Stock
6307,35,724,225,85,2024-10-19,In Stock
1303,92,33,492,81,2025-11-08,In Stock
15479,88,722,389,32,2024-01-14,In Stock
8228,39,635,24,39,2026-06-10,Low Stock
8929,37,220,263,40,2025-06-03,In Stock
5567,13,148,268,56,2025-02-05,In Stock
4603,9,590,412,19,2024-07-02,In Stock
3931,76,435,301,51,,In Stock
14413,36,318,409,22,2024-02-29,In Stock
934,15,892,282,51,2024-08-28,In Stock
4526,92,996,220,45,2025-06-06,In Stock
10338,14,943,78,35,2024-05-05,In Stock
18601,23,14655,46,82,2026-01-24,Low Stock
5253,75,478,320,19,2025-03-27,In Stock
15292,96,674,302,63,2024-06-21,In Stock
2010,26,812,483,17,2024-08-29,In Stock
12008,30,358,271,30,2026-04-05,In Stock
17804,24,581,281,15,2024-11-03,In Stock
2875,28,850,62,52,2025-11-09,In Stock
17952,97,940,316,96,2024-11-21,In Stock
1038,57,47,255,18,2026-02-06,In Stock
2705,55,523,-1,20,2026-02-28,Out of Stock
7600,16,922,381,36,2025-07-31,In Stock
12100,38,539,136,39,2024-09-15,In Stock
8296,79,326,324,45,2025-06-14,In Stock
9484,11,138,121,35,2024-11-20,In Stock
7257,53,491,359,15,2025-07-01,In Stock
13198,6,97,448,84,2025-10-02,In Stock
12355,99,24,221,55,2025-11-22,In Stock
16298,1,380,326,25,2024-03-05,In Stock
15694,37,426,166,22,2026-06-19,In Stock
18677,85,105,278,97,2025-11-14,In Stock
13182,94,678,424,73,2025-01-08,In Stock
11072,9,184,232,100,2025-07-28,In Stock
8679,92,897,60,49,2024-05-23,In Stock
10040,3,842,160,64,2024-08-05,In Stock
18825,86,937,79,75,2025-10-27,In Stock
8268,42,228,186,95,2024-11-04,In Stock
1541,70,379,268,63,2025-08-31,In Stock
8766,65,543,455,22,2025-10-16,In Stock
2698,8,636,453,39,2026-03-19,In Stock
2287,96,434,377,70,2024-07-19,In Stock
19058,19,771,413,51,2024-12-18,In Stock
9542,31,406,17,30,2026-05-18,Low Stock
16499,65,104,421,76,2026-06-26,In Stock
14279,78,219,220,24,2024-09-17,In Stock
15678,90,288,449,30,2025-12-16,In Stock
7154,77,897,485,71,2026-05-28,In Stock
12631,64,311,308,33,2024-04-23,In Stock
9098,81,106,484,24,2025-04-09,In Stock
15874,19,700,383,81,2026-06-09,In Stock
8758,64,76,334,0,2025-07-30,In Stock
4541,43,386,216,27,2026-05-03,In Stock
12341,61,602,46,0,2025-07-01,In Stock
7626,58,515,145,41,2024-03-21,In Stock
8840,52,806,278,100,2026-06-12,In Stock
6481,53,454,279,67,2025-05-12,In Stock
1334,2,476,495,64,2025-02-18,In Stock
5816,27,941,117,95,2024-04-01,In Stock
14197,41,147,296,34,2024-06-29,In Stock
10446,4,616,285,10,2024-12-03,In Stock
13940,68,487,234,57,2025-05-28,In Stock
1985,63,694,464,77,2025-04-18,In Stock
9732,98,10,433,65,2025-09-18,In Stock
2436,96,333,230,28,2026-05-23,In Stock
9898,32,732,241,30,2025-11-01,In Stock
5077,97,56,98,57,2025-04-17,In Stock
15898,84,819,134,50,2024-04-19,In Stock
15114,92,824,363,84,2026-01-03,In Stock
14685,51,193,79,40,2026-04-25,In Stock
7496,82,928,233,42,2025-01-29,In Stock
3921,11,409,214,33,2024-10-07,In Stock
14656,46,512,417,99,2026-02-12,In Stock
14602,87,54,204,81,2026-01-15,In Stock
17387,63,445,435,34,2024-08-09,In Stock
5585,40,521,258,47,2026-01-15,In Stock
6881,48,423,34,96,2024-03-24,Low Stock
8661,67,348,446,61,2024-10-05,In Stock
2814,71,764,467,70,2025-04-27,In Stock
8140,64,266,41,82,2025-08-19,Low Stock
537,10,587,304,69,2025-12-05,In Stock
14417,100,5,146,35,2026-06-14,In Stock
1140,5,104,285,63,2025-12-26,In Stock
10350,59,535,336,28,2024-05-04,In Stock
4117,22,505,371,60,2026-01-03,In Stock
13263,19,937,337,16,2024-11-22,In Stock
11010,45,917,259,72,2024-04-27,In Stock
16453,100,140,448,30,2026-05-05,In Stock
1420,90,416,67,92,2026-06-12,Low Stock
618,16,56,471,25,2025-04-18,In Stock
1311,62,212,345,17,2025-09-13,In Stock
15743,75,696,476,19,2024-11-26,In Stock
13990,19,817,36,52,2024-12-27,Low Stock
3252,34,811,211,28,2025-08-26,In Stock
3548,73,332,314,99,2024-05-09,In Stock
17294,71,227,224,91,2026-04-07,In Stock
5355,46,411,494,36,2026-02-08,In Stock
7202,88,186,461,82,2024-08-19,In Stock
16112,52,705,494,17,2024-01-19,In Stock
18270,15,955,127,20,2024-05-03,In Stock
17679,55,596,287,35,2024-01-26,In Stock
10647,43,497,168,51,2024-07-25,In Stock
2210,98,606,334,24,2026-05-28,In Stock
10546,78,6,147,95,2025-12-27,In Stock
19527,70,327,199,55,2025-09-14,In Stock
1122,20,247,247,-20,2024-09-06,In Stock
2657,17,557,98,75,2024-06-28,In Stock
3479,90,163,264,71,2026-06-01,In Stock
18987,77,580,123,27,2024-01-20,In Stock
12987,4,10,424,92,2026-02-17,In Stock
14237,49,778,-1,67,2024-06-13,Out of Stock
7913,26,961,223,20,2024-11-29,In Stock
11079,65,428,178,86,2024-11-02,In Stock
5558,21,860,214,96,2026-01-05,In Stock
3527,91,88,319,85,2025-05-12,In Stock
17506,51,747,274,52,2025-07-04,In Stock
1836,89,350,151,98,2026-02-12,In Stock
18111,6,564,384,84,2024-05-23,In Stock
15069,3,872,117,94,2026-01-12,In Stock
19095,22,240,496,56,2024-12-07,In Stock
1043,42,888,441,24,2025-11-14,In Stock
15371,51,523,91,86,2025-04-18,In Stock
16040,44,108,16,87,2025-11-06,Low Stock
983,10,205,3,57,2024-12-04,Low Stock
14592,5,437,313,100,2025-11-21,In Stock
4795,51,753,431,74,2025-08-09,In Stock
11226,41,729,326,21,2025-12-02,In Stock
2597,3,431,421,50,2024-04-18,In Stock
5504,72,401,344,14,2024-09-02,In Stock
4489,42,137,167,20,2024-02-16,In Stock
19551,13,281,128,26,2024-03-14,In Stock
378,45,995,283,59,2025-08-24,In Stock
358,65,639,191,48,2024-09-12,In Stock
13165,74,685,322,95,2025-12-29,In Stock
8352,59,226,163,40,2025-11-29,In Stock
15179,10,528,394,67,2025-05-07,In Stock
6078,93,555,14,18,2026-06-04,Low Stock
11092,5,753,452,99,2024-05-30,In Stock
7285,82,585,383,76,2025-09-06,In Stock
13770,78,446,479,91,2026-05-19,In Stock
15941,69,887,45,75,2025-02-04,Low Stock
2235,42,431,125,54,2024-02-23,In Stock
11645,41,720,181,96,2025-11-09,In Stock
11766,47,300,181,25,2025-04-26,In Stock
15923,54,826,305,66,2025-12-07,In Stock
19500,96,778,394,95,2024-11-23,In Stock
5926,91,56,240,60,2024-07-21,In Stock
4353,98,195,44,37,2024-11-25,In Stock
9001,1,891,44,56,2025-02-17,Low Stock
6875,39,462,391,100,2025-07-19,In Stock
16762,84,106,405,-20,2024-10-22,In Stock
8483,50,481,268,33,2024-01-28,In Stock
12263,35,734,334,89,2026-07-31,In Stock
13578,11,305,68,62,2025-02-26,In Stock
17148,7,248,248,64,2025-06-22,In Stock
2719,5,674,141,45,2025-10-11,In Stock
7622,4,958,491,69,2026-02-01,In Stock
1257,100,63,97,97,2026-01-11,Low Stock
2641,65,518,0,25,2025-05-05,Out of Stock
4319,37,339,363,84,2026-02-26,In Stock
19383,23,779,44,56,2024-01-05,Low Stock
2653,3,168,239,19,2025-01-08,In Stock
10030,92,249,114,15,2026-01-15,In Stock
6614,42,743,479,63,2024-05-09,In Stock
10609,83,844,439,87,2025-12-02,In Stock
14251,43,621,158,37,2024-09-26,In Stock
5298,58,404,413,59,2026-01-27,In Stock
1337,32,164,325,43,2026-04-11,In Stock
114,73,530,103,29,2024-07-20,In Stock
5501,96,415,123,71,2025-06-17,In Stock
17667,54,270,394,58,2025-09-20,In Stock
14193,58,158,117,65,2024-01-16,In Stock
14064,17,871,290,97,2026-02-25,In Stock
4287,93,891,52,53,2025-07-18,Low Stock
13392,30,741,500,98,2024-09-21,In Stock
13664,51,353,483,68,2025-06-10,In Stock
12627,38,294,303,88,2025-05-16,In Stock
13308,47,84,460,84,2024-06-06,In Stock
17839,42,269,214,98,2024-05-09,In Stock
11341,51,915,281,81,2026-07-04,In Stock
18481,2,567,69,-5,2024-05-08,In Stock
381,39,156,103,75,2026-07-23,In Stock
16159,95,915,455,15,2024-01-16,In Stock
17151,52,772,123,48,2024-02-11,In Stock
16711,97,723,340,91,2025-11-27,In Stock
7627,82,863,244,65,2026-02-07,In Stock
18553,24,175,171,19,2025-05-13,In Stock
136,27,416,341,30,2025-12-21,In Stock
16273,33,769,413,80,2025-07-14,In Stock
16768,32,220,347,20,2026-06-06,In Stock
11431,100,971,399,92,2024-01-31,In Stock
14781,50,639,338,27,2026-05-15,In Stock
6917,54,42,2,55,2024-04-29,Low Stock
18184,53,65,395,-20,2024-03-14,In Stock
12114,57,746,116,12,2026-06-12,In Stock
17529,34,712,383,85,2025-06-01,In Stock
14318,6,444,271,88,2024-06-25,In Stock
12066,9,997,228,85,2024-03-07,In Stock
2088,65,583,227,83,2024-04-09,In Stock
17568,18,219,285,28,2024-07-27,In Stock
11851,56,679,423,49,2026-02-06,In Stock
10535,48,405,157,53,2025-07-29,In Stock
3998,30,642,100,13,2025-05-12,In Stock
13081,50,135,9,56,2024-10-11,Low Stock
18865,74,907,180,32,2026-03-05,In Stock
4741,41,332,182,59,2025-03-23,In Stock
17396,45,778,351,64,2025-11-16,In Stock
3289,86,186,56,32,2024-09-01,In Stock
11609,28,820,164,32,2024-05-29,In Stock
426,36,523,258,24,2025-10-31,In Stock
16068,37,28,25,15,2024-04-14,In Stock
17417,26,387,414,72,2025-11-08,In Stock
14178,65,696,123,34,2025-10-27,In Stock
12750,80,111,195,32,2024-08-27,In Stock
7787,50,764,480,83,2024-05-28,In Stock
8953,41,83,314,11,2024-03-26,In Stock
18057,64,682,376,60,2025-02-11,In Stock
16247,55,989,285,89,2025-10-08,In Stock
18307,2,329,337,16,2024-03-17,In Stock
15576,28,569,188,84,2026-04-15,In Stock
9235,32,486,270,88,2025-07-05,In Stock
18607,39,741,107,70,2026-01-04,In Stock
8179,29,394,472,17,2025-05-27,In Stock
3215,44,189,167,10,2026-04-01,In Stock
16076,90,312,262,96,2026-02-14,In Stock
1834,98,217,447,39,2025-11-29,In Stock
3659,76,401,479,76,2026-07-28,In Stock
14658,96,132,330,76,2025-02-07,In Stock
5020,47,454,412,80,2024-05-03,In Stock
18863,94,562,208,84,2024-11-09,In Stock
15824,43,357,155,62,2024-12-14,In Stock
11922,21,200,-1,68,2025-01-10,Out of Stock
13269,3,494,138,34,2025-04-24,In Stock
19818,58,387,314,18,2026-03-15,In Stock
15135,12,119,312,82,2024-04-26,In Stock
18336,57,15629,185,14,,In Stock
14439,21,622,67,94,2025-02-01,Low Stock
654,9,829,67,46,2024-04-16,In Stock
12268,16,715,306,-5,2024-08-22,In Stock
9661,4,83,491,44,2026-07-06,In Stock
3235,11,144,299,11,2025-11-25,In Stock
9403,27,877,-100,18,2025-07-01,Out of Stock
2727,88,995,500,62,2026-01-07,In Stock
1114,72,315,395,55,2024-01-08,In Stock
14856,51,235,404,69,2025-09-03,In Stock
7730,32,877,253,65,2024-08-04,In Stock
374,71,433,71,92,2025-07-12,Low Stock
2100,52,918,218,78,2026-09-17,In Stock
7746,58,433,394,91,2025-10-08,In Stock
2994,7,18,383,76,2025-07-25,In Stock
5935,24,799,187,29,2024-07-26,In Stock
1276,85,356,457,84,2024-11-10,In Stock
5419,17,10329,456,64,2026-07-16,In Stock
4305,52,9,21,59,2024-04-02,Low Stock
10386,71,554,462,72,2025-04-26,In Stock
9479,33,838,238,89,2024-12-21,In Stock
9846,29,344,252,12,2026-06-21,In Stock
2133,62,256,56,99,2025-04-30,Low Stock
17658,100,908,-1,41,2026-01-04,Out of Stock
14711,48,215,366,-5,2025-08-06,In Stock
14523,1,442,362,20,2025-04-12,In Stock
18063,39,680,351,74,2024-07-13,In Stock
9469,27,847,367,100,2026-03-12,In Stock
16414,63,750,377,76,2024-12-26,In Stock
6649,82,447,106,80,2024-08-07,In Stock
11232,33,328,480,16,2025-05-17,In Stock
14107,37,315,252,93,2025-09-13,In Stock
15451,87,177,181,70,2025-02-11,In Stock
863,27,24,133,85,2024-05-08,In Stock
7922,21,157,301,92,2024-12-18,In Stock
7498,61,270,474,28,2025-10-03,In Stock
10477,11,905,94,70,2026-08-08,In Stock
5894,20,449,234,74,2025-07-12,In Stock
1721,69,363,108,100,2024-05-20,In Stock
5737,84,267,375,90,2025-12-08,In Stock
16863,43,494,4,30,2024-06-20,Low Stock
10920,81,707,294,14,2026-06-11,In Stock
18908,27,210,387,90,2024-12-27,In Stock
6947,86,16,54,10,2026-06-04,In Stock
639,47,478,277,10,2024-02-25,In Stock
15713,21,18031,223,80,2025-03-17,In Stock
4133,50,754,144,60,2024-10-10,In Stock
4623,13,410,428,48,2025-06-23,In Stock
567,34,936,238,38,2025-08-13,In Stock
9947,46,832,170,37,2024-02-25,In Stock
7242,39,825,330,78,2024-02-04,In Stock
11944,84,944,154,55,2025-03-21,In Stock
6516,33,752,333,48,2025-04-11,In Stock
1306,69,995,223,44,2025-02-23,In Stock
19354,20,770,488,90,2025-01-20,In Stock
4304,30,958,217,35,2024-05-02,In Stock
10464,86,119,77,16,,In Stock
15121,31,154,172,76,2026-05-21,In Stock
8697,48,580,469,24,2025-11-03,In Stock
6272,1334,389,249,18,2026-02-20,In Stock
9120,42,732,257,14,2027-06-23,In Stock
19701,43,597,362,78,2024-03-19,In Stock
15016,10,263,30,49,2024-01-23,Low Stock
17040,56,147,288,65,2027-07-06,In Stock
15018,96,936,240,15,2026-05-20,In Stock
5648,34,550,105,82,2024-05-15,In Stock
1796,91,538,401,20,2025-12-04,In Stock
15665,66,72,419,98,2024-07-07,In Stock
1058,1,821,434,46,2026-02-01,In Stock
1965,98,481,211,16,2025-04-22,In Stock
2630,26,266,40,22,2025-09-28,In Stock
16622,80,382,319,21,2025-12-10,In Stock
18716,70,307,88,77,2024-08-09,In Stock
16938,41,736,128,11,2024-11-01,In Stock
17996,63,67,251,71,2025-03-03,In Stock
5291,91,864,170,45,2025-04-14,In Stock
15461,79,558,357,92,2027-04-01,In Stock
8410,68,833,162,50,2025-11-10,In Stock
7472,34,494,257,35,2026-01-18,In Stock
10960,88,753,229,17,2026-06-04,In Stock
18112,41,869,128,69,2026-02-13,In Stock
17984,74,818,353,55,2025-10-24,In Stock
9049,28,404,390,50,2026-04-23,In Stock
5364,83,962,483,54,2025-03-20,In Stock
2544,50,593,94,72,2024-10-20,In Stock
11810,90,213,437,58,2025-03-04,In Stock
3885,77,972,32,68,2024-04-07,Low Stock
6536,12,706,287,47,2025-02-21,In Stock
2276,1,544,448,72,,In Stock
11401,100,931,226,-20,2025-06-28,In Stock
16073,91,461,144,29,2026-04-30,In Stock
421,2,379,58,25,2025-08-22,In Stock
285,36,392,48,43,2024-08-21,In Stock
999,84,457,170,40,2026-03-18,In Stock
12182,49,681,383,31,2024-11-05,In Stock
3182,40,428,373,87,2024-07-05,In Stock
18637,97,283,467,50,2025-08-12,In Stock
11592,69,725,419,21,2024-10-30,In Stock
12149,65,962,418,81,2026-04-23,In Stock
3835,26,108,139,38,2026-08-09,In Stock
18655,40,939,328,55,2025-01-21,In Stock
4769,44,666,475,99,2025-06-05,In Stock
3246,23,141,423,19,2025-05-23,In Stock
4282,55,507,401,20,2026-01-07,In Stock
15795,16,906,279,98,2024-08-31,In Stock
7811,49,940,251,90,2025-04-30,In Stock
18686,42,873,170,51,2024-08-12,In Stock
7878,56,853,163,51,2025-05-02,In Stock
5275,51,757,26,70,2024-09-21,Low Stock
4937,4,807,105,48,2025-11-24,In Stock
8378,77,35,99,44,2026-07-30,In Stock
18109,50,848,85,20,2024-10-17,In Stock
11115,67,337,157,43,2024-04-18,In Stock
9445,13,492,42,72,2024-11-11,Low Stock
19629,87,20,324,67,2025-10-06,In Stock
11202,78,738,293,77,2024-07-27,In Stock
161,12,456,149,38,2025-03-17,In Stock
16142,12,912,161,77,2025-08-18,In Stock
10796,5,47,491,72,2027-03-30,In Stock
683,34,231,252,64,2024-03-02,In Stock
15076,28,358,259,86,2026-07-17,In Stock
17844,56,45,457,46,2025-11-04,In Stock
151,38,664,-10,23,2024-09-13,Out of Stock
16668,50,517,138,16,2025-01-04,In Stock
15981,96,308,114,43,2025-11-23,In Stock
3412,68,854,204,29,2024-05-29,In Stock
15759,70,609,120,99,2026-06-03,In Stock
8754,20,188,254,87,2025-06-13,In Stock
15463,65,152,89,41,2025-10-06,In Stock
14880,27,950,85,59,2026-02-13,In Stock
11219,72,6,100,66,2024-09-11,In Stock
11103,8,164,396,76,2024-04-08,In Stock
5938,88,909,40,57,2025-12-14,Low Stock
6678,46,210,200,35,2025-12-28,In Stock
9160,88,181,329,45,,In Stock
7807,36,162,373,23,2024-11-02,In Stock
4316,61,8,361,61,2025-12-26,In Stock
9786,28,667,228,31,2025-12-04,In Stock
2662,39,368,47,98,2024-07-15,Low Stock
17909,60,933,379,72,2025-07-18,In Stock
13206,1,324,329,41,2024-01-31,In Stock
14455,29,135,79,69,2024-11-30,In Stock
3789,28,363,129,40,2025-03-21,In Stock
7859,36,377,157,62,2025-08-13,In Stock
1277,42,163,326,22,2026-05-28,In Stock
18183,35,698,293,23,2025-10-25,In Stock
6418,98,641,95,73,2026-04-04,In Stock
11634,58,603,96,64,2026-07-02,In Stock
13237,97,339,55,78,2025-08-17,Low Stock
117,57,819,401,84,2025-11-15,In Stock
15784,7,156,15,37,2025-12-10,Low Stock
12737,43,513,49,83,2025-07-11,Low Stock
8816,12,379,393,59,2025-10-11,In Stock
15929,17,903,323,-20,,In Stock
1113,11,597,194,44,2025-12-07,In Stock
17889,83,846,353,68,2025-12-19,In Stock
8293,57,11312,500,91,2024-01-09,In Stock
8963,89,253,403,74,2024-03-18,In Stock
16424,87,915,499,27,2024-08-21,In Stock
15949,57,517,467,11,2026-02-03,In Stock
10118,54,381,328,61,,In Stock
3652,78,781,18,-20,2024-10-08,In Stock
8038,53,92,439,96,2026-07-27,In Stock
1256,12,238,103,42,2024-04-20,In Stock
3685,92,788,467,65,2025-07-20,In Stock
11189,15,363,286,46,2024-10-23,In Stock
18304,35,948,383,94,2025-08-25,In Stock
19366,38,663,137,81,2026-07-14,In Stock
19603,44,555,226,-5,2025-06-06,In Stock
2482,41,390,336,41,2025-09-16,In Stock
10731,9,592,138,97,2025-03-01,In Stock
8295,76,894,455,90,2026-02-27,In Stock
10601,75,829,333,91,2026-01-11,In Stock
17758,78,475,125,16,2025-08-18,In Stock
830,27,320,215,52,2025-10-12,In Stock
8546,91,853,378,37,2026-03-27,In Stock
1603,100,162,260,88,2024-06-05,In Stock
12895,64,519,59,87,2024-07-18,Low Stock
3059,18,221,192,10,2024-05-27,In Stock
15363,41,731,-100,56,,Out of Stock
11293,9,417,381,24,2026-06-28,In Stock
8951,52,520,280,48,2024-12-18,In Stock
17334,91,185,486,37,2024-08-13,In Stock
13762,66,364,391,57,2025-10-13,In Stock
19601,3,20,428,73,2026-05-13,In Stock
17748,32,269,437,90,2026-02-18,In Stock
11784,12,849,283,36,2024-04-07,In Stock
17385,99,312,292,77,2025-04-30,In Stock
18233,12,279,462,12,2026-05-30,In Stock
14558,11,708,382,62,2025-06-17,In Stock
10085,60,588,311,15,2025-10-27,In Stock
18881,72,636,271,88,2025-01-06,In Stock
1922,77,971,282,0,2025-08-03,In Stock
11552,90,778,275,22,2025-01-10,In Stock
17645,54,215,88,34,2025-06-01,In Stock
9935,60,156,127,100,2024-04-25,In Stock
11808,73,84,23,53,2025-11-18,Low Stock
6952,15,65,373,89,2024-01-05,In Stock
8226,97,95,316,61,2024-06-02,In Stock
11387,42,519,426,32,2026-04-02,In Stock
3852,10,43,37,77,2024-09-17,Low Stock
3939,52,731,112,74,2024-03-18,In Stock
6686,5,121,-10,59,2024-08-25,Out of Stock
13964,85,478,151,63,2025-10-28,In Stock
14761,48,900,142,89,2024-11-26,In Stock
19210,88,841,460,89,2026-04-21,In Stock
15343,53,143,299,45,2025-03-17,In Stock
14946,80,37,402,50,2025-02-07,In Stock
11881,19,734,1,77,2025-05-20,Low Stock
3608,90,553,257,37,2025-11-03,In Stock
13549,20,461,95,86,2024-09-04,In Stock
1321,6,235,85,67,2026-07-13,In Stock
13298,1710,835,3,64,2024-12-30,Low Stock
10009,88,374,377,24,2025-07-03,In Stock
12439,31,435,8,36,2024-10-13,Low Stock
3212,40,522,474,28,2025-06-23,In Stock
169,12,925,132,26,2025-09-25,In Stock
5565,89,427,222,13,2025-08-09,In Stock
12526,66,942,162,33,2024-10-21,In Stock
12438,73,203,197,46,2025-09-25,In Stock
19925,81,288,486,39,2024-04-28,In Stock
13327,76,892,453,90,2025-02-28,In Stock
14662,94,401,421,48,2025-05-11,In Stock
399,26,790,246,73,2024-10-23,In Stock
16070,100,681,139,75,2025-03-08,In Stock
15765,42,338,312,18,2024-04-30,In Stock
150,22,443,138,13,2024-04-11,In Stock
3070,19,873,336,43,2025-01-16,In Stock
7720,36,52,301,18,2026-05-12,In Stock
95,36,32,232,90,2025-12-14,In Stock
9711,12,866,359,15,2026-05-31,In Stock
10114,88,353,285,35,2026-03-04,In Stock
5164,71,240,316,14,2024-05-28,In Stock
18791,22,414,181,66,2025-03-08,In Stock
5204,89,385,44,36,2024-06-22,In Stock
12676,81,355,351,67,2024-01-01,In Stock
13414,20,243,458,18,2025-01-07,In Stock
13366,65,9,263,59,2024-06-07,In Stock
1497,62,572,37,98,2026-01-17,Low Stock
11073,24,407,334,38,2026-05-12,In Stock
5024,9,936,464,64,2024-11-21,In Stock
19631,89,20,-1,41,2026-02-28,Out of Stock
4886,48,514,150,45,2025-08-05,In Stock
16621,95,869,477,85,2025-02-16,In Stock
18688,91,806,295,40,2024-03-17,In Stock
7758,82,338,481,10,2025-04-03,In Stock
18149,98,671,357,44,2026-07-29,In Stock
18973,35,762,333,38,2025-05-09,In Stock
3747,71,285,259,39,2024-12-01,In Stock
19635,78,504,164,22,2024-12-23,In Stock
7072,1555,274,433,26,2025-06-21,In Stock
18576,22,63,278,72,2025-10-15,In Stock
6620,70,952,474,84,2024-06-11,In Stock
5803,52,630,339,96,2025-12-25,In Stock
4901,89,944,166,38,2024-02-05,In Stock
1930,96,569,346,38,2025-08-04,In Stock
10645,15,210,401,33,2025-10-10,In Stock
8399,72,482,138,59,2026-07-03,In Stock
6144,95,205,261,80,2024-09-25,In Stock
16041,55,285,184,46,2025-04-22,In Stock
1968,16,523,468,17,2026-07-19,In Stock
10207,27,810,383,16,2025-11-05,In Stock
5149,60,212,440,29,2025-03-31,In Stock
1635,24,534,264,22,2025-03-01,In Stock
5380,100,501,216,26,2024-10-12,In Stock
18240,84,801,179,69,2025-04-06,In Stock
12692,18,811,260,70,2025-03-27,In Stock
5091,95,492,434,73,2024-06-26,In Stock
9759,6,515,248,22,2024-07-06,In Stock
3319,64,159,432,29,2025-01-13,In Stock
11622,35,403,417,86,2026-01-04,In Stock
17278,40,784,124,88,2024-09-06,In Stock
1480,100,374,100,87,2024-06-20,In Stock
16857,40,115,318,29,2025-05-15,In Stock
18413,36,136,169,96,2025-05-19,In Stock
1499,10,452,21,29,2025-11-25,Low Stock
10885,6,533,11,53,2024-01-06,Low Stock
14254,17,293,323,85,2025-11-14,In Stock
10187,51,524,124,94,2026-04-25,In Stock
12866,12,19857,424,78,2025-09-29,In Stock
6302,53,658,120,81,2025-09-06,In Stock
16838,67,886,151,80,2025-12-16,In Stock
12819,12,924,350,43,2025-09-26,In Stock
1333,85,792,293,15,2024-01-24,In Stock
7591,85,739,133,57,2026-03-22,In Stock
5484,30,733,390,33,2026-05-01,In Stock
13731,64,723,40,65,2025-08-04,Low Stock
2689,99,780,83,57,2025-01-13,In Stock
1715,71,92,487,11,2024-08-22,In Stock
12245,81,910,454,55,2024-09-17,In Stock
17470,53,558,367,88,2025-08-19,In Stock
18829,21,691,243,56,2024-03-10,In Stock
5227,67,941,325,-5,2025-08-16,In Stock
9460,59,766,475,89,2025-10-01,In Stock
5606,28,269,247,15,2026-06-21,In Stock
15520,69,337,280,66,2025-04-14,In Stock
3856,80,648,31,78,2024-02-17,Low Stock
11664,62,631,447,66,2026-05-23,In Stock
4114,51,454,259,40,2025-05-12,In Stock
16412,18,13,320,28,2024-04-05,In Stock
15491,5,935,443,30,2025-02-10,In Stock
6600,36,763,402,35,2024-03-05,In Stock
2716,18,563,123,18,2025-06-03,In Stock
11860,19,312,136,78,2026-05-13,In Stock
317,80,529,211,55,2025-07-02,In Stock
7579,63,132,17,86,2025-02-08,Low Stock
12929,77,657,371,86,2026-07-25,In Stock
14768,79,793,69,37,2024-04-12,In Stock
6142,88,312,209,35,2024-04-05,In Stock
7874,98,67,115,43,2025-08-13,In Stock
7305,87,98,185,47,2025-06-16,In Stock
2819,26,903,-1,53,2024-09-02,Out of Stock
5622,8,523,75,-20,2025-07-14,In Stock
951,57,816,88,28,2026-02-12,In Stock
11500,28,703,266,50,2025-12-29,In Stock
7388,3,433,138,22,2026-04-16,In Stock
12117,74,59,456,45,2026-01-12,In Stock
31,68,326,377,68,2025-02-18,In Stock
16817,91,115,354,92,2024-08-10,In Stock
1640,22,550,70,80,2025-06-19,Low Stock
6975,4,482,413,50,2025-11-24,In Stock
13574,22,109,127,39,2025-04-10,In Stock
13869,41,441,94,19,2024-05-20,In Stock
4457,46,32,78,78,2026-03-27,Low Stock
19281,93,164,284,12,2025-09-08,In Stock
5490,99,969,191,30,2026-06-29,In Stock
12931,48,127,255,90,2026-07-18,In Stock
17732,13,161,166,33,2025-09-12,In Stock
17798,43,907,420,92,2026-04-30,In Stock
15394,40,795,70,29,2026-04-10,In Stock
1966,58,421,369,43,2025-09-21,In Stock
17738,68,359,323,56,2024-07-10,In Stock
1585,60,680,441,90,2024-03-28,In Stock
2026,66,929,106,34,2024-10-22,In Stock
8088,43,529,98,22,2024-12-25,In Stock
13497,19,745,316,53,2025-09-08,In Stock
14751,13,327,427,94,2024-10-05,In Stock
11030,65,821,299,47,2024-11-19,In Stock
7801,62,266,190,95,2026-04-09,In Stock
6099,8,56,177,16,2025-07-21,In Stock
15197,92,510,114,86,2024-02-08,In Stock
9536,42,790,-100,78,2025-05-31,Out of Stock
2929,77,451,425,44,2024-07-05,In Stock
11108,15,737,338,88,2025-06-30,In Stock
12794,62,231,352,13,2025-11-04,In Stock
19729,17,720,347,0,2024-11-06,In Stock
17614,94,56,254,81,2024-07-30,In Stock
14702,42,925,170,43,2024-08-02,In Stock
7404,77,762,319,59,2025-05-14,In Stock
15806,35,720,232,52,2025-08-06,In Stock
17411,6,616,191,64,2024-04-25,In Stock
1594,9,697,145,54,2026-01-31,In Stock
7886,59,66,331,93,2025-12-27,In Stock
7101,70,477,229,14,2025-10-31,In Stock
701,53,817,67,99,2026-05-27,Low Stock
14228,99,551,68,86,2026-03-11,Low Stock
16071,44,969,352,37,2025-09-21,In Stock
14045,64,481,162,13,2024-10-25,In Stock
3694,62,259,147,46,2024-01-12,In Stock
6741,40,370,407,36,2024-04-26,In Stock
3996,71,279,107,15,2026-05-16,In Stock
8546,91,853,378,37,2026-03-27,In Stock
1315,3,482,67,72,2025-03-03,Low Stock
9129,73,428,240,59,2025-08-17,In Stock
765,55,315,232,32,2026-01-03,In Stock
8916,91,910,28,98,2026-04-15,Low Stock
4343,37,704,187,40,2026-06-19,In Stock
6468,17,294,405,19,2024-09-10,In Stock
12537,67,627,160,76,2024-09-06,In Stock
9850,23,899,331,15,2024-05-10,In Stock
10264,6,694,319,26,2025-05-08,In Stock
14584,12,965,397,48,2025-12-20,In Stock
39,33,834,148,65,,In Stock
3614,38,445,305,91,2026-03-23,In Stock
1456,36,950,490,83,2025-10-13,In Stock
5929,2,923,185,12,2024-08-22,In Stock
19151,16,66,383,100,2025-08-21,In Stock
19732,4,571,132,77,2026-07-07,In Stock
2895,71,944,218,60,2024-12-14,In Stock
5047,2,15868,161,92,2024-04-10,In Stock
7294,84,53,306,40,2025-07-08,In Stock
9560,1982,187,208,17,2025-09-16,In Stock
8337,45,737,6,82,2024-06-01,Low Stock
14464,37,693,263,75,2026-04-22,In Stock
5976,19,30,309,63,2024-11-30,In Stock
16246,85,590,285,55,2025-12-04,In Stock
1054,50,505,295,23,2025-08-27,In Stock
16477,16,386,360,70,2025-12-11,In Stock
17699,35,415,392,15,2025-11-03,In Stock
7460,67,544,15,47,2026-03-28,Low Stock
14576,7,250,414,44,2024-07-27,In Stock
2815,68,83,204,21,2024-10-09,In Stock
12036,29,801,490,21,2025-03-06,In Stock
16723,37,19637,405,80,2024-06-23,In Stock
6464,24,681,493,93,2026-07-27,In Stock
2808,39,333,173,85,2024-07-13,In Stock
14762,44,151,-100,67,2026-08-09,Out of Stock
8198,64,751,456,83,2025-10-31,In Stock
14092,42,20,28,28,2025-12-09,Low Stock
305,78,437,474,22,2025-01-10,In Stock
8484,79,836,373,99,2025-08-23,In Stock
5686,87,603,23,86,2025-08-19,Low Stock
15876,21,952,484,17,2026-08-14,In Stock
10802,22,492,465,18,2024-04-19,In Stock
9062,75,969,9,85,2024-01-05,Low Stock
7276,25,212,405,53,2024-03-16,In Stock
9252,41,774,313,94,2024-12-21,In Stock
253,8,147,195,40,2026-06-16,In Stock
8973,23,751,300,99,2024-06-25,In Stock
512,90,34,384,11,2025-09-19,In Stock
5439,2,617,215,50,2025-12-26,In Stock
6491,56,992,436,39,2025-07-30,In Stock
7232,36,375,276,72,2026-03-12,In Stock
19222,18,130,183,97,2024-09-08,In Stock
18901,24,927,494,65,2025-07-02,In Stock
18898,92,98,491,84,2024-07-27,In Stock
8528,12,646,76,100,2026-07-13,Low Stock
7764,21,110,434,92,2025-09-11,In Stock
751,69,311,434,52,2024-05-09,In Stock
11097,79,240,420,72,2024-10-06,In Stock
18854,37,741,392,74,2024-11-15,In Stock
743,32,620,140,64,2026-04-30,In Stock
19757,12,66,380,17,2024-10-07,In Stock
177,88,326,317,32,2026-04-09,In Stock
17928,89,903,300,26,2024-04-17,In Stock
16113,79,538,380,70,2024-04-06,In Stock
15883,39,517,2,85,2026-03-19,Low Stock
12835,31,756,489,16,2024-01-15,In Stock
16766,10,710,27,75,2026-06-02,Low Stock
9995,28,617,209,31,2025-03-21,In Stock
17961,7,835,183,36,2025-11-18,In Stock
4808,79,805,218,73,2026-04-29,In Stock
6135,85,633,391,52,2026-01-27,In Stock
2391,64,424,52,50,2025-08-16,In Stock
17768,38,203,174,51,2025-02-12,In Stock
16595,60,12308,50,85,2025-12-20,Low Stock
382,48,761,362,50,2026-04-25,In Stock
15378,80,939,155,21,2026-06-02,In Stock
7977,33,142,148,82,2025-12-29,In Stock
17740,31,814,148,23,2024-10-23,In Stock
15414,45,7,432,64,2026-01-19,In Stock
16907,1,149,273,35,2024-06-29,In Stock
15432,69,120,406,43,2025-04-27,In Stock
19085,44,797,162,61,2024-07-21,In Stock
5503,86,215,95,50,2025-12-15,In Stock
8158,11,597,403,42,2026-05-21,In Stock
18925,69,522,85,29,2024-08-22,In Stock
4406,63,703,235,68,2026-01-26,In Stock
10203,81,374,4,76,2024-10-06,Low Stock
19731,51,485,425,39,,In Stock
10640,71,530,228,65,2025-03-24,In Stock
985,16,602,216,10,2025-04-15,In Stock
440,20,135,179,89,2024-06-26,In Stock
17423,26,81,453,52,2025-08-18,In Stock
3782,51,350,182,18,2026-05-29,In Stock
6670,79,366,240,84,2024-10-27,In Stock
430,9,212,369,13,2024-11-15,In Stock
14170,52,700,98,97,2025-08-31,In Stock
12253,12,340,19,92,2024-07-03,Low Stock
5953,38,1,466,36,2025-09-02,In Stock
17819,25,975,236,19,,In Stock
18415,68,535,43,57,2025-05-21,Low Stock
18847,33,250,286,98,2025-09-15,In Stock
4882,88,935,65,25,2024-02-29,In Stock
15604,49,527,364,77,2025-06-23,In Stock
15819,100,496,326,15,2025-08-06,In Stock
11410,1,23,3,27,2025-10-25,Low Stock
1227,37,898,275,84,2026-02-07,In Stock
8454,16,159,30,87,2026-07-06,Low Stock
6210,44,464,10,63,2025-04-14,Low Stock
12134,10,945,293,49,2025-09-13,In Stock
9697,52,724,80,21,2024-12-12,In Stock
18323,71,288,347,47,,In Stock
904,14,58,421,0,2025-04-22,In Stock
7855,94,804,109,26,2025-09-23,In Stock
14675,78,46,213,73,2025-07-31,In Stock
12549,32,662,213,25,2025-06-17,In Stock
10743,94,637,28,54,2025-08-02,Low Stock
16269,87,724,140,71,2024-10-21,In Stock
8172,97,205,279,65,2025-07-19,In Stock
367,37,4,392,14,2026-05-19,In Stock
11882,19,796,370,56,2026-08-08,In Stock
3080,90,522,164,68,2026-05-28,In Stock
12344,91,578,199,67,2026-08-05,In Stock
3017,20,720,18,25,2025-12-22,Low Stock
6419,42,442,188,44,2025-11-19,In Stock
16000,30,802,295,96,2026-01-31,In Stock
11213,42,246,131,39,2025-02-11,In Stock
4989,22,406,106,61,2025-10-14,In Stock
1654,31,842,377,78,2024-06-17,In Stock
12312,16,859,21,71,2025-01-13,Low Stock
3423,35,743,410,86,2024-08-30,In Stock
13889,14,141,479,91,2025-05-08,In Stock
17211,98,604,327,39,2026-02-25,In Stock
13084,80,516,90,27,2026-06-25,In Stock
8199,37,652,201,56,2024-03-08,In Stock
1207,53,217,0,56,2025-02-15,Out of Stock
13260,58,853,408,83,,In Stock
9327,66,550,355,49,2024-02-26,In Stock
15093,99,272,319,99,2026-01-24,In Stock
1487,76,876,187,54,2025-10-07,In Stock
7564,77,661,297,99,2024-12-01,In Stock
12859,14,223,377,44,2024-09-15,In Stock
16429,40,263,44,76,2025-08-30,Low Stock
86,75,819,412,82,2024-09-29,In Stock
6165,53,516,294,46,2025-04-15,In Stock
168,33,245,222,92,2024-02-23,In Stock
5847,89,751,130,68,2024-03-13,In Stock
19526,66,605,25,50,2025-03-19,Low Stock
17859,53,411,417,60,2024-11-12,In Stock
15641,67,631,74,74,2025-09-18,Low Stock
19928,42,314,384,28,2026-02-28,In Stock
7822,94,171,107,34,2026-04-30,In Stock
754,11,113,279,10,2026-02-26,In Stock
1419,2,982,228,25,2024-12-17,In Stock
15480,88,942,87,30,2025-07-18,In Stock
2255,92,293,311,94,2026-05-21,In Stock
4064,29,833,418,95,2025-11-23,In Stock
9254,47,200,490,20,2024-06-13,In Stock
13836,22,325,227,96,2025-07-28,In Stock
15734,75,605,196,32,2026-03-03,In Stock
8774,12,666,114,48,2026-01-18,In Stock
7304,30,529,267,98,2024-04-14,In Stock
4245,12,417,341,34,2026-01-12,In Stock
14112,77,933,30,22,2024-07-14,In Stock
2439,28,58,433,80,2024-05-29,In Stock
7655,29,367,463,72,2024-08-28,In Stock
2070,78,391,346,15,2026-05-23,In Stock
7183,35,709,404,92,2024-04-04,In Stock
13666,28,319,311,17,2025-12-22,In Stock
17601,19,306,488,89,2026-05-13,In Stock
13552,84,285,211,79,2025-07-30,In Stock
1079,58,769,133,61,2025-01-15,In Stock
14645,38,114,79,20,2024-05-01,In Stock
2176,17,260,441,61,2025-11-10,In Stock
4126,70,458,37,98,2025-05-05,Low Stock
625,59,506,140,18,2025-05-25,In Stock
5084,46,198,467,26,2024-12-04,In Stock
15662,36,324,158,33,2025-01-02,In Stock
18127,15,94,43,88,2024-07-11,Low Stock
5383,68,940,181,35,2026-02-06,In Stock
4106,6,352,416,39,2024-10-28,In Stock
8269,74,505,373,17,2026-03-08,In Stock
3551,8,271,141,-5,2026-04-08,In Stock
14747,81,614,333,95,2024-03-01,In Stock
13851,61,758,177,74,2026-08-01,In Stock
148,85,593,150,18,2026-03-04,In Stock
5386,93,211,228,20,2026-07-04,In Stock
6291,14,832,167,38,2025-08-20,In Stock
15982,31,341,404,46,2024-09-03,In Stock
11149,11,619,420,0,2025-07-22,In Stock
1355,79,175,379,26,2025-09-26,In Stock
17474,54,401,472,33,2025-04-16,In Stock
19720,3,414,73,28,2026-03-08,In Stock
17043,34,675,483,40,2024-12-26,In Stock
13553,1,14,226,97,2024-05-20,In Stock
13242,31,406,191,31,2024-10-07,In Stock
11091,65,324,328,14,2026-12-20,In Stock
16686,64,860,301,56,2024-09-23,In Stock
15651,60,966,98,86,2025-09-22,In Stock
18096,14,790,300,15,2026-05-29,In Stock
6127,100,470,201,72,2025-07-30,In Stock
14356,65,181,234,38,2025-05-01,In Stock
3605,100,409,10,15,2025-02-27,Low Stock
6120,13,499,7,74,2025-07-23,Low Stock
15274,24,826,321,85,2026-02-23,In Stock
17648,20,366,0,61,2025-11-21,Out of Stock
992,77,56,104,38,2026-01-11,In Stock
2448,34,98,384,57,2024-06-28,In Stock
1888,82,200,437,32,2026-03-10,In Stock
12265,31,405,430,95,2024-10-07,In Stock
9210,18,861,135,17,2024-08-19,In Stock
8871,90,670,176,76,2025-01-24,In Stock
16114,44,501,488,24,2026-04-17,In Stock
12385,16,951,182,34,2024-10-31,In Stock
6400,2,129,380,11,2025-09-03,In Stock
906,6,50,359,15,2025-03-30,In Stock
14833,58,138,15,100,2026-04-09,Low Stock
18241,89,240,439,46,,In Stock
10888,2,438,117,85,2025-01-31,In Stock
5457,14,794,34,90,2025-11-26,Low Stock
10290,79,522,159,55,2024-12-07,In Stock
5382,27,695,12,29,2024-02-26,Low Stock
14493,20,637,211,36,2024-06-24,In Stock
5636,10,845,276,62,2025-01-12,In Stock
3103,87,992,169,35,2025-06-27,In Stock
7295,95,845,212,46,2024-06-15,In Stock
518,56,187,186,78,2026-02-04,In Stock
15825,89,601,347,91,2026-01-07,In Stock
6843,6,726,351,63,2024-03-09,In Stock
11056,11,125,153,42,2025-01-27,In Stock
10317,90,361,52,90,2025-05-27,Low Stock
12762,27,48,216,48,2024-07-08,In Stock
12594,32,589,338,27,2026-03-26,In Stock
9602,30,178,162,96,2024-08-28,In Stock
13974,64,859,7,11,2025-06-16,Low Stock
9041,97,674,137,91,2024-03-30,In Stock
4751,91,514,343,22,2025-10-09,In Stock
16704,24,659,292,76,2025-10-05,In Stock
11508,22,417,284,85,2024-07-21,In Stock
17174,1,477,196,76,2026-02-20,In Stock
7150,44,134,407,22,2025-06-03,In Stock
5101,94,589,454,62,2026-04-14,In Stock
14260,43,203,252,66,2024-02-03,In Stock
17383,15,679,337,25,2024-07-01,In Stock
15284,70,650,348,42,2024-08-16,In Stock
14456,97,373,183,86,2024-07-28,In Stock
14046,35,596,403,84,2026-04-21,In Stock
19589,66,551,334,43,2024-04-20,In Stock
12830,8,202,270,47,2024-06-25,In Stock
3108,4,184,168,54,2025-03-19,In Stock
2007,30,271,344,-20,2024-08-20,In Stock
16575,88,685,31,88,2026-04-25,Low Stock
18368,17,455,338,14,2024-08-23,In Stock
2734,22,782,387,57,2026-08-08,In Stock
10881,43,217,315,63,2026-05-19,In Stock
6978,53,47,246,99,2025-04-06,In Stock
15737,11,927,155,95,2025-02-06,In Stock
1694,69,126,-10,-5,2026-05-16,Out of Stock
12913,95,411,25,23,2025-06-26,In Stock
15959,40,52,156,100,2025-06-03,In Stock
4386,60,248,335,94,2024-07-16,In Stock
17198,64,172,58,28,2025-04-16,In Stock
9060,23,314,234,53,2025-06-18,In Stock
18042,43,270,103,22,,In Stock
3290,14,902,249,93,2024-05-20,In Stock
17726,95,372,335,56,2024-02-28,In Stock
2500,15,395,206,12,2025-10-12,In Stock
7554,62,519,123,-5,2026-06-18,In Stock
5771,76,367,139,23,2025-12-03,In Stock
14275,54,784,366,61,2024-12-06,In Stock
16579,28,83,23,51,2024-10-22,Low Stock
8452,14,647,249,93,2027-06-12,In Stock
9937,35,547,235,13,2025-06-20,In Stock
14603,26,559,356,92,2025-08-28,In Stock
53,56,705,281,75,2025-05-28,In Stock
5273,51,395,349,78,2024-08-23,In Stock
10502,94,669,309,37,2026-06-19,In Stock
17539,100,269,438,59,2024-02-19,In Stock
2575,16,345,82,16,2026-06-02,In Stock
7647,30,637,469,13,2024-12-22,In Stock
14948,59,214,19,31,2026-07-28,Low Stock
4221,82,735,104,50,2024-03-13,In Stock
6435,61,186,352,46,2025-11-02,In Stock
9496,1,848,22,51,2026-05-23,Low Stock
8292,80,386,44,23,2025-09-17,In Stock
13376,3,296,91,57,2026-04-22,In Stock
13662,96,329,405,54,2025-02-24,In Stock
9646,25,130,226,26,2024-04-24,In Stock
10005,39,359,346,57,2026-07-17,In Stock
6951,98,178,138,69,2024-02-20,In Stock
4090,100,768,495,79,2024-09-22,In Stock
11611,64,974,258,85,2024-06-21,In Stock
6040,68,346,117,54,2024-06-27,In Stock
8765,34,258,9,93,2025-11-26,Low Stock
16081,33,456,98,13,2025-10-22,In Stock
7947,66,57,314,89,2024-06-07,In Stock
3602,50,2,442,54,2025-12-16,In Stock
8467,21,885,436,87,2024-11-30,In Stock
17534,19,779,319,52,2024-08-07,In Stock
16721,39,62,277,40,2025-11-13,In Stock
8646,75,934,69,56,2025-05-04,In Stock
11977,86,26,469,59,2024-07-20,In Stock
2924,78,417,296,67,2026-04-19,In Stock
14047,97,781,327,34,2025-05-17,In Stock
1065,37,278,491,90,2026-01-27,In Stock
6700,46,236,94,39,2025-08-04,In Stock
13891,30,724,225,66,2025-11-26,In Stock
18907,64,692,130,20,2025-10-04,In Stock
10820,77,322,178,40,2026-01-26,In Stock
15719,25,974,100,15,2025-07-16,In Stock
1772,90,696,324,91,2025-08-07,In Stock
7563,100,763,306,52,2024-04-16,In Stock
333,66,107,239,51,2024-08-08,In Stock
3990,43,699,329,64,2025-09-02,In Stock
9521,57,114,324,71,2026-04-29,In Stock
7640,19,801,60,33,,In Stock
3866,85,304,410,96,2025-01-23,In Stock
6830,27,788,139,10,2024-10-13,In Stock
14236,51,367,185,17,2026-06-10,In Stock
7354,52,223,88,37,2025-12-18,In Stock
17755,93,126,462,28,2025-04-15,In Stock
1093,54,157,182,55,2024-11-07,In Stock
7213,1,713,397,65,2026-05-22,In Stock
5759,58,903,490,38,2025-11-25,In Stock
15920,75,888,120,57,2024-10-08,In Stock
8772,12,409,456,91,2026-06-26,In Stock
2300,93,746,54,62,2024-07-20,Low Stock
16564,40,14,56,51,2026-02-10,In Stock
4468,86,905,491,26,2025-07-12,In Stock
8632,91,608,4,58,2026-03-17,Low Stock
12354,32,65,83,84,2026-07-01,Low Stock
5170,25,593,50,98,2025-02-02,Low Stock
4247,31,619,427,62,2024-02-19,In Stock
5747,33,856,0,80,2024-09-01,Out of Stock
8732,68,213,108,37,2026-03-22,In Stock
15085,78,287,228,89,2025-08-21,In Stock
11223,97,949,425,68,2024-11-21,In Stock
1684,93,688,28,80,2026-01-01,Low Stock
16891,72,12,483,15,2026-06-20,In Stock
12990,35,994,324,16,2026-07-04,In Stock
18151,77,218,453,27,2025-10-26,In Stock
10088,76,604,0,68,2026-05-20,Out of Stock
6537,13,814,187,12,2024-11-11,In Stock
579,74,333,183,26,2026-02-18,In Stock
11831,39,441,139,24,2026-05-30,In Stock
335,83,15870,8,65,2024-07-17,Low Stock
6244,89,218,377,12,2024-03-05,In Stock
16770,96,492,9,33,2026-02-03,Low Stock
11732,59,865,76,91,2026-06-28,Low Stock
4586,7,442,392,81,2024-05-30,In Stock
6984,65,830,238,90,2025-08-30,In Stock
15280,24,454,32,10,2024-05-30,In Stock
7021,18,462,65,74,2024-12-25,Low Stock
15447,4,63,339,70,2025-05-15,In Stock
677,60,315,4,56,2026-07-22,Low Stock
14994,65,838,332,72,2026-04-06,In Stock
5103,33,505,27,69,2026-02-10,Low Stock
6312,4,824,-10,97,2026-05-08,Out of Stock
6668,32,8,110,77,2024-02-03,In Stock
783,61,994,231,93,2024-05-01,In Stock
15493,89,332,461,70,2026-05-26,In Stock
8853,45,416,309,52,2024-07-11,In Stock
17622,68,849,438,53,2026-01-11,In Stock
1797,78,372,100,57,2024-07-17,In Stock
17619,68,389,144,56,2026-06-04,In Stock
13925,90,125,370,61,2025-12-12,In Stock
17960,38,797,456,49,2024-05-16,In Stock
18444,37,943,340,19,2025-01-11,In Stock
6926,56,14552,105,39,2025-04-28,In Stock
18725,1325,960,289,48,2024-10-12,In Stock
19663,40,809,81,53,2026-03-27,In Stock
16540,12,711,308,19,2025-04-08,In Stock
3167,50,956,160,34,2024-02-03,In Stock
4062,50,7,141,49,2025-05-22,In Stock
2298,69,802,116,25,2024-10-08,In Stock
18633,18,579,42,34,2025-10-01,In Stock
7570,60,577,351,35,2026-01-11,In Stock
6336,29,451,433,79,2024-12-27,In Stock
2837,66,49,290,61,2024-12-16,In Stock
18070,94,705,8,91,,Low Stock
16243,18,97,35,47,2024-02-23,Low Stock
6075,3,928,144,20,2026-05-25,In Stock
1956,97,574,67,74,2024-03-09,Low Stock
5643,17,975,29,82,2025-08-16,Low Stock
18284,100,19193,72,76,2024-06-19,Low Stock
5858,4,698,151,10,2024-07-19,In Stock
10012,43,97,223,17,2024-02-25,In Stock
17177,83,65,385,36,2025-05-31,In Stock
8524,16,247,389,37,,In Stock
12147,67,460,498,67,2024-05-17,In Stock
17563,79,867,58,62,2024-01-10,Low Stock
534,86,909,344,69,2025-01-07,In Stock
14698,8,955,459,60,2025-07-20,In Stock
470,59,969,46,63,2024-03-30,Low Stock
19318,91,133,381,71,2024-10-12,In Stock
19826,29,666,333,35,2025-10-18,In Stock
15101,81,132,490,63,2025-08-13,In Stock
3762,6,248,180,39,2026-01-05,In Stock
16085,61,792,45,94,2026-01-30,Low Stock
19511,52,708,183,65,2026-04-30,In Stock
14225,7,278,267,65,2026-03-02,In Stock
14075,82,925,181,47,2024-10-01,In Stock
5996,85,787,157,50,2025-06-10,In Stock
1267,12,240,456,69,2025-12-13,In Stock
6374,73,265,68,61,2025-02-22,In Stock
18793,69,330,178,94,2026-05-01,In Stock
19921,66,722,384,65,2024-09-26,In Stock
6219,89,441,289,35,2024-04-01,In Stock
6245,40,485,422,93,2025-03-26,In Stock
14238,93,864,156,73,2025-01-06,In Stock
3781,65,95,261,86,2026-03-27,In Stock
13116,100,528,267,64,2026-01-31,In Stock
8915,15,246,38,17,2025-06-29,In Stock
6490,9,594,387,85,2024-07-23,In Stock
5834,58,375,110,14,2025-12-06,In Stock
5332,99,469,222,39,2025-07-21,In Stock
14710,99,709,345,38,2025-12-22,In Stock
5344,48,610,140,11,2026-06-20,In Stock
13942,20,317,160,91,2025-04-03,In Stock
2381,63,167,93,82,2025-12-12,In Stock
8592,4,918,276,38,2024-05-13,In Stock
1567,98,756,23,98,2025-06-27,Low Stock
16841,94,644,83,86,2024-02-20,Low Stock
16692,10,823,222,78,2025-09-27,In Stock
8319,74,382,89,14,2024-06-14,In Stock
6367,62,557,406,54,2025-08-23,In Stock
4515,33,300,213,23,2025-04-04,In Stock
16307,72,37,5,83,2025-05-22,Low Stock
10092,15,322,351,91,2026-06-27,In Stock
17264,31,198,459,31,2025-08-02,In Stock
19530,37,23,168,64,2024-02-27,In Stock
1545,1622,534,417,68,2026-04-20,In Stock
11929,65,458,374,81,2024-11-05,In Stock
15321,47,904,72,11,2025-12-08,In Stock
2605,41,170,458,29,2026-07-10,In Stock
9556,43,429,60,95,2024-10-06,Low Stock
15842,6,674,292,63,2024-12-29,In Stock
15279,41,907,256,40,2025-02-13,In Stock
6827,68,873,143,65,2024-05-09,In Stock
6268,22,677,428,38,2025-07-14,In Stock
1282,27,104,106,87,2026-01-11,In Stock
2567,33,256,497,15,2026-02-01,In Stock
8333,80,867,175,44,2024-03-11,In Stock
12031,82,721,180,19,2025-11-11,In Stock
2472,5,253,133,58,2026-07-27,In Stock
19692,39,901,284,86,,In Stock
9705,67,427,299,79,2025-05-18,In Stock
12568,9,476,181,43,2025-04-13,In Stock
5220,71,146,486,60,2024-02-11,In Stock
16493,16,251,419,23,2025-10-11,In Stock
10343,44,253,251,44,2025-06-10,In Stock
5663,61,372,339,12,2025-06-24,In Stock
2784,12,508,316,53,2024-01-15,In Stock
10719,78,973,467,94,2025-08-25,In Stock
15379,62,882,313,67,2024-08-07,In Stock
19641,38,123,481,77,2024-08-08,In Stock
4127,12,462,19,37,2026-04-12,Low Stock
16598,76,747,370,99,2024-10-23,In Stock
19961,40,517,390,40,2024-05-22,In Stock
3600,17,909,147,87,2025-01-20,In Stock
16475,35,854,195,42,2024-05-04,In Stock
14769,60,910,188,74,2025-08-02,In Stock
7366,38,781,18,90,2025-01-30,Low Stock
4295,93,573,43,99,2026-04-25,Low Stock
8969,10,770,179,25,2024-12-06,In Stock
16998,40,314,459,71,2024-03-07,In Stock
16487,93,180,236,24,2026-03-23,In Stock
4094,87,752,157,73,2025-07-09,In Stock
19282,89,925,12,39,2025-01-06,Low Stock
15295,71,53,315,20,2025-03-17,In Stock
13631,71,399,280,68,2025-05-26,In Stock
15269,22,572,13,81,2025-04-10,Low Stock
19625,82,856,325,67,2026-02-04,In Stock
3403,18,576,306,81,2024-01-19,In Stock
16305,32,203,171,60,2024-08-17,In Stock
3915,62,527,426,73,2026-04-02,In Stock
19211,19,10,-10,72,2024-06-26,Out of Stock
13575,68,12,195,76,2025-08-16,In Stock
8411,79,44,471,29,2024-11-12,In Stock
15532,42,644,81,95,2026-06-03,Low Stock
8440,73,313,85,34,2026-04-21,In Stock
6956,39,843,34,41,2025-09-06,Low Stock
3077,80,242,113,92,2025-09-16,In Stock
17968,63,379,158,43,2025-05-18,In Stock
7724,48,696,78,96,2024-07-28,Low Stock
11404,46,51,234,10,2026-07-09,In Stock
15068,27,668,106,51,2025-04-06,In Stock
3987,82,129,442,91,2025-06-11,In Stock
11973,93,568,282,46,2024-09-02,In Stock
13340,90,379,195,75,2026-03-15,In Stock
14693,78,931,466,49,2024-05-11,In Stock
17453,30,517,363,32,2026-04-03,In Stock
8686,76,21,417,82,2024-05-07,In Stock
3825,26,906,177,52,2026-05-22,In Stock
16226,56,460,236,36,2024-04-15,In Stock
8383,80,178,213,91,2025-12-15,In Stock
15446,28,119,493,97,2024-03-16,In Stock
19492,83,83,377,89,2026-04-19,In Stock
19365,7,898,-10,43,2025-04-02,Out of Stock
158,18,715,451,93,2024-02-05,In Stock
16710,5,152,91,77,2024-05-13,In Stock
189,92,760,86,75,2024-06-22,In Stock
3578,30,503,331,48,2025-07-22,In Stock
2494,34,922,145,50,2025-05-05,In Stock
9806,66,121,30,30,2025-02-14,Low Stock
15612,70,249,12,36,2025-06-21,Low Stock
12932,46,973,128,92,2025-07-31,In Stock
5724,5,546,347,63,2024-06-21,In Stock
9578,22,803,3,84,2025-03-21,Low Stock
18069,67,322,33,77,2024-07-27,Low Stock
14783,8,16,152,17,2025-10-26,In Stock
9283,87,26,23,26,2024-10-20,Low Stock
15885,18,768,275,22,2024-01-03,In Stock
12199,87,257,61,16,2024-09-27,In Stock
16508,65,515,39,40,2026-05-17,Low Stock
8961,29,132,426,17,2025-03-02,In Stock
3014,67,182,345,85,2024-10-20,In Stock
19063,34,481,488,66,2024-09-03,In Stock
11585,3,7,192,62,2024-06-25,In Stock
10616,73,152,-10,57,2024-07-29,Out of Stock
9335,81,665,172,80,2025-11-11,In Stock
7518,78,614,146,95,2025-10-10,In Stock
8395,83,233,382,75,2024-07-28,In Stock
13530,21,628,103,18,2024-09-13,In Stock
15653,88,347,430,21,2026-07-04,In Stock
8909,80,374,101,21,2024-08-28,In Stock
8509,18,70,72,72,2025-12-18,Low Stock
11904,73,824,232,10,2026-03-31,In Stock
8828,47,455,264,13,2024-08-05,In Stock
13452,17,884,207,64,2025-03-11,In Stock
3640,5,469,176,56,2025-11-21,In Stock
429,93,741,101,16,2025-05-21,In Stock
14299,39,657,55,45,2025-12-04,In Stock
15770,1,763,-50,86,2027-02-08,Out of Stock
13728,64,851,173,71,2024-01-22,In Stock
14146,86,885,213,71,2024-05-14,In Stock
15384,92,748,340,92,2026-01-04,In Stock
10426,52,40,403,27,2025-12-21,In Stock
18467,77,565,176,52,2027-04-14,In Stock
17872,85,416,377,22,2027-04-24,In Stock
2360,79,580,283,61,2025-07-04,In Stock
674,38,633,178,27,2026-08-05,In Stock
10257,52,653,446,31,2025-10-14,In Stock
16099,58,127,205,26,2026-04-03,In Stock
14410,24,596,112,85,2026-03-19,In Stock
18782,54,821,39,31,2025-11-09,In Stock
14466,66,164,486,31,2025-03-10,In Stock
2821,36,631,306,89,2024-03-25,In Stock
11678,24,424,419,65,2025-12-08,In Stock
14643,69,380,361,60,2025-04-13,In Stock
2792,58,500,146,22,2024-07-05,In Stock
7919,29,131,421,73,2025-03-18,In Stock
6484,84,987,430,42,2026-06-11,In Stock
10598,62,617,182,26,2025-09-25,In Stock
6910,71,328,466,98,2024-02-12,In Stock
16198,51,979,446,87,2025-07-11,In Stock
1327,82,448,104,91,,In Stock
19783,56,161,361,26,2025-05-21,In Stock
13038,62,726,225,28,2025-03-29,In Stock
8444,8,379,97,63,2026-08-05,In Stock
916,40,400,26,43,2027-05-09,Low Stock
11217,70,772,432,63,2024-09-27,In Stock
18409,68,732,115,33,2025-01-17,In Stock
1651,38,996,110,63,2025-03-15,In Stock
12123,22,591,145,89,2026-05-31,In Stock
6016,31,775,65,31,2024-08-31,In Stock
5249,13,222,280,27,2024-10-23,In Stock
4456,20,883,421,78,2024-06-04,In Stock
5684,66,716,251,15,2024-02-01,In Stock
8643,16,883,232,21,2025-06-25,In Stock
436,4,930,237,92,2025-05-30,In Stock
12841,29,792,101,61,2025-07-30,In Stock
8671,89,851,357,93,2026-07-01,In Stock
14695,67,339,67,50,2025-01-07,In Stock
10880,72,536,53,61,2025-08-15,Low Stock
18542,35,474,154,19,2026-07-05,In Stock
2563,46,782,86,16,2024-01-16,In Stock
19609,20,469,219,100,2024-11-18,In Stock
19420,45,831,364,73,2024-05-18,In Stock
3199,37,132,30,44,2026-03-06,Low Stock
15649,61,839,446,79,2024-07-09,In Stock
14671,22,449,356,13,2026-08-07,In Stock
6550,42,784,252,47,2024-07-09,In Stock
6937,23,666,251,40,2025-08-25,In Stock
17408,77,290,281,64,2025-02-09,In Stock
12244,19,259,204,23,2024-06-08,In Stock
6162,51,543,278,58,2024-07-25,In Stock
7048,6,816,461,49,2024-02-26,In Stock
532,100,263,328,61,2024-02-02,In Stock
6804,50,113,28,62,2024-03-23,Low Stock
18182,59,825,475,57,2025-04-09,In Stock
7173,79,349,379,59,2025-05-02,In Stock
11613,53,151,424,25,2026-02-14,In Stock
19797,44,783,71,34,2025-08-30,In Stock
13053,50,95,212,47,,In Stock
17180,27,304,304,85,2025-11-30,In Stock
12777,55,689,100,10,2025-09-05,In Stock
11546,12,305,176,54,2025-02-27,In Stock
8351,18,647,-1,27,2024-05-13,Out of Stock
12441,23,789,401,12,2025-06-25,In Stock
5029,25,382,474,12,2026-03-09,In Stock
281,81,666,468,76,2025-03-09,In Stock
12326,21,295,467,50,,In Stock
6443,88,467,264,94,2026-06-23,In Stock
14127,88,124,308,98,2025-12-22,In Stock
13199,7,8,190,14,2024-05-26,In Stock
11913,36,989,480,63,2027-07-27,In Stock
8115,13,309,428,47,2027-01-10,In Stock
10907,19,461,239,41,2026-01-30,In Stock
1644,65,314,456,68,2024-12-22,In Stock
12379,18,526,166,40,2025-01-19,In Stock
1890,15,413,437,32,,In Stock
6776,28,82,80,66,2026-04-29,In Stock
13226,78,373,98,39,2024-09-06,In Stock
12860,94,70,301,77,2025-01-13,In Stock
17120,7,393,13,45,2024-06-29,Low Stock
3595,2,778,87,58,2025-12-07,In Stock
2997,89,839,79,94,2024-10-04,Low Stock
4502,48,681,118,72,2026-03-28,In Stock
11467,59,693,38,26,2026-03-20,In Stock
19861,63,593,92,99,2026-04-29,Low Stock
15036,13,888,121,96,2026-01-12,In Stock
3194,82,906,145,48,2026-02-21,In Stock
6513,59,475,448,17,2026-07-20,In Stock
11145,74,242,98,28,2025-03-02,In Stock
10824,83,832,267,46,2024-07-09,In Stock
18651,43,881,151,28,2026-03-17,In Stock
10570,53,83,103,91,2025-01-23,In Stock
7609,55,602,80,63,2025-12-13,In Stock
576,43,598,-100,86,2026-01-25,Out of Stock
8604,72,870,426,17,2026-01-15,In Stock
1353,84,16,465,84,2024-08-11,In Stock
3903,17,337,23,84,2024-06-14,Low Stock
19801,66,709,215,36,2026-05-12,In Stock
13106,84,723,399,-5,2024-08-07,In Stock
12685,15,90,39,39,2026-03-30,Low Stock
4155,52,548,163,61,2024-09-19,In Stock
13090,17,301,422,51,2026-06-06,In Stock
18129,27,917,402,61,,In Stock
506,64,807,340,81,2024-07-05,In Stock
2858,78,871,174,13,2025-08-28,In Stock
13428,48,651,70,85,2025-03-30,Low Stock
1433,20,792,273,22,2024-09-09,In Stock
4555,27,498,373,27,2025-02-18,In Stock
9940,20,876,218,10,2024-04-30,In Stock
10242,2,785,221,36,2024-01-15,In Stock
13657,58,804,199,49,2026-06-13,In Stock
8843,59,282,231,53,2024-10-10,In Stock
8009,64,998,228,75,2025-07-24,In Stock
3372,92,351,416,93,2025-02-17,In Stock
11887,98,365,331,78,2025-09-27,In Stock
4368,44,102,32,98,2024-07-01,Low Stock
5765,88,280,479,94,2025-07-13,In Stock
9961,19,958,268,64,2024-06-03,In Stock
14282,93,609,138,12,2025-09-12,In Stock
611,86,827,117,29,2025-08-25,In Stock
10496,88,20,137,86,2025-05-16,In Stock
8787,36,144,324,59,2025-09-21,In Stock
11366,43,164,271,47,2024-03-09,In Stock
19062,37,818,32,38,2025-10-31,Low Stock
10449,89,809,274,21,2024-06-25,In Stock
13072,9,715,38,91,2025-06-29,Low Stock
14866,91,402,16,52,2025-08-11,Low Stock
16554,1,557,427,87,2024-11-17,In Stock
10422,49,939,183,12,2026-02-08,In Stock
11049,95,692,121,42,2024-05-19,In Stock
3449,41,379,362,60,2024-11-25,In Stock
14613,14,951,265,24,2025-01-30,In Stock
4801,28,488,1,37,2024-01-10,Low Stock
9139,39,973,184,45,2025-01-27,In Stock
14403,33,10,289,45,2024-05-29,In Stock
14404,95,592,286,48,2026-07-28,In Stock
6726,85,828,427,27,2025-09-06,In Stock
17729,35,646,408,64,2024-04-23,In Stock
4013,91,178,66,27,2026-01-16,In Stock
18225,91,560,55,73,2025-05-05,Low Stock
19626,45,878,19,94,2026-04-21,Low Stock
3945,4,913,34,67,2024-12-16,Low Stock
16471,1,863,338,72,2025-09-24,In Stock
4309,33,495,464,46,2024-12-30,In Stock
2920,92,287,495,76,2024-05-28,In Stock
3502,50,772,341,13,2025-05-04,In Stock
9721,30,420,99,10,2026-01-23,In Stock
13579,19,196,197,93,2025-02-14,In Stock
4661,46,562,311,14,2025-01-11,In Stock
16163,21,985,236,14,2025-02-24,In Stock
18562,27,64,-1,56,2024-07-13,Out of Stock
6073,95,331,319,79,2024-08-07,In Stock
10584,71,103,51,27,2027-06-26,In Stock
5974,18,969,491,71,2025-11-19,In Stock
449,38,471,377,31,2024-10-15,In Stock
11689,78,567,158,28,2026-01-18,In Stock
15541,22,238,331,54,2025-09-28,In Stock
6960,34,205,484,88,2025-08-09,In Stock
8030,64,84,8,62,2025-03-30,Low Stock
6927,51,592,113,52,2024-12-26,In Stock
15181,48,238,158,17,2025-07-08,In Stock
7900,83,100,47,70,2025-04-13,Low Stock
19195,22,905,209,53,2025-11-07,In Stock
9579,72,54,277,64,2026-08-05,In Stock
6070,82,1,59,99,2025-11-15,Low Stock
1128,84,604,154,74,2024-12-06,In Stock
17460,65,358,160,63,2024-08-24,In Stock
4408,77,683,176,63,2025-02-09,In Stock
1800,38,545,83,25,2024-10-18,In Stock
13621,37,526,50,73,2025-05-07,Low Stock
14767,31,259,331,78,2026-02-05,In Stock
15209,86,112,266,78,2026-06-11,In Stock
13127,31,523,260,40,2025-04-18,In Stock
15635,56,241,470,98,2025-12-11,In Stock
18262,16,798,347,62,2025-08-05,In Stock
5016,50,801,71,38,2024-02-02,In Stock
6483,71,593,456,82,2025-12-06,In Stock
17791,20,325,380,12,2024-08-08,In Stock
3442,84,789,183,56,2025-01-08,In Stock
6096,11,345,199,95,2026-03-22,In Stock
9490,56,179,29,23,2026-03-18,In Stock
14547,31,600,346,29,2026-08-10,In Stock
14104,94,399,490,79,2025-11-29,In Stock
4385,65,893,259,11,2024-04-13,In Stock
4289,14,139,181,75,2024-08-17,In Stock
18465,75,737,223,66,2025-09-26,In Stock
16058,54,841,429,66,2024-09-23,In Stock
7278,36,482,282,11,2025-01-14,In Stock
12247,80,981,-10,79,2025-06-25,Out of Stock
12638,41,974,289,33,2026-01-18,In Stock
3261,83,81,71,41,2025-09-02,In Stock
15605,48,342,378,85,2024-05-15,In Stock
19702,51,429,408,100,2025-02-01,In Stock
19977,100,803,456,71,2026-01-28,In Stock
10981,77,492,320,24,2026-06-17,In Stock
9076,55,339,84,73,,In Stock
16316,66,173,377,86,2025-12-13,In Stock
5071,52,849,181,16,2025-01-08,In Stock
16079,85,767,420,39,2025-12-24,In Stock
2948,58,423,454,39,2025-02-03,In Stock
2841,97,14,23,64,2025-10-11,Low Stock
11893,57,919,213,33,2024-03-04,In Stock
11628,47,184,411,99,2024-03-21,In Stock
11450,41,380,423,16,2026-03-06,In Stock
14459,14,112,129,10,2025-06-17,In Stock
178,45,84,90,85,2024-11-11,In Stock
8353,83,800,176,48,2025-04-14,In Stock
15185,41,608,400,22,2026-06-03,In Stock
14798,93,152,208,61,2024-09-23,In Stock
12171,64,74,457,72,2024-09-03,In Stock
8978,25,578,406,12,2026-02-02,In Stock
4082,8,963,14,59,2025-03-24,Low Stock
1512,56,417,234,95,2025-05-15,In Stock
19825,65,233,440,83,2026-07-25,In Stock
13219,19,913,455,13,2025-06-13,In Stock
3943,92,741,190,10,2025-01-03,In Stock
12311,3,744,187,98,2024-08-30,In Stock
14519,94,13,427,12,2025-09-14,In Stock
8866,20,321,323,79,2025-04-24,In Stock
7248,60,214,19,22,2026-05-16,Low Stock
18414,41,613,301,21,2026-04-01,In Stock
18713,79,165,312,16,2025-09-28,In Stock
8197,77,790,224,65,2024-01-31,In Stock
474,72,767,77,64,2024-05-11,In Stock
17444,52,534,234,10,2025-12-31,In Stock
19225,46,989,299,56,2024-01-22,In Stock
18027,17,728,262,16,2026-06-11,In Stock
1847,81,263,469,92,2024-07-24,In Stock
19160,30,135,154,71,2024-04-24,In Stock
19059,59,106,446,44,2025-06-28,In Stock
14609,17,59,110,94,2025-10-13,In Stock
11776,64,486,313,85,2025-05-24,In Stock
18997,71,267,118,40,2024-02-24,In Stock
14065,98,261,158,52,2024-12-06,In Stock
11477,97,137,2,44,2025-05-25,Low Stock
1328,60,90,-10,28,2025-08-22,Out of Stock
7376,26,755,222,83,2025-09-14,In Stock
3419,7,802,133,21,2025-09-11,In Stock
9580,89,560,104,72,2025-05-18,In Stock
16357,79,62,65,37,2024-02-21,In Stock
11310,62,503,101,40,2024-03-15,In Stock
1682,81,962,270,91,2024-12-08,In Stock
1453,46,897,457,55,,In Stock
776,91,138,67,83,2025-07-12,Low Stock
2110,85,1,264,46,2024-07-28,In Stock
9920,44,89,102,97,2026-08-25,In Stock
10028,85,554,70,67,2024-10-22,In Stock
11608,45,154,248,78,2026-05-28,In Stock
1366,70,872,231,73,2024-12-25,In Stock
6212,86,379,196,48,2025-08-27,In Stock
9300,70,273,24,83,2024-06-11,Low Stock
13313,48,174,133,34,2025-07-13,In Stock
7121,53,827,116,95,2025-01-23,In Stock
6499,4,550,163,88,2025-09-17,In Stock
18648,88,862,337,32,2025-03-19,In Stock
15654,69,544,277,86,2024-10-21,In Stock
300,89,19633,200,58,2024-07-29,In Stock
1108,38,188,165,58,2026-03-10,In Stock
851,82,30,242,97,2026-03-04,In Stock
5928,40,722,99,88,2025-06-12,In Stock
12348,33,681,189,33,2025-02-01,In Stock
15490,5,536,472,36,2024-01-05,In Stock
9702,98,109,117,50,2024-12-28,In Stock
2247,95,76,20,94,2024-11-18,Low Stock
15730,97,508,36,54,2024-09-06,Low Stock
13807,1,578,468,63,2024-08-23,In Stock
3032,99,122,479,11,2026-04-23,In Stock
1609,30,660,497,93,2025-05-31,In Stock
12472,32,826,333,35,2025-03-23,In Stock
6602,37,584,120,96,2025-11-29,In Stock
9,25,514,269,51,2026-01-13,In Stock
13748,78,97,496,72,2025-09-09,In Stock
8547,36,639,23,29,2024-11-25,Low Stock
6914,57,434,211,65,2025-06-08,In Stock
4041,12,913,93,75,2025-09-15,In Stock
5659,51,645,49,41,2024-10-12,In Stock
11061,79,208,256,55,2024-10-22,In Stock
13093,14,771,199,26,2026-08-14,In Stock
16898,91,399,451,36,2024-09-30,In Stock
10000,76,884,121,46,2025-08-12,In Stock
18954,90,278,241,16,2024-06-02,In Stock
14867,1437,76,116,59,2026-07-13,In Stock
19891,62,726,323,84,2024-12-01,In Stock
5102,49,457,443,52,2024-05-16,In Stock
3802,75,840,499,47,2025-02-12,In Stock
15682,14,515,360,50,2026-03-26,In Stock
3098,63,630,158,14,2024-12-20,In Stock
8957,19,185,19,30,2026-04-02,Low Stock
11209,69,763,146,95,2026-01-02,In Stock
4788,50,480,102,70,2024-11-02,In Stock
10606,50,572,112,17,2026-05-24,In Stock
17128,59,407,368,15,2026-01-03,In Stock
7772,53,411,428,76,2024-06-30,In Stock
14606,26,167,411,93,,In Stock
16718,46,169,276,91,2025-12-04,In Stock
19570,60,551,323,73,2024-01-24,In Stock
3658,36,1,478,45,2026-08-03,In Stock
3707,19,510,432,100,2024-08-18,In Stock
1191,36,872,287,89,2026-08-13,In Stock
8600,53,550,195,76,2026-02-20,In Stock
7792,35,928,496,33,2024-06-04,In Stock
12610,6,9,127,92,2026-03-29,In Stock
7688,88,840,237,33,2024-12-15,In Stock
10031,87,79,17,97,2024-09-02,Low Stock
16788,28,827,320,31,2024-11-05,In Stock
6356,25,914,187,45,2024-07-06,In Stock
15305,53,223,269,56,2024-02-17,In Stock
13975,14,44,-50,85,2024-10-03,Out of Stock
5633,49,309,21,70,2026-07-31,Low Stock
11711,41,284,321,75,2026-01-04,In Stock
14858,56,942,248,64,2024-04-06,In Stock
17860,68,131,164,88,2024-03-21,In Stock
6238,67,968,218,84,2025-09-10,In Stock
7135,98,677,145,99,2024-04-21,In Stock
10512,23,753,390,45,2025-01-07,In Stock
11051,30,203,240,90,2024-11-09,In Stock
11331,8,428,414,47,,In Stock
5787,63,613,153,87,2024-08-09,In Stock
6715,81,686,467,61,2026-01-05,In Stock
13204,8,829,384,49,2025-04-22,In Stock
12827,50,349,83,54,2025-06-28,In Stock
9813,80,670,294,76,2025-10-19,In Stock
7164,47,828,404,97,2026-01-27,In Stock
8405,54,196,289,29,2024-07-15,In Stock
9531,37,173,134,43,2026-02-20,In Stock
7182,77,714,8,14,2025-11-07,Low Stock
8825,20,134,375,83,2025-02-23,In Stock
12079,19,653,480,72,2024-09-09,In Stock
15438,24,103,221,30,2025-04-17,In Stock
2479,17,803,40,53,2026-03-23,Low Stock
18649,84,499,436,66,2026-01-26,In Stock
10516,85,591,260,56,2025-07-30,In Stock
13714,12,233,364,72,2025-02-07,In Stock
9681,52,208,332,100,2024-11-10,In Stock
13245,44,857,300,23,2026-01-27,In Stock
7454,62,114,234,46,2024-02-20,In Stock
1809,43,405,336,12,2024-11-23,In Stock
17955,38,645,386,40,2025-05-01,In Stock
8482,69,775,164,32,2026-05-12,In Stock
14539,35,86,177,43,2024-03-29,In Stock
4992,93,330,405,47,2025-06-17,In Stock
264,96,848,270,83,2025-06-02,In Stock
9443,45,99,386,89,2025-09-23,In Stock
19658,8,768,456,91,2026-01-20,In Stock
9116,33,148,228,35,2024-09-01,In Stock
12024,92,79,400,45,2024-03-08,In Stock
16098,85,484,267,23,2025-03-28,In Stock
6832,97,4,336,59,2024-04-27,In Stock
1572,97,377,372,35,2025-06-22,In Stock
17389,73,29,450,24,2024-03-29,In Stock
14100,54,385,478,44,2026-02-04,In Stock
7047,72,89,327,76,2025-08-20,In Stock
9468,93,214,48,66,2025-05-12,Low Stock
11454,96,217,33,87,2024-12-07,Low Stock
10036,96,578,100,86,2024-08-23,In Stock
12959,78,807,397,49,2025-03-16,In Stock
1371,61,496,27,63,2026-03-08,Low Stock
3091,84,343,416,48,2025-12-13,In Stock
12382,63,983,496,67,2024-08-07,In Stock
5039,45,210,199,49,2025-03-19,In Stock
15124,92,99,110,34,2024-01-16,In Stock
9023,10,722,418,65,2024-12-02,In Stock
6210,44,464,10,63,2025-04-14,Low Stock
9682,81,929,471,37,2025-06-28,In Stock
17183,28,458,276,45,2024-10-28,In Stock
16929,42,705,339,45,2025-08-15,In Stock
19773,19,601,340,85,2025-01-29,In Stock
10961,40,349,218,47,2026-07-17,In Stock
14432,9,958,263,15,2025-03-31,In Stock
13476,79,538,137,83,2025-12-20,In Stock
9057,74,46,182,94,2024-06-25,In Stock
10613,10,34,309,42,2025-09-30,In Stock
12196,40,376,365,93,2024-09-17,In Stock
14723,69,376,267,61,2025-03-17,In Stock
14808,34,662,387,96,2024-07-22,In Stock
6493,68,566,39,96,2024-06-07,Low Stock
9872,39,708,255,92,2025-03-01,In Stock
6424,60,425,309,55,2026-07-22,In Stock
17511,85,753,283,42,2026-03-16,In Stock
12518,51,787,322,59,2024-12-01,In Stock
15830,60,857,391,99,2025-03-31,In Stock
8089,12,376,455,67,,In Stock
6505,36,997,231,41,2025-06-20,In Stock
1977,52,885,256,85,2024-03-25,In Stock
10666,81,247,494,75,2024-07-08,In Stock
1443,80,870,205,20,2025-02-13,In Stock
16682,79,91,106,61,2024-05-09,In Stock
19637,22,305,369,71,2025-10-11,In Stock
2310,9,565,233,86,2025-05-17,In Stock
19755,52,852,223,85,2027-06-12,In Stock
1767,53,11443,266,21,2026-02-19,In Stock
19967,50,243,69,60,2024-05-31,In Stock
14812,42,368,336,81,2024-01-10,In Stock
18458,99,713,27,47,2026-06-23,Low Stock
1489,38,115,492,27,2025-11-22,In Stock
4908,79,917,224,77,2024-03-12,In Stock
8562,13,115,87,46,2025-05-23,In Stock
7572,57,3,334,100,2025-07-02,In Stock
12409,69,314,479,54,2024-02-04,In Stock
13070,79,159,492,94,2026-02-17,In Stock
6734,79,892,366,67,2026-03-12,In Stock
16894,60,370,371,57,2024-09-18,In Stock
18271,25,532,258,68,2025-01-07,In Stock
13294,35,715,52,68,2025-06-02,Low Stock
18285,99,598,99,33,2025-09-18,In Stock
4639,42,609,499,43,2025-10-22,In Stock
14347,50,505,46,98,2026-05-18,Low Stock
17168,20,478,280,28,2024-11-02,In Stock
19536,23,33,178,86,2026-02-15,In Stock
16530,55,963,-100,17,2027-01-22,Out of Stock
1656,48,514,233,35,2024-05-13,In Stock
14589,20,850,38,46,2025-08-29,Low Stock
2862,18,242,387,86,2024-01-14,In Stock
5432,52,630,336,70,2025-09-14,In Stock
5909,20,390,-100,97,2024-09-22,Out of Stock
2532,91,343,494,50,2024-11-29,In Stock
2184,1,56,196,48,2024-12-06,In Stock
15401,31,860,-1,39,2025-01-01,Out of Stock
3323,50,549,1,83,2024-06-23,Low Stock
19131,24,929,304,52,2024-01-29,In Stock
16311,85,738,146,83,2025-11-07,In Stock
9896,80,752,468,55,2024-06-24,In Stock
16843,18,66,381,83,2025-02-26,In Stock
5904,52,13365,319,60,2025-11-21,In Stock
13011,1,134,207,76,2025-04-08,In Stock
4813,79,447,239,89,2025-10-22,In Stock
2127,89,605,310,72,2026-08-11,In Stock
15702,40,32,222,84,2025-08-22,In Stock
11249,71,495,285,65,2025-10-21,In Stock
1012,82,192,255,68,2024-12-05,In Stock
8747,16,831,24,71,2024-02-13,Low Stock
2089,50,586,477,42,2024-08-21,In Stock
14709,89,780,141,23,2025-11-06,In Stock
982,16,826,323,90,2025-10-23,In Stock
17616,8,851,-50,32,2024-04-24,Out of Stock
18634,36,609,370,28,2026-05-31,In Stock
14342,99,26,11,49,2026-06-02,Low Stock
4835,63,367,92,12,2025-09-04,In Stock
9021,1797,397,434,29,2024-07-17,In Stock
5268,52,712,414,21,2024-02-16,In Stock
8073,10,708,311,85,2025-05-03,In Stock
8248,18,563,316,29,,In Stock
1247,78,707,382,44,,In Stock
12926,35,457,147,50,2024-01-19,In Stock
2075,14,139,402,26,2024-02-11,In Stock
8239,44,18328,207,49,2025-08-28,In Stock
7651,9,215,162,24,2025-02-06,In Stock
6920,75,442,129,62,2024-09-26,In Stock
18630,98,63,407,26,2026-07-17,In Stock
3291,100,447,113,24,2025-11-27,In Stock
9924,1,965,72,62,2024-10-27,In Stock
915,36,979,457,63,2025-12-31,In Stock
15622,71,662,438,66,2026-05-13,In Stock
11853,52,985,500,38,2024-08-25,In Stock
11725,93,463,74,79,2025-01-11,Low Stock
8823,73,60,199,52,2026-07-30,In Stock
19206,42,526,448,14,2024-01-05,In Stock
12249,54,580,97,63,2024-10-04,In Stock
13112,77,930,443,15,2024-08-26,In Stock
17807,83,342,400,53,2024-10-17,In Stock
16454,56,199,261,11,2025-11-02,In Stock
15836,27,771,-10,98,2026-06-25,Out of Stock
8427,15,707,499,35,2024-08-10,In Stock
8970,98,902,371,43,2024-10-24,In Stock
19317,28,299,95,64,2024-07-02,In Stock
17378,42,272,91,29,2025-08-23,In Stock
5772,65,267,72,55,2025-12-10,In Stock
11076,44,311,45,41,2025-04-24,In Stock
3388,99,541,140,35,2024-02-19,In Stock
17152,64,787,464,20,2024-02-06,In Stock
11104,9,380,157,84,2024-12-19,In Stock
15857,21,914,479,71,2024-03-28,In Stock
7406,38,589,107,98,2026-05-24,In Stock
13486,12,149,414,77,2025-01-29,In Stock
3814,39,801,447,78,2024-11-15,In Stock
797,72,952,45,50,2024-10-21,Low Stock
10663,72,304,379,27,2024-07-06,In Stock
18014,48,19796,281,38,2024-03-06,In Stock
8359,3,208,313,22,2024-03-28,In Stock
18563,30,189,65,49,2025-06-25,In Stock
2620,79,145,-10,54,2024-11-28,Out of Stock
13281,48,661,-10,71,2025-08-04,Out of Stock
19364,95,913,-1,71,2026-01-19,Out of Stock
1749,83,554,175,48,2024-12-19,In Stock
10903,7,552,498,34,2024-12-03,In Stock
9048,50,984,23,46,2025-04-04,Low Stock
5310,9,542,163,75,2024-11-02,In Stock
1123,72,193,417,54,2025-03-04,In Stock
3102,48,824,135,51,2024-05-08,In Stock
19522,6,31,249,0,2025-07-05,In Stock
85,72,311,170,53,2025-04-20,In Stock
11320,56,980,55,74,2024-08-14,Low Stock
17653,44,489,193,64,2025-08-09,In Stock
14149,48,63,80,64,2024-05-10,In Stock
12087,85,174,284,51,2026-08-03,In Stock
14929,89,138,46,15,2026-03-05,In Stock
11389,54,657,234,37,2026-01-01,In Stock
3100,66,948,487,10,2026-04-25,In Stock
16343,5,253,282,80,2024-04-04,In Stock
14196,3,723,74,25,2026-03-08,In Stock
12065,61,747,9,64,2024-05-05,Low Stock
13161,3,240,239,27,2026-11-19,In Stock
11177,44,596,10,91,2025-02-26,Low Stock
6386,50,10,95,49,2026-05-27,In Stock
9365,18,375,163,56,2025-12-16,In Stock
5701,88,764,488,89,2025-10-14,In Stock
13612,72,995,106,43,2025-04-14,In Stock
10654,55,29,245,39,2026-06-20,In Stock
15495,51,804,235,62,2026-01-31,In Stock
7581,90,579,433,29,2024-09-24,In Stock
18400,87,929,32,45,2026-08-09,Low Stock
14905,4,584,190,87,2025-11-27,In Stock
7362,4,983,387,85,2025-09-14,In Stock
5119,81,983,87,15,2025-12-27,In Stock
2232,81,146,276,19,2025-09-14,In Stock
17672,52,409,306,31,2025-11-23,In Stock
14137,21,257,52,93,2024-11-15,Low Stock
3054,5,436,239,64,2024-03-03,In Stock
13589,83,635,487,96,2025-08-14,In Stock
18662,98,596,345,-5,2026-03-04,In Stock
10928,75,904,280,60,2024-07-05,In Stock
14968,63,489,483,40,2025-08-19,In Stock
13890,3,100,157,91,2025-09-28,In Stock
1593,74,132,117,69,2025-08-18,In Stock
17000,80,884,250,59,2026-01-06,In Stock
4851,33,686,136,73,2024-11-07,In Stock
6229,87,271,306,0,2025-07-21,In Stock
17421,6,998,141,82,2025-05-17,In Stock
6189,82,285,483,98,2024-04-03,In Stock
19421,61,107,98,52,2025-01-09,In Stock
9984,20,827,253,25,2025-08-24,In Stock
3222,89,647,186,49,2026-05-10,In Stock
18821,91,764,16,12,2025-10-20,In Stock
9314,90,943,189,70,2026-01-06,In Stock
5626,27,886,379,38,2025-04-30,In Stock
3547,59,671,147,93,2025-06-06,In Stock
7697,49,11517,497,28,2026-01-04,In Stock
2405,46,989,173,87,2026-08-04,In Stock
11637,98,197,229,63,2025-11-11,In Stock
8689,46,601,222,96,2025-09-02,In Stock
3370,56,628,362,57,2024-10-15,In Stock
10990,74,13,181,32,2026-02-20,In Stock
7140,63,702,488,59,2024-11-25,In Stock
8345,77,525,59,80,2024-07-10,Low Stock
17464,47,659,250,15,2025-09-25,In Stock
11987,29,620,421,96,2025-09-07,In Stock
13085,1,986,161,56,2026-06-08,In Stock
8811,68,943,-10,94,2025-08-02,Out of Stock
19276,91,363,207,48,2026-02-08,In Stock
14333,80,924,109,96,2026-05-06,In Stock
14875,91,740,490,68,2026-02-01,In Stock
5639,81,616,247,23,2025-04-13,In Stock
435,92,247,69,33,2025-07-03,In Stock
2529,91,481,42,41,2025-12-05,In Stock
6770,1,278,333,56,2025-02-22,In Stock
4857,81,566,458,13,2025-04-16,In Stock
10192,36,794,143,61,2025-11-28,In Stock
19987,9,467,459,38,2026-06-13,In Stock
14896,10,327,236,-5,2024-08-03,In Stock
2835,93,449,24,31,2025-04-09,Low Stock
2204,96,55,47,71,2025-11-04,Low Stock
3446,24,815,56,18,2025-03-07,In Stock
6333,66,62,232,61,2026-05-12,In Stock
19107,78,419,280,80,2025-10-03,In Stock
510,74,385,358,45,2026-04-01,In Stock
4281,5,206,110,37,2024-03-30,In Stock
13983,4,458,96,98,2026-03-01,Low Stock
18256,69,73,310,52,2024-04-03,In Stock
13510,14,652,233,55,2025-10-13,In Stock
8710,95,272,462,27,2025-01-01,In Stock
9596,89,809,67,73,2026-05-18,Low Stock
7586,26,634,114,19,2024-10-30,In Stock
7686,70,67,108,74,2024-01-04,In Stock
18752,28,556,234,29,2025-10-04,In Stock
14191,28,963,284,79,2024-11-14,In Stock
11728,95,865,352,92,2026-06-30,In Stock
7277,92,871,366,28,2024-03-01,In Stock
9828,20,68,36,93,2026-06-18,Low Stock
13656,18,608,461,90,2026-02-04,In Stock
15027,58,699,326,84,2024-09-26,In Stock
17179,15,67,9,20,2024-12-18,Low Stock
11231,87,448,302,28,2026-07-03,In Stock
18133,60,390,378,62,2024-05-18,In Stock
14646,77,390,225,43,2025-07-02,In Stock
933,45,964,467,31,2024-05-14,In Stock
10014,72,512,390,35,2024-04-10,In Stock
14492,44,153,98,44,2026-05-02,In Stock
15558,6,961,33,18,2024-07-14,In Stock
10612,82,646,455,47,2026-07-27,In Stock
11982,26,115,229,38,2026-06-03,In Stock
3686,96,480,308,43,,In Stock
3485,84,56,57,62,2026-03-14,Low Stock
13803,81,470,300,34,2024-10-30,In Stock
17855,97,819,254,10,2025-12-14,In Stock
16229,50,229,423,93,2025-08-11,In Stock
7027,10,229,284,78,2024-09-01,In Stock
16937,51,757,406,20,2025-03-02,In Stock
3338,94,261,110,13,2024-08-20,In Stock
1369,37,930,391,91,2024-06-15,In Stock
16383,91,190,374,93,2026-03-13,In Stock
9926,76,511,425,17,2025-12-27,In Stock
1548,98,510,269,78,2024-02-22,In Stock
10604,38,879,480,94,2025-03-29,In Stock
2585,88,307,61,53,2025-04-14,In Stock
17892,79,129,-1,27,2024-03-07,Out of Stock
8307,8,158,334,78,2024-06-27,In Stock
10032,33,598,373,56,2025-03-15,In Stock
14250,39,578,405,29,2025-08-09,In Stock
1819,7,13747,53,38,2024-11-08,In Stock
12560,52,268,294,62,2026-04-13,In Stock
16125,1,619,301,43,2026-03-02,In Stock
354,87,159,100,92,2026-04-06,In Stock
15474,64,476,163,80,2024-11-13,In Stock
19329,21,668,298,98,2024-09-03,In Stock
1083,86,47,57,86,2025-04-12,Low Stock
17153,99,10203,155,97,2026-03-11,In Stock
7577,55,347,275,41,2025-06-02,In Stock
1936,6,219,491,68,2024-09-20,In Stock
13671,38,78,40,23,2024-04-16,In Stock
4900,92,483,463,91,2026-03-22,In Stock
9441,51,11,101,83,2024-02-03,In Stock
5658,33,517,-50,83,2026-06-12,Out of Stock
19122,73,48,115,58,2024-09-28,In Stock
8136,89,204,298,61,2025-12-31,In Stock
3992,75,260,9,72,2025-08-17,Low Stock
3448,96,103,76,64,2025-08-11,In Stock
6030,72,563,80,79,2024-05-07,In Stock
9656,76,281,19,31,2024-08-07,Low Stock
1186,73,426,311,39,2025-05-13,In Stock
17831,93,372,149,48,2024-09-18,In Stock
13130,47,813,206,69,2024-08-24,In Stock
15676,82,971,98,43,2025-10-01,In Stock
13113,99,478,472,65,2024-03-27,In Stock
5805,19,652,279,55,2026-06-07,In Stock
11583,71,682,43,70,2025-01-05,Low Stock
11521,17,42,148,20,2024-06-05,In Stock
2565,11,137,153,53,2025-10-09,In Stock
2919,23,752,214,26,2025-05-10,In Stock
14755,100,9,259,38,2024-01-13,In Stock
4596,99,318,407,23,2025-02-13,In Stock
5158,60,644,218,40,2024-01-17,In Stock
11574,79,44,220,99,2024-09-28,In Stock
18154,42,88,124,86,2025-10-08,In Stock
5322,84,12629,242,28,2026-01-25,In Stock
10129,80,547,333,49,2024-02-18,In Stock
9724,96,736,271,97,2024-09-10,In Stock
13511,9,133,203,57,,In Stock
11994,73,338,70,79,2026-03-20,Low Stock
19464,56,243,2,74,2024-04-13,Low Stock
5143,77,126,63,80,2026-01-28,Low Stock
19881,78,820,191,77,2024-11-28,In Stock
4994,36,297,356,28,2024-02-02,In Stock
5156,65,686,399,60,2024-03-18,In Stock
16927,36,201,46,62,2025-04-27,Low Stock
18410,9,123,98,97,2026-09-27,In Stock
2292,36,731,135,19,2024-08-01,In Stock
6326,44,432,342,87,2025-09-17,In Stock
9381,88,995,172,-20,2026-07-09,In Stock
3604,95,392,132,23,2025-07-08,In Stock
5095,41,984,65,14,2024-01-02,In Stock
18769,21,394,199,36,2026-01-15,In Stock
8577,41,120,210,81,2025-04-09,In Stock
10680,19,15,30,70,2025-03-20,Low Stock
15297,58,3,317,19,2026-03-02,In Stock
8560,70,314,59,50,2026-06-14,In Stock
1660,96,837,247,86,2025-08-30,In Stock
11033,93,274,245,75,2024-10-11,In Stock
11960,70,279,348,70,2026-03-25,In Stock
6393,50,517,251,18,2027-08-04,In Stock
843,15,18,258,64,2025-12-31,In Stock
2978,60,426,152,24,2025-11-16,In Stock
4027,94,151,221,81,2026-03-06,In Stock
18246,71,884,167,89,2025-01-21,In Stock
9914,66,628,200,69,2025-11-13,In Stock
2092,39,198,399,99,2024-08-18,In Stock
7337,29,993,268,98,2026-07-07,In Stock
19936,27,299,432,96,2025-02-08,In Stock
3064,14,553,54,50,2025-08-24,In Stock
19855,20,791,470,28,2025-01-18,In Stock
7364,73,450,286,93,2024-01-01,In Stock
18012,7,910,28,77,2025-06-26,Low Stock
7302,27,708,430,49,2025-06-09,In Stock
18842,18,617,446,49,2024-02-26,In Stock
10611,72,818,263,98,2025-12-01,In Stock
2634,37,999,-10,95,2024-06-09,Out of Stock
3298,55,221,33,32,2026-05-24,In Stock
10053,26,62,-1,93,2025-07-16,Out of Stock
13276,82,199,405,76,2025-04-27,In Stock
15952,94,971,131,42,2024-12-10,In Stock
14683,42,586,24,45,2024-09-20,Low Stock
14469,37,722,271,37,2024-07-23,In Stock
4101,66,542,215,74,2026-02-02,In Stock
1237,70,638,240,59,2025-04-17,In Stock
2901,25,12,495,69,2024-02-06,In Stock
11754,3,917,173,13,2025-08-22,In Stock
7909,28,767,195,91,2026-03-24,In Stock
15,6,152,214,79,2024-02-27,In Stock
5653,58,632,473,15,2026-01-19,In Stock
4779,29,776,364,92,2026-01-17,In Stock
2793,89,828,495,43,2025-04-21,In Stock
2928,81,63,263,24,2024-09-26,In Stock
11146,19,907,425,42,2024-05-26,In Stock
7122,15,569,295,17,2024-10-30,In Stock
5923,70,697,223,13,2025-09-14,In Stock
14429,90,502,97,12,2024-02-27,In Stock
7071,60,276,405,55,2025-09-10,In Stock
9056,83,309,215,88,2025-07-05,In Stock
12372,25,648,169,28,2024-03-31,In Stock
6535,70,950,171,12,2024-02-13,In Stock
19019,26,520,495,18,2026-06-03,In Stock
13562,27,409,67,86,2025-01-08,Low Stock
2607,51,373,416,19,2025-11-22,In Stock
2859,87,667,275,24,2024-01-14,In Stock
8658,30,807,223,86,2025-04-13,In Stock
13139,61,295,457,46,2025-02-25,In Stock
17132,24,581,373,16,2026-03-24,In Stock
6,92,878,271,12,2026-06-14,In Stock
16688,59,718,155,86,2024-01-14,In Stock
5013,50,301,390,96,2026-04-24,In Stock
11488,11,513,167,74,2026-02-21,In Stock
18134,83,190,296,87,2025-06-13,In Stock
9949,8,677,46,23,2026-02-01,In Stock
7945,99,968,276,68,2024-10-16,In Stock
6370,39,536,339,79,2024-09-19,In Stock
13784,84,304,350,64,2024-07-21,In Stock
10081,83,380,393,55,2026-07-16,In Stock
13534,89,970,54,57,2025-02-09,Low Stock
10169,71,94,109,84,2024-09-11,In Stock
19438,13,602,409,22,2026-10-13,In Stock
11814,29,335,440,65,2025-12-07,In Stock
18278,72,722,119,61,2024-07-12,In Stock
3363,82,455,53,89,2025-07-07,Low Stock
14174,61,327,29,66,2024-01-13,Low Stock
1939,72,180,279,26,2024-06-15,In Stock
9280,41,552,259,95,2026-02-08,In Stock
14975,91,390,377,45,,In Stock
6358,18,782,493,75,2024-04-15,In Stock
4871,7,960,358,35,2025-09-17,In Stock
6665,46,664,342,0,2024-04-16,In Stock
3878,31,498,187,68,2025-01-22,In Stock
6439,54,869,74,53,2024-08-18,In Stock
12544,11,334,129,10,2025-05-06,In Stock
12940,76,647,485,35,2026-04-30,In Stock
2885,54,852,86,22,2024-12-18,In Stock
3715,86,852,160,26,2024-07-16,In Stock
16123,4,962,345,46,2024-11-18,In Stock
3481,8,412,2,71,2025-03-10,Low Stock
8456,25,425,131,86,2024-07-23,In Stock
5070,76,563,401,23,2024-07-02,In Stock
17597,84,682,304,32,2024-08-12,In Stock
3028,77,41,423,57,2024-07-30,In Stock
15826,100,977,387,63,2025-05-06,In Stock
13933,78,96,22,31,2024-04-20,Low Stock
10419,41,44,243,61,2025-08-08,In Stock
9444,73,625,143,89,2026-04-22,In Stock
10578,1508,851,469,43,,In Stock
10766,68,794,146,100,2027-03-07,In Stock
6632,32,19,127,27,2025-03-11,In Stock
5466,86,279,289,20,2026-03-02,In Stock
6463,6,903,112,35,2025-08-24,In Stock
4706,55,552,134,92,2026-03-21,In Stock
17475,75,826,129,21,2026-01-17,In Stock
18584,43,867,13,51,2026-06-29,Low Stock
569,55,254,296,26,2026-05-23,In Stock
10873,83,736,442,52,2025-05-10,In Stock
11883,1188,154,86,12,2025-06-05,In Stock
4623,13,410,428,48,2025-06-23,In Stock
9249,84,29,372,67,2026-04-20,In Stock
7810,73,488,185,53,2026-02-14,In Stock
18081,62,621,103,62,2024-03-11,In Stock
19027,95,164,36,12,2025-05-14,In Stock
13887,63,771,464,84,2024-06-26,In Stock
6194,42,645,283,12,2025-09-28,In Stock
11896,60,332,459,55,2024-09-26,In Stock
4716,1,854,418,89,2025-04-22,In Stock
8874,28,809,329,16,2024-03-09,In Stock
8767,87,568,46,62,2025-03-06,Low Stock
11504,20,95,435,96,2024-11-23,In Stock
2334,15,898,15,90,2025-07-15,Low Stock
2456,11,749,286,15,2026-05-03,In Stock
19858,94,767,13,69,2025-10-01,Low Stock
9756,95,822,182,78,2024-07-09,In Stock
19437,35,508,26,70,2024-02-19,Low Stock
2526,40,620,449,13,2026-02-11,In Stock
1685,45,211,450,17,2024-06-15,In Stock
9631,90,410,53,97,2024-12-03,Low Stock
16602,24,297,487,73,2026-02-26,In Stock
5497,72,849,302,19,2025-10-21,In Stock
5536,6,524,41,69,2025-05-01,Low Stock
14284,14,254,188,68,2025-02-20,In Stock
4455,79,951,389,35,2024-11-15,In Stock
6849,46,709,347,44,2026-08-04,In Stock
9617,76,487,321,68,2024-06-25,In Stock
15400,24,228,481,21,2025-05-29,In Stock
13778,37,424,440,69,2024-02-03,In Stock
462,41,521,496,26,2024-08-12,In Stock
13917,99,770,249,99,2026-01-18,In Stock
15232,31,671,40,56,2025-06-17,Low Stock
2614,98,778,338,46,2024-11-27,In Stock
12863,3,309,240,100,2025-06-02,In Stock
12315,82,553,330,37,2024-12-21,In Stock
10057,69,875,115,58,2025-10-14,In Stock
15238,48,253,106,49,2025-10-10,In Stock
5365,11,149,398,77,2025-02-04,In Stock
16693,11,252,229,22,2024-03-25,In Stock
1992,34,897,369,25,2024-03-15,In Stock
19607,74,120,376,94,2025-12-21,In Stock
3947,81,966,111,34,2026-05-19,In Stock
1576,10,478,236,40,2024-09-02,In Stock
1584,8,315,428,42,2024-04-24,In Stock
1521,29,576,448,59,2025-02-21,In Stock
7303,30,660,291,66,2024-03-24,In Stock
1618,71,728,349,26,2026-03-16,In Stock
6028,43,955,115,56,2026-04-19,In Stock
492,25,526,460,82,2025-11-01,In Stock
3930,82,678,386,31,2026-07-13,In Stock
14636,72,707,207,84,2025-05-22,In Stock
12934,54,275,471,88,2024-12-18,In Stock
4447,49,772,496,81,2025-04-25,In Stock
1331,22,706,222,53,2026-08-11,In Stock
5417,73,341,50,76,2025-07-20,Low Stock
17288,95,798,48,12,2025-08-27,In Stock
12888,42,192,321,60,2026-07-09,In Stock
19081,43,374,21,45,2024-02-04,Low Stock
11291,86,196,78,72,2026-02-04,In Stock
5059,83,580,260,30,2025-01-28,In Stock
3583,14,856,163,66,2025-11-26,In Stock
11490,24,115,212,16,2025-07-08,In Stock
13793,87,941,286,24,2025-09-28,In Stock
19370,73,878,228,35,2024-06-25,In Stock
2319,36,867,232,33,2025-04-08,In Stock
5895,98,730,181,96,2024-01-01,In Stock
16865,3,261,399,38,2025-06-03,In Stock
406,63,654,265,10,2025-12-15,In Stock
220,89,841,-10,53,2025-08-12,Out of Stock
4124,78,665,381,36,2025-11-05,In Stock
6627,87,476,6,100,2024-01-28,Low Stock
10513,33,6,496,12,2026-06-12,In Stock
18137,45,864,286,97,2025-05-23,In Stock
12792,81,397,74,49,2024-04-02,In Stock
2038,23,645,371,26,2024-12-25,In Stock
1023,89,793,10,59,2025-02-28,Low Stock
16240,24,610,28,53,2026-03-20,Low Stock
9255,21,220,352,73,2026-07-02,In Stock
7271,81,768,116,43,2024-09-20,In Stock
267,1,315,102,69,2025-05-17,In Stock
11332,1,596,263,53,2026-06-27,In Stock
18636,67,473,303,19,2024-08-20,In Stock
19687,37,518,224,39,2024-04-13,In Stock
3828,39,219,115,46,2024-09-04,In Stock
16004,58,219,311,78,2026-07-10,In Stock
18030,62,382,296,27,2024-04-14,In Stock
15173,9,386,176,68,2026-02-24,In Stock
17220,82,767,35,80,2025-11-22,Low Stock
10156,12,275,112,0,2025-04-24,In Stock
12493,44,597,295,66,2024-10-06,In Stock
2743,27,349,148,83,2024-07-11,In Stock
4666,15,627,52,55,2025-05-20,Low Stock
17401,57,189,197,45,2025-07-18,In Stock
1264,36,399,491,49,2026-07-14,In Stock
10139,65,35,281,89,2026-07-03,In Stock
3585,43,142,304,56,2026-06-09,In Stock
18759,58,106,178,55,2025-10-30,In Stock
7409,28,832,317,86,2024-12-22,In Stock
7668,8,816,57,37,2024-09-16,In Stock
16252,4,54,318,25,2024-05-15,In Stock
4763,74,10549,57,83,2024-07-20,Low Stock
11360,63,829,391,25,2024-09-27,In Stock
1669,63,193,329,98,2025-01-28,In Stock
10508,22,12,-50,18,2024-08-06,Out of Stock
16992,60,289,163,43,2024-07-14,In Stock
17058,29,918,6,99,2025-02-17,Low Stock
15664,30,10,84,93,2024-05-04,Low Stock
8019,21,425,32,96,2024-01-17,Low Stock
7699,96,774,256,81,2024-10-12,In Stock
7553,100,923,410,95,2025-07-12,In Stock
10909,76,116,265,88,2025-11-13,In Stock
12084,37,768,279,47,2025-10-05,In Stock
3834,64,686,270,45,2024-07-03,In Stock
19897,99,287,-50,47,2024-11-04,Out of Stock
10710,53,409,19,49,2024-10-01,Low Stock
4709,12,670,136,28,2024-05-02,In Stock
7970,6,111,237,66,2024-08-02,In Stock
3308,15,85,490,50,2024-04-26,In Stock
6292,23,440,424,39,,In Stock
5441,75,159,56,52,2025-11-04,In Stock
9153,88,497,237,65,2025-01-03,In Stock
6479,22,138,126,93,2024-01-19,In Stock
4112,81,431,451,33,2026-01-28,In Stock
13518,38,733,308,59,2026-01-26,In Stock
10712,78,696,352,70,2025-06-14,In Stock
8122,95,645,434,79,2026-01-10,In Stock
15790,29,215,285,93,2025-02-12,In Stock
759,14,32,188,39,2025-08-09,In Stock
9735,74,757,367,19,2024-07-22,In Stock
7937,86,732,27,12,,In Stock
15822,3,757,344,11,2025-05-27,In Stock
6936,20,52,461,13,2024-11-07,In Stock
3593,87,408,204,59,2025-08-15,In Stock
14958,81,192,23,95,2026-04-30,Low Stock
19055,76,389,22,94,2025-11-05,Low Stock
12573,94,603,245,73,2025-06-23,In Stock
7049,67,211,349,16,2026-01-09,In Stock
11527,19,485,306,80,2026-07-31,In Stock
5089,11,66,291,48,2027-06-16,In Stock
7628,49,805,464,98,2026-01-14,In Stock
5618,94,373,136,82,2025-03-06,In Stock
19170,56,12145,189,89,2025-09-30,In Stock
896,55,240,224,13,2024-06-03,In Stock
19426,56,939,159,47,2026-08-09,In Stock
9055,39,204,121,65,2025-10-08,In Stock
6957,17,383,378,13,2024-07-05,In Stock
1226,29,842,433,39,2025-02-12,In Stock
12651,48,145,26,22,2024-11-12,In Stock
12310,29,682,423,55,2024-12-08,In Stock
14246,17,899,362,31,2026-05-26,In Stock
3334,7,359,96,19,2024-08-14,In Stock
4755,92,358,291,63,2026-04-05,In Stock
3620,5,618,356,30,2026-06-13,In Stock
7108,88,793,177,81,2024-06-24,In Stock
6111,76,246,144,59,2025-06-25,In Stock
12005,3,696,241,45,2025-11-14,In Stock
12281,82,183,25,94,2024-01-11,Low Stock
9072,7,263,421,80,2026-04-14,In Stock
7095,45,918,55,66,2024-10-12,Low Stock
9393,80,322,169,41,2024-10-21,In Stock
14786,64,609,302,67,2024-09-30,In Stock
4861,8,915,32,41,2025-09-25,Low Stock
18508,93,67,466,20,2025-06-26,In Stock
16488,82,700,-1,54,2025-10-31,Out of Stock
15182,80,830,125,26,2024-10-08,In Stock
16404,51,147,86,29,2024-11-30,In Stock
6267,76,916,122,44,2024-07-30,In Stock
2223,16,892,167,35,2026-07-23,In Stock
4680,31,705,303,27,2025-07-20,In Stock
8867,99,917,479,50,2025-06-06,In Stock
3797,22,37,30,64,2025-06-16,Low Stock
2228,55,403,40,73,2025-09-28,Low Stock
16032,91,715,332,54,2025-02-04,In Stock
946,15,509,59,32,,In Stock
1275,90,442,279,14,2025-08-20,In Stock
4465,51,391,267,94,2025-02-06,In Stock
18412,95,991,431,70,2025-05-22,In Stock
11417,87,572,330,89,2025-05-26,In Stock
20000,14,466,16,63,2024-06-02,Low Stock
8130,31,441,200,41,2025-04-22,In Stock
19184,12,846,425,78,2024-12-27,In Stock
17565,38,438,491,21,2025-02-15,In Stock
19854,45,10,443,100,2026-04-17,In Stock
15988,39,126,265,12,2025-10-26,In Stock
14164,40,336,163,87,2024-07-05,In Stock
11252,65,595,2,47,2025-10-08,Low Stock
16630,54,665,317,96,2025-11-17,In Stock
7914,13,545,471,63,2025-05-22,In Stock
12078,50,887,499,13,2024-11-24,In Stock
12731,63,805,243,85,2024-02-20,In Stock
18986,98,278,331,83,2024-03-04,In Stock
2789,21,776,280,10,2025-01-27,In Stock
6269,57,586,443,40,2025-11-15,In Stock
4902,50,374,263,24,2026-07-16,In Stock
1181,41,566,18,41,2024-05-23,Low Stock
9669,87,272,336,31,2025-11-21,In Stock
19025,14,537,259,29,2025-08-22,In Stock
7062,35,670,332,17,2025-12-25,In Stock
15102,75,650,128,17,2024-02-01,In Stock
17355,60,142,113,-5,2025-08-10,In Stock
6216,29,291,348,20,2025-10-21,In Stock
5423,73,428,471,84,2024-11-18,In Stock
3494,29,137,322,71,2024-06-03,In Stock
10813,78,1000,215,32,,In Stock
1460,83,867,6,88,2024-04-10,Low Stock
7016,54,347,374,24,2024-03-14,In Stock
7871,8,579,416,66,2025-01-11,In Stock
5359,1498,434,63,71,,Low Stock
15631,25,502,128,-20,2026-04-03,In Stock
17243,12,495,499,90,2024-04-19,In Stock
9692,48,816,493,35,2024-03-18,In Stock
12629,42,666,9,65,2024-06-03,Low Stock
11635,3,348,414,76,2025-07-28,In Stock
17694,56,231,274,90,2024-06-09,In Stock
112,30,844,469,33,2024-03-22,In Stock
1587,74,562,4,43,2025-03-19,Low Stock
1396,57,905,185,11,2026-08-11,In Stock
11275,38,445,367,46,2026-04-04,In Stock
19273,45,751,319,54,2025-01-09,In Stock
3890,12,950,230,59,2024-02-11,In Stock
19459,17,835,115,30,2025-06-04,In Stock
16850,90,81,54,88,2024-03-29,Low Stock
5212,31,735,57,55,2024-08-18,In Stock
5621,17,965,302,27,2025-07-05,In Stock
9069,85,593,165,52,2025-01-02,In Stock
4852,70,591,152,92,2024-04-20,In Stock
11617,27,867,153,46,2025-08-08,In Stock
13607,48,118,208,34,2024-09-13,In Stock
16216,15,985,454,69,2026-07-10,In Stock
15294,92,727,365,11,2025-11-24,In Stock
10195,32,868,120,29,2024-03-31,In Stock
4850,59,569,469,82,2025-09-29,In Stock
3300,31,993,93,41,2024-04-30,In Stock
15346,7,143,6,21,2024-12-24,Low Stock
19557,66,560,383,55,2026-03-30,In Stock
19725,21,519,366,14,2026-03-30,In Stock
15145,10,247,496,18,2024-05-02,In Stock
13069,82,65,137,27,,In Stock
4449,1,905,73,57,2025-07-22,In Stock
3033,89,182,469,66,2024-12-06,In Stock
13356,38,829,-1,32,2026-06-23,Out of Stock
3904,13,754,500,80,2024-02-18,In Stock
6180,36,907,0,74,2025-08-19,Out of Stock
2095,40,487,489,59,2025-09-16,In Stock
17781,98,130,222,21,2024-05-27,In Stock
10049,98,634,339,35,2025-04-20,In Stock
4470,22,725,165,85,2024-02-28,In Stock
2183,12,485,356,25,2024-08-08,In Stock
3857,5,697,25,36,2025-05-30,Low Stock
4460,100,201,20,46,2025-08-23,Low Stock
14894,86,602,42,80,2024-02-28,Low Stock
14451,84,149,80,12,2024-03-23,In Stock
9930,96,893,416,62,2024-03-24,In Stock
9673,80,612,48,68,2024-06-21,Low Stock
1830,58,440,393,52,2024-03-09,In Stock
7086,57,779,491,47,2026-02-24,In Stock
7713,73,547,285,28,,In Stock
13333,96,30,373,37,2026-05-14,In Stock
17377,67,762,356,62,2025-12-08,In Stock
4786,1,628,313,83,2026-03-22,In Stock
9691,61,356,234,89,2024-03-03,In Stock
6581,84,539,305,57,2026-06-02,In Stock
6067,88,670,156,27,2024-03-17,In Stock
5839,81,5,272,25,2024-03-28,In Stock
2246,86,172,306,25,2024-09-29,In Stock
1485,58,312,68,97,2024-05-15,Low Stock
6089,69,334,303,46,2024-09-28,In Stock
4546,10,319,478,74,2024-11-27,In Stock
8597,86,364,432,45,2024-07-26,In Stock
11276,68,961,428,73,2024-04-22,In Stock
3648,59,217,25,79,2024-07-27,Low Stock
4930,24,625,311,31,2026-06-11,In Stock
5505,50,554,323,97,2026-01-04,In Stock
12410,78,829,98,47,2024-09-27,In Stock
14261,76,142,251,90,2025-03-07,In Stock
18178,54,146,326,81,2024-01-27,In Stock
3832,5,423,239,63,2024-04-11,In Stock
12562,29,804,223,0,2025-06-10,In Stock
8798,89,210,199,79,2026-05-15,In Stock
17495,7,404,161,22,2025-09-16,In Stock
16553,54,582,173,26,2025-09-01,In Stock
7585,74,149,214,98,2025-07-22,In Stock
9627,62,874,424,40,2025-05-16,In Stock
4916,60,613,466,46,2024-05-26,In Stock
13523,77,895,235,36,2026-05-29,In Stock
13309,99,735,36,32,2025-05-31,In Stock
17017,63,565,176,-5,2026-02-09,In Stock
18960,100,837,296,87,2025-09-12,In Stock
16551,27,540,109,0,2026-05-15,In Stock
469,93,455,274,50,2024-02-17,In Stock
28,94,54,216,87,2026-06-24,In Stock
6779,3,837,223,28,2026-06-15,In Stock
16757,61,625,277,50,2025-11-27,In Stock
4148,83,531,241,33,2024-07-23,In Stock
13258,19,247,37,80,2025-05-28,Low Stock
806,14,581,441,94,2026-07-23,In Stock
19377,22,56,324,17,2024-04-29,In Stock
9936,22,667,407,43,2024-05-12,In Stock
15815,84,628,455,10,2024-11-01,In Stock
8144,41,2,219,89,2024-06-13,In Stock
16130,87,694,263,87,2025-08-26,In Stock
6955,94,733,330,77,2025-12-12,In Stock
1144,68,263,241,12,2026-04-08,In Stock
17291,5,231,363,41,2026-04-26,In Stock
2738,18,827,137,89,2026-02-15,In Stock
14665,94,479,113,79,2026-07-08,In Stock
8036,99,516,391,72,2024-05-27,In Stock
11505,66,775,91,84,2025-07-24,In Stock
11667,84,396,99,20,2026-01-26,In Stock
8471,9,489,410,84,2025-05-24,In Stock
7334,43,520,150,37,2026-03-07,In Stock
9299,75,961,132,92,2025-08-01,In Stock
8659,20,555,103,55,2025-05-11,In Stock
17615,83,112,340,38,2025-11-22,In Stock
10306,64,380,70,41,2024-01-05,In Stock
15977,64,950,467,100,2025-04-23,In Stock
10558,42,505,212,82,2026-06-22,In Stock
16847,4,39,289,70,2026-05-20,In Stock
3743,7,21,153,36,2024-03-02,In Stock
6584,60,946,449,47,2024-02-01,In Stock
19486,34,613,407,71,2024-05-04,In Stock
84,100,286,402,61,2024-05-01,In Stock
13487,12,977,199,10,2025-06-11,In Stock
926,89,146,464,59,2024-10-26,In Stock
6585,82,62,248,89,,In Stock
11338,54,460,2,10,2025-06-05,Low Stock
15954,94,135,224,52,2025-09-24,In Stock
13788,70,137,395,42,2025-05-17,In Stock
10011,27,258,287,62,2025-05-22,In Stock
4411,76,405,235,12,2024-03-23,In Stock
1449,50,78,114,66,2025-12-26,In Stock
9264,46,172,104,25,2024-11-27,In Stock
15962,79,481,342,81,2025-06-16,In Stock
16349,59,360,330,0,2024-08-03,In Stock
17039,66,312,26,89,2025-09-10,Low Stock
2537,1,269,50,77,2026-04-12,Low Stock
7832,43,674,489,59,2025-10-02,In Stock
16859,1,121,263,81,2026-04-19,In Stock
9026,45,883,399,41,2024-07-19,In Stock
16072,94,132,41,23,2024-12-26,In Stock
16534,1,913,74,34,,In Stock
16797,50,118,410,67,2024-01-13,In Stock
7548,64,393,468,64,2025-04-15,In Stock
2799,98,432,19,79,2026-02-03,Low Stock
12165,20,52,104,40,2024-03-03,In Stock
19037,53,924,239,58,2026-03-01,In Stock
17178,54,146,13,54,2025-04-13,Low Stock
9431,32,38,451,63,2025-01-26,In Stock
17293,11,654,93,50,2024-07-08,In Stock
2562,40,659,180,19,2024-09-08,In Stock
7251,69,19510,16,26,2025-10-10,Low Stock
5596,83,150,226,90,2024-02-17,In Stock
19460,37,402,175,90,2025-10-15,In Stock
2325,96,248,276,28,2025-08-06,In Stock
12278,61,465,168,18,2026-08-04,In Stock
18273,8,300,207,30,2024-06-01,In Stock
4864,88,262,427,68,2025-02-25,In Stock
9884,44,420,32,43,2025-02-06,Low Stock
18853,78,304,315,38,2025-11-04,In Stock
13602,70,341,206,23,2025-10-06,In Stock
5442,63,991,63,76,2025-08-28,Low Stock
9749,28,840,212,52,2024-04-24,In Stock
14302,60,191,260,41,2024-10-10,In Stock
5342,72,468,3,98,2026-01-24,Low Stock
3731,62,503,137,63,2026-01-27,In Stock
16322,87,591,250,-5,2025-10-12,In Stock
14166,81,14753,257,17,2024-01-16,In Stock
15870,66,539,74,81,2024-04-25,Low Stock
9862,70,352,220,15,2026-03-24,In Stock
14327,50,670,225,20,2024-08-12,In Stock
11371,72,667,241,86,2026-11-07,In Stock
15859,43,150,258,12,2025-09-06,In Stock
9792,53,706,409,39,2024-12-11,In Stock
16864,16,17000,104,68,2024-01-01,In Stock
13379,22,487,189,89,2025-12-18,In Stock
12970,54,446,200,28,2025-08-31,In Stock
17938,77,39,198,97,2024-12-02,In Stock
4503,81,277,82,44,2025-03-30,In Stock
3981,30,920,98,37,2024-09-09,In Stock
1352,10,636,229,43,2026-02-20,In Stock
17640,11,608,206,59,2024-09-03,In Stock
2164,62,666,38,96,2025-09-14,Low Stock
15133,26,712,476,62,2025-02-11,In Stock
2897,23,621,369,67,2025-11-28,In Stock
6628,17,349,479,59,2026-04-23,In Stock
11120,43,249,338,54,2024-07-15,In Stock
18746,73,368,69,35,,In Stock
17097,36,739,216,29,2025-04-24,In Stock
16470,71,227,128,17,2026-04-23,In Stock
10819,35,181,209,57,2024-09-25,In Stock
19481,53,97,401,64,2025-01-06,In Stock
6324,88,3,56,77,2024-01-21,Low Stock
14346,97,353,194,13,2024-10-26,In Stock
13272,50,515,232,100,2025-01-01,In Stock
876,10,31,250,71,2026-06-14,In Stock
15683,65,453,239,63,2025-03-03,In Stock
18314,15,379,325,17,2024-02-04,In Stock
7802,50,972,59,79,2025-07-19,Low Stock
17649,85,846,490,61,2024-09-24,In Stock
8388,74,596,188,76,2025-02-22,In Stock
15172,39,668,105,92,2025-10-28,In Stock
6420,24,674,17,63,2024-06-12,Low Stock
4370,23,230,462,61,2025-01-08,In Stock
3022,24,240,132,33,2024-09-04,In Stock
11075,72,619,364,72,2024-08-07,In Stock
15419,82,194,295,82,2024-05-11,In Stock
16672,39,974,427,34,2026-08-09,In Stock
14631,40,902,300,18,2026-05-22,In Stock
10841,72,485,269,-5,2025-04-22,In Stock
1048,18,635,107,81,2025-10-13,In Stock
7531,92,47,328,44,2026-03-12,In Stock
19128,55,3,332,50,2024-08-04,In Stock
13378,41,922,450,58,2024-02-02,In Stock
16443,33,107,273,41,2025-07-28,In Stock
9559,55,845,355,28,2026-04-14,In Stock
4354,1,638,455,64,2026-03-23,In Stock
18831,71,648,250,68,2026-08-06,In Stock
7827,66,253,230,69,2025-03-21,In Stock
795,97,974,117,92,2024-07-04,In Stock
3746,86,396,136,96,2024-01-21,In Stock
19808,1638,278,317,12,2025-04-02,In Stock
11201,75,675,474,34,2025-02-25,In Stock
2803,82,301,85,89,2024-09-24,Low Stock
17747,24,101,385,98,2025-05-24,In Stock
11721,9,175,398,33,2026-02-23,In Stock
14396,36,57,0,34,2024-06-09,Out of Stock
6662,54,735,62,11,,In Stock
15313,40,643,308,95,2024-10-30,In Stock
19076,6,956,491,88,2024-04-10,In Stock
2195,95,52,48,25,2026-07-02,In Stock
9296,41,243,355,43,2025-04-25,In Stock
8731,82,253,415,27,2025-02-04,In Stock
3043,23,295,185,77,2025-02-10,In Stock
14220,95,330,417,33,2024-11-22,In Stock
1044,49,108,477,88,2025-09-24,In Stock
7931,87,38,249,95,2026-06-07,In Stock
7639,81,729,13,17,2024-04-01,Low Stock
1677,29,10,22,72,2025-11-08,Low Stock
15882,2,585,202,87,2024-01-26,In Stock
8320,84,819,500,60,2024-04-04,In Stock
7803,20,575,417,28,2026-03-06,In Stock
4279,98,980,88,71,2026-07-23,In Stock
3836,87,922,387,55,2024-06-29,In Stock
1881,89,483,255,60,2024-12-07,In Stock
11045,8,644,259,49,2024-01-10,In Stock
17602,45,791,90,55,2024-01-27,In Stock
5026,68,610,265,-20,2024-07-21,In Stock
13671,38,78,40,23,2024-04-16,In Stock
1776,66,353,298,92,2024-10-03,In Stock
16811,78,624,195,19,2024-08-05,In Stock
10753,10,914,307,66,2026-08-11,In Stock
19883,70,312,412,36,2024-05-03,In Stock
17657,1,30,467,18,2024-05-02,In Stock
5272,24,999,179,89,2025-03-23,In Stock
9438,3,976,38,93,2025-05-16,Low Stock
19859,9,135,241,66,2026-01-15,In Stock
5943,79,13,213,22,2025-07-01,In Stock
2693,89,246,449,76,2024-03-14,In Stock
14501,81,561,441,64,2024-06-08,In Stock
11424,25,989,430,73,2025-04-21,In Stock
10075,35,630,176,27,2024-01-11,In Stock
8394,23,794,127,29,2025-10-05,In Stock
15863,93,658,90,66,2026-04-01,In Stock
8318,17,202,264,53,2025-04-16,In Stock
7474,92,699,104,80,2025-07-25,In Stock
19970,18,426,187,14,2026-05-11,In Stock
19940,19,890,-100,26,2024-09-02,Out of Stock
200,17,714,265,67,2026-01-01,In Stock
4398,73,164,14,13,2027-01-04,In Stock
12034,26,342,487,28,2024-03-05,In Stock
555,53,592,173,40,2025-04-12,In Stock
18629,50,503,172,16,2024-11-02,In Stock
18217,43,911,468,99,2026-03-09,In Stock
346,73,16720,252,38,2025-03-11,In Stock
7525,20,119,164,98,2026-02-19,In Stock
10754,58,712,329,15,2026-02-26,In Stock
14186,23,855,191,29,2024-07-22,In Stock
4177,18,752,492,19,2024-10-26,In Stock
2237,56,36,35,77,2024-08-12,Low Stock
9718,89,560,122,99,2024-03-25,In Stock
6152,4,501,386,63,2025-01-25,In Stock
5844,63,980,282,54,2025-10-10,In Stock
13364,29,716,48,84,2024-01-17,Low Stock
581,6,96,270,12,2026-04-09,In Stock
2155,5,427,337,69,2024-10-18,In Stock
14615,1,434,183,16,2025-04-24,In Stock
5340,96,974,48,41,2024-08-21,In Stock
14802,67,631,480,12,2026-01-31,In Stock
1792,70,477,50,10,2024-06-21,In Stock
3693,74,402,153,86,2025-09-12,In Stock
8899,12,655,142,75,2026-05-19,In Stock
832,78,789,439,53,2024-09-04,In Stock
18966,24,578,160,54,2024-07-01,In Stock
9361,18,879,393,46,2025-12-10,In Stock
13247,21,833,214,18,2026-06-25,In Stock
15175,76,156,331,-5,2024-08-12,In Stock
14434,57,317,20,53,2026-05-28,Low Stock
2454,50,35,332,100,2025-07-11,In Stock
15590,23,32,403,74,2024-02-12,In Stock
13591,34,122,206,29,2025-01-11,In Stock
12195,51,281,341,63,2025-08-10,In Stock
361,95,662,85,29,2025-03-19,In Stock
5008,63,965,257,13,2025-01-26,In Stock
19040,6,952,293,77,2026-06-21,In Stock
7780,29,991,340,43,2024-11-01,In Stock
290,6,436,256,79,2025-11-29,In Stock
14219,95,19,254,20,2025-01-16,In Stock
2376,16,78,342,74,2024-07-04,In Stock
11662,23,203,274,100,2026-02-25,In Stock
2056,20,791,49,18,2024-06-03,In Stock
18774,49,366,204,86,2026-08-08,In Stock
8380,98,368,36,55,2026-01-13,Low Stock
5083,49,524,245,98,2026-06-26,In Stock
19651,68,154,57,21,2024-11-24,In Stock
11867,85,11246,175,59,2025-07-26,In Stock
5726,6,67,489,49,2025-10-16,In Stock
8020,70,871,77,28,2026-06-20,In Stock
7458,95,518,188,87,2024-08-15,In Stock
11452,99,999,129,33,2026-02-05,In Stock
11824,84,936,289,97,2025-07-05,In Stock
11918,16,108,225,17,2026-06-28,In Stock
6390,40,563,420,27,2024-11-08,In Stock
16628,28,6,456,33,2024-11-30,In Stock
8148,85,456,78,22,2024-04-26,In Stock
5387,56,380,70,43,2025-08-22,In Stock
16472,43,788,26,79,2024-03-11,Low Stock
5576,63,152,264,56,2026-05-21,In Stock
4561,10,335,424,84,2025-08-20,In Stock
15360,100,819,365,82,2025-02-05,In Stock
7726,61,310,125,40,2024-04-21,In Stock
7948,50,205,85,95,2025-06-19,Low Stock
18529,79,182,381,73,2024-04-20,In Stock
9464,64,433,469,32,2026-05-29,In Stock
18802,22,789,231,95,2026-02-18,In Stock
7766,57,162,405,41,2025-03-22,In Stock
12571,62,260,432,21,2024-11-25,In Stock
6910,71,328,466,98,2024-02-12,In Stock
5279,69,39,129,40,2024-02-25,In Stock
17358,1451,416,43,42,2026-06-10,In Stock
13586,11,115,405,38,2024-12-05,In Stock
17878,18,157,477,77,2025-12-08,In Stock
5134,15,234,36,81,2024-06-26,Low Stock
7923,73,123,108,71,2025-08-17,In Stock
3109,77,373,240,82,2026-06-03,In Stock
15336,32,531,146,60,2024-01-21,In Stock
13425,82,961,253,67,2025-04-08,In Stock
864,8,98,271,-20,2024-01-19,In Stock
3255,54,460,334,55,2024-12-01,In Stock
16830,7,78,153,89,2024-01-15,In Stock
10896,24,796,355,68,2025-02-06,In Stock
9893,99,46,471,49,2025-11-29,In Stock
1509,19,478,365,22,2024-03-20,In Stock
2873,89,19290,97,87,2025-03-03,In Stock
4914,74,422,217,51,2024-11-04,In Stock
13249,81,864,274,91,2026-04-13,In Stock
18499,98,95,420,55,2024-02-09,In Stock
8757,87,597,212,60,2026-06-16,In Stock
6012,48,956,123,57,2024-08-16,In Stock
12508,99,834,468,30,2026-07-31,In Stock
4125,60,120,40,16,2025-06-07,In Stock
3439,84,756,82,43,2024-07-27,In Stock
17005,61,928,434,94,2025-05-02,In Stock
12752,78,577,144,89,2025-05-05,In Stock
17003,3,982,35,69,2024-10-07,Low Stock
4217,34,292,29,48,2024-02-09,Low Stock
7116,70,745,342,40,2024-05-23,In Stock
18268,6,920,92,76,2025-06-03,In Stock
5376,42,110,2,67,2026-04-10,Low Stock
16802,32,631,219,24,2024-12-29,In Stock
5614,98,846,437,91,2026-08-11,In Stock
2735,70,553,119,53,2026-06-09,In Stock
11258,98,377,183,100,2024-04-06,In Stock
675,12,424,257,69,2026-08-02,In Stock
1712,27,583,205,93,2025-08-13,In Stock
10409,19,317,117,26,2026-07-26,In Stock
18826,58,270,444,10,2026-04-29,In Stock
9186,6,466,195,54,2025-09-11,In Stock
4790,97,492,313,82,2024-05-28,In Stock
9166,55,839,151,42,2026-05-16,In Stock
16276,65,823,366,0,2024-08-10,In Stock
2900,90,941,105,37,2025-11-20,In Stock
4036,24,372,44,95,2024-05-05,Low Stock
6675,40,924,51,75,2025-05-02,Low Stock
13638,68,187,101,47,2024-09-21,In Stock
4991,71,558,232,53,2026-07-27,In Stock
13628,83,220,204,64,2025-11-20,In Stock
8523,24,184,15,22,2026-06-14,Low Stock
4258,5,830,261,36,2024-11-23,In Stock
7502,59,737,354,45,2026-04-01,In Stock
5474,67,394,268,79,2025-07-30,In Stock
18066,5,300,79,26,2026-07-31,In Stock
15615,41,489,205,72,2025-11-12,In Stock
14743,74,266,277,96,2026-04-19,In Stock
1255,59,271,307,49,2024-03-08,In Stock
14953,6,368,405,52,2026-06-16,In Stock
13509,59,753,273,67,2024-05-29,In Stock
12842,23,198,150,43,2026-05-20,In Stock
9860,93,411,102,24,2025-06-24,In Stock
2123,99,915,58,27,2025-01-27,In Stock
2674,37,481,128,33,2024-06-23,In Stock
19553,21,210,296,69,2024-04-21,In Stock
17185,49,22,432,61,2025-11-11,In Stock
17136,2,173,256,95,2025-09-25,In Stock
6119,66,662,219,74,2025-07-25,In Stock
3954,45,987,338,58,2024-04-17,In Stock
1517,18,108,142,48,2024-12-31,In Stock
16760,55,987,199,92,2024-04-14,In Stock
3612,62,160,421,88,2024-07-28,In Stock
792,68,888,87,76,2024-04-23,In Stock
7678,66,277,479,23,2024-01-18,In Stock
1866,13,956,263,52,2025-09-09,In Stock
6065,40,476,86,99,2024-04-18,Low Stock
338,12,408,351,36,2024-07-22,In Stock
14586,45,313,136,69,2025-08-07,In Stock
9832,3,716,439,54,2024-11-21,In Stock
2345,60,969,101,24,2024-11-23,In Stock
4005,17,991,320,45,2025-10-29,In Stock
16494,87,951,369,16,2024-05-23,In Stock
11058,35,220,159,47,2024-08-19,In Stock
12999,5,455,382,53,2026-06-03,In Stock
17182,76,489,322,89,2025-11-24,In Stock
5707,86,218,327,45,2024-09-07,In Stock
9339,4,178,257,21,2025-06-07,In Stock
14972,14,54,18,22,2025-07-25,Low Stock
18710,19,535,475,69,2026-03-21,In Stock
7459,81,22,64,64,2025-10-30,Low Stock
12532,8,155,310,34,2024-09-11,In Stock
8893,83,951,13,88,2025-12-20,Low Stock
16376,11,801,430,61,2026-06-16,In Stock
7984,48,133,433,60,2024-08-04,In Stock
18365,58,347,288,41,2024-09-22,In Stock
1842,20,157,-100,40,2026-05-03,Out of Stock
34,1048,522,88,29,2026-04-12,In Stock
11020,26,651,71,62,2025-04-29,In Stock
1077,44,165,215,32,2026-06-08,In Stock
312,1,623,357,54,2024-07-29,In Stock
19188,42,120,393,79,2024-05-16,In Stock
11137,24,379,438,53,2025-10-04,In Stock
9599,67,751,385,27,2024-09-21,In Stock
13050,100,858,409,97,2025-06-30,In Stock
5400,73,739,292,26,2026-04-17,In Stock
9508,28,338,447,43,2025-11-18,In Stock
12529,63,776,180,11,2024-12-03,In Stock
7540,72,474,493,77,2024-11-11,In Stock
16006,15,109,419,39,2024-05-17,In Stock
12592,99,601,127,0,2024-01-08,In Stock
240,25,852,62,60,2026-02-10,In Stock
5159,82,331,398,20,2025-11-12,In Stock
8146,62,16177,206,70,2025-02-10,In Stock
6701,34,69,303,19,2026-01-05,In Stock
473,18,519,352,32,2025-03-09,In Stock
8574,54,536,326,45,2024-11-08,In Stock
18931,96,746,383,64,2027-03-25,In Stock
5887,15,887,486,45,2024-07-07,In Stock
12406,64,526,395,71,2026-07-25,In Stock
5271,59,436,446,72,2026-02-02,In Stock
1746,58,567,187,72,2025-01-20,In Stock
14266,56,763,213,62,2025-10-07,In Stock
19600,64,550,22,54,2025-08-02,Low Stock
4257,80,191,113,54,2025-05-13,In Stock
5281,26,323,371,16,2024-03-18,In Stock
13191,12,301,73,50,2025-02-17,In Stock
13444,31,124,71,45,,In Stock
9493,60,892,190,91,2025-09-03,In Stock
1025,1372,198,106,35,2025-03-16,In Stock
4719,98,18435,223,10,2024-02-04,In Stock
11132,79,166,458,34,2026-01-11,In Stock
13661,90,893,314,72,2024-06-30,In Stock
16441,17,143,317,72,2025-09-02,In Stock
2907,5,897,496,83,2025-08-30,In Stock
15938,28,434,57,77,2025-08-31,Low Stock
17268,2,466,334,53,2025-08-13,In Stock
11254,69,334,32,-20,2025-01-15,In Stock
16294,14,616,83,93,2026-07-20,Low Stock
1704,41,201,333,100,2024-06-18,In Stock
17202,44,303,117,92,2024-03-12,In Stock
6349,84,478,274,55,2024-11-09,In Stock
3744,51,803,332,76,2024-04-22,In Stock
370,17,676,337,21,2024-06-20,In Stock
16055,52,140,243,89,2026-07-06,In Stock
19213,72,108,74,63,2024-08-18,In Stock
7485,83,622,494,65,2024-11-07,In Stock
9364,2,736,36,10,2024-11-07,In Stock
4204,19,451,397,36,2024-08-29,In Stock
13086,90,700,435,61,2025-05-27,In Stock
17055,46,16,132,67,2025-01-18,In Stock
7749,2,996,173,66,2025-06-27,In Stock
16345,68,595,-10,43,2024-03-11,Out of Stock
6814,57,623,399,32,2024-06-02,In Stock
7519,70,775,453,13,2024-05-08,In Stock
9200,57,873,295,95,2024-12-28,In Stock
13537,91,156,177,35,2024-03-16,In Stock
11742,56,487,460,42,2024-06-16,In Stock
12478,25,136,427,67,2024-07-20,In Stock
7178,84,365,462,72,2025-08-19,In Stock
13397,51,933,54,86,2024-09-03,Low Stock
8622,54,384,-10,70,2026-02-03,Out of Stock
7307,5,906,126,79,2025-03-31,In Stock
18479,23,47,376,51,2025-09-03,In Stock
12697,100,288,500,71,2024-11-29,In Stock
2358,92,590,103,10,2025-03-06,In Stock
4665,56,930,141,61,2024-12-12,In Stock
19324,1,548,174,40,2025-04-08,In Stock
10312,39,171,97,76,2025-06-21,In Stock
13322,18,194,267,43,2026-07-31,In Stock
4128,4,146,340,75,2026-07-15,In Stock
8104,13,661,325,88,2025-09-13,In Stock
10408,77,452,416,41,2024-02-21,In Stock
9059,64,892,322,64,2026-03-14,In Stock
5708,51,623,419,64,2024-10-15,In Stock
14844,44,295,146,38,2026-06-14,In Stock
9819,62,182,328,55,2026-01-10,In Stock
9888,2,115,301,-5,2025-05-30,In Stock
17580,87,716,289,77,2025-09-18,In Stock
2125,29,705,492,96,2025-04-23,In Stock
11844,91,199,200,78,2024-11-01,In Stock
5660,64,752,167,60,2024-05-25,In Stock
7559,90,727,209,54,2024-10-10,In Stock
3977,76,93,14,87,2025-05-27,Low Stock
733,75,11,86,99,2026-06-23,Low Stock
9873,96,686,137,18,2025-09-09,In Stock
5197,54,614,-100,31,2025-10-10,Out of Stock
13893,15,782,485,87,2025-02-11,In Stock
3764,62,283,134,20,2025-03-29,In Stock
80,18,633,13,25,2024-03-18,Low Stock
4562,1,541,8,20,2025-11-02,Low Stock
2332,38,945,285,18,2024-06-14,In Stock
4507,46,929,484,47,2025-04-03,In Stock
16699,49,718,401,66,2024-01-23,In Stock
334,60,734,318,-20,2025-08-27,In Stock
17890,43,424,13,87,2024-05-04,Low Stock
5181,18,637,435,79,2026-03-05,In Stock
8576,59,459,278,74,2025-08-11,In Stock
12139,13,280,274,61,2024-09-24,In Stock
19784,54,745,299,79,2024-04-03,In Stock
8619,13,587,318,51,2024-02-03,In Stock
10713,81,235,75,19,2024-11-11,In Stock
12210,100,552,177,23,2026-02-15,In Stock
2189,63,31,425,89,2026-07-06,In Stock
17199,83,440,216,96,2024-10-18,In Stock
6835,61,18,292,65,2024-02-03,In Stock
9817,40,334,297,43,2025-04-26,In Stock
10445,84,931,367,26,2024-03-31,In Stock
18454,62,498,182,62,2025-09-22,In Stock
6178,89,362,231,97,2024-04-05,In Stock
8627,75,952,354,50,2025-10-03,In Stock
15705,55,298,58,38,2025-09-15,In Stock
9652,41,805,98,51,2025-11-09,In Stock
4290,92,156,362,77,2025-03-29,In Stock
11513,12,816,246,92,2025-06-07,In Stock
9353,45,109,232,72,2025-02-25,In Stock
14195,48,206,47,25,2024-09-12,In Stock
12660,18,407,57,69,2025-08-23,Low Stock
8945,18,403,254,69,2025-02-17,In Stock
5401,13,817,357,77,2026-04-10,In Stock
215,44,706,407,31,2024-05-04,In Stock
13450,49,55,255,90,2025-07-09,In Stock
17612,73,672,462,41,2024-09-09,In Stock
4802,74,976,24,26,,Low Stock
10715,30,399,450,51,2025-04-08,In Stock
4384,26,538,141,69,2025-12-05,In Stock
19843,41,567,84,16,2025-04-04,In Stock
3155,22,452,468,69,2025-11-19,In Stock
8571,55,401,417,14,2026-02-13,In Stock
13827,46,90,164,29,2025-01-23,In Stock
5050,9,656,376,44,2024-12-31,In Stock
7004,49,212,155,48,2026-08-02,In Stock
107,91,822,362,89,2024-01-08,In Stock
8820,45,367,48,47,2025-04-02,In Stock
15706,22,296,251,29,2026-03-09,In Stock
3405,6,188,275,86,2025-05-08,In Stock
5640,49,161,363,48,2025-08-18,In Stock
8116,98,656,230,26,2026-06-09,In Stock
10229,37,595,167,100,2024-11-16,In Stock
14488,23,43,125,95,2024-10-06,In Stock
7176,84,705,285,68,2026-01-01,In Stock
6526,28,984,403,53,2024-03-25,In Stock
14661,19,6,361,93,2026-03-23,In Stock
6388,8,89,483,49,2025-10-31,In Stock
12430,100,528,243,26,2024-05-01,In Stock
5097,3,518,251,41,2026-05-05,In Stock
15466,2,435,260,50,2026-06-10,In Stock
15437,97,338,25,58,2026-02-03,Low Stock
1529,51,396,204,14,2024-08-30,In Stock
16480,20,324,465,87,2024-02-09,In Stock
12636,73,260,187,74,2026-07-22,In Stock
966,12,582,-10,64,2024-06-19,Out of Stock
9141,89,430,61,15,2027-03-19,In Stock
1663,4,581,353,33,2026-01-26,In Stock
456,45,166,255,74,2024-05-09,In Stock
15387,95,770,473,64,2025-07-05,In Stock
7543,31,8,78,46,2026-08-07,In Stock
8863,43,285,252,70,2025-10-17,In Stock
16416,76,89,387,44,2026-07-02,In Stock
11234,64,10410,72,60,2026-01-07,In Stock
7402,74,411,466,95,2025-07-21,In Stock
15686,56,752,220,67,2024-05-19,In Stock
18753,34,142,395,79,2025-01-09,In Stock
17766,45,363,320,86,2026-01-30,In Stock
18209,96,541,83,92,2025-01-29,Low Stock
13442,93,19224,280,20,2025-09-26,In Stock
7113,53,966,460,67,2024-08-16,In Stock
7718,36,884,94,48,2024-01-28,In Stock
16165,53,429,263,36,2024-08-05,In Stock
11343,20,385,124,71,2025-06-16,In Stock
12257,54,178,300,44,2024-08-23,In Stock
18205,85,600,424,73,2026-03-27,In Stock
14308,26,608,456,52,2025-02-23,In Stock
9234,90,216,283,55,2026-06-09,In Stock
7322,5,43,118,81,,In Stock
739,56,422,207,24,2024-03-28,In Stock
7168,73,651,362,66,2025-03-04,In Stock
15581,49,169,83,52,2024-02-07,In Stock
14842,42,611,154,77,2024-10-23,In Stock
3647,92,479,173,51,2025-07-27,In Stock
14797,49,348,166,85,2026-04-30,In Stock
13845,13,992,393,65,2024-07-28,In Stock
9573,78,234,186,39,2025-06-22,In Stock
174,58,194,392,52,2025-08-30,In Stock
11356,55,707,437,90,2024-06-28,In Stock
336,51,246,476,20,2025-03-02,In Stock
5152,65,450,78,15,2025-09-09,In Stock
18332,42,578,27,48,2025-02-28,Low Stock
8804,83,12903,186,12,2026-11-24,In Stock
11007,7,817,313,67,2024-10-11,In Stock
1527,50,120,356,86,2024-01-10,In Stock
400,76,391,481,89,2025-09-07,In Stock
17692,4,913,223,45,2026-08-10,In Stock
5389,48,826,480,23,2026-08-03,In Stock
750,97,693,497,54,2024-06-01,In Stock
612,65,204,102,45,2025-12-29,In Stock
15307,4,33,96,18,2026-01-10,In Stock
15298,42,717,286,98,2025-01-12,In Stock
10912,43,93,153,54,2024-03-18,In Stock
13564,57,343,407,38,2026-01-23,In Stock
7268,87,31,356,52,2024-08-14,In Stock
14893,15,923,274,28,2026-05-02,In Stock
5176,16,875,300,48,2024-11-06,In Stock
3670,85,15,486,18,2024-10-10,In Stock
18308,93,349,153,52,2024-07-27,In Stock
3009,95,991,412,13,2025-02-02,In Stock
3088,20,585,264,88,2025-03-29,In Stock
15123,57,890,315,65,2026-05-19,In Stock
14892,62,504,399,79,2025-12-14,In Stock
19998,34,994,169,100,2024-07-09,In Stock
3188,90,613,284,31,2025-10-14,In Stock
11905,81,943,480,94,2024-04-16,In Stock
2031,91,429,420,28,2025-07-25,In Stock
19184,12,846,425,78,2024-12-27,In Stock
246,69,776,278,75,2025-10-19,In Stock
16815,45,631,123,24,2024-12-01,In Stock
13316,5,616,34,42,2026-07-02,Low Stock
19959,38,654,329,24,2024-03-05,In Stock
349,53,888,47,59,2025-12-24,Low Stock
14177,76,507,327,83,2026-02-12,In Stock
11409,60,908,383,77,2025-08-21,In Stock
16232,3,616,392,93,2025-12-06,In Stock
8356,29,163,134,43,2025-07-11,In Stock
18187,32,18115,378,98,2024-05-15,In Stock
15699,90,931,402,15,2024-03-23,In Stock
3737,10,442,460,23,2024-04-08,In Stock
12734,16,636,147,17,2025-01-28,In Stock
7452,66,24,239,16,2024-11-17,In Stock
19520,74,155,284,18,2025-04-14,In Stock
11465,74,971,429,25,2024-12-25,In Stock
8035,69,652,102,42,2024-07-14,In Stock
19982,76,237,427,72,2026-03-10,In Stock
1563,6,58,492,34,2026-01-20,In Stock
1454,39,218,472,36,2026-01-06,In Stock
12397,1,367,98,83,2024-05-02,In Stock
16363,61,849,283,92,2025-10-17,In Stock
5624,56,180,-1,84,2024-04-16,Out of Stock
18186,54,765,353,41,2025-04-20,In Stock
10509,65,520,369,83,2025-08-12,In Stock
11586,64,833,110,82,2024-07-06,In Stock
2756,62,474,60,39,2026-04-01,In Stock
3213,63,65,23,80,2024-05-23,Low Stock
2695,3,322,357,90,2025-03-16,In Stock
18204,79,119,364,94,2026-04-29,In Stock
7139,72,235,433,78,2025-11-13,In Stock
16131,10,939,323,93,2026-04-07,In Stock
17949,62,135,406,92,2024-06-16,In Stock
7360,44,12,316,55,2025-11-29,In Stock
15931,9,604,290,46,2024-10-29,In Stock
4722,18,904,193,44,2025-02-26,In Stock
17963,31,459,418,34,2024-08-16,In Stock
16177,88,319,416,62,2025-01-30,In Stock
12001,13,114,18,57,2024-09-10,Low Stock
11064,69,152,286,12,2025-12-02,In Stock
5966,27,546,162,49,2024-12-22,In Stock
15738,5,973,378,95,2025-04-27,In Stock
18425,85,645,445,29,2024-01-04,In Stock
63,33,751,362,70,2026-07-18,In Stock
9988,3,528,26,33,,Low Stock
10743,94,637,28,54,2025-08-02,Low Stock
4097,99,508,29,40,2025-05-11,Low Stock
6460,96,311,413,100,2025-08-03,In Stock
2214,11,712,488,84,2024-11-26,In Stock
7753,36,838,84,49,2025-12-27,In Stock
13693,27,75,244,37,2024-10-09,In Stock
3337,54,399,486,10,2025-06-19,In Stock
7528,13,878,156,24,2024-07-03,In Stock
11854,77,388,298,44,2026-05-04,In Stock
2349,85,876,89,20,2026-06-08,In Stock
11416,37,62,293,16,2024-02-15,In Stock
12591,33,134,327,16,2024-04-23,In Stock
11192,81,951,414,40,2025-09-14,In Stock
19422,60,888,358,48,2024-09-12,In Stock
15932,74,206,163,24,,In Stock
12023,5,743,450,30,2024-10-26,In Stock
5147,49,664,453,23,2024-12-12,In Stock
9211,28,329,57,59,2026-04-22,Low Stock
18996,40,296,339,17,2025-07-17,In Stock
16503,61,986,65,69,2024-03-08,Low Stock
14986,84,188,392,14,2024-06-19,In Stock
18691,99,958,341,50,2024-12-04,In Stock
9277,17,539,195,75,2025-08-04,In Stock
8422,72,16072,313,11,2024-05-26,In Stock
16870,95,564,347,56,2025-09-19,In Stock
11998,81,129,33,44,2026-05-21,Low Stock
18868,76,405,183,32,2024-08-20,In Stock
10785,26,905,158,73,2026-04-10,In Stock
19926,39,576,420,61,2025-04-11,In Stock
13633,67,649,38,85,2026-08-08,Low Stock
18709,70,311,106,92,2026-06-06,In Stock
14995,18,95,349,90,2024-10-23,In Stock
2684,33,149,343,79,2026-06-19,In Stock
8583,62,949,73,24,,In Stock
13989,14,367,89,61,2027-06-21,In Stock
13677,3,902,243,79,2024-05-12,In Stock
15552,48,635,365,68,2024-07-05,In Stock
4423,57,881,32,31,2025-09-28,In Stock
18911,38,995,36,79,2026-07-04,Low Stock
2680,36,528,461,93,2025-03-18,In Stock
16624,11,723,362,49,2026-01-24,In Stock
17197,39,4,118,55,2025-02-22,In Stock
16826,72,319,495,84,2024-07-12,In Stock
15177,29,536,500,58,2025-10-18,In Stock
15572,51,82,320,29,2026-04-15,In Stock
16118,100,834,145,49,2024-03-27,In Stock
1522,97,519,423,76,2025-11-09,In Stock
8166,51,21,39,80,2024-04-13,Low Stock
17285,39,477,9,60,2024-11-11,Low Stock
5031,35,6,168,55,2025-09-10,In Stock
13344,64,51,10,20,2026-04-01,Low Stock
16740,55,811,292,10,2026-05-06,In Stock
16034,87,637,174,72,2026-07-16,In Stock
2528,1430,710,336,26,2026-04-29,In Stock
9413,95,584,13,50,2024-03-03,Low Stock
3592,50,862,45,54,2025-02-10,Low Stock
8370,85,284,228,44,2026-01-04,In Stock
9470,31,886,497,87,2026-05-27,In Stock
3906,93,821,483,75,2025-06-15,In Stock
13536,69,14427,259,95,2024-05-06,In Stock
11697,57,887,433,85,2024-03-22,In Stock
1676,56,558,147,26,2025-07-18,In Stock
13601,47,714,218,93,2024-01-30,In Stock
10582,45,855,143,92,,In Stock
18384,1706,16144,284,18,2024-04-10,In Stock
11195,62,633,494,35,2024-05-13,In Stock
17227,74,883,265,27,2024-07-12,In Stock
14143,29,817,333,42,2024-09-29,In Stock
2057,75,987,41,23,2024-07-27,In Stock
16367,79,472,-1,99,2025-01-10,Out of Stock
19396,25,571,290,83,2026-02-15,In Stock
2305,37,109,27,50,2025-08-20,Low Stock
12370,85,959,343,79,2024-08-01,In Stock
4554,98,817,493,54,2025-08-02,In Stock
14243,70,943,7,74,2025-04-25,Low Stock
7732,82,948,408,91,2024-09-21,In Stock
16659,37,12,4,26,2025-02-27,Low Stock
16854,49,57,382,85,2025-04-25,In Stock
19265,72,9,89,55,2024-06-29,In Stock
19839,50,537,431,27,2024-05-18,In Stock
10211,25,613,66,94,2024-02-17,Low Stock
5347,23,910,128,32,2024-11-23,In Stock
9624,80,432,323,66,2025-12-25,In Stock
18856,56,8,166,85,2026-02-28,In Stock
5362,7,417,6,15,2026-04-10,Low Stock
5285,82,480,400,76,2024-09-14,In Stock
15453,88,495,121,35,2025-06-20,In Stock
1897,80,66,427,22,2025-04-29,In Stock
16582,87,758,475,95,2024-01-02,In Stock
9202,19,612,302,66,2025-03-14,In Stock
4430,75,518,163,50,2024-06-11,In Stock
11641,36,143,-100,32,2024-08-18,Out of Stock
10320,64,199,419,63,2025-09-09,In Stock
14470,80,12,21,49,2026-01-10,Low Stock
3775,34,537,173,93,2024-01-16,In Stock
9478,56,714,296,71,2024-02-08,In Stock
3317,99,128,76,76,2024-07-01,Low Stock
217,93,182,480,73,2025-07-31,In Stock
10581,77,859,17,73,2026-01-27,Low Stock
5292,5,117,31,23,2025-07-29,In Stock
10444,48,213,138,47,2025-07-27,In Stock
9513,67,944,342,87,2024-12-19,In Stock
16615,21,702,226,33,2024-12-07,In Stock
19762,66,816,57,45,2024-09-19,In Stock
10563,36,576,284,98,2025-09-17,In Stock
4222,60,891,480,87,2025-07-19,In Stock
15646,56,649,74,88,2025-08-31,Low Stock
12893,5,794,41,52,2024-04-24,Low Stock
4425,36,99,286,45,2026-02-20,In Stock
8836,97,58,193,71,2024-02-26,In Stock
18243,4,921,325,93,2025-09-15,In Stock
14527,54,508,68,79,2026-06-22,Low Stock
1616,69,275,134,86,2025-03-25,In Stock
15005,92,961,225,34,2024-08-04,In Stock
8851,50,7,200,77,2024-11-14,In Stock
3974,77,310,298,82,2024-11-29,In Stock
16338,94,719,324,57,2025-10-31,In Stock
5568,60,81,496,90,2024-12-28,In Stock
7656,89,511,365,42,2025-12-12,In Stock
1599,57,410,242,89,2025-09-12,In Stock
19133,85,149,353,39,2025-05-08,In Stock
16623,83,468,393,41,2026-05-19,In Stock
1804,64,705,292,62,2024-12-15,In Stock
10732,89,722,496,95,2024-02-07,In Stock
18403,37,544,458,95,2026-01-07,In Stock
14041,45,975,317,43,2024-09-19,In Stock
15953,70,213,84,42,2025-05-05,In Stock
12429,63,413,205,48,2024-10-14,In Stock
10382,13,887,348,86,2025-02-15,In Stock
17042,31,270,355,77,2024-01-19,In Stock
19231,51,275,472,39,2024-01-10,In Stock
12277,78,219,28,14,2025-08-28,In Stock
15608,52,418,117,57,2024-05-19,In Stock
1733,58,536,323,90,2026-02-07,In Stock
11216,35,109,77,45,2025-01-02,In Stock
773,57,19797,247,86,2025-01-22,In Stock
8986,37,477,220,57,2025-06-17,In Stock
18131,14,3,223,48,2026-02-22,In Stock
8903,68,955,222,-5,2025-01-31,In Stock
2333,98,924,170,57,2024-07-30,In Stock
17347,53,84,223,41,2024-06-29,In Stock
7883,71,763,275,72,2026-02-28,In Stock
6444,95,6,370,45,2026-07-20,In Stock
395,83,236,38,68,2025-12-10,Low Stock
12112,57,484,257,54,2026-05-01,In Stock
3428,2,775,80,54,2026-03-01,In Stock
14954,27,910,414,86,2024-09-19,In Stock
2596,41,207,204,29,2026-04-20,In Stock
12702,70,320,497,96,2025-05-30,In Stock
4949,21,28,452,71,2024-02-18,In Stock
5126,32,469,472,20,2025-11-02,In Stock
19809,83,658,474,90,2025-03-19,In Stock
7517,83,305,264,71,2024-09-15,In Stock
17582,83,199,383,59,2025-12-07,In Stock
17329,33,875,329,79,2026-04-09,In Stock
13654,77,884,343,95,2026-04-18,In Stock
13062,79,224,438,88,2024-05-22,In Stock
12300,21,497,143,45,2025-02-18,In Stock
15454,72,533,24,24,2025-11-19,Low Stock
5718,38,445,365,12,2024-08-29,In Stock
12187,47,192,307,77,2026-08-09,In Stock
2030,76,299,232,78,2026-06-28,In Stock
16092,8,854,316,91,2025-02-20,In Stock
12681,46,263,337,47,2026-06-09,In Stock
2058,56,319,442,59,2024-07-30,In Stock
7663,29,733,425,60,2025-04-04,In Stock
6988,15,768,448,84,2025-04-09,In Stock
19220,80,684,320,55,2024-03-22,In Stock
14321,99,458,430,39,2026-01-02,In Stock
19996,40,713,329,66,2026-07-19,In Stock
4238,61,873,443,69,2025-07-18,In Stock
18490,97,685,204,63,2027-07-22,In Stock
14081,22,182,169,59,2024-10-21,In Stock
13592,73,769,294,16,2024-05-05,In Stock
4724,6,833,434,22,2024-05-18,In Stock
12620,46,513,201,34,2024-08-13,In Stock
12647,87,741,34,100,2024-11-26,Low Stock
11783,3,6,444,61,2026-02-11,In Stock
14870,91,207,265,25,2025-09-13,In Stock
872,59,616,384,37,2025-09-19,In Stock
2817,31,348,206,90,2025-07-22,In Stock
15206,46,976,3,11,2024-11-03,Low Stock
17709,7,298,184,80,2024-08-27,In Stock
14329,79,389,498,72,,In Stock
15214,58,79,0,97,2026-02-25,Out of Stock
4099,77,384,55,81,2025-05-18,Low Stock
19452,42,482,307,67,2024-05-02,In Stock
19074,45,130,84,13,2026-03-18,In Stock
8117,55,163,410,65,2026-04-01,In Stock
7552,100,844,65,22,2025-03-27,In Stock
10323,25,524,381,15,2024-03-23,In Stock
3299,41,178,5,99,2026-05-19,Low Stock
9125,25,406,384,95,2024-06-25,In Stock
19026,81,612,345,35,2024-11-22,In Stock
2289,63,355,144,30,2025-12-17,In Stock
1944,62,671,315,32,2025-11-04,In Stock
5722,1,54,383,15,2024-09-10,In Stock
1409,39,703,136,94,2025-07-01,In Stock
9585,97,633,83,55,2024-04-23,In Stock
14873,34,799,203,34,2024-04-14,In Stock
10719,78,973,467,94,2025-08-25,In Stock
8872,79,123,394,47,2024-11-23,In Stock
3026,33,64,168,10,2026-03-31,In Stock
4058,76,53,430,86,2025-05-22,In Stock
10908,100,406,499,41,2025-11-25,In Stock
10827,4,901,450,100,2025-01-14,In Stock
892,90,638,-1,43,2026-08-08,Out of Stock
276,26,511,210,14,2024-06-08,In Stock
18509,66,6,170,73,2026-04-10,In Stock
3577,65,321,175,64,2025-12-06,In Stock
17966,36,897,49,36,2025-02-26,In Stock
18567,91,59,395,58,2026-05-08,In Stock
5517,57,207,4,70,2026-04-18,Low Stock
5911,38,189,108,11,2025-07-02,In Stock
3679,39,822,476,0,2024-03-15,In Stock
5682,76,989,98,13,2026-01-25,In Stock
14010,69,685,190,26,2026-05-15,In Stock
11489,38,633,166,56,2024-01-31,In Stock
18995,95,342,445,95,2024-09-18,In Stock
10313,25,303,294,96,2026-04-06,In Stock
16139,70,985,219,13,2026-01-19,In Stock
1400,24,968,328,21,2024-12-10,In Stock
7396,74,337,478,62,2026-05-09,In Stock
21,32,185,35,12,2025-11-15,In Stock
8648,64,533,56,100,2024-06-09,Low Stock
15755,2,776,66,60,2025-11-14,In Stock
14962,18,968,250,31,2026-05-11,In Stock
18075,50,903,78,50,2024-02-07,In Stock
10748,72,428,10,25,2026-08-02,Low Stock
19932,81,246,49,81,2026-02-02,Low Stock
11151,41,667,308,36,2024-12-04,In Stock
1852,57,586,78,83,,Low Stock
11403,70,990,86,58,2025-06-18,In Stock
4140,45,256,188,71,2026-03-27,In Stock
2474,30,551,252,12,2026-02-02,In Stock
17370,25,707,281,42,,In Stock
4593,27,424,5,78,2025-10-20,Low Stock
17946,2,278,26,25,2024-06-25,In Stock
12700,56,291,206,39,2025-05-18,In Stock
10287,2000,653,227,48,2025-06-10,In Stock
1923,93,842,272,99,2025-09-25,In Stock
15975,41,701,297,80,2025-09-11,In Stock
11068,19,107,130,67,2025-05-29,In Stock
18530,57,413,417,61,2024-11-07,In Stock
10171,89,916,217,58,2025-05-29,In Stock
17256,70,18430,432,92,2025-01-24,In Stock
12009,10,920,204,58,2025-05-25,In Stock
1475,78,32,376,71,2024-03-21,In Stock
7162,83,1,166,89,2026-03-24,In Stock
2343,59,377,190,97,2026-02-02,In Stock
4694,77,854,421,76,2024-10-25,In Stock
7093,30,26,89,42,2025-07-07,In Stock
11964,63,182,241,34,2024-09-22,In Stock
9781,35,412,375,35,2025-02-22,In Stock
8238,30,932,457,80,2025-03-10,In Stock
6261,40,546,30,69,2024-09-13,Low Stock
9990,93,43,420,26,2025-02-12,In Stock
10537,55,619,85,64,2025-06-13,In Stock
4590,33,699,118,63,2024-02-01,In Stock
15814,1876,87,332,58,2024-11-08,In Stock
8343,55,456,401,88,2025-08-31,In Stock
6935,29,253,191,29,2024-10-10,In Stock
14692,81,859,485,76,2025-10-08,In Stock
7705,16,1000,308,25,2026-08-14,In Stock
10222,62,323,22,52,2025-05-07,Low Stock
16547,85,887,328,60,2024-09-18,In Stock
14612,23,443,144,30,2025-09-10,In Stock
4131,34,386,464,35,,In Stock
18165,27,923,441,89,2024-08-10,In Stock
18786,55,976,417,96,2025-05-17,In Stock
3221,37,949,39,64,2024-07-20,Low Stock
1218,8,107,367,54,2024-06-07,In Stock
12026,52,63,279,37,2026-03-09,In Stock
19076,6,956,491,88,2024-04-10,In Stock
6828,7,733,330,49,2024-04-19,In Stock
15896,4,174,72,53,2024-12-20,In Stock
6346,2,719,41,20,2025-10-23,In Stock
17695,56,41,353,81,2024-10-18,In Stock
10046,38,566,445,93,2025-11-10,In Stock
2392,34,180,200,34,2025-10-28,In Stock
15465,63,449,161,25,2024-10-06,In Stock
1955,78,963,75,39,,In Stock
6322,71,887,45,45,2025-09-27,Low Stock
6056,21,480,341,18,2024-06-21,In Stock
15603,38,911,344,28,2025-12-03,In Stock
5546,39,444,438,55,2025-04-30,In Stock
1741,84,386,194,70,2024-01-23,In Stock
6054,21,927,200,86,2025-08-05,In Stock
19824,26,15,96,24,2024-05-14,In Stock
11227,49,790,470,90,2026-07-01,In Stock
8837,4,312,356,66,2024-06-17,In Stock
458,5,59,426,92,2025-04-02,In Stock
8464,13,300,356,98,2025-12-14,In Stock
17911,59,573,476,66,2024-03-26,In Stock
5963,96,237,463,63,2026-01-09,In Stock
15166,84,858,418,42,2024-03-31,In Stock
11651,30,551,250,80,2026-02-28,In Stock
1346,58,696,259,89,2024-04-25,In Stock
7269,16,16,62,78,2025-01-04,Low Stock
64,20,131,466,17,2026-02-03,In Stock
19737,4,514,328,48,2024-08-09,In Stock
12229,79,524,126,96,,In Stock
18738,93,249,282,67,2026-05-28,In Stock
18992,1877,303,112,89,2024-09-19,In Stock
16933,71,233,471,65,2025-02-19,In Stock
8138,14,914,385,75,2025-06-13,In Stock
3030,82,870,448,47,2025-12-19,In Stock
12664,71,212,259,69,2025-08-05,In Stock
7054,51,828,313,96,2025-07-18,In Stock
18604,52,444,159,68,2024-07-30,In Stock
12167,41,208,192,40,2025-02-05,In Stock
14405,66,742,387,33,2024-01-07,In Stock
18748,47,339,275,83,2025-12-04,In Stock
13682,35,517,460,72,2024-11-13,In Stock
13939,71,347,115,42,2024-11-13,In Stock
14827,70,774,4,22,2026-01-31,Low Stock
9741,30,228,468,88,2024-06-14,In Stock
1455,87,369,4,21,2026-02-18,Low Stock
16776,30,26,20,64,2024-01-03,Low Stock
18570,4,359,263,76,2026-01-05,In Stock
3452,74,350,331,78,2025-04-12,In Stock
16751,14,22,417,45,2025-05-31,In Stock
19573,66,561,171,32,2025-07-03,In Stock
15242,96,759,415,77,2025-02-05,In Stock
1818,86,115,452,37,2024-01-01,In Stock
19033,1884,658,394,22,2025-03-20,In Stock
13949,41,611,214,-20,2026-07-27,In Stock
62,38,616,424,92,2024-09-19,In Stock
10576,60,887,395,39,2026-05-31,In Stock
15340,70,159,423,21,2026-03-01,In Stock
5313,4,772,97,73,2025-07-31,In Stock
3099,86,457,259,13,2025-11-06,In Stock
8154,24,877,367,58,2024-04-09,In Stock
10361,25,925,237,38,2027-08-10,In Stock
14951,75,204,134,57,2024-06-16,In Stock
9906,83,244,197,91,2024-10-04,In Stock
9017,39,386,495,66,2024-03-16,In Stock
5165,41,601,467,28,2024-11-17,In Stock
8374,43,257,347,45,2024-08-31,In Stock
15333,89,484,165,63,2025-09-26,In Stock
9453,93,455,346,12,2025-09-29,In Stock
6823,81,802,155,25,2026-06-18,In Stock
634,5,125,287,24,2025-01-02,In Stock
6708,96,671,397,89,2026-01-23,In Stock
1924,78,567,365,91,2024-12-05,In Stock
18000,39,927,74,89,2024-05-12,Low Stock
17715,90,767,287,76,2026-01-09,In Stock
3461,5,543,86,29,2024-05-09,In Stock
14745,76,314,219,10,2025-02-09,In Stock
3133,43,632,461,27,2026-07-13,In Stock
19039,51,448,367,95,2025-03-11,In Stock
11509,12,195,376,93,2026-04-27,In Stock
17877,32,415,325,63,2026-01-18,In Stock
13843,93,587,308,48,2025-09-23,In Stock
16694,72,306,470,48,2024-03-10,In Stock
8609,82,604,227,63,2024-05-11,In Stock
13856,64,46,452,32,2025-06-18,In Stock
3148,76,315,477,10,2024-09-10,In Stock
18742,55,949,445,38,2025-07-07,In Stock
4715,41,19398,54,84,2026-08-06,Low Stock
16285,91,628,445,31,2025-04-16,In Stock
5002,64,544,147,91,2025-10-21,In Stock
10886,96,607,-100,71,2024-02-22,Out of Stock
6805,88,575,68,46,2025-07-29,In Stock
11012,63,745,489,45,2025-11-01,In Stock
16360,24,961,266,15,2025-08-14,In Stock
3438,19,917,426,62,2025-08-15,In Stock
15004,3,654,194,51,2025-08-03,In Stock
18477,35,698,414,97,2024-06-09,In Stock
4966,31,168,223,67,2024-02-07,In Stock
19343,84,269,457,22,2024-12-03,In Stock
8666,58,911,109,19,2024-08-01,In Stock
13689,15,108,255,24,2025-08-18,In Stock
17789,53,711,468,27,2024-10-01,In Stock
7650,19,215,426,13,2024-03-21,In Stock
18438,1675,782,93,75,2025-07-25,In Stock
4170,7,845,354,59,2025-10-05,In Stock
10870,47,550,195,52,2024-09-18,In Stock
408,93,712,189,62,2025-06-06,In Stock
19634,47,610,365,98,2026-01-21,In Stock
8342,62,813,305,49,2026-05-22,In Stock
14545,81,481,398,59,2025-03-29,In Stock
4123,61,594,387,47,2024-04-25,In Stock
1624,5,696,170,37,2025-05-16,In Stock
1596,17,47,43,22,2024-12-25,In Stock
9223,61,946,206,63,2024-08-12,In Stock
15745,43,203,266,84,2024-08-16,In Stock
6357,46,726,211,55,2025-12-14,In Stock
171,66,862,269,66,2025-07-30,In Stock
4905,6,456,2,71,2025-06-11,Low Stock
2883,37,455,344,40,2025-02-27,In Stock
3206,81,98,306,12,2024-06-28,In Stock
18491,33,804,44,71,2026-07-29,Low Stock
17278,40,784,124,88,2024-09-06,In Stock
13373,93,87,448,54,2024-12-10,In Stock
12358,79,481,406,-20,2025-06-20,In Stock
12295,57,733,300,71,2025-11-27,In Stock
14669,40,573,298,43,2024-08-16,In Stock
5406,75,818,68,84,2026-06-01,Low Stock
10441,25,30,121,66,2026-06-24,In Stock
16270,36,866,338,59,2024-12-03,In Stock
15970,1008,417,224,76,2025-05-09,In Stock
1386,96,917,443,62,2024-07-14,In Stock
8057,13,539,90,96,2024-06-11,Low Stock
1296,66,665,248,100,2025-10-28,In Stock
684,79,694,-10,66,2026-06-19,Out of Stock
18132,69,427,213,40,2024-05-17,In Stock
17713,40,783,337,92,2024-11-16,In Stock
10864,36,286,82,59,2026-10-14,In Stock
16507,98,26,82,92,2025-12-26,Low Stock
16039,23,272,152,78,2025-10-06,In Stock
14074,37,89,297,84,2026-01-21,In Stock
14235,40,713,66,79,2024-09-01,Low Stock
10245,29,651,96,24,2027-04-06,In Stock
7361,73,810,-100,89,2026-05-26,Out of Stock
680,37,629,98,34,2025-06-25,In Stock
10807,61,635,490,54,2024-10-06,In Stock
1498,55,693,85,59,2026-06-14,In Stock
8478,61,987,153,82,2025-12-15,In Stock
801,60,930,459,21,2024-09-07,In Stock
15497,62,592,87,21,2025-02-05,In Stock
748,92,384,53,39,2025-09-06,In Stock
19945,80,273,247,77,2025-12-29,In Stock
4030,7,236,298,84,2025-12-26,In Stock
5982,22,249,95,20,2026-06-15,In Stock
10109,49,101,232,82,2024-02-13,In Stock
17403,10,999,128,41,2024-03-21,In Stock
2207,15,577,315,42,2025-02-25,In Stock
3057,49,103,399,52,2024-08-01,In Stock
13698,96,820,129,82,2026-05-22,In Stock
15243,30,902,272,34,2026-01-22,In Stock
591,26,412,215,80,2025-11-14,In Stock
15844,10,923,66,29,2026-08-30,In Stock
7509,93,950,28,93,2024-10-17,Low Stock
9244,10,218,334,32,2025-06-14,In Stock
9516,26,934,1,78,2025-09-30,Low Stock
3690,100,670,142,73,2025-04-30,In Stock
16533,21,195,229,57,2024-05-15,In Stock
1492,93,256,191,54,2024-09-02,In Stock
7975,95,648,354,47,2025-09-29,In Stock
12461,42,650,242,41,2024-09-29,In Stock
8716,5,766,198,68,2026-01-05,In Stock
517,74,50,477,21,2024-05-20,In Stock
9983,44,505,171,17,2024-06-11,In Stock
1406,65,361,36,85,2026-04-14,Low Stock
7090,85,529,332,80,2024-10-01,In Stock
5266,39,580,491,64,2025-04-03,In Stock
12614,88,171,213,33,2025-10-23,In Stock
963,88,696,10,49,2024-10-08,Low Stock
3137,67,348,356,18,2025-06-27,In Stock
11983,84,560,494,64,2024-04-12,In Stock
8668,1135,220,302,65,2025-03-18,In Stock
8704,59,13489,6,71,2025-06-10,Low Stock
10467,69,687,200,81,2026-05-30,In Stock
14276,77,647,233,63,2025-10-29,In Stock
2301,61,713,8,-5,2025-03-30,In Stock
14031,83,891,-10,51,2024-05-22,Out of Stock
3287,77,232,381,80,2024-09-12,In Stock
7829,18,895,264,53,2024-02-05,In Stock
17028,4,334,405,86,,In Stock
9876,97,600,254,56,2026-02-20,In Stock
5842,13,440,13,58,2025-02-17,Low Stock
7722,22,219,-100,34,2025-03-15,Out of Stock
5804,49,386,443,23,2026-04-25,In Stock
7793,77,431,269,81,2024-06-07,In Stock
6519,10,160,91,88,2024-11-25,In Stock
18539,64,930,13,98,2026-04-26,Low Stock
1504,55,604,419,26,2024-06-15,In Stock
1188,14,577,231,42,2024-02-17,In Stock
17384,93,326,230,27,2026-03-31,In Stock
4317,52,752,58,47,2024-03-28,In Stock
12587,13,132,340,81,2025-05-27,In Stock
13905,89,386,365,85,2025-01-05,In Stock
11542,41,687,487,38,2026-01-01,In Stock
777,83,202,252,11,2026-07-28,In Stock
12546,20,60,384,82,2025-07-06,In Stock
4686,67,291,402,65,2024-09-20,In Stock
7815,79,193,266,33,2027-01-07,In Stock
4683,9,944,204,96,2025-06-25,In Stock
11224,24,30,87,61,2026-02-16,In Stock
3361,1257,320,135,92,2024-08-06,In Stock
2992,81,581,120,91,2024-12-15,In Stock
15253,77,227,216,83,2024-07-29,In Stock
7203,53,974,494,41,2024-09-07,In Stock
4765,86,282,280,92,2026-06-16,In Stock
18158,84,553,313,29,2024-05-19,In Stock
19267,2,539,227,0,2024-05-13,In Stock
3326,86,84,499,10,2024-12-04,In Stock
12807,96,719,471,28,2025-11-15,In Stock
9704,15,62,464,59,2025-12-21,In Stock
19983,86,455,117,85,2024-10-30,In Stock
18190,44,256,334,29,2024-05-30,In Stock
825,95,847,107,20,2026-06-15,In Stock
15077,32,973,476,36,2025-09-05,In Stock
19718,54,500,437,48,2024-03-29,In Stock
16650,28,226,451,69,2024-09-08,In Stock
11975,91,145,210,12,,In Stock
18893,1229,442,361,13,2024-06-04,In Stock
1613,15,809,393,10,2024-01-17,In Stock
4956,80,407,334,65,2024-05-31,In Stock
18059,23,936,-100,82,2024-07-11,Out of Stock
15001,56,473,207,59,2025-01-31,In Stock
6134,66,704,294,37,2026-02-21,In Stock
6235,34,103,364,71,2025-04-30,In Stock
12916,66,732,277,82,2025-10-23,In Stock
9712,60,141,301,96,2025-03-15,In Stock
15625,3,844,451,56,,In Stock
1452,91,911,42,84,2025-12-06,Low Stock
16374,61,846,488,44,2025-06-28,In Stock
1514,12,14722,350,46,2025-09-26,In Stock
2676,56,410,192,48,2025-06-25,In Stock
8350,20,17,281,-5,2026-06-06,In Stock
19242,69,228,204,82,2026-04-02,In Stock
6609,91,326,278,77,,In Stock
14895,13,373,199,41,2024-08-17,In Stock
8362,58,313,441,53,2025-07-24,In Stock
19428,72,362,89,88,2026-01-13,In Stock
8280,77,412,463,60,2025-08-04,In Stock
17221,84,943,470,96,2024-03-19,In Stock
14763,22,682,345,78,2026-03-21,In Stock
11059,75,85,408,100,2024-01-15,In Stock
14461,34,576,444,14,2024-08-14,In Stock
1745,34,621,120,56,2025-09-04,In Stock
16724,20,144,225,31,2026-06-11,In Stock
4863,92,739,74,74,2024-11-27,Low Stock
7216,36,627,215,30,2024-10-06,In Stock
12816,59,360,133,95,2024-04-14,In Stock
1823,86,334,496,84,2024-03-02,In Stock
812,38,581,306,13,2024-07-26,In Stock
869,36,704,41,23,2026-01-27,In Stock
17828,75,200,257,65,2026-07-04,In Stock
8919,12,149,-1,39,2024-02-11,Out of Stock
7745,8,52,163,53,2026-04-16,In Stock
5934,76,554,163,78,2026-07-16,In Stock
14512,46,549,66,68,2024-09-28,Low Stock
19878,76,582,464,13,2024-02-19,In Stock
13763,22,921,287,70,2025-04-15,In Stock
7022,7,235,155,90,2025-11-04,In Stock
8914,72,713,27,19,2025-04-08,In Stock
3281,58,553,128,15,2025-11-25,In Stock
19362,98,615,258,82,2025-05-12,In Stock
12107,54,910,456,36,2025-06-13,In Stock
11687,10,514,217,88,2024-12-23,In Stock
13009,20,367,499,57,2025-08-20,In Stock
937,59,928,0,49,2024-12-01,Out of Stock
14273,81,770,69,44,2025-08-09,In Stock
14754,51,327,62,26,2024-10-23,In Stock
8749,21,707,481,51,2024-06-01,In Stock
3526,50,2,269,35,2026-02-24,In Stock
5415,1045,675,335,17,2025-07-11,In Stock
10355,50,858,356,32,2024-10-24,In Stock
15548,77,441,252,39,2026-07-22,In Stock
19769,82,589,159,56,2025-05-05,In Stock
19115,64,10463,119,37,2024-03-07,In Stock
12712,99,401,319,17,2026-04-29,In Stock
3525,64,282,133,19,2026-06-22,In Stock
19266,58,927,286,46,2024-02-12,In Stock
8817,86,357,263,49,2024-01-06,In Stock
11520,29,813,82,33,2025-01-06,In Stock
6150,80,660,302,55,2025-09-23,In Stock
5421,65,322,13,94,2026-02-07,Low Stock
6725,2,403,218,66,2025-11-18,In Stock
16523,28,459,378,25,2026-03-11,In Stock
5080,19,350,116,85,2026-04-06,In Stock
19279,97,866,389,55,2026-05-29,In Stock
2559,57,697,55,65,2024-04-17,Low Stock
4964,70,154,119,77,2024-08-30,In Stock
19525,35,440,206,86,2026-07-20,In Stock
1845,95,400,328,69,2025-08-16,In Stock
8938,97,348,210,32,2024-10-27,In Stock
17609,9,912,249,91,2024-01-02,In Stock
10580,75,650,198,97,2024-04-15,In Stock
13266,21,830,319,71,2024-05-01,In Stock
8814,17,453,279,82,2024-11-05,In Stock
19901,60,237,275,48,2026-03-05,In Stock
10866,81,90,79,49,2024-09-11,In Stock
4534,3,801,416,58,2026-02-01,In Stock
15427,83,598,190,62,2025-09-02,In Stock
16103,61,618,367,93,2025-11-09,In Stock
4045,74,45,281,88,2025-05-12,In Stock
13232,35,515,414,41,2024-04-21,In Stock
16467,67,238,6,52,2025-07-17,Low Stock
17993,15,245,146,35,2026-05-06,In Stock
7320,81,790,262,54,2025-11-01,In Stock
17065,1,243,322,72,2024-02-01,In Stock
5295,80,748,61,86,2024-01-30,Low Stock
4474,64,707,169,29,2026-06-17,In Stock
3373,57,31,331,63,2024-07-14,In Stock
9882,37,488,369,70,2025-11-27,In Stock
6409,24,454,414,78,2026-07-31,In Stock
10533,71,538,121,40,2024-08-31,In Stock
3635,100,767,82,26,2024-11-22,In Stock
8118,10,343,192,91,2025-06-11,In Stock
14131,87,665,-1,40,2025-06-03,Out of Stock
7557,88,988,21,95,2025-05-27,Low Stock
1744,50,974,378,39,2026-02-17,In Stock
19102,100,267,426,12,2024-06-03,In Stock
5350,44,726,258,92,2024-01-08,In Stock
14444,80,198,9,45,2024-05-05,Low Stock
18685,53,308,111,85,2025-10-21,In Stock
2017,65,958,30,46,2025-06-15,Low Stock
3518,80,164,376,88,2026-01-20,In Stock
1605,64,867,374,95,2025-11-16,In Stock
18939,4,81,385,84,2024-01-02,In Stock
16537,88,786,104,46,2026-04-10,In Stock
14245,8,628,316,37,2025-04-28,In Stock
9615,20,239,107,99,2026-02-03,In Stock
14447,99,137,439,74,2025-06-25,In Stock
15507,11,613,350,77,2025-04-20,In Stock
4605,50,142,401,51,2024-06-19,In Stock
3397,88,388,101,56,,In Stock
6148,40,434,131,81,,In Stock
7469,77,236,399,36,2026-04-16,In Stock
15289,79,996,84,45,2025-12-10,In Stock
30,66,35,68,19,2024-11-18,In Stock
521,53,283,104,83,2024-04-23,In Stock
6129,59,473,90,44,2025-06-28,In Stock
18198,31,704,183,39,2025-02-14,In Stock
15291,50,680,414,66,2024-09-23,In Stock
15656,72,18442,110,51,2025-06-14,In Stock
132,38,775,353,93,2024-08-22,In Stock
448,56,897,389,16,2024-06-12,In Stock
4644,48,186,192,50,2025-12-31,In Stock
5525,37,890,266,52,2026-08-02,In Stock
9326,87,688,-1,47,2026-03-28,Out of Stock
3818,52,253,192,54,2025-01-06,In Stock
16356,52,769,170,60,2025-09-09,In Stock
13472,6,40,136,51,2025-08-16,In Stock
18051,58,648,434,76,2025-06-21,In Stock
17079,96,723,329,23,2026-02-07,In Stock
4827,32,349,-10,56,2025-07-06,Out of Stock
9510,61,381,181,47,2024-02-12,In Stock
6175,80,83,307,80,2026-07-06,In Stock
5529,69,1000,186,65,2025-11-15,In Stock
13644,38,752,247,86,2024-10-29,In Stock
9761,25,295,266,10,2024-07-12,In Stock
8376,91,492,324,69,2026-06-23,In Stock
1980,35,798,278,40,2025-10-01,In Stock
9246,76,490,299,74,2025-04-12,In Stock
18974,23,877,133,11,2025-06-01,In Stock
8627,75,952,354,50,2025-10-03,In Stock
14168,26,270,327,74,2024-02-28,In Stock
3003,21,17451,217,29,2024-04-02,In Stock
13460,37,818,26,12,2025-07-12,In Stock
8504,100,501,265,27,2024-06-27,In Stock
13359,79,830,345,66,2026-02-12,In Stock
16928,29,376,27,27,2025-11-20,Low Stock
19399,94,924,222,79,2026-04-17,In Stock
3598,88,682,283,78,2024-01-19,In Stock
6325,38,333,231,44,2025-07-06,In Stock
15503,11,648,252,36,2026-05-25,In Stock
2202,56,84,102,75,,In Stock
13720,47,258,109,14,2025-01-20,In Stock
7785,15,740,377,97,2026-05-30,In Stock
1580,55,674,63,65,2024-01-14,Low Stock
4399,5,326,237,22,2024-10-29,In Stock
9977,98,706,402,23,2024-08-31,In Stock
17442,76,296,281,87,2024-06-11,In Stock
2327,8,796,30,41,2026-07-28,Low Stock
16918,22,863,1,97,2026-03-26,Low Stock
17014,90,247,280,44,2026-07-06,In Stock
14305,8,962,137,97,2025-04-20,In Stock
9261,21,118,135,72,2025-11-26,In Stock
11859,15,296,58,59,2024-10-21,Low Stock
11541,48,792,441,28,2025-03-07,In Stock
9439,4,659,333,17,2026-02-15,In Stock
11569,92,979,18,79,2025-09-08,Low Stock
9092,42,856,270,47,2026-03-24,In Stock
7542,16,765,214,70,2026-07-02,In Stock
764,6,776,317,50,2025-12-31,In Stock
13481,14,728,261,49,2025-11-05,In Stock
5925,100,239,40,30,,In Stock
18058,65,624,452,26,2025-10-17,In Stock
19997,95,387,130,95,2024-05-09,In Stock
10591,43,510,353,40,2026-03-10,In Stock
6865,73,575,215,96,2024-06-13,In Stock
7734,36,537,464,76,2025-10-07,In Stock
5067,38,469,324,41,2025-05-08,In Stock
6841,98,519,246,37,2026-02-03,In Stock
16529,52,894,461,40,2025-12-09,In Stock
7595,67,971,263,61,2025-07-22,In Stock
8795,46,895,431,23,2024-12-07,In Stock
14811,46,507,430,31,2024-02-26,In Stock
2770,54,636,40,29,2025-06-25,In Stock
389,79,260,243,78,2024-06-27,In Stock
1954,27,528,238,24,2024-11-26,In Stock
16576,81,151,70,80,2026-07-10,Low Stock
12706,60,815,342,89,2025-09-04,In Stock
12903,40,715,261,99,2024-07-09,In Stock
17656,8,884,188,69,2025-06-05,In Stock
17806,69,54,234,62,2024-05-23,In Stock
14495,19,412,127,91,2026-01-25,In Stock
316,91,144,449,91,2024-09-05,In Stock
2005,60,579,418,32,2024-03-01,In Stock
8049,80,645,151,66,2025-06-25,In Stock
414,31,861,439,45,2026-01-16,In Stock
7946,41,594,80,29,2024-01-21,In Stock
7473,71,983,205,44,2026-01-17,In Stock
19109,1963,976,285,79,2025-12-29,In Stock
18852,85,336,45,62,2026-01-29,Low Stock
6626,99,371,16,92,2025-04-10,Low Stock
6087,79,853,269,71,2025-05-16,In Stock
3384,91,250,439,89,2024-07-26,In Stock
7301,27,344,243,63,2024-02-27,In Stock
14778,56,20,359,78,2025-01-25,In Stock
19123,69,621,329,32,2024-08-06,In Stock
13390,23,47,259,26,2025-12-14,In Stock
606,44,960,176,37,2024-11-05,In Stock
16,12,729,121,53,2026-04-21,In Stock
10367,24,474,220,49,2024-11-03,In Stock
18503,65,496,408,11,2025-08-22,In Stock
6413,10,334,120,80,2025-05-26,In Stock
12089,67,53,256,87,2026-08-05,In Stock
12222,68,332,424,82,2024-05-04,In Stock
16180,98,906,241,49,2026-02-27,In Stock
5767,68,500,356,94,2025-06-22,In Stock
3050,12,208,217,27,2024-05-09,In Stock
7729,49,826,88,47,2025-02-19,In Stock
3953,28,231,249,51,2024-03-05,In Stock
5140,40,38,161,81,2024-01-02,In Stock
310,70,841,358,85,2024-04-04,In Stock
5465,13,566,320,63,,In Stock
1484,51,61,29,58,2025-03-23,Low Stock
1254,87,11414,89,98,2024-09-21,Low Stock
16176,72,290,422,90,2024-07-03,In Stock
10633,48,11226,139,66,2024-03-31,In Stock
5988,8,912,325,95,2025-03-21,In Stock
6037,34,567,89,34,2024-03-26,In Stock
1150,17,547,49,-20,2026-04-29,In Stock
8497,95,634,64,17,2024-04-24,In Stock
2518,28,485,494,74,2026-05-19,In Stock
14015,89,134,379,25,2026-02-13,In Stock
9855,63,375,388,15,2025-03-28,In Stock
15573,77,527,201,55,2026-07-09,In Stock
2129,84,679,67,41,2025-02-09,In Stock
703,38,954,252,12,,In Stock
1948,85,369,62,54,2024-09-13,In Stock
4867,45,976,349,81,2025-07-17,In Stock
3675,74,519,323,34,2024-03-16,In Stock
3843,12,314,82,70,2024-11-13,In Stock
6570,95,262,324,25,2024-10-11,In Stock
18904,72,3,335,41,2024-11-22,In Stock
17782,6,842,440,48,2025-07-17,In Stock
10227,11,574,429,80,2025-10-15,In Stock
1112,85,94,31,69,2025-04-23,Low Stock
10944,17,324,367,92,2025-10-02,In Stock
1905,7,741,429,23,2025-08-17,In Stock
11025,53,411,118,15,2024-10-20,In Stock
638,38,286,19,19,2024-05-11,Low Stock
249,6,587,34,24,2024-06-26,In Stock
2407,99,88,405,92,2025-09-26,In Stock
1238,9,813,463,67,2025-03-01,In Stock
8165,1993,651,274,73,2024-10-13,In Stock
6747,70,917,391,10,2026-07-27,In Stock
697,31,430,69,50,2025-02-27,In Stock
19271,74,883,373,97,2025-04-28,In Stock
1887,24,797,345,60,2026-09-20,In Stock
17971,50,968,274,47,2026-07-16,In Stock
10728,67,685,299,81,2025-07-06,In Stock
2229,48,935,47,68,2026-06-12,Low Stock
8744,47,883,383,34,2024-09-08,In Stock
8869,80,257,327,22,2026-05-17,In Stock
11840,64,569,298,55,2024-04-21,In Stock
16012,38,476,260,34,2026-06-08,In Stock
5613,10,66,406,23,2025-08-22,In Stock
10232,100,543,215,74,2024-08-08,In Stock
5456,62,449,499,40,2025-11-09,In Stock
7880,62,751,16,14,2024-12-25,In Stock
14549,84,171,79,66,2024-07-04,In Stock
7156,18,28,440,45,2026-05-05,In Stock
71,92,261,340,26,2026-02-23,In Stock
9126,44,934,36,62,2025-12-15,Low Stock
7879,58,695,-100,11,2026-01-01,Out of Stock
18731,67,591,409,11,2024-07-02,In Stock
11425,4,428,452,95,2026-03-09,In Stock
15025,60,646,85,89,2024-10-22,Low Stock
5769,19,911,409,43,,In Stock
1179,73,862,171,94,2026-01-21,In Stock
12232,71,326,104,56,2025-10-25,In Stock
12905,22,440,164,69,2024-04-15,In Stock
18150,8,794,199,57,2024-09-05,In Stock
1892,52,855,293,52,2024-10-10,In Stock
4845,75,775,82,69,2026-06-23,In Stock
13343,30,742,155,76,2024-03-23,In Stock
2011,87,773,354,77,2025-10-15,In Stock
8240,45,395,297,21,2024-12-09,In Stock
15330,63,109,272,70,2024-02-20,In Stock
15609,29,439,417,70,2026-07-25,In Stock
6426,28,35,123,83,2025-08-02,In Stock
17690,17,489,321,69,2024-06-26,In Stock
13794,4,412,438,20,2025-07-12,In Stock
13200,89,499,45,23,2024-03-10,In Stock
5965,40,290,476,39,,In Stock
6248,85,630,134,46,2026-07-08,In Stock
17471,87,340,381,52,2025-01-14,In Stock
2090,3,856,440,89,2024-02-07,In Stock
19669,95,147,240,46,2024-02-19,In Stock
19563,57,436,341,61,2025-04-10,In Stock
3760,67,105,226,-5,2024-02-15,In Stock
4192,94,286,328,78,2024-10-21,In Stock
12027,39,512,430,12,2025-10-13,In Stock
6048,34,51,318,49,2025-04-21,In Stock
18554,28,678,59,70,2026-05-15,Low Stock
2958,92,427,155,34,2026-01-25,In Stock
19286,75,882,47,17,2025-07-24,In Stock
12506,84,77,307,90,2026-06-30,In Stock
434,75,878,193,63,2024-02-13,In Stock
3539,100,256,116,54,2025-06-21,In Stock
1084,58,53,396,94,2025-02-20,In Stock
6908,97,866,193,24,2025-09-26,In Stock
11553,100,117,89,89,2026-06-30,Low Stock
11334,77,389,256,61,2025-12-18,In Stock
8021,94,723,310,84,2024-07-20,In Stock
2854,67,790,176,46,2024-12-11,In Stock
4121,75,117,49,33,2026-03-04,In Stock
9265,39,519,479,44,2025-01-22,In Stock
7079,70,446,212,16,2026-05-13,In Stock
11067,2,524,452,-20,2024-11-12,In Stock
16827,27,130,342,90,2024-08-19,In Stock
945,43,389,423,28,2026-06-25,In Stock
11744,100,466,318,51,2024-02-15,In Stock
12865,3,605,286,28,2026-05-18,In Stock
15412,90,670,29,50,2025-04-02,Low Stock
8786,97,12,355,51,2025-06-19,In Stock
19912,80,745,239,60,,In Stock
10733,69,530,494,15,2025-01-18,In Stock
13796,32,120,240,38,2025-08-09,In Stock
19980,63,402,458,65,2024-03-14,In Stock
1589,8,658,489,32,2025-01-23,In Stock
11011,72,194,381,77,2025-05-30,In Stock
19401,52,442,491,82,2025-07-24,In Stock
3329,96,322,31,23,2025-04-20,In Stock
3639,10,835,195,99,2025-11-24,In Stock
8063,76,69,291,92,2025-03-14,In Stock
12522,77,693,278,100,2025-10-18,In Stock
13039,6,186,380,87,2025-07-07,In Stock
17162,96,120,178,30,2025-03-19,In Stock
368,47,165,173,10,2025-05-03,In Stock
11632,80,651,31,79,2024-02-28,Low Stock
14796,48,617,85,70,2025-11-04,In Stock
16267,8,507,394,45,2026-01-03,In Stock
14409,31,270,292,81,2026-03-28,In Stock
8487,43,202,290,10,2026-02-16,In Stock
1153,49,963,217,78,2026-06-17,In Stock
15695,9,670,-10,49,2025-02-19,Out of Stock
4708,31,623,243,54,2024-05-04,In Stock
13752,18,810,276,63,2026-02-11,In Stock
9397,73,279,353,65,2025-03-09,In Stock
11655,11,523,424,80,2026-04-06,In Stock
4314,56,466,55,86,2026-06-22,Low Stock
6275,1,851,284,21,2025-10-13,In Stock
18779,68,243,73,88,2024-07-01,Low Stock
12797,78,19,458,82,2025-04-22,In Stock
14332,90,908,398,51,2024-05-12,In Stock
17520,81,922,1,63,2025-03-25,Low Stock
2013,12,892,25,27,2027-03-02,Low Stock
2616,97,19960,289,43,2025-10-07,In Stock
6788,17,780,238,40,2026-06-19,In Stock
2475,51,289,109,-20,2026-04-04,In Stock
6766,45,505,38,93,2024-12-04,Low Stock
14677,54,356,194,95,2024-06-15,In Stock
2946,13,152,461,39,2025-08-23,In Stock
15186,83,312,391,33,2025-09-06,In Stock
14059,5,79,469,49,2024-09-26,In Stock
19706,37,366,37,85,2025-05-25,Low Stock
8453,31,823,359,69,2025-01-28,In Stock
15042,97,821,105,24,2025-04-19,In Stock
16568,16,966,142,51,2024-11-25,In Stock
5861,50,191,99,89,2025-11-06,In Stock
185,66,135,39,71,2024-03-13,Low Stock
3712,45,436,306,62,2024-07-23,In Stock
15471,98,31,141,45,2026-06-25,In Stock
14779,81,483,492,82,2025-02-23,In Stock
13361,76,650,249,42,2025-01-21,In Stock
8171,9,923,309,81,2025-05-26,In Stock
12607,63,355,402,17,2024-06-22,In Stock
15510,22,769,304,75,2025-02-02,In Stock
3695,44,992,300,22,2026-03-08,In Stock
10534,39,382,365,95,2026-01-10,In Stock
12297,53,912,178,77,2024-02-20,In Stock
5542,73,13,98,32,2026-07-28,In Stock
19110,61,10,473,49,2026-03-26,In Stock
18760,18,884,416,50,2025-04-25,In Stock
18388,13,243,431,17,2026-07-21,In Stock
12701,48,640,228,51,2025-01-18,In Stock
14578,52,144,254,62,2024-09-16,In Stock
15886,86,972,11,66,2025-05-24,Low Stock
593,24,446,492,85,2024-04-08,In Stock
8311,14,987,236,12,2025-08-27,In Stock
11821,56,112,238,78,,In Stock
6019,2,848,133,39,2024-10-01,In Stock
3666,100,833,400,60,2025-11-08,In Stock
1029,15,996,35,83,2024-09-15,Low Stock
17164,45,929,456,73,2025-12-09,In Stock
11124,45,745,398,35,2025-04-24,In Stock
3926,57,414,39,36,2026-04-12,In Stock
3163,1147,614,12,11,2025-03-13,In Stock
5778,52,351,359,99,2026-03-25,In Stock
820,81,764,484,21,2026-02-24,In Stock
539,70,692,413,45,2026-02-26,In Stock
9179,65,211,227,10,2025-03-15,In Stock
5563,46,556,372,56,2024-06-07,In Stock
11829,46,225,216,43,2026-07-05,In Stock
1361,72,967,447,37,2025-09-11,In Stock
5951,60,486,134,83,2024-12-04,In Stock
8797,41,457,122,46,2024-07-06,In Stock
13109,26,284,373,10,2025-01-04,In Stock
15099,39,235,27,-5,2025-10-27,In Stock
15557,17,758,31,39,2024-07-01,Low Stock
13727,57,593,236,80,2024-01-12,In Stock
4906,89,439,476,26,2024-10-24,In Stock
12407,67,83,153,91,2024-02-20,In Stock
6657,33,785,213,-20,2025-06-06,In Stock
6539,83,609,10,48,2025-06-02,Low Stock
5728,68,856,74,30,2024-06-28,In Stock
16133,89,289,461,51,2025-04-14,In Stock
13857,12,398,317,32,2025-08-03,In Stock
10133,43,982,226,40,2026-04-20,In Stock
10326,33,28,175,86,2025-09-03,In Stock
12462,1,595,251,18,2025-07-17,In Stock
2311,43,515,316,34,2024-04-08,In Stock
529,88,447,163,49,2024-05-15,In Stock
14352,73,53,238,62,2025-01-01,In Stock
3468,92,574,367,14,2024-01-19,In Stock
2370,27,308,425,14,2025-02-01,In Stock
9385,32,948,216,17,2026-07-03,In Stock
3456,12,654,354,100,2024-08-28,In Stock
8887,34,930,141,30,2026-08-08,In Stock
16017,85,39,25,85,2024-02-26,Low Stock
10836,15,56,223,27,2024-12-10,In Stock
17662,44,392,340,43,2026-05-01,In Stock
2632,74,987,373,27,2025-04-12,In Stock
19893,10,683,334,16,2025-08-14,In Stock
13229,90,650,116,70,2025-02-27,In Stock
10622,53,276,468,38,2024-07-19,In Stock
7327,2,187,460,48,2025-04-19,In Stock
10360,92,489,485,75,2024-05-07,In Stock
16571,28,349,242,43,2026-11-06,In Stock
11942,66,997,358,65,2024-03-01,In Stock
4580,32,636,89,29,2026-04-05,In Stock
9232,9,354,-50,41,2024-02-12,Out of Stock
304,73,437,1,30,2025-07-05,Low Stock
4163,60,346,128,24,2024-06-16,In Stock
1766,36,971,310,13,2024-09-04,In Stock
11475,39,731,312,29,2026-07-07,In Stock
7677,28,271,133,69,2026-06-07,In Stock
1963,83,649,121,16,2026-04-30,In Stock
4537,24,643,98,20,2024-11-06,In Stock
15961,79,594,100,59,2026-05-06,In Stock
15899,58,484,471,97,2024-08-08,In Stock
12690,91,728,227,18,2025-10-26,In Stock
17930,40,337,150,44,2025-01-05,In Stock
18457,4,41,443,63,2026-07-23,In Stock
466,24,848,369,34,2026-03-28,In Stock
12643,77,436,387,86,2024-07-19,In Stock
1198,54,62,-50,11,2025-11-20,Out of Stock
18971,24,734,45,59,2025-06-28,Low Stock
18315,69,457,269,16,2024-10-20,In Stock
4210,97,965,236,54,2026-03-07,In Stock
9982,68,968,104,34,2024-05-04,In Stock
12285,21,724,-10,97,2024-10-07,Out of Stock
5124,84,737,99,20,2024-08-15,In Stock
15449,42,827,163,45,2026-01-24,In Stock
8808,30,64,462,74,2025-10-28,In Stock
10552,15,286,11,45,2025-12-22,Low Stock
17193,77,616,322,36,,In Stock
11563,40,472,55,51,2026-03-12,In Stock
17517,1297,512,416,12,2026-05-19,In Stock
9699,14,410,404,61,2024-03-11,In Stock
12956,70,671,473,34,2026-03-01,In Stock
19655,70,820,7,21,2024-11-27,Low Stock
2321,94,878,481,99,2026-03-05,In Stock
11572,41,539,391,78,2025-04-13,In Stock
2020,52,323,6,75,2025-11-29,Low Stock
17150,21,24,48,53,2025-07-18,Low Stock
568,51,283,29,10,2026-07-05,In Stock
13102,10,790,420,55,2024-09-15,In Stock
18421,2,591,499,39,2025-02-17,In Stock
18860,25,608,68,38,2024-07-12,In Stock
4487,45,35,444,27,2025-08-04,In Stock
1946,59,746,441,19,2024-04-06,In Stock
15200,80,953,123,34,2024-02-04,In Stock
7488,19,168,155,48,2026-03-07,In Stock
19544,32,424,286,23,2024-09-18,In Stock
17167,33,6,212,44,2026-02-17,In Stock
15485,12,121,245,83,2025-10-03,In Stock
2571,59,467,460,93,2024-06-26,In Stock
16332,55,791,83,93,,Low Stock
10843,27,948,97,70,2025-04-02,In Stock
6264,40,833,243,91,2025-04-19,In Stock
11793,43,231,168,95,2026-03-14,In Stock
19228,91,830,197,52,2024-09-25,In Stock
10150,18,925,426,74,2025-01-12,In Stock
13001,89,984,332,73,2024-07-20,In Stock
18086,33,573,435,29,2025-08-22,In Stock
7763,69,818,370,91,2024-10-22,In Stock
3284,29,331,25,69,2025-02-17,Low Stock
19035,26,214,175,29,2025-03-15,In Stock
1139,49,447,74,55,2024-05-17,In Stock
19949,74,43,61,29,2024-05-06,In Stock
13413,70,495,234,90,2024-04-22,In Stock
13372,23,323,455,66,2026-02-03,In Stock
7804,87,604,211,58,2024-03-31,In Stock
7515,84,438,415,92,2025-06-01,In Stock
12205,12,588,120,51,2026-02-21,In Stock
9738,41,27,196,54,2025-09-06,In Stock
159,90,600,252,50,2024-06-30,In Stock
9192,41,887,286,56,2025-10-16,In Stock
19953,46,452,451,100,2025-02-05,In Stock
2061,95,849,184,93,2025-06-11,In Stock
882,93,231,380,59,2024-09-29,In Stock
17513,37,93,331,81,2025-12-03,In Stock
15316,53,39,137,10,2026-05-09,In Stock
4960,39,994,452,43,2024-01-13,In Stock
7051,23,632,251,86,2026-07-18,In Stock
15484,77,505,161,22,2025-12-30,In Stock
18387,27,757,53,93,2025-04-11,Low Stock
6763,62,595,142,80,2025-03-22,In Stock
16197,44,742,53,58,2024-04-08,Low Stock
13439,27,248,460,78,2025-03-10,In Stock
4803,55,488,163,69,2024-11-01,In Stock
12191,24,663,10,28,2026-02-17,Low Stock
6300,5,231,359,45,2027-07-20,In Stock
12073,67,253,202,94,2025-03-30,In Stock
12951,72,941,461,47,2024-08-05,In Stock
6506,53,189,500,68,2027-07-14,In Stock
13780,99,486,240,45,2025-09-27,In Stock
8488,16,453,118,49,2024-08-20,In Stock
7750,22,441,174,86,2024-09-23,In Stock
2059,93,849,488,100,2025-11-24,In Stock
16566,30,355,238,12,2025-09-23,In Stock
14491,76,476,216,59,2025-01-05,In Stock
17004,80,846,320,89,2024-09-24,In Stock
7076,28,350,330,100,2026-04-09,In Stock
15735,68,836,307,56,2024-09-30,In Stock
6340,24,207,-1,97,2025-03-25,Out of Stock
15534,91,204,260,58,2025-06-22,In Stock
5822,3,124,497,28,2025-05-04,In Stock
4717,67,912,410,33,2024-01-09,In Stock
2216,77,838,202,99,2024-02-07,In Stock
6995,92,581,307,38,2024-07-26,In Stock
1483,89,64,287,-20,2025-11-01,In Stock
15517,49,56,261,70,2025-02-02,In Stock
13024,37,787,37,43,2024-10-04,Low Stock
6633,67,584,408,51,2025-08-15,In Stock
8301,58,89,187,100,2026-06-16,In Stock
5445,52,384,388,38,,In Stock
12795,12,482,-50,93,2024-10-03,Out of Stock
15873,2,181,8,18,2025-01-25,Low Stock
19023,10,993,168,53,2025-03-01,In Stock
2549,5,417,14,73,2024-05-22,Low Stock
643,28,281,195,81,2025-10-02,In Stock
15785,50,59,443,43,2024-08-22,In Stock
10173,95,866,354,58,2025-04-13,In Stock
3470,52,718,170,73,2025-06-11,In Stock
9199,55,252,194,36,2026-06-22,In Stock
15278,39,666,384,52,2025-06-09,In Stock
16161,90,434,426,61,2025-06-11,In Stock
4065,7,562,478,92,,In Stock
4782,48,707,45,21,,In Stock
1859,74,99,83,-20,2025-12-31,In Stock
16075,87,608,343,11,2025-06-18,In Stock
6580,92,790,310,45,2025-01-29,In Stock
13836,22,325,227,96,2025-07-28,In Stock
17099,88,486,244,73,2025-04-30,In Stock
3356,53,48,315,55,2024-09-02,In Stock
522,62,145,143,67,2027-04-01,In Stock
7860,28,518,284,68,2027-02-20,In Stock
4031,86,766,416,53,2025-03-30,In Stock
17800,1869,370,482,10,2024-08-21,In Stock
3976,83,308,206,32,2025-06-11,In Stock
17480,87,957,132,63,2025-03-20,In Stock
9657,56,727,354,81,2025-06-19,In Stock
9959,78,955,183,71,2024-02-25,In Stock
19367,98,891,309,67,2026-05-23,In Stock
18947,10,407,131,77,,In Stock
14881,37,471,429,43,2024-09-25,In Stock
873,75,451,285,10,2026-03-26,In Stock
16549,45,323,7,-20,2026-01-22,In Stock
16893,50,928,112,70,2026-06-23,In Stock
11083,50,76,293,12,2024-05-05,In Stock
4232,8,158,104,65,2024-02-10,In Stock
12833,93,364,393,94,2026-04-15,In Stock
307,72,335,4,80,2025-02-21,Low Stock
8830,68,706,423,55,2026-01-05,In Stock
10994,56,794,442,75,2024-05-05,In Stock
11514,39,753,73,52,2025-09-13,In Stock
9743,58,502,105,10,,In Stock
5182,3,586,84,79,2024-02-16,In Stock
14205,55,787,434,90,2024-06-13,In Stock
11978,36,942,161,18,2026-05-19,In Stock
1925,68,377,214,89,2026-04-24,In Stock
15059,67,468,458,77,2024-01-29,In Stock
19286,75,882,47,17,2025-07-24,In Stock
10145,55,554,7,61,2024-05-19,Low Stock
6209,10,498,219,70,2024-02-28,In Stock
19754,10,603,426,92,2024-04-05,In Stock
5162,27,220,332,93,2026-04-13,In Stock
9251,87,770,222,85,2026-04-20,In Stock
13446,22,701,419,35,2025-09-23,In Stock
18817,86,965,54,42,,In Stock
4302,89,908,16,0,2025-04-23,In Stock
10155,45,632,375,52,2024-11-16,In Stock
5937,80,131,462,45,2026-01-31,In Stock
261,37,342,142,36,2026-07-30,In Stock
14007,60,407,102,67,2026-05-05,In Stock
19397,74,963,246,0,2026-05-13,In Stock
1092,36,599,283,51,2025-02-23,In Stock
12891,36,491,448,37,2024-12-10,In Stock
6932,66,17905,187,38,2026-03-15,In Stock
4650,22,20,369,81,2024-12-21,In Stock
16810,91,5,475,63,2025-12-01,In Stock
15668,6,988,325,90,2025-03-25,In Stock
7143,38,521,363,15,2027-03-20,In Stock
14391,6,704,464,75,2025-03-25,In Stock
19270,74,267,287,41,2025-04-26,In Stock
13524,83,823,133,84,2024-04-09,In Stock
533,91,276,191,19,2024-04-09,In Stock
2418,98,796,264,0,2024-09-17,In Stock
14876,96,536,376,40,2025-03-12,In Stock
4677,78,941,355,53,2024-11-02,In Stock
2922,99,713,63,39,,In Stock
16961,2,252,207,29,2025-11-01,In Stock
2250,47,808,333,90,2024-09-22,In Stock
5480,85,924,354,25,2024-03-14,In Stock
9932,97,220,22,55,2024-09-18,Low Stock
8608,43,863,444,67,2024-12-29,In Stock
15538,78,713,424,32,2024-06-17,In Stock
1719,93,832,418,89,2024-06-21,In Stock
17959,58,6,400,72,2024-03-03,In Stock
2460,32,310,267,94,2025-02-18,In Stock
6794,98,774,231,47,2024-02-10,In Stock
13617,24,406,280,61,2024-12-23,In Stock
9505,59,581,344,15,2024-07-30,In Stock
11548,88,956,175,13,2024-07-01,In Stock
3339,91,553,218,100,2024-11-05,In Stock
14978,73,420,46,46,2025-12-20,Low Stock
18506,86,404,300,62,2026-01-21,In Stock
14733,26,527,490,54,2025-11-24,In Stock
12446,1051,970,397,14,2024-07-16,In Stock
6622,1452,871,353,54,2026-07-18,In Stock
10706,95,795,263,-5,2025-12-17,In Stock
14638,68,387,82,79,2024-01-30,In Stock
7471,65,276,135,42,2024-11-08,In Stock
3692,57,742,372,46,2024-08-17,In Stock
5768,27,232,265,88,2025-10-24,In Stock
4396,44,730,454,42,,In Stock
6206,58,76,178,25,2024-06-19,In Stock
2904,98,728,233,56,2026-03-07,In Stock
1840,88,851,-50,42,2026-01-25,Out of Stock
8543,86,225,262,72,2026-05-15,In Stock
18424,88,83,13,12,2024-05-19,In Stock
13935,59,648,111,27,2024-10-24,In Stock
11000,52,376,309,25,2024-05-17,In Stock
6759,64,682,394,10,2024-08-29,In Stock
14614,1,565,76,30,2024-04-25,In Stock
16205,25,296,218,32,2025-10-26,In Stock
9196,95,103,191,91,2026-03-27,In Stock
621,26,937,220,46,2026-05-17,In Stock
1657,43,248,364,70,2024-05-14,In Stock
2629,43,342,360,23,2025-04-02,In Stock
17129,8,697,482,17,2025-10-08,In Stock
18039,67,92,268,82,2024-10-07,In Stock
14706,63,248,481,85,2025-04-07,In Stock
2000,98,455,272,26,2026-04-25,In Stock
8442,61,655,288,15,2024-01-13,In Stock
3882,78,521,162,61,2024-10-18,In Stock
11626,30,342,389,38,2025-09-14,In Stock
4216,79,539,276,66,2025-09-19,In Stock
17144,23,470,325,51,2025-01-19,In Stock
8669,26,734,365,90,2026-02-14,In Stock
7225,94,324,106,94,2026-08-05,In Stock
1724,79,124,416,68,2024-02-20,In Stock
5748,78,537,84,61,2026-06-01,In Stock
6105,6,399,199,34,2024-04-26,In Stock
13434,42,282,60,77,2024-03-23,Low Stock
2408,10,97,1,21,2026-02-28,Low Stock
12129,33,489,321,99,2024-06-07,In Stock
3466,37,530,453,47,2024-04-09,In Stock
13741,69,199,402,34,2025-04-16,In Stock
2731,76,180,454,82,2024-01-08,In Stock
16204,43,465,269,67,2026-01-04,In Stock
18697,23,346,57,81,2025-02-21,Low Stock
444,33,986,138,93,2026-04-17,In Stock
11772,9,794,449,76,2025-04-21,In Stock
15820,58,588,468,86,2026-04-01,In Stock
377,30,589,443,71,2025-03-16,In Stock
826,54,199,56,64,2024-01-22,Low Stock
705,23,839,336,84,2024-07-04,In Stock
10280,67,459,469,93,2024-11-10,In Stock
16208,26,890,489,83,2026-02-24,In Stock
2656,77,28,284,-5,2025-07-20,In Stock
10891,45,574,40,55,2025-12-08,Low Stock
13996,57,603,118,75,2026-03-18,In Stock
16816,55,27,47,65,2026-02-06,Low Stock
3443,57,752,-1,94,2025-05-30,Out of Stock
10386,71,554,462,72,2025-04-26,In Stock
6821,31,684,261,54,2025-09-05,In Stock
10476,82,882,344,91,2025-11-21,In Stock
9086,99,673,180,86,2026-02-03,In Stock
16211,32,89,22,78,2026-04-11,Low Stock
2338,30,940,134,77,2024-09-09,In Stock
4873,63,775,267,36,2026-06-17,In Stock
3067,34,827,322,94,2024-07-16,In Stock
11317,5,633,77,25,2024-07-17,In Stock
17235,50,358,406,66,2025-10-04,In Stock
12345,14,413,134,11,2024-05-04,In Stock
3910,96,281,146,83,2024-03-19,In Stock
15136,3,508,433,72,2024-12-22,In Stock
14522,82,621,458,56,2024-04-09,In Stock
11934,66,172,227,88,2025-09-03,In Stock
704,7,469,259,95,2026-06-08,In Stock
5173,34,546,479,89,2025-02-22,In Stock
1935,49,753,481,81,2026-05-13,In Stock
4695,39,15,429,74,2025-10-19,In Stock
19338,100,422,142,12,2025-01-30,In Stock
5527,21,591,142,45,2025-05-23,In Stock
16063,93,939,156,95,2026-02-13,In Stock
8032,59,461,188,64,2026-03-05,In Stock
2805,83,704,427,30,2024-08-11,In Stock
8273,45,11126,475,23,2025-10-23,In Stock
10691,22,284,369,74,2026-03-18,In Stock
14922,27,188,281,70,2025-12-24,In Stock
12413,77,897,490,64,2026-05-02,In Stock
12898,66,201,27,94,2025-03-06,Low Stock
15584,51,426,169,39,2024-12-26,In Stock
4130,22,17653,126,64,2025-12-06,In Stock
1050,57,798,305,71,2024-06-13,In Stock
10970,7,435,58,38,2024-01-26,In Stock
19004,73,846,458,87,2025-10-11,In Stock
15051,77,988,27,38,2024-03-27,Low Stock
11294,1,550,337,98,2026-04-22,In Stock
13978,7,580,66,53,2026-02-28,In Stock
10425,25,702,330,100,2025-11-11,In Stock
4618,72,173,384,14,2026-02-08,In Stock
9683,10,539,274,31,2026-03-20,In Stock
909,51,104,83,23,2025-01-19,In Stock
14171,11,687,390,73,2024-04-30,In Stock
2294,68,580,252,62,2024-03-10,In Stock
13311,52,52,433,69,2025-04-11,In Stock
7274,79,717,143,10,2027-08-03,In Stock
5652,55,105,40,95,2024-10-03,Low Stock
15905,86,954,351,74,2025-03-18,In Stock
9624,80,432,323,66,2025-12-25,In Stock
4122,6,756,245,55,2024-12-15,In Stock
12521,1,172,397,86,2024-04-04,In Stock
8304,62,679,496,72,2026-08-07,In Stock
18743,37,522,286,38,2024-08-17,In Stock
7230,38,247,243,35,2024-12-26,In Stock
1702,70,383,-50,24,2026-03-05,Out of Stock
5880,87,194,369,52,2024-08-20,In Stock
13271,1,858,91,39,2026-04-01,In Stock
11386,96,747,104,77,2025-04-29,In Stock
18116,69,577,198,26,2024-06-28,In Stock
979,21,935,6,80,2024-07-02,Low Stock
19325,100,180,287,11,2025-10-27,In Stock
14898,91,898,468,73,2024-06-10,In Stock
15303,36,689,239,27,2024-02-07,In Stock
7731,19,552,257,91,2024-03-11,In Stock
7571,93,266,315,29,2026-01-01,In Stock
6195,97,953,479,70,2025-09-25,In Stock
13729,89,446,134,73,2024-10-12,In Stock
14418,40,639,471,45,2024-05-05,In Stock
4961,99,907,415,100,,In Stock
17932,97,232,220,34,2025-10-07,In Stock
19807,51,767,23,48,2025-03-10,Low Stock
4365,98,45,21,82,2025-01-20,Low Stock
18146,95,10,452,36,2024-03-03,In Stock
16135,5,25,129,51,2025-10-27,In Stock
16264,82,88,401,17,2025-11-08,In Stock
17801,29,846,335,33,2024-01-20,In Stock
7700,47,186,199,22,2026-05-26,In Stock
16753,90,989,265,94,2025-01-06,In Stock
14350,41,809,112,80,2024-06-24,In Stock
15501,48,933,341,35,2024-11-30,In Stock
11019,23,762,398,75,2025-04-25,In Stock
12499,52,991,244,99,2025-04-29,In Stock
13814,30,239,33,100,2026-06-29,Low Stock
2417,93,159,319,21,2024-10-06,In Stock
16138,64,929,-1,55,,Out of Stock
1615,54,783,160,49,2026-04-23,In Stock
18525,35,70,65,43,2026-06-29,In Stock
2367,58,683,178,21,2026-02-27,In Stock
8640,24,663,138,63,2025-10-29,In Stock
11680,90,775,251,28,2024-02-04,In Stock
4787,76,565,200,64,2025-08-30,In Stock
3997,62,990,377,-5,2026-08-01,In Stock
7075,80,844,477,96,2025-01-14,In Stock
7541,60,282,101,71,2024-04-21,In Stock
3680,12,438,298,96,2024-09-29,In Stock
17824,55,210,299,93,2025-01-18,In Stock
15277,56,278,245,51,2025-08-13,In Stock
14575,64,22,186,84,2026-01-19,In Stock
8728,31,76,382,49,2025-07-30,In Stock
9367,52,295,248,29,2024-09-06,In Stock
15786,93,686,365,99,2025-10-10,In Stock
18423,27,996,59,99,2024-07-11,Low Stock
15248,57,419,82,74,2025-10-15,In Stock
8409,9,880,170,83,2024-03-18,In Stock
17611,50,543,415,81,2025-01-13,In Stock
4971,75,615,112,21,2024-01-30,In Stock
5532,92,288,389,43,2026-02-11,In Stock
6102,19,260,49,63,2026-06-26,Low Stock
6396,93,498,486,70,2024-08-28,In Stock
15691,41,243,120,81,2025-09-03,In Stock
5609,43,678,268,45,2025-04-20,In Stock
19638,73,268,348,31,2026-06-09,In Stock
8094,6,34,203,27,2025-04-11,In Stock
17459,88,132,211,80,2025-10-30,In Stock
4879,89,215,12,73,2024-08-27,Low Stock
3805,12,307,266,64,2025-10-19,In Stock
16396,11,732,54,50,2027-06-15,In Stock
6487,73,15157,12,79,2024-01-24,Low Stock
13036,48,508,318,97,2025-03-05,In Stock
12873,23,397,130,71,2024-08-06,In Stock
7664,27,551,448,69,2025-03-11,In Stock
19973,17,269,7,64,,Low Stock
8630,83,499,381,93,2025-07-06,In Stock
13073,76,632,365,38,2024-12-12,In Stock
7547,71,889,383,98,2024-09-17,In Stock
17720,93,628,242,90,2026-02-22,In Stock
11082,13,131,486,73,2025-11-19,In Stock
12851,51,304,457,31,2025-06-07,In Stock
11763,79,937,401,37,2026-07-05,In Stock
9708,44,331,114,16,2026-07-04,In Stock
19648,98,931,115,82,2024-05-12,In Stock
9130,81,686,491,87,2025-10-11,In Stock
2341,52,161,186,86,2024-10-11,In Stock
2914,81,36,413,36,2026-06-04,In Stock
7005,38,521,324,96,2025-01-01,In Stock
19143,43,614,276,93,2025-01-21,In Stock
11307,47,145,238,10,2024-08-11,In Stock
7208,53,208,452,16,2026-07-21,In Stock
9225,16,965,239,32,2025-09-08,In Stock
19393,31,500,323,82,2024-11-11,In Stock
2478,4,613,149,39,2025-09-11,In Stock
9827,55,414,82,79,2024-12-14,In Stock
12485,17,400,227,66,2024-10-12,In Stock
17546,87,283,222,52,2025-01-06,In Stock
4559,18,942,398,46,2024-05-07,In Stock
19686,12,317,485,63,2025-01-02,In Stock
7905,3,661,340,73,2026-05-19,In Stock
17974,42,68,452,77,2025-02-13,In Stock
9512,24,419,180,24,2026-08-07,In Stock
18613,91,442,258,46,2024-04-05,In Stock
7040,43,391,203,95,2025-07-29,In Stock
14272,2,636,446,90,2024-05-03,In Stock
6022,19,330,82,82,2025-04-23,Low Stock
1127,64,524,394,98,2024-05-03,In Stock
15652,30,420,230,63,2024-11-09,In Stock
7309,82,755,475,-20,,In Stock
16797,50,118,410,67,2024-01-13,In Stock
6635,23,177,288,77,2025-08-20,In Stock
10385,5,378,200,47,2026-01-30,In Stock
12069,99,461,436,63,2024-12-31,In Stock
18275,30,817,190,31,2025-12-25,In Stock
1670,51,950,90,95,2024-07-27,Low Stock
15308,1,329,241,100,2025-06-29,In Stock
18638,83,640,265,36,2025-01-08,In Stock
8177,92,308,351,36,2025-02-24,In Stock
12082,45,371,223,48,2025-07-19,In Stock
17682,21,365,295,55,2024-08-25,In Stock
17874,90,228,169,73,2025-07-18,In Stock
3899,12,291,211,51,2025-08-14,In Stock
6745,68,537,379,97,2024-05-24,In Stock
7920,1475,72,416,69,2024-03-27,In Stock
6157,78,94,351,80,2025-10-07,In Stock
3313,27,32,13,22,2024-09-30,Low Stock
480,61,456,255,70,2026-06-06,In Stock
1597,7,135,486,85,2024-05-11,In Stock
15440,69,183,203,40,2026-06-28,In Stock
18333,74,809,280,64,2026-01-14,In Stock
8474,1828,359,98,98,2024-10-27,Low Stock
11270,80,3,81,22,2025-08-06,In Stock
17554,24,680,347,29,2024-05-06,In Stock
5716,18,210,-100,19,2025-01-02,Out of Stock
1787,79,905,48,62,2026-05-11,Low Stock
1115,66,658,205,97,2026-05-13,In Stock
7723,15,705,249,66,2025-08-17,In Stock
12214,17,313,8,81,2026-07-23,Low Stock
14753,90,180,214,84,2026-05-16,In Stock
14920,51,993,284,48,2024-01-04,In Stock
8041,65,822,3,75,2025-06-01,Low Stock
14607,49,168,168,25,2025-01-05,In Stock
884,3,715,93,50,2025-07-20,In Stock
544,84,702,125,89,2025-09-13,In Stock
13485,66,120,481,24,2026-01-26,In Stock
13155,25,230,364,76,2024-07-11,In Stock
4920,64,443,34,25,2025-07-10,In Stock
19172,44,463,325,87,2024-02-10,In Stock
19531,84,769,102,28,2025-04-27,In Stock
1978,57,677,290,90,2024-09-17,In Stock
12755,13,23,312,26,2026-07-29,In Stock
4458,69,604,145,47,2026-06-09,In Stock
15835,33,622,253,56,2024-11-27,In Stock
2161,62,86,411,27,2025-02-10,In Stock
7821,8,257,128,55,2024-08-20,In Stock
991,91,444,-10,35,2024-11-12,Out of Stock
15560,15,305,370,69,2025-04-21,In Stock
18956,65,188,127,12,2026-06-23,In Stock
5435,19,697,3,85,2024-08-02,Low Stock
18026,56,440,429,29,,In Stock
16214,13,967,402,68,2024-03-12,In Stock
17518,76,594,382,56,2024-04-14,In Stock
511,31,850,270,78,2024-12-01,In Stock
17314,85,447,406,59,2024-10-23,In Stock
8349,84,44,160,75,2024-02-22,In Stock
8195,22,934,11,29,2025-11-28,Low Stock
840,20,625,148,79,2025-09-10,In Stock
15966,25,661,333,83,2025-03-18,In Stock
17556,95,413,227,46,2025-03-09,In Stock
13064,63,871,113,56,2024-09-30,In Stock
4840,59,275,297,99,2024-06-22,In Stock
4890,94,793,461,77,2025-09-05,In Stock
17575,77,765,-50,95,2024-09-17,Out of Stock
763,97,523,156,79,2024-01-26,In Stock
19356,31,25,446,63,2024-12-11,In Stock
16669,44,921,223,66,2024-11-03,In Stock
4841,61,6,480,38,2026-01-19,In Stock
8736,71,128,343,39,2025-10-13,In Stock
7077,91,11,156,76,2024-11-16,In Stock
1143,13,69,192,74,2026-02-01,In Stock
6190,83,686,135,97,2024-03-05,In Stock
10520,95,467,5,16,2025-08-18,Low Stock
18822,8,518,497,78,2024-09-27,In Stock
5462,41,307,56,91,2024-08-28,Low Stock
13091,12,71,378,61,2025-09-12,In Stock
5157,9,582,419,57,2024-09-03,In Stock
1802,27,150,176,71,2026-03-30,In Stock
4757,69,591,361,24,2025-05-22,In Stock
9576,37,882,295,99,2025-01-20,In Stock
10334,78,81,433,94,2025-03-17,In Stock
10985,37,588,65,33,2024-04-24,In Stock
531,11,877,306,85,2026-05-03,In Stock
1920,57,33,187,36,2024-10-08,In Stock
15802,48,177,196,10,2024-12-16,In Stock
18422,48,90,482,69,2025-11-05,In Stock
18371,29,852,413,98,2024-03-14,In Stock
14268,75,307,113,67,2024-12-01,In Stock
1950,16,620,495,36,2024-11-13,In Stock
19441,95,395,8,95,2024-06-11,Low Stock
10756,58,800,444,46,2025-01-04,In Stock
11433,29,594,376,11,2024-02-25,In Stock
18020,95,538,405,100,2025-09-25,In Stock
14322,80,634,335,67,2026-04-22,In Stock
11377,26,501,269,67,2024-12-30,In Stock
3560,86,249,284,54,2026-01-14,In Stock
18721,36,246,190,92,,In Stock
6342,78,534,372,57,2025-09-29,In Stock
10364,4,878,102,15,2024-03-13,In Stock
18101,58,887,389,25,2026-03-03,In Stock
10608,90,839,139,74,2024-01-06,In Stock
7895,47,433,181,62,2025-05-07,In Stock
1904,99,906,164,65,2026-01-07,In Stock
15020,2,430,442,43,2024-12-17,In Stock
6680,59,574,8,77,2024-01-31,Low Stock
19141,76,595,51,54,2025-01-07,Low Stock
11747,43,102,175,38,2025-05-10,In Stock
1184,72,685,450,16,2026-01-04,In Stock
3061,62,553,191,-20,2025-05-13,In Stock
3860,8,689,87,96,2024-11-06,Low Stock
16664,42,503,46,88,,Low Stock
9530,81,124,33,66,2026-05-15,Low Stock
289,8,704,265,87,2024-05-14,In Stock
583,44,920,367,24,2026-07-02,In Stock
4688,75,686,233,40,2026-05-21,In Stock
3271,64,448,345,32,2026-03-27,In Stock
7036,56,713,113,46,2024-08-11,In Stock
15927,74,772,375,27,2024-09-20,In Stock
3880,26,701,306,73,2024-06-12,In Stock
12275,89,49,340,71,2026-03-07,In Stock
2181,1,449,22,77,2024-10-02,Low Stock
10869,59,334,474,64,2024-07-24,In Stock
7624,72,888,83,60,2027-08-05,In Stock
9996,7,195,393,20,2024-02-02,In Stock
12056,16,915,348,27,2026-04-10,In Stock
16262,36,527,262,67,2025-08-07,In Stock
12075,63,977,101,47,2024-06-15,In Stock
11615,92,565,412,34,2025-04-30,In Stock
9979,99,330,238,60,2024-08-09,In Stock
17654,6,752,398,83,2025-04-08,In Stock
15188,81,489,344,38,,In Stock
6202,54,627,457,39,2026-06-29,In Stock
9346,76,759,238,99,2024-09-26,In Stock
12775,8,121,343,12,2024-06-11,In Stock
7636,16,396,89,58,2025-08-09,In Stock
11675,24,169,152,95,2025-12-08,In Stock
9535,89,178,179,97,2024-04-25,In Stock
11568,42,820,236,91,2025-09-01,In Stock
14365,80,126,-50,43,2025-01-29,Out of Stock
186,25,650,212,57,2026-07-17,In Stock
10424,51,597,225,100,2025-10-02,In Stock
18837,49,260,397,59,2025-09-29,In Stock
4063,36,924,-100,86,2025-09-10,Out of Stock
15235,60,404,420,88,2024-02-16,In Stock
1416,72,293,367,12,2025-01-31,In Stock
19447,81,482,56,87,2025-01-18,Low Stock
19101,53,191,307,15,2024-04-20,In Stock
9686,55,35,161,92,2024-08-29,In Stock
10328,47,674,497,66,2026-06-16,In Stock
9391,45,398,133,47,2024-05-14,In Stock
13907,84,736,34,11,2024-01-14,In Stock
14298,86,705,482,41,2024-08-20,In Stock
14544,23,442,47,0,2026-05-18,In Stock
17009,15,88,470,77,2026-07-05,In Stock
13839,89,671,433,97,2024-03-14,In Stock
18983,67,796,318,92,2026-04-10,In Stock
9793,78,663,304,33,2025-05-29,In Stock
6631,100,387,371,76,2027-05-11,In Stock
7381,69,534,49,27,2025-01-07,In Stock
10565,61,319,323,61,2025-02-24,In Stock
19380,24,397,41,54,2025-05-13,Low Stock
2953,86,942,188,76,2024-05-16,In Stock
18406,56,23,324,-5,2025-03-21,In Stock
11803,57,83,279,44,2026-01-22,In Stock
6806,72,19792,191,99,2024-04-29,In Stock
9274,90,203,273,10,2025-10-10,In Stock
2206,16,966,323,22,,In Stock
17455,71,707,186,95,2025-10-13,In Stock
12166,17,115,385,43,2025-03-07,In Stock
18513,67,654,391,50,2025-03-23,In Stock
2457,41,613,223,88,2025-11-06,In Stock
6097,42,9,97,17,2024-08-19,In Stock
16984,100,750,316,29,2024-11-11,In Stock
17541,52,547,495,10,2025-01-27,In Stock
7476,81,441,404,52,2025-01-19,In Stock
2553,68,505,391,27,2025-01-16,In Stock
6976,76,360,77,91,2024-02-22,Low Stock
8652,79,957,56,13,2026-03-22,In Stock
1666,53,273,149,17,2025-05-05,In Stock
15470,39,688,309,68,2024-05-17,In Stock
3838,74,369,157,85,2024-12-25,In Stock
18220,79,948,184,74,2025-02-12,In Stock
2583,31,324,131,40,2024-04-27,In Stock
803,29,268,364,67,2026-03-10,In Stock
10079,60,634,353,23,2024-01-26,In Stock
12597,16,845,359,20,2026-10-29,In Stock
12376,46,481,-50,61,2025-05-17,Out of Stock
7964,77,708,112,80,2026-01-11,In Stock
1812,2,326,434,35,2025-02-13,In Stock
16249,73,773,244,77,2025-10-27,In Stock
3528,38,467,111,72,2025-04-10,In Stock
4296,23,138,18,62,2024-11-07,Low Stock
603,48,738,299,94,2024-10-05,In Stock
10561,92,655,118,94,2025-08-14,In Stock
12716,12,666,276,44,2024-06-03,In Stock
9040,58,874,93,28,2026-04-13,In Stock
5041,10,422,389,98,2026-04-11,In Stock
11150,40,148,305,-20,2025-05-16,In Stock
3276,44,286,263,45,2025-06-03,In Stock
1761,55,507,400,44,2025-11-22,In Stock
19392,74,189,395,64,2024-03-07,In Stock
10193,26,696,405,34,2025-07-17,In Stock
10202,22,885,372,-5,2026-04-15,In Stock
11340,93,890,22,29,2026-06-03,Low Stock
11636,82,855,217,72,2025-05-13,In Stock
16695,38,314,216,16,2025-02-27,In Stock
10374,47,158,448,62,2024-01-29,In Stock
18037,19,822,200,77,2025-03-31,In Stock
44,97,223,124,97,2024-05-18,In Stock
12028,81,274,114,82,2024-09-19,In Stock
4970,89,926,341,12,2026-06-02,In Stock
7460,67,544,15,47,2026-03-28,Low Stock
10910,99,596,178,99,2024-12-26,In Stock
10549,52,185,317,53,2026-06-28,In Stock
19860,20,16,133,20,2026-07-14,In Stock
17324,91,55,252,11,2026-01-10,In Stock
875,19,677,489,86,2026-02-06,In Stock
6878,75,302,444,0,2026-02-16,In Stock
13239,47,608,409,75,2025-02-09,In Stock
1627,69,141,402,13,2026-05-20,In Stock
9190,20,788,122,14,2026-04-24,In Stock
12831,57,743,124,69,2024-06-11,In Stock
2281,78,202,326,93,2025-10-06,In Stock
10461,20,663,453,68,2026-05-13,In Stock
980,75,17,143,84,2026-03-22,In Stock
16411,20,671,22,97,2025-06-25,Low Stock
3820,98,388,27,52,2026-07-14,Low Stock
19904,86,10646,189,85,2024-11-10,In Stock
17538,89,354,105,60,2026-03-14,In Stock
11891,55,700,43,61,2025-12-09,Low Stock
1180,68,599,175,12,2025-05-22,In Stock
1019,97,629,214,16,2025-08-03,In Stock
2956,32,551,427,48,2024-12-30,In Stock
10657,94,183,59,48,2025-12-19,In Stock
19227,64,170,281,91,2024-06-11,In Stock
14091,90,379,323,14,2026-02-19,In Stock
2401,1518,763,445,-5,2024-08-02,In Stock
6946,40,756,194,41,2024-05-22,In Stock
4647,68,615,379,74,2025-10-12,In Stock
12670,83,305,269,36,2024-06-09,In Stock
15655,37,984,189,10,2026-06-30,In Stock
11300,69,725,409,98,2026-04-06,In Stock
5426,12,158,123,21,2025-06-21,In Stock
950,47,814,395,17,2024-03-31,In Stock
19586,1683,364,97,-5,2025-06-14,In Stock
11787,53,542,427,14,2025-08-31,In Stock
5675,60,678,386,16,2024-04-02,In Stock
13590,91,180,50,56,2026-04-22,Low Stock
10667,89,337,33,60,2024-09-28,Low Stock
8901,90,549,242,63,2024-03-24,In Stock
5605,43,801,200,63,2025-03-27,In Stock
16190,30,125,254,43,2026-04-22,In Stock
322,13,102,423,87,2024-07-12,In Stock
14472,95,713,325,71,2025-07-04,In Stock
17069,61,369,286,20,2024-02-23,In Stock
8218,33,786,499,86,2026-06-16,In Stock
18448,8,439,338,20,2025-07-06,In Stock
16943,92,571,162,11,2025-08-05,In Stock
19697,16,753,284,16,2024-12-05,In Stock
7255,77,944,343,54,2025-09-28,In Stock
11147,4,89,216,36,2026-03-27,In Stock
4360,31,382,416,31,2025-02-05,In Stock
17894,2,474,273,42,2024-06-06,In Stock
949,15,412,54,85,2026-04-16,Low Stock
9007,65,682,460,34,2025-08-13,In Stock
11052,71,238,357,40,2026-01-31,In Stock
15041,38,459,176,44,2026-08-06,In Stock
11199,5,495,385,31,2024-03-11,In Stock
5229,21,858,5,21,2024-12-23,Low Stock
10929,8,639,191,43,2025-02-15,In Stock
11900,58,344,197,10,2024-11-15,In Stock
4228,3,842,418,20,2024-03-31,In Stock
10982,98,350,341,57,2025-03-16,In Stock
16398,97,219,296,42,2026-02-04,In Stock
13037,43,878,165,57,2024-01-28,In Stock
14793,58,695,135,52,2026-06-22,In Stock
12540,6,336,113,16,2025-08-14,In Stock
13787,36,353,137,71,2024-05-13,In Stock
6394,13,870,476,82,2025-01-31,In Stock
5121,81,990,457,44,2024-08-30,In Stock
11041,19,35,292,29,2024-06-08,In Stock
18919,90,198,255,20,2026-08-05,In Stock
5240,50,368,199,37,2025-07-21,In Stock
8290,87,765,457,94,2025-10-19,In Stock
16052,62,79,439,44,2025-10-03,In Stock
18215,11,557,40,92,2026-03-31,Low Stock
7392,65,253,198,17,2024-08-29,In Stock
14518,66,284,353,96,2025-02-13,In Stock
111,91,233,345,80,2024-08-20,In Stock
8982,57,585,211,63,2024-11-29,In Stock
11399,56,443,432,73,2025-08-01,In Stock
15758,58,34,261,-5,2024-06-11,In Stock
4078,15,699,135,31,2025-01-26,In Stock
12010,23,412,440,31,2026-02-27,In Stock
11042,88,57,174,57,2024-06-02,In Stock
6561,85,274,426,68,2024-07-14,In Stock
19497,33,860,57,91,2026-06-30,Low Stock
11093,89,561,343,40,2026-03-26,In Stock
8438,24,754,345,52,2025-11-16,In Stock
5064,96,18,294,54,2024-02-15,In Stock
12579,37,952,215,21,2024-03-05,In Stock
96,81,538,266,97,2024-02-11,In Stock
8974,52,165,449,81,2026-05-02,In Stock
9004,77,131,116,69,2026-05-23,In Stock
2612,2,88,425,85,2025-01-29,In Stock
15014,35,512,145,37,2024-11-07,In Stock
12215,48,616,271,80,2024-01-27,In Stock
17816,68,26,440,27,2025-03-05,In Stock
16597,48,198,297,21,2026-06-26,In Stock
12492,1759,425,440,26,2026-08-14,In Stock
5704,27,170,176,64,2024-07-01,In Stock
17038,60,243,35,49,2025-10-26,Low Stock
6458,46,723,443,13,2024-07-01,In Stock
9647,81,317,411,63,2024-09-07,In Stock
11439,67,527,188,28,2026-05-01,In Stock
6743,64,645,262,20,2025-11-26,In Stock
8852,36,741,204,76,2026-01-14,In Stock
10953,12,534,340,72,2025-02-01,In Stock
4792,34,826,230,51,2026-01-24,In Stock
13506,40,97,100,57,2026-07-14,In Stock
8086,81,519,166,35,2025-11-19,In Stock
320,10,104,475,28,2026-04-19,In Stock
10799,7,22,122,65,2025-05-30,In Stock
8910,1,687,489,68,2026-01-06,In Stock
5914,64,5,439,77,2025-05-21,In Stock
5615,42,466,217,32,2025-09-30,In Stock
11140,23,42,182,47,2025-05-15,In Stock
5494,13,614,482,12,2025-12-07,In Stock
14465,6,741,324,55,2024-04-26,In Stock
331,9,347,284,55,2026-07-11,In Stock
3117,12,345,38,38,2024-10-01,Low Stock
9815,79,535,495,68,2026-08-02,In Stock
3332,14,821,277,15,2025-11-17,In Stock
614,96,243,240,93,2025-11-02,In Stock
7580,66,995,217,98,2026-05-25,In Stock
13264,46,186,483,76,2024-02-04,In Stock
15046,16,491,389,90,2024-11-01,In Stock
16799,98,303,415,99,2025-07-15,In Stock
6159,92,605,425,29,2025-09-22,In Stock
10318,10,427,191,90,2025-06-15,In Stock
17837,95,929,55,94,2025-10-10,Low Stock
12006,99,290,132,37,2026-02-09,In Stock
12634,65,472,78,17,2026-05-18,In Stock
9688,50,629,339,11,2024-01-13,In Stock
10248,88,513,240,68,2025-08-06,In Stock
19502,51,248,197,74,2025-01-22,In Stock
14355,58,932,122,65,2024-08-12,In Stock
7497,42,87,432,86,2024-02-17,In Stock
2260,83,320,63,13,2024-06-05,In Stock
3465,40,958,441,48,,In Stock
12969,11,905,359,38,2025-08-26,In Stock
6901,67,713,234,93,2026-04-16,In Stock
7875,93,399,210,97,2026-02-12,In Stock
6126,77,18,-100,59,2026-03-27,Out of Stock
19844,95,191,330,0,2024-05-02,In Stock
1279,8,494,495,62,2024-04-12,In Stock
19716,9,398,109,39,2026-04-05,In Stock
9526,63,345,24,96,2024-09-04,Low Stock
17862,30,691,126,90,2024-01-12,In Stock
12471,27,518,61,75,2025-03-24,Low Stock
6058,47,369,402,84,2026-03-29,In Stock
15052,58,91,13,50,2024-11-12,Low Stock
19820,76,309,141,96,2026-08-12,In Stock
7019,78,829,224,49,2025-01-26,In Stock
5689,38,898,145,48,2025-05-03,In Stock
12802,53,247,358,88,2024-01-25,In Stock
52,23,338,284,18,2026-06-11,In Stock
8501,62,558,376,31,2025-09-25,In Stock
93,88,239,335,41,2024-08-02,In Stock
8219,25,89,334,29,2024-01-17,In Stock
16697,55,671,457,13,2025-02-13,In Stock
4330,67,141,67,74,2026-07-13,Low Stock
11444,92,68,-1,22,2024-04-07,Out of Stock
9011,56,958,246,40,2024-06-06,In Stock
19436,71,736,403,57,2024-03-31,In Stock
7445,77,194,282,76,2025-03-09,In Stock
13465,3,693,434,55,2025-01-13,In Stock
8555,57,162,95,81,2024-08-29,In Stock
14939,35,829,445,95,2024-05-12,In Stock
19126,74,176,-50,15,2025-05-30,Out of Stock
5341,16,590,83,34,2026-05-17,In Stock
10035,37,163,32,94,2026-04-03,Low Stock
11834,73,330,329,51,2026-04-30,In Stock
7823,86,352,7,87,2024-09-17,Low Stock
7972,79,578,419,94,2025-11-11,In Stock
3870,90,10170,107,46,2025-02-21,In Stock
8892,84,638,182,29,2025-03-16,In Stock
12545,34,506,194,70,2024-12-31,In Stock
2594,60,508,274,91,2025-11-01,In Stock
18029,80,165,277,18,2024-02-07,In Stock
17725,28,282,182,68,2024-08-11,In Stock
15293,70,149,64,75,2025-08-06,Low Stock
4527,46,12,67,12,2025-05-07,In Stock
8485,17,710,328,98,2025-04-14,In Stock
19252,78,306,143,39,2025-05-28,In Stock
6051,78,862,326,41,2025-05-16,In Stock
8847,83,557,-100,90,2025-06-01,Out of Stock
8167,73,518,365,43,2024-10-08,In Stock
15119,55,159,40,28,2025-03-07,In Stock
6677,85,285,3,-5,2024-04-03,In Stock
15930,20,523,136,32,2027-07-10,In Stock
18460,83,447,227,86,2025-06-13,In Stock
7637,27,478,196,72,2025-12-15,In Stock
19479,99,774,115,54,2024-02-09,In Stock
574,92,910,14,27,2024-08-10,Low Stock
11063,18,990,180,55,2026-07-28,In Stock
6994,47,177,465,72,2024-05-20,In Stock
5397,86,702,74,85,2024-06-08,Low Stock
10462,35,360,234,57,2026-07-11,In Stock
13153,37,532,141,66,2025-05-07,In Stock
5680,66,684,166,62,2024-05-18,In Stock
69,42,169,387,85,2026-02-24,In Stock
11777,70,141,3,46,2026-02-26,Low Stock
14937,28,215,390,79,2025-01-15,In Stock
4747,3,408,14,18,2026-03-12,Low Stock
18549,50,611,24,95,2026-05-01,Low Stock
15567,86,173,298,57,2026-03-11,In Stock
11220,6,778,260,38,2025-11-29,In Stock
5692,58,473,87,93,2024-05-26,Low Stock
9263,40,25,239,75,2025-02-03,In Stock
13872,22,803,241,84,2025-04-14,In Stock
10526,33,352,11,93,2024-04-04,Low Stock
11885,54,560,222,96,2025-02-26,In Stock
4342,75,701,404,18,2025-07-17,In Stock
3018,56,716,131,15,,In Stock
10905,40,852,0,79,2026-05-11,Out of Stock
9594,67,320,227,73,2025-05-12,In Stock
15673,77,375,-1,54,2026-02-05,Out of Stock
14941,67,342,94,82,2025-09-02,In Stock
4076,68,134,289,10,2025-05-10,In Stock
17978,81,690,85,-20,2025-12-07,In Stock
16513,96,186,246,92,2026-05-10,In Stock
12325,90,153,152,40,2025-09-04,In Stock
15095,84,249,319,66,2026-04-01,In Stock
9675,96,549,466,71,2025-10-20,In Stock
3496,77,289,410,89,,In Stock
15714,64,358,214,91,2026-02-01,In Stock
18979,84,848,186,74,2026-07-05,In Stock
12948,47,742,321,41,2025-09-19,In Stock
9527,15,796,247,46,2025-09-30,In Stock
1486,91,462,1,10,2026-06-13,Low Stock
17310,9,852,51,78,2025-09-29,Low Stock
7653,17,930,221,41,2025-12-07,In Stock
11861,44,109,413,68,2024-10-02,In Stock
14475,1920,295,487,47,2024-01-21,In Stock
11032,28,492,89,30,2026-05-08,In Stock
676,98,480,108,98,2025-09-19,In Stock
5135,17,930,316,54,2025-03-21,In Stock
24,94,278,129,89,2025-04-29,In Stock
19254,25,796,117,36,2024-05-19,In Stock
12923,96,617,380,74,2026-06-17,In Stock
19696,2,561,23,76,2024-10-01,Low Stock
3047,81,769,228,12,2025-05-20,In Stock
2037,69,717,498,47,2024-07-24,In Stock
3066,11,303,117,34,,In Stock
10108,12,526,421,34,2024-10-04,In Stock
6110,70,851,415,24,2025-09-12,In Stock
14637,14,232,95,73,2025-06-03,In Stock
7099,7,963,202,100,2026-04-22,In Stock
6376,52,544,303,50,2024-08-03,In Stock
7872,24,902,347,84,2024-07-27,In Stock
7981,99,924,133,58,,In Stock
16303,95,3,144,20,2026-04-27,In Stock
6928,67,515,222,21,2025-02-06,In Stock
1042,37,779,486,51,2024-03-06,In Stock
9114,25,292,428,39,2025-12-23,In Stock
18455,40,220,68,60,2024-01-08,In Stock
115,64,347,211,78,2026-02-05,In Stock
6992,78,854,253,43,2025-12-24,In Stock
4251,64,274,296,60,2024-06-04,In Stock
7551,12,481,59,92,2025-08-31,Low Stock
8423,5,645,302,13,2025-05-27,In Stock
16288,17,931,380,14,2025-02-26,In Stock
19374,13,47,111,55,2025-07-04,In Stock
3854,84,115,456,34,2024-12-06,In Stock
5814,95,817,164,47,2025-08-25,In Stock
13310,49,320,21,85,2024-09-24,Low Stock
19285,20,962,91,45,2024-04-30,In Stock
1759,7,177,250,84,2026-01-01,In Stock
13521,14,220,378,85,2025-11-14,In Stock
7645,66,181,363,78,2025-09-02,In Stock
3681,18,158,54,15,2026-05-28,In Stock
10447,77,177,90,-20,2024-04-01,In Stock
18360,31,511,468,42,2025-03-28,In Stock
3599,78,274,143,22,2025-12-14,In Stock
13909,99,220,427,26,2025-08-09,In Stock
7411,85,507,267,10,2026-05-18,In Stock
19145,35,419,143,47,2025-10-31,In Stock
12135,71,238,4,47,2026-04-15,Low Stock
6279,95,118,12,37,2025-11-18,Low Stock
9540,60,776,163,41,2024-07-23,In Stock
16786,82,561,157,95,2025-04-23,In Stock
6320,91,533,332,33,2025-10-03,In Stock
15113,1213,641,35,30,2025-03-11,In Stock
13960,6,863,323,28,2024-07-23,In Stock
15754,53,713,497,78,2026-07-31,In Stock
1781,9,366,348,77,2025-01-29,In Stock
10105,93,390,39,67,2024-04-04,Low Stock
17356,57,6,438,14,2024-05-11,In Stock
3823,55,499,39,88,2024-08-28,Low Stock
15324,79,758,188,99,2024-11-14,In Stock
19395,50,746,75,38,2025-11-09,In Stock
5838,38,993,468,83,2024-04-19,In Stock
16091,63,251,405,26,2026-02-20,In Stock
14264,86,686,61,77,2024-06-26,Low Stock
5045,84,317,207,51,2025-05-02,In Stock
11902,3,495,169,23,2026-03-19,In Stock
3839,100,668,111,71,2025-09-25,In Stock
6352,73,614,76,71,2025-10-12,In Stock
15617,64,825,377,83,2025-03-06,In Stock
14979,41,71,93,86,2026-07-08,In Stock
17084,89,821,303,12,2025-11-13,In Stock
10316,92,333,458,62,2024-05-31,In Stock
10121,50,691,160,55,2026-05-15,In Stock
17241,26,51,194,63,2025-06-27,In Stock
7791,47,313,237,100,2025-07-24,In Stock
13440,12,751,83,91,2025-07-20,Low Stock
15853,27,458,463,65,2024-07-03,In Stock
14629,30,926,151,63,2024-09-16,In Stock
9723,56,813,61,88,2025-05-13,Low Stock
17607,20,357,445,53,2026-04-23,In Stock
2985,77,211,28,25,2026-08-09,In Stock
3280,55,156,324,16,2025-08-07,In Stock
9067,72,141,152,79,2024-08-18,In Stock
2816,38,135,7,16,2025-09-23,Low Stock
2650,7,18055,254,38,,In Stock
4924,33,227,239,33,2026-04-09,In Stock
12814,18,439,428,37,2025-01-31,In Stock
2348,95,509,103,23,2025-08-31,In Stock
15707,77,917,278,50,2026-12-05,In Stock
13171,92,311,83,94,2025-08-21,Low Stock
10822,76,701,52,88,2025-02-10,Low Stock
6636,25,12913,153,63,2025-12-06,In Stock
16110,6,732,114,93,2024-09-01,In Stock
6709,35,944,314,94,2024-02-17,In Stock
1415,35,154,430,12,2025-04-14,In Stock
14680,93,526,285,55,2025-01-22,In Stock
19869,49,612,474,36,2024-01-31,In Stock
8861,81,25,488,46,2024-04-03,In Stock
6158,16,459,245,50,2025-04-12,In Stock
3034,7,455,143,63,2025-10-01,In Stock
12512,41,736,484,38,,In Stock
3629,3,618,173,83,2026-04-08,In Stock
10403,75,353,175,89,2026-03-26,In Stock
13484,69,619,152,34,2025-09-13,In Stock
5557,21,865,-50,77,2024-10-16,Out of Stock
1349,87,786,189,68,2025-08-11,In Stock
8496,45,404,476,25,2025-10-16,In Stock
7064,47,640,25,34,2024-07-07,Low Stock
18520,49,173,170,85,2024-06-07,In Stock
5897,62,353,246,48,2024-09-13,In Stock
8563,56,856,477,86,2024-08-24,In Stock
1619,49,821,46,94,2024-06-30,Low Stock
8472,43,723,195,59,2024-11-13,In Stock
7046,9,638,365,40,2025-03-14,In Stock
2925,34,304,276,14,2025-12-18,In Stock
3207,57,361,477,60,2025-12-22,In Stock
17988,61,875,206,0,2026-06-22,In Stock
4275,14,833,-100,94,2025-12-25,Out of Stock
15007,17,705,263,22,2025-07-20,In Stock
13885,10,740,474,92,2024-04-18,In Stock
18961,86,482,265,11,2024-11-29,In Stock
15829,52,585,397,64,2024-05-07,In Stock
1951,99,434,408,32,2024-05-01,In Stock
4830,31,704,-50,10,2024-06-06,Out of Stock
14785,34,615,94,59,2025-05-05,In Stock
11321,36,415,117,18,2025-01-03,In Stock
1069,77,887,499,65,2025-10-09,In Stock
3661,17,804,256,63,2024-12-10,In Stock
18172,71,252,389,51,2024-09-18,In Stock
2471,41,784,433,61,2026-06-07,In Stock
2275,44,864,62,51,2025-05-26,In Stock
1266,20,625,155,84,2025-08-06,In Stock
9546,23,564,222,39,2025-04-28,In Stock
7865,57,779,429,51,2024-10-14,In Stock
17555,17,20,450,36,2026-08-04,In Stock
3039,61,40,476,27,2025-10-30,In Stock
19738,66,335,4,67,2026-07-17,Low Stock
14848,8,23,20,19,2024-09-17,In Stock
8775,44,693,476,12,2024-03-12,In Stock
15911,18,88,146,26,2024-01-26,In Stock
5033,99,252,367,71,2026-03-04,In Stock
18906,78,722,93,55,2025-12-29,In Stock
348,41,351,477,16,2026-06-15,In Stock
2261,99,137,357,83,2025-01-13,In Stock
6278,99,148,318,65,2026-04-14,In Stock
9881,80,326,496,80,2025-11-29,In Stock
7092,98,593,42,22,2026-07-25,In Stock
16369,72,328,181,59,2025-06-23,In Stock
5881,85,429,258,87,2026-05-16,In Stock
4953,36,166,-1,36,2025-05-23,Out of Stock
8763,87,841,182,60,2025-06-05,In Stock
1478,33,269,266,-5,2026-03-05,In Stock
8373,1643,659,440,15,2026-02-27,In Stock
9593,49,934,208,29,2024-06-05,In Stock
19312,9,768,478,52,2024-02-25,In Stock
14835,57,757,29,94,2026-03-26,Low Stock
9030,31,143,408,97,2024-08-13,In Stock
7249,92,537,490,37,2025-01-14,In Stock
256,69,641,48,18,2024-01-17,In Stock
7284,36,992,19,31,2024-08-29,Low Stock
9459,57,155,438,21,2026-01-16,In Stock
4514,99,857,221,88,2024-05-16,In Stock
10679,21,67,239,64,2024-11-08,In Stock
108,38,315,431,58,2024-06-20,In Stock
3718,1966,45,180,47,2025-06-17,In Stock
6703,6,633,254,78,2024-05-31,In Stock
417,99,915,266,94,2024-04-07,In Stock
6517,32,787,306,37,2025-03-07,In Stock
13923,61,503,141,65,2025-12-22,In Stock
19672,84,310,167,31,2024-07-09,In Stock
10996,13,224,393,24,2025-05-22,In Stock
9572,59,624,66,91,2026-07-02,Low Stock
12080,31,866,321,92,2025-05-11,In Stock
8776,67,101,199,11,2025-03-11,In Stock
15146,71,892,219,22,2025-11-14,In Stock
4607,30,650,350,85,2024-05-06,In Stock
17052,72,816,128,69,2024-12-16,In Stock
16563,54,896,128,47,2024-09-12,In Stock
1901,88,18719,7,58,2024-05-06,Low Stock
7566,55,13986,261,35,2024-01-03,In Stock
19477,15,960,173,12,2025-08-23,In Stock
40,12,862,488,30,2025-07-30,In Stock
13749,2,945,459,92,2024-09-24,In Stock
10811,4,311,467,45,2024-02-15,In Stock
17596,7,372,369,25,2025-10-23,In Stock
2981,31,366,441,98,2026-01-20,In Stock
11077,97,615,484,100,2025-06-13,In Stock
10646,48,195,31,68,2025-07-22,Low Stock
3545,49,693,23,42,2024-04-04,Low Stock
2868,90,16089,150,16,2024-05-24,In Stock
13293,12,552,244,92,2025-01-12,In Stock
14555,2,404,35,53,2025-10-06,Low Stock
4571,60,84,477,49,2025-10-08,In Stock
6455,5,286,201,20,2026-05-15,In Stock
1879,87,8,10,-5,2025-10-25,In Stock
17617,11,282,277,90,2026-04-01,In Stock
3898,98,19701,459,100,2024-08-03,In Stock
2730,76,154,244,52,2026-03-08,In Stock
13691,98,311,461,75,2024-01-24,In Stock
6851,85,433,110,50,2026-01-15,In Stock
415,14,15100,253,10,2024-03-10,In Stock
7888,11,977,255,-20,2024-02-13,In Stock
6387,16,511,153,71,2024-10-02,In Stock
10213,13,178,52,0,2025-08-14,In Stock
18229,19,319,483,34,2025-07-20,In Stock
5068,46,875,490,23,2025-07-09,In Stock
6486,63,456,198,73,2025-12-08,In Stock
16477,16,386,360,70,2025-12-11,In Stock
6334,98,676,105,62,2024-08-05,In Stock
12103,3,284,366,74,2026-06-19,In Stock
5933,13,760,104,79,2025-06-28,In Stock
13040,73,879,192,98,2025-11-13,In Stock
8066,20,144,-1,80,2026-02-22,Out of Stock
13028,11,863,47,34,2024-11-18,In Stock
19566,88,447,242,100,2025-05-18,In Stock
1788,1707,298,80,37,2026-07-29,In Stock
37,88,358,436,30,2025-03-04,In Stock
7768,72,218,-10,49,2024-08-12,Out of Stock
4188,11,640,430,82,2025-03-07,In Stock
15011,21,125,105,32,2026-03-27,In Stock
1556,95,608,24,35,2026-01-08,Low Stock
7253,59,633,3,19,2024-09-26,Low Stock
6399,22,596,317,52,2025-05-29,In Stock
16452,46,295,43,100,2024-08-29,Low Stock
13838,88,488,432,57,2024-04-03,In Stock
16667,66,808,391,34,2024-01-22,In Stock
3709,2,566,138,53,2026-03-07,In Stock
17849,83,794,143,58,2024-12-15,In Stock
14765,95,706,-1,0,2025-11-11,Out of Stock
12188,1,388,283,85,2025-04-23,In Stock
5776,17,384,17,46,2024-12-12,Low Stock
17001,96,875,390,26,2026-05-20,In Stock
19584,91,745,147,99,2026-04-15,In Stock
18185,9,437,87,100,2026-08-01,Low Stock
7074,30,361,65,56,2024-02-18,In Stock
16326,64,934,329,81,2024-04-29,In Stock
17618,25,510,413,71,2024-05-12,In Stock
17559,37,677,2,22,2024-12-22,Low Stock
1747,13,438,102,98,2024-05-20,In Stock
13806,65,857,122,44,2026-07-21,In Stock
13138,83,410,208,45,2024-07-22,In Stock
13968,8,962,257,81,2025-06-03,In Stock
7261,8,393,143,55,2025-10-07,In Stock
10503,52,518,154,52,2025-11-29,In Stock
18799,70,722,226,83,2025-02-28,In Stock
4039,38,849,171,95,2025-06-06,In Stock
3706,48,718,314,11,2025-10-26,In Stock
3956,74,504,433,76,2025-01-11,In Stock
19868,83,521,239,26,2025-09-14,In Stock
3429,69,239,461,89,2024-10-30,In Stock
19068,8,210,56,65,2025-09-15,Low Stock
2508,35,329,453,63,2024-08-13,In Stock
4682,64,606,329,24,2024-12-19,In Stock
8403,61,143,252,60,2025-05-12,In Stock
4748,11,980,446,42,2025-03-23,In Stock
11037,1,638,230,32,2024-01-28,In Stock
6712,94,54,481,54,2025-01-25,In Stock
13288,55,63,110,40,2024-10-09,In Stock
17062,13,655,109,74,2026-07-24,In Stock
17231,92,880,284,15,2024-07-17,In Stock
19665,84,582,450,85,2024-12-17,In Stock
1810,62,321,410,53,2026-01-10,In Stock
17258,63,598,250,66,2025-08-27,In Stock
14611,9,299,253,81,2026-07-15,In Stock
10241,47,505,435,87,2025-11-23,In Stock
19659,48,726,440,20,2024-10-31,In Stock
1716,65,916,496,35,2024-12-25,In Stock
8995,52,872,385,60,2026-03-01,In Stock
7615,68,405,333,76,2024-05-28,In Stock
8677,29,163,414,53,2025-07-27,In Stock
6437,9,349,341,43,2026-06-20,In Stock
13899,25,292,421,64,2026-06-04,In Stock
5829,82,330,387,64,2025-08-11,In Stock
12067,45,217,19,51,2025-10-10,Low Stock
14888,31,695,6,93,2025-05-12,Low Stock
7352,21,886,428,37,2026-03-09,In Stock
12077,94,111,13,22,2024-05-19,Low Stock
13953,93,367,386,73,2026-07-18,In Stock
1251,91,942,465,48,2026-05-28,In Stock
6930,86,500,467,65,2024-02-28,In Stock
12038,41,293,463,61,2024-09-28,In Stock
6532,57,868,141,43,2026-03-17,In Stock
14729,10,258,339,73,2025-02-07,In Stock
14367,27,70,206,15,2024-01-03,In Stock
8992,40,201,385,77,2024-05-31,In Stock
19391,7,93,356,26,2025-04-18,In Stock
4862,94,928,41,30,2024-10-08,In Stock
2304,99,481,304,79,2026-08-11,In Stock
6909,51,121,170,82,2024-06-28,In Stock
12387,84,854,30,13,2024-05-12,In Stock
9539,28,842,376,80,2026-03-09,In Stock
8911,28,933,317,18,2026-03-13,In Stock
8582,53,673,217,89,2024-10-18,In Stock
19741,40,65,274,21,2026-07-05,In Stock
18720,51,329,118,62,,In Stock
8251,5,708,164,24,2025-03-07,In Stock
1258,59,667,199,42,2025-07-23,In Stock
6681,56,746,267,60,2024-07-29,In Stock
8931,51,24,261,39,2025-04-23,In Stock
10352,7,139,46,45,2026-05-28,In Stock
11325,97,626,9,13,2026-05-17,Low Stock
10658,15,789,353,68,2026-06-24,In Stock
2823,74,238,116,66,2025-04-03,In Stock
13401,80,694,286,78,2025-01-18,In Stock
1974,90,254,181,10,2024-04-25,In Stock
7568,74,387,255,61,2024-04-02,In Stock
268,43,524,85,87,2025-11-01,Low Stock
11397,1,760,207,83,2024-11-11,In Stock
16145,72,58,81,20,2024-11-10,In Stock
2771,69,984,217,85,2025-05-31,In Stock
13786,90,835,139,38,2025-01-21,In Stock
2330,86,679,78,30,2024-08-25,In Stock
13937,86,959,297,43,2025-05-29,In Stock
13733,30,45,133,48,2024-05-16,In Stock
12204,60,172,211,41,2024-12-26,In Stock
7992,73,215,385,17,,In Stock
14505,90,687,356,-20,2025-06-18,In Stock
17427,79,468,7,81,2026-03-21,Low Stock
319,60,358,446,39,2026-04-01,In Stock
1537,92,699,433,92,2024-02-04,In Stock
1472,90,673,424,58,2025-04-19,In Stock
12753,42,369,178,14,2025-01-29,In Stock
1370,44,691,57,12,2025-01-19,In Stock
741,77,555,37,59,2025-05-01,Low Stock
19197,61,925,350,59,,In Stock
1189,9,472,266,31,2025-08-21,In Stock
16945,54,785,222,24,2025-03-25,In Stock
16299,93,654,226,38,2024-05-05,In Stock
10485,27,952,265,69,2025-12-28,In Stock
18396,4,543,127,81,2025-10-21,In Stock
7384,31,918,174,68,2026-05-15,In Stock
3488,25,460,360,49,2024-12-23,In Stock
6045,35,726,103,68,2024-05-26,In Stock
11616,10,773,297,18,2025-05-13,In Stock
12021,61,5,336,52,2024-05-24,In Stock
1234,98,826,89,96,,Low Stock
10301,98,799,446,51,2024-10-05,In Stock
10614,6,25,372,16,2026-05-16,In Stock
9548,78,853,310,16,2024-06-13,In Stock
16484,78,16581,449,53,2024-01-10,In Stock
14514,1563,510,49,80,2024-02-13,Low Stock
12631,64,311,308,33,2024-04-23,In Stock
12625,1,847,4,73,2025-06-26,Low Stock
1292,51,589,144,67,2024-02-28,In Stock
11734,85,269,335,73,2026-03-30,In Stock
11323,34,361,374,84,2024-01-06,In Stock
9684,11,16433,256,64,2024-12-29,In Stock
10878,31,225,435,68,2024-02-23,In Stock
7863,73,556,272,84,2025-03-13,In Stock
17668,100,505,155,81,2025-12-28,In Stock
12287,23,765,154,61,2026-02-08,In Stock
563,15,662,141,53,2024-04-22,In Stock
1032,53,634,318,48,2024-03-19,In Stock
5766,68,847,6,60,2024-04-14,Low Stock
17923,5,952,394,69,2024-03-01,In Stock
17926,13,870,251,31,2024-07-11,In Stock
19322,72,917,27,33,2025-02-26,Low Stock
7059,90,92,341,57,2025-03-26,In Stock
4378,60,808,366,68,2026-04-04,In Stock
10093,44,956,461,77,2025-07-19,In Stock
13711,90,571,317,83,2024-08-26,In Stock
6977,32,416,51,90,2024-03-11,Low Stock
17628,37,324,226,93,2024-09-24,In Stock
19094,87,849,203,29,2026-06-05,In Stock
17240,25,989,288,65,2024-12-27,In Stock
5713,34,485,328,70,2024-07-04,In Stock
7641,93,319,105,35,2024-01-22,In Stock
1250,91,289,214,30,2024-11-13,In Stock
17133,95,26,113,77,2025-11-18,In Stock
19104,68,689,366,0,2025-06-25,In Stock
2219,60,885,345,82,2025-11-24,In Stock
11166,32,105,244,40,2024-07-27,In Stock
18335,15,626,268,43,2026-06-16,In Stock
16719,21,890,120,83,2024-01-09,In Stock
17213,83,382,27,67,2025-05-17,Low Stock
17165,65,209,426,89,,In Stock
13034,67,483,486,11,2024-06-21,In Stock
10789,78,370,420,20,2025-01-11,In Stock
15661,54,65,465,40,2024-03-26,In Stock
12104,6,490,195,90,2025-09-03,In Stock
6335,4,362,47,75,2024-12-20,Low Stock
4550,58,272,342,76,2025-12-06,In Stock
13358,62,16,462,41,2026-02-01,In Stock
7045,73,665,228,57,2024-12-14,In Stock
9329,59,693,250,50,2024-07-15,In Stock
17745,4,64,161,91,2024-07-08,In Stock
18578,57,334,147,55,2024-08-05,In Stock
2355,75,214,403,70,2026-03-25,In Stock
14051,95,154,68,78,,Low Stock
13652,31,571,204,51,2024-11-02,In Stock
16787,46,501,215,66,2025-02-14,In Stock
5328,76,863,322,55,2025-08-29,In Stock
1435,36,971,96,69,2025-08-18,In Stock
265,78,425,217,50,2026-02-11,In Stock
8325,34,291,479,98,2027-04-11,In Stock
18498,36,890,124,94,2026-06-15,In Stock
14883,46,162,380,49,2025-05-25,In Stock
16201,86,97,141,29,2024-06-13,In Stock
17973,42,398,270,33,2026-06-01,In Stock
13818,77,387,67,39,2025-08-07,In Stock
6348,24,686,45,10,2025-01-26,In Stock
8585,7,322,110,88,2024-08-05,In Stock
3379,72,872,497,97,2026-06-04,In Stock
14550,33,333,480,30,2024-12-05,In Stock
11278,54,199,359,22,2026-07-17,In Stock
8621,19,512,258,34,2026-02-16,In Stock
1438,12,962,344,39,2024-03-20,In Stock
16060,50,836,100,33,2026-07-06,In Stock
7961,43,638,293,98,2024-07-04,In Stock
11889,61,562,113,93,2026-03-21,In Stock
4693,41,142,2,83,2026-02-19,Low Stock
7442,35,180,219,79,2027-04-20,In Stock
6256,13,985,-10,37,2024-10-26,Out of Stock
11585,3,7,192,62,2024-06-25,In Stock
8595,64,645,18,37,2024-03-16,Low Stock
18667,79,455,191,22,2026-05-10,In Stock
10163,47,682,474,69,2026-04-01,In Stock
66,30,52,162,14,2024-04-05,In Stock
16077,93,265,87,92,2026-05-16,Low Stock
16572,58,18,231,33,2024-05-05,In Stock
18352,81,869,378,47,2024-06-06,In Stock
6186,36,756,41,92,2024-12-14,Low Stock
15666,95,363,320,79,2026-05-21,In Stock
2866,33,302,194,48,2026-08-04,In Stock
12805,69,11,69,59,2025-02-27,In Stock
11421,2,689,201,32,2024-11-14,In Stock
5114,16,843,132,71,2024-10-29,In Stock
4409,77,727,71,22,2024-05-27,In Stock
6026,19,729,394,54,2024-10-03,In Stock
10983,58,821,-1,90,2024-11-18,Out of Stock
6891,59,289,389,36,2024-09-01,In Stock
7513,33,708,322,62,2026-02-11,In Stock
1422,54,70,112,97,2026-05-24,In Stock
12241,7,311,112,76,2024-12-02,In Stock
19707,81,531,196,81,2024-03-10,In Stock
19541,39,339,378,16,2024-12-30,In Stock
8001,18,599,350,0,2026-01-24,In Stock
7103,82,759,58,85,2025-09-10,Low Stock
4350,14,609,207,11,2025-01-27,In Stock
1661,96,361,168,69,2025-12-02,In Stock
74,27,535,462,87,2026-05-28,In Stock
1844,80,511,448,74,2025-10-25,In Stock
771,28,459,98,85,2024-10-18,In Stock
17250,19,682,272,35,2025-08-02,In Stock
1286,31,466,374,37,2026-01-07,In Stock
17041,18,704,66,35,2026-02-04,In Stock
13697,51,572,426,32,2025-04-18,In Stock
11324,93,379,103,20,2025-05-03,In Stock
1942,56,522,41,51,2026-04-07,Low Stock
19244,68,458,234,88,2026-04-25,In Stock
16951,68,9,206,47,2025-08-12,In Stock
10414,3,729,110,11,2025-02-24,In Stock
8266,42,818,465,41,2024-01-20,In Stock
3398,10,798,-1,31,2025-07-09,Out of Stock
16982,13,404,99,30,2024-08-11,In Stock
5065,63,413,211,70,2024-03-22,In Stock
19944,82,34,118,99,2025-03-26,In Stock
4028,91,27,387,73,2026-01-25,In Stock
17867,11,976,237,58,2025-02-11,In Stock
17255,97,508,-50,100,2026-06-10,Out of Stock
11128,81,940,482,66,2025-02-14,In Stock
5898,22,38,12,51,2024-09-23,Low Stock
15391,3,306,145,42,2025-05-19,In Stock
3964,33,573,158,0,2024-09-01,In Stock
3938,62,512,478,40,2026-03-07,In Stock
17933,4,612,217,89,2025-10-20,In Stock
14959,97,931,442,32,2025-05-18,In Stock
1111,83,437,234,58,2024-01-01,In Stock
4415,25,164,103,16,2026-04-24,In Stock
19614,44,481,-50,56,2025-05-06,Out of Stock
19456,59,305,-100,60,2026-03-25,Out of Stock
16117,27,587,337,91,2024-07-23,In Stock
3147,6,901,167,24,2026-02-03,In Stock
1378,87,352,227,19,2025-12-31,In Stock
17592,87,86,350,59,2024-11-30,In Stock
7508,57,461,402,16,2025-10-26,In Stock
145,24,467,38,29,2025-02-14,In Stock
6193,22,896,231,97,2025-06-26,In Stock
3515,12,572,481,49,2024-01-23,In Stock
15481,70,765,216,55,2026-06-09,In Stock
7273,5,569,137,41,2025-09-26,In Stock
6072,86,926,239,80,2024-02-15,In Stock
13627,61,910,290,43,2025-05-29,In Stock
17691,71,253,264,100,2024-01-09,In Stock
10830,5,101,30,60,2024-10-31,Low Stock
14109,58,851,100,79,2026-02-10,In Stock
13104,20,682,274,36,2025-07-21,In Stock
1831,57,690,466,20,2026-06-06,In Stock
4182,98,709,418,0,2025-09-11,In Stock
10844,44,787,186,75,2024-03-16,In Stock
9412,89,635,142,11,2025-04-22,In Stock
10979,1,268,496,19,2025-02-04,In Stock
5958,81,67,345,96,2026-05-08,In Stock
12383,85,944,2,53,2025-09-04,Low Stock
11792,74,913,277,41,2026-01-06,In Stock
1056,98,32,370,68,2024-09-09,In Stock
11499,17,470,398,79,2024-01-28,In Stock
595,17,414,-10,53,2024-06-26,Out of Stock
19303,94,604,76,86,2024-07-08,Low Stock
1526,48,136,293,56,2025-04-13,In Stock
9889,68,905,388,72,2024-08-25,In Stock
5825,54,730,189,21,2025-05-28,In Stock
5155,45,333,380,17,2024-05-31,In Stock
15488,95,958,290,39,2024-06-19,In Stock
15325,11,737,189,38,2025-12-15,In Stock
19214,68,328,6,55,2025-09-13,Low Stock
17289,45,971,457,18,2025-11-23,In Stock
12399,12,268,475,54,2024-01-27,In Stock
762,75,911,112,13,2025-09-16,In Stock
7825,4,19,441,68,2026-04-08,In Stock
15536,94,393,463,75,2024-11-12,In Stock
12803,25,316,52,20,2026-02-05,In Stock
16268,15,873,20,17,2026-06-16,In Stock
82,64,119,299,53,2024-11-19,In Stock
7043,67,897,197,95,2025-06-14,In Stock
19216,84,792,119,65,2024-03-25,In Stock
8725,23,691,98,64,2026-03-12,In Stock
959,97,225,205,49,2025-03-25,In Stock
8665,13,475,309,58,2026-06-16,In Stock
6610,77,179,345,53,2024-08-12,In Stock
6027,70,191,254,94,2025-03-04,In Stock
10677,2,446,49,50,2025-10-04,Low Stock
7239,63,401,177,96,2025-03-09,In Stock
10863,25,319,144,44,2026-06-26,In Stock
16162,70,77,355,17,2024-11-09,In Stock
3955,11,428,140,72,2025-01-25,In Stock
4404,85,722,281,42,2025-09-22,In Stock
17734,11,773,117,71,2025-09-10,In Stock
18883,2,114,13,65,2027-01-26,Low Stock
4512,78,130,179,43,2024-10-04,In Stock
1667,95,593,-1,39,2026-05-19,Out of Stock
6858,15,910,34,59,2026-07-25,Low Stock
5354,98,922,-100,24,2025-08-31,Out of Stock
4588,23,172,254,63,2025-02-18,In Stock
17870,51,325,235,93,2027-03-12,In Stock
16043,76,42,334,32,2025-03-07,In Stock
13926,19,71,-50,10,2025-03-04,Out of Stock
14376,65,330,298,82,2025-01-04,In Stock
17375,36,925,230,57,2025-08-28,In Stock
13142,23,784,206,82,2025-08-07,In Stock
3725,13,944,370,59,2026-04-21,In Stock
1265,46,340,137,53,2024-06-21,In Stock
4868,28,310,79,37,2026-04-16,In Stock
18665,78,665,120,39,2024-05-22,In Stock
7256,93,508,125,79,2024-11-21,In Stock
13868,91,203,125,57,2025-04-17,In Stock
10218,84,75,412,32,2024-01-07,In Stock
14222,28,452,60,29,2025-04-06,In Stock
4375,80,241,321,78,2025-05-20,In Stock
9465,25,73,199,12,2025-07-27,In Stock
4088,21,488,8,11,2024-10-31,Low Stock
16257,30,678,388,75,2025-10-14,In Stock
13362,12,807,210,-5,2025-01-06,In Stock
1898,90,204,376,31,2024-10-25,In Stock
12798,40,616,191,75,2025-08-07,In Stock
7417,41,224,494,68,2026-04-05,In Stock
17903,58,969,246,77,2025-04-07,In Stock
13063,36,228,111,14,2025-03-09,In Stock
16146,49,169,381,99,2025-12-08,In Stock
2530,98,837,157,35,2024-09-16,In Stock
15582,65,195,197,26,2025-04-19,In Stock
8105,93,654,141,57,2026-02-16,In Stock
6923,37,780,22,86,2025-01-09,Low Stock
8908,74,291,282,53,2024-08-17,In Stock
661,41,259,345,56,2026-06-20,In Stock
11227,49,790,470,90,2026-07-01,In Stock
8745,89,209,158,82,2025-12-08,In Stock
1119,4,670,423,37,2024-06-15,In Stock
1288,13,505,458,82,2025-03-16,In Stock
6205,95,268,468,43,2024-04-25,In Stock
12623,35,840,314,58,2025-03-07,In Stock
7359,87,852,290,44,2024-11-09,In Stock
2317,58,888,371,76,2024-11-05,In Stock
1418,19,560,384,42,2024-09-06,In Stock
12246,84,377,105,76,2025-08-13,In Stock
8,85,480,67,68,2024-08-16,Low Stock
11400,12,286,409,56,2025-04-21,In Stock
995,78,166,91,41,2026-07-13,In Stock
13884,42,820,239,42,2025-02-05,In Stock
4293,29,487,85,42,2025-02-24,In Stock
10090,10,558,221,50,2025-03-15,In Stock
14919,47,783,246,39,2024-07-19,In Stock
2410,76,510,373,90,2025-09-10,In Stock
297,50,27,445,33,2024-05-09,In Stock
1865,15,681,342,72,2024-03-27,In Stock
16632,30,965,-100,36,2024-06-04,Out of Stock
14912,83,343,48,57,2025-06-21,Low Stock
11682,84,521,279,51,2024-02-18,In Stock
14889,5,685,119,12,2025-11-10,In Stock
18466,30,956,460,59,2026-03-10,In Stock
1146,20,240,309,60,2024-01-12,In Stock
5790,23,983,337,95,2024-07-18,In Stock
19288,88,98,287,14,2024-02-13,In Stock
15311,96,883,60,12,2025-08-01,In Stock
12375,88,745,361,33,2026-06-01,In Stock
11156,32,940,131,37,2026-04-14,In Stock
11961,93,822,312,66,2024-02-13,In Stock
16251,88,155,93,42,2025-03-17,In Stock
3613,65,768,45,70,2024-07-18,Low Stock
16147,9,219,488,55,2025-12-13,In Stock
11805,54,896,414,92,2026-01-22,In Stock
12155,37,592,110,31,2025-05-25,In Stock
13337,85,116,253,84,2024-06-27,In Stock
994,61,374,-10,75,2025-04-13,Out of Stock
13736,47,526,179,79,2024-07-20,In Stock
11968,89,13,499,52,2024-09-25,In Stock
8382,95,736,144,66,2026-07-28,In Stock
9863,50,12885,117,19,2024-12-01,In Stock
478,71,487,170,76,2025-03-31,In Stock
19046,1,184,-10,57,2025-07-21,Out of Stock
16752,96,90,167,38,2026-01-18,In Stock
4191,36,743,88,37,2024-02-14,In Stock
18487,98,588,199,12,2026-05-02,In Stock
17316,29,488,447,31,2026-07-11,In Stock
13981,98,985,53,27,2025-12-19,In Stock
19011,71,639,256,29,2025-12-19,In Stock
11841,69,522,391,73,2025-03-28,In Stock
17552,71,634,27,91,2026-09-19,Low Stock
659,61,65,422,34,2025-03-11,In Stock
2724,59,450,87,41,2025-02-17,In Stock
1794,100,115,399,54,2025-01-09,In Stock
14162,12,636,22,13,2025-12-13,In Stock
5431,2,999,494,-5,2025-01-02,In Stock
13067,73,34,458,33,2024-08-21,In Stock
494,70,454,488,50,2025-11-26,In Stock
4254,9,966,307,73,2024-03-26,In Stock
17537,94,658,448,32,2026-06-20,In Stock
1464,36,739,199,81,2025-10-27,In Stock
18255,81,525,324,61,2024-08-13,In Stock
15151,35,305,186,-20,2026-04-19,In Stock
4009,85,195,183,85,2025-11-24,In Stock
2288,95,612,80,87,2025-06-30,Low Stock
6312,4,824,-10,97,2026-05-08,Out of Stock
10354,28,137,116,31,2024-09-04,In Stock
9158,59,357,82,98,2025-11-05,Low Stock
445,92,728,207,95,2024-08-17,In Stock
8631,78,731,17,87,2026-04-03,Low Stock
673,46,355,65,29,2024-08-15,In Stock
14158,53,73,294,99,2026-01-20,In Stock
10022,7,784,258,26,2025-06-24,In Stock
14817,15,41,2,36,2025-07-05,Low Stock
5741,8,576,97,74,2026-05-15,In Stock
1495,28,185,498,76,2025-11-19,In Stock
11849,60,681,255,57,2026-05-22,In Stock
5262,62,294,209,10,2024-09-04,In Stock
19585,45,338,174,10,2025-09-28,In Stock
3752,90,598,460,15,2025-02-07,In Stock
10523,3,347,265,45,2026-03-23,In Stock
757,1,685,328,22,2025-12-18,In Stock
10538,95,195,249,39,2024-06-20,In Stock
13290,26,896,56,13,2024-10-27,In Stock
10407,31,605,44,42,2026-05-12,In Stock
19333,88,121,214,20,2024-10-27,In Stock
13134,59,217,68,76,2024-05-20,Low Stock
11606,54,794,79,50,2025-11-21,In Stock
1375,55,373,22,30,2026-04-11,Low Stock
19666,71,78,33,31,2026-07-21,In Stock
17357,88,583,408,78,2025-09-28,In Stock
6573,20,130,308,66,2026-03-21,In Stock
538,5,890,363,-20,2025-12-30,In Stock
8905,55,966,478,11,2026-02-10,In Stock
11826,4,197,262,29,2025-11-26,In Stock
6145,3,200,308,83,2024-03-27,In Stock
647,77,818,59,59,2026-03-29,Low Stock
12223,92,663,422,90,2026-07-17,In Stock
2187,80,516,28,81,2024-04-18,Low Stock
3110,68,861,367,41,2025-07-25,In Stock
19467,52,17,62,95,2024-11-24,Low Stock
19888,71,629,291,73,2024-08-21,In Stock
9870,51,617,107,68,2024-12-19,In Stock
16422,87,114,13,98,2025-08-13,Low Stock
9625,13,386,-1,59,2024-03-18,Out of Stock
19310,77,851,413,69,2024-06-02,In Stock
1885,4,799,334,99,2024-02-27,In Stock
15315,4,136,442,45,2024-03-13,In Stock
14217,58,250,12,48,2026-01-24,Low Stock
12378,34,684,279,16,2025-07-04,In Stock
3031,36,371,402,51,2025-08-22,In Stock
2103,98,629,49,69,2024-10-04,Low Stock
10585,53,261,390,49,2026-04-17,In Stock
15986,25,216,14,43,2025-09-24,Low Stock
7146,72,839,31,56,2026-05-18,Low Stock
3892,59,70,53,49,2025-10-02,In Stock
12964,85,950,166,44,2025-04-05,In Stock
1996,15,800,246,30,2026-05-16,In Stock
19136,30,55,299,46,2025-04-22,In Stock
5404,6,739,43,28,,In Stock
19358,19,642,-1,19,2025-07-28,Out of Stock
5293,36,676,349,57,2026-03-06,In Stock
8052,99,524,24,81,2024-02-21,Low Stock
15724,72,860,37,32,2024-01-26,In Stock
12800,84,512,423,53,2025-12-18,In Stock
4926,17,367,160,42,2025-03-20,In Stock
18279,7,959,414,70,2025-01-10,In Stock
7440,20,829,61,41,2024-11-25,In Stock
10600,42,825,230,87,2024-08-24,In Stock
9423,43,274,119,-20,2024-12-12,In Stock
2979,47,752,460,99,2026-05-05,In Stock
3574,1,386,310,19,2024-03-25,In Stock
18453,17,588,17,47,2024-04-29,Low Stock
16813,3,678,416,26,2024-06-18,In Stock
17912,91,681,276,23,2025-11-02,In Stock
1116,59,308,89,90,2025-06-30,Low Stock
17086,73,342,160,57,2024-05-06,In Stock
3467,88,284,223,71,2024-03-05,In Stock
5146,74,963,472,88,2026-03-16,In Stock
10237,93,420,329,53,2025-02-24,In Stock
18100,24,334,63,95,2024-03-02,Low Stock
10959,67,342,18,95,2025-02-06,Low Stock
13489,76,544,436,52,2027-02-26,In Stock
7389,93,450,194,87,2024-05-07,In Stock
15382,3,152,21,88,2026-08-06,Low Stock
11659,94,897,115,84,2025-09-14,In Stock
9923,23,277,274,25,2025-01-29,In Stock
8233,94,143,106,74,2025-11-12,In Stock
11762,44,384,350,91,2024-05-02,In Stock
2539,1737,792,488,95,2026-06-29,In Stock
12950,77,478,473,55,2024-03-29,In Stock
5384,28,245,428,17,2025-08-15,In Stock
16896,27,537,248,50,2024-04-28,In Stock
7625,5,270,346,94,2025-08-07,In Stock
9028,54,504,449,41,2024-02-01,In Stock
7026,97,398,138,59,2026-05-01,In Stock
10803,87,187,124,100,2026-06-23,In Stock
800,98,550,267,41,2024-01-29,In Stock
14581,87,573,15,79,2024-04-09,Low Stock
428,1,462,92,81,2024-02-16,In Stock
10882,100,800,296,67,2026-02-07,In Stock
16284,33,312,207,53,,In Stock
11100,56,396,249,41,2024-07-28,In Stock
16736,31,176,389,37,2026-02-27,In Stock
14448,44,239,53,91,2024-05-10,Low Stock
11533,34,579,150,30,2025-11-17,In Stock
7635,88,10393,221,59,2025-11-21,In Stock
3132,33,568,368,20,2024-11-09,In Stock
233,41,665,306,80,2026-05-29,In Stock
3038,80,498,223,69,2024-07-11,In Stock
15164,24,300,207,31,2025-01-27,In Stock
15459,1,250,405,58,2024-11-02,In Stock
18041,53,639,335,36,2024-05-08,In Stock
13541,18,655,257,30,2024-11-18,In Stock
7424,26,344,242,29,2024-06-19,In Stock
18221,40,907,355,81,2024-01-18,In Stock
11428,54,835,479,55,2025-01-25,In Stock
11938,66,964,466,76,2024-09-13,In Stock
9801,29,131,407,88,2026-03-16,In Stock
19923,77,844,227,24,2024-06-07,In Stock
5370,62,68,426,-5,2025-02-03,In Stock
16658,45,311,39,19,,In Stock
18090,29,162,399,98,2024-08-30,In Stock
19604,97,316,168,16,2025-04-14,In Stock
16821,30,975,283,44,2026-05-31,In Stock
3158,98,10,133,95,2025-11-15,In Stock
6885,75,445,139,89,2024-05-12,In Stock
7343,95,136,302,12,2024-11-22,In Stock
17822,27,467,55,26,2024-06-09,In Stock
10394,23,23,294,40,2025-12-10,In Stock
7903,11,919,11,70,2027-08-12,Low Stock
9330,100,779,97,50,2025-09-20,In Stock
6740,93,184,88,58,2024-07-14,In Stock
13725,31,51,38,16,2026-01-13,In Stock
11663,41,21,175,45,2024-01-30,In Stock
4413,100,350,334,79,2024-02-13,In Stock
2315,9,408,429,73,2025-07-04,In Stock
2019,40,686,87,84,2025-01-13,In Stock
7413,66,994,235,92,2025-12-26,In Stock
11009,8,24,323,20,2024-05-24,In Stock
17249,12,756,276,58,2024-10-11,In Stock
11379,75,538,69,33,2024-09-05,In Stock
16916,32,214,470,66,2026-03-30,In Stock
19394,44,346,55,15,2024-11-05,In Stock
18349,2,87,395,24,2026-01-31,In Stock
9451,56,584,10,89,2024-04-21,Low Stock
3425,46,235,35,80,2025-03-23,Low Stock
12408,6,160,353,23,2026-04-25,In Stock
9816,18,620,18,34,2026-07-24,Low Stock
17972,66,882,152,42,2024-03-05,In Stock
9618,44,263,33,59,2026-04-09,Low Stock
10275,93,621,45,49,2025-02-01,Low Stock
17233,38,734,132,52,2025-10-29,In Stock
4081,59,888,106,89,2024-08-27,In Stock
4963,35,491,162,75,2024-04-17,In Stock
14003,52,806,494,34,2025-09-21,In Stock
16690,15,834,146,28,2024-09-01,In Stock
8210,16,195,437,79,2025-09-06,In Stock
798,91,506,200,37,2024-01-21,In Stock
5468,49,517,225,88,2025-09-14,In Stock
1884,68,936,343,41,2026-04-07,In Stock
12059,17,478,486,63,2025-01-31,In Stock
16696,41,760,410,92,2025-02-15,In Stock
2373,34,684,305,75,2024-01-05,In Stock
8012,95,334,339,47,2024-01-03,In Stock
1199,60,88,323,84,2024-02-05,In Stock
11767,67,312,362,52,2024-09-06,In Stock
19147,54,988,105,76,2024-08-20,In Stock
6168,75,640,399,94,2024-08-31,In Stock
4095,57,862,430,26,2025-09-16,In Stock
11418,29,97,172,73,2024-08-27,In Stock
481,100,782,345,49,2024-10-09,In Stock
7127,32,678,421,91,2025-01-05,In Stock
16673,20,380,259,77,2024-09-09,In Stock
16038,77,21,131,61,2024-06-19,In Stock
8262,10,344,132,56,2024-12-16,In Stock
6940,88,585,42,43,2024-01-21,Low Stock
13659,37,56,335,28,2024-12-13,In Stock
1332,52,85,63,49,,In Stock
17969,8,592,79,47,2025-03-21,In Stock
3306,3,113,440,24,2024-02-09,In Stock
4356,58,349,410,19,2026-02-16,In Stock
3105,43,18491,241,66,2025-11-19,In Stock
15519,39,479,179,96,2024-02-03,In Stock
18199,86,305,247,45,2026-03-02,In Stock
10002,32,321,204,27,2024-04-22,In Stock
9986,20,758,-100,39,2026-06-22,Out of Stock
1421,78,444,-10,16,2025-10-19,Out of Stock
5206,82,805,104,59,2024-06-27,In Stock
15023,95,708,474,49,2024-12-23,In Stock
1235,58,451,378,92,2026-05-30,In Stock
14921,16,983,307,51,2026-05-29,In Stock
1710,11,699,393,68,2024-07-06,In Stock
9256,15,4,134,73,2024-11-25,In Stock
431,23,918,333,43,2024-05-16,In Stock
12365,15,233,397,32,2025-06-17,In Stock
10958,29,773,338,11,2025-06-10,In Stock
2329,90,285,495,92,2025-03-11,In Stock
228,96,494,-1,23,2026-03-10,Out of Stock
10127,14,897,290,30,2025-04-26,In Stock
578,89,552,419,73,2026-04-28,In Stock
4234,20,199,110,61,2025-03-24,In Stock
685,47,956,115,81,2026-06-05,In Stock
6819,53,495,225,75,2025-05-12,In Stock
7751,28,49,322,63,2024-02-07,In Stock
5221,50,95,281,30,2024-04-26,In Stock
3786,21,423,113,26,2024-10-17,In Stock
10200,8,858,49,25,2025-02-26,In Stock
5795,25,250,303,24,2024-06-26,In Stock
8954,4,24,180,96,2024-12-15,In Stock
8752,47,986,101,57,2024-10-27,In Stock
8989,38,786,136,11,2025-01-11,In Stock
13567,35,226,277,94,2024-11-18,In Stock
19074,45,130,84,13,2026-03-18,In Stock
6974,40,944,228,99,2024-08-25,In Stock
17953,48,11,404,92,2025-10-03,In Stock
8495,55,964,31,98,2026-07-22,Low Stock
6038,50,977,384,67,2027-07-26,In Stock
6432,29,826,403,87,2024-03-06,In Stock
11362,23,606,182,60,2026-06-25,In Stock
14393,27,546,80,34,2025-11-30,In Stock
2759,79,770,479,90,2024-11-14,In Stock
17482,46,423,284,53,2025-11-04,In Stock
1655,28,846,330,35,2025-08-29,In Stock
1293,93,895,204,86,2026-04-12,In Stock
7856,48,210,461,45,2025-07-06,In Stock
18922,83,524,62,12,2025-01-01,In Stock
592,59,191,409,10,2025-04-10,In Stock
17809,65,945,238,16,2025-02-13,In Stock
18516,43,728,137,53,2025-09-25,In Stock
5138,39,794,396,39,2024-10-25,In Stock
14446,17,652,277,71,2025-05-08,In Stock
10258,46,425,8,21,2025-05-17,Low Stock
15629,54,814,306,33,2025-08-26,In Stock
16909,59,273,441,100,2026-04-30,In Stock
13650,70,496,191,61,2025-06-11,In Stock
18378,36,393,157,47,2025-04-24,In Stock
10160,20,7,250,30,2024-12-20,In Stock
5698,1,384,159,45,2025-04-16,In Stock
16011,19,872,433,88,2025-04-04,In Stock
4980,72,815,217,42,,In Stock
4889,69,303,241,40,2025-06-12,In Stock
15031,32,621,216,42,2024-06-01,In Stock
17557,66,177,253,42,2024-01-15,In Stock
2848,1,227,345,63,2024-05-19,In Stock
8371,43,631,424,46,2026-05-24,In Stock
11322,88,846,308,31,2026-01-24,In Stock
11287,37,727,118,37,2026-06-21,In Stock
17353,71,884,5,97,2025-04-12,Low Stock
16144,87,16582,446,17,2025-09-17,In Stock
4636,58,874,245,68,2025-06-18,In Stock
3541,1195,727,134,18,2026-05-08,In Stock
5877,53,670,371,13,2024-01-31,In Stock
2384,8,995,327,72,2025-01-01,In Stock
19550,16,450,217,59,2026-08-11,In Stock
5978,57,535,332,49,2024-01-17,In Stock
1161,46,155,387,37,2024-09-30,In Stock
5956,58,238,1,78,2024-12-06,Low Stock
8968,63,960,264,69,2025-01-09,In Stock
19616,23,586,399,78,2025-11-30,In Stock
16715,17,714,207,37,2024-11-20,In Stock
12528,39,464,160,58,2024-06-18,In Stock
2769,49,307,450,87,2025-08-28,In Stock
2635,53,294,301,74,2024-10-11,In Stock
1574,18,217,273,84,2026-01-08,In Stock
18999,56,798,72,75,2026-03-22,Low Stock
3952,1,759,432,76,2024-02-16,In Stock
14095,5,181,177,21,2024-06-03,In Stock
18585,21,626,262,31,2026-06-01,In Stock
18034,18,926,96,76,2024-06-20,In Stock
18658,11,321,12,18,2024-02-21,Low Stock
1330,85,774,288,31,2024-08-19,In Stock
18341,56,26,136,61,2026-04-25,In Stock
3917,62,177,333,25,2026-03-18,In Stock
3773,82,430,181,94,2025-12-08,In Stock
5485,41,946,447,76,2025-11-12,In Stock
6082,25,548,99,78,2025-03-18,In Stock
13124,43,947,392,40,2025-07-15,In Stock
1051,2,875,259,27,2024-02-12,In Stock
624,91,864,415,98,2025-03-16,In Stock
8010,80,13,221,52,2025-12-06,In Stock
14529,49,835,467,32,2024-07-03,In Stock
9532,70,721,479,22,2024-12-03,In Stock
5971,78,441,411,51,2024-08-29,In Stock
9293,93,468,54,41,2024-02-24,In Stock
10720,87,905,124,93,2025-11-27,In Stock
3081,83,475,248,11,2025-05-11,In Stock
1502,55,763,92,43,2025-01-22,In Stock
4996,15,886,106,14,2025-01-01,In Stock
9782,89,67,196,62,2024-11-13,In Stock
11943,36,399,258,42,2026-04-25,In Stock
10510,17,374,63,38,2024-09-11,In Stock
11522,51,361,496,73,2024-09-08,In Stock
18010,70,291,20,10,2025-02-16,In Stock
12789,43,297,97,52,2024-10-25,In Stock
7771,9,959,143,64,2025-07-30,In Stock
2533,39,881,4,79,2024-09-01,Low Stock
13057,86,769,304,39,2027-04-13,In Stock
13089,98,891,426,70,2024-09-20,In Stock
1101,35,740,426,89,2024-06-30,In Stock
14688,72,459,415,29,2026-05-21,In Stock
13685,31,430,340,67,2024-02-15,In Stock
14089,90,462,196,24,2024-05-02,In Stock
13944,63,520,11,70,,Low Stock
13556,10,277,55,36,2025-04-28,In Stock
4723,19,415,123,62,2024-01-16,In Stock
6113,61,57,140,34,2025-05-07,In Stock
4239,22,513,228,86,2026-02-28,In Stock
7979,71,15,185,37,2024-05-16,In Stock
6436,1,504,387,31,2025-07-02,In Stock
14728,98,458,208,34,2024-02-26,In Stock
14863,66,947,43,22,2025-06-01,In Stock
7033,99,358,392,13,2024-01-27,In Stock
13228,23,822,394,27,2026-04-16,In Stock
18175,34,756,224,70,2024-12-31,In Stock
12061,47,280,102,-5,2024-03-12,In Stock
1473,39,911,76,-5,2025-12-24,In Stock
19344,20,733,51,73,2025-06-17,Low Stock
12396,87,505,126,73,2025-06-01,In Stock
14060,43,694,272,61,2024-07-28,In Stock
15539,6,800,495,18,2024-03-03,In Stock
850,52,651,423,43,2024-08-23,In Stock
14705,61,436,216,59,2024-05-08,In Stock
12510,83,554,93,49,2024-11-18,In Stock
4485,17,186,233,94,2024-09-10,In Stock
12351,95,789,75,95,2026-03-27,Low Stock
10736,30,574,45,85,2024-01-30,Low Stock
2211,54,309,-100,29,2026-02-08,Out of Stock
17203,26,852,300,83,2025-09-07,In Stock
3203,96,841,120,70,2024-06-12,In Stock
14421,34,181,43,56,2025-02-14,Low Stock
13346,48,130,53,12,2026-02-18,In Stock
11966,97,401,201,86,2026-04-04,In Stock
16681,73,919,178,97,2026-03-14,In Stock
1285,100,323,203,100,2026-04-14,In Stock
8607,48,549,182,91,2025-05-25,In Stock
3594,63,504,160,31,2024-05-10,In Stock
18754,52,538,340,50,2024-06-02,In Stock
15861,62,728,395,100,2025-07-29,In Stock
19054,10,892,456,69,2025-02-11,In Stock
11901,8,725,419,54,2026-04-04,In Stock
3272,98,966,318,69,2024-03-17,In Stock
4718,55,847,189,62,2024-01-22,In Stock
1005,66,951,342,10,2025-10-09,In Stock
16235,13,72,470,70,2024-04-29,In Stock
10934,57,889,68,70,2025-04-06,Low Stock
16722,80,531,102,45,2024-03-18,In Stock
8458,11,841,79,21,2026-03-08,In Stock
6035,59,858,310,14,2025-12-31,In Stock
16738,57,314,255,31,2024-10-24,In Stock
6213,79,237,378,60,2024-08-08,In Stock
16192,49,860,66,57,2024-04-23,In Stock
14067,62,143,246,66,2025-06-09,In Stock
3543,11,653,109,90,2025-06-20,In Stock
10377,64,983,257,86,2024-04-12,In Stock
254,10,917,333,31,2025-09-21,In Stock
15393,36,578,58,75,2025-09-08,Low Stock
3972,78,67,26,37,2024-07-01,Low Stock
9341,99,59,265,65,2024-02-25,In Stock
2143,85,622,132,67,2025-12-18,In Stock
6093,2,203,54,89,2024-08-20,Low Stock
6404,91,320,399,69,2026-02-16,In Stock
7633,6,568,40,66,2025-07-01,Low Stock
1729,7,287,375,16,2025-11-15,In Stock
9275,69,621,90,26,2025-10-08,In Stock
1672,54,808,192,32,2025-02-19,In Stock
13558,38,507,51,29,2024-01-29,In Stock
10610,12,183,350,61,2026-06-01,In Stock
16222,40,408,248,62,2024-01-14,In Stock
9696,24,563,282,68,2026-04-04,In Stock
1972,6,927,89,70,2024-04-04,In Stock
17820,50,204,405,33,2024-11-21,In Stock
15029,44,152,475,98,2026-04-02,In Stock
10821,40,952,161,73,2024-04-08,In Stock
7808,95,383,307,76,2026-01-27,In Stock
695,100,990,121,91,2025-02-18,In Stock
5730,34,574,292,75,2024-05-16,In Stock
17759,93,593,442,65,2025-12-15,In Stock
18224,20,590,64,86,2024-09-19,Low Stock
19976,96,619,93,32,2024-01-06,In Stock
17447,8,370,312,74,,In Stock
13819,9,795,28,74,2025-10-07,Low Stock
19965,63,511,87,91,2026-06-02,Low Stock
15909,34,366,348,10,2024-11-09,In Stock
19745,82,610,28,67,2025-05-07,Low Stock
18203,8,728,102,95,2025-08-19,In Stock
3095,32,472,424,42,2025-01-16,In Stock
17642,23,593,70,26,2025-04-24,In Stock
7365,27,416,368,91,2026-05-27,In Stock
2115,42,466,391,20,2025-03-08,In Stock
16488,82,700,-1,54,2025-10-31,Out of Stock
2274,9,495,54,-5,2025-12-27,In Stock
16713,65,915,419,57,2024-06-30,In Stock
3245,2,65,169,23,2025-07-05,In Stock
16709,22,302,213,46,2024-11-07,In Stock
6183,80,99,33,44,,Low Stock
5042,40,981,237,89,2026-02-04,In Stock
4818,79,847,496,11,2024-10-06,In Stock
16334,88,923,444,66,2026-06-17,In Stock
3564,49,178,106,100,2026-02-28,In Stock
12912,76,624,444,46,2025-12-22,In Stock
11316,53,132,86,23,2024-11-27,In Stock
11980,71,231,66,61,2025-02-18,In Stock
6177,42,150,72,86,2026-03-01,Low Stock
9955,43,749,232,53,2025-03-23,In Stock
16468,25,790,189,51,,In Stock
6313,42,872,439,19,2025-10-06,In Stock
9989,86,311,75,93,2024-05-05,Low Stock
11630,46,159,71,74,2026-02-10,Low Stock
12958,90,502,418,75,2026-04-27,In Stock
657,12,286,178,85,2024-09-06,In Stock
6685,42,741,160,44,2024-01-28,In Stock
10431,10,316,464,79,2026-08-06,In Stock
18206,1,556,176,11,2024-08-26,In Stock
17550,72,872,230,70,2026-07-08,In Stock
16879,16,150,119,30,2024-10-26,In Stock
10573,97,153,108,69,2025-02-11,In Stock
3232,49,396,408,71,2024-09-03,In Stock
18022,37,706,256,31,2024-06-22,In Stock
2485,38,217,380,39,2024-09-23,In Stock
7206,23,380,290,57,2025-06-13,In Stock
5968,99,617,306,94,2025-12-14,In Stock
17535,29,65,19,18,2024-08-03,In Stock
953,89,754,133,53,2024-01-02,In Stock
9362,51,948,401,83,2024-12-18,In Stock
19667,69,939,49,20,2024-03-18,In Stock
5665,58,324,313,15,2025-05-10,In Stock
18949,48,519,241,50,2024-07-22,In Stock
7029,28,913,139,12,2025-10-07,In Stock
16627,47,701,29,18,2024-11-30,In Stock
3410,4,726,261,18,2025-10-01,In Stock
4776,11,251,36,52,2025-11-23,Low Stock
9911,14,977,64,65,2025-09-30,Low Stock
14696,1908,839,129,47,2026-05-24,In Stock
13133,99,922,69,21,2025-01-02,In Stock
11686,66,691,159,44,2024-03-01,In Stock
1462,99,54,119,34,2026-04-26,In Stock
9025,95,626,37,43,2026-03-26,Low Stock
10787,100,519,278,73,2026-05-30,In Stock
7954,64,789,46,63,2025-03-31,Low Stock
12843,35,897,460,98,2025-01-25,In Stock
14024,53,129,386,39,2024-12-09,In Stock
17109,57,578,172,31,2025-03-01,In Stock
14899,83,991,244,23,2026-05-22,In Stock
5153,15,948,384,59,2025-07-14,In Stock
1147,38,467,-50,97,2024-11-18,Out of Stock
1938,4,814,335,47,2024-10-22,In Stock
12880,55,346,385,39,2024-01-25,In Stock
18325,80,740,312,63,2025-12-19,In Stock
17866,87,929,60,61,2024-12-25,Low Stock
13986,94,695,259,85,2025-06-22,In Stock
5915,78,417,45,95,2026-01-03,Low Stock
457,83,397,167,18,2024-05-05,In Stock
10828,5,657,242,93,2025-04-15,In Stock
5398,86,958,133,64,2025-12-14,In Stock
16399,99,172,429,27,2026-07-29,In Stock
3859,74,620,195,98,2025-12-05,In Stock
97,69,11,331,26,2026-07-20,In Stock
3131,77,285,169,99,2024-12-23,In Stock
8016,29,241,297,64,2025-03-30,In Stock
6781,18,104,262,72,,In Stock
6619,84,956,324,30,2026-08-03,In Stock
2628,95,533,16,-5,2025-09-08,In Stock
3774,37,604,353,40,2024-07-07,In Stock
2240,80,973,87,50,2024-01-23,In Stock
3664,87,847,115,0,2025-09-09,In Stock
13547,60,911,309,51,2025-10-06,In Stock
14506,43,784,249,25,2024-08-13,In Stock
5139,23,497,120,16,2026-01-16,In Stock
14704,27,941,331,46,2025-12-14,In Stock
2390,18,611,434,19,2025-01-17,In Stock
11669,24,986,416,14,2026-02-13,In Stock
17279,69,958,37,24,2026-04-17,In Stock
13846,5,451,420,99,2026-06-19,In Stock
3083,54,402,159,76,2024-12-04,In Stock
11214,6,142,205,89,2025-09-02,In Stock
11716,19,272,364,45,2024-02-14,In Stock
12935,59,919,240,44,2024-07-11,In Stock
5592,24,818,360,80,2025-03-24,In Stock
1664,36,701,411,44,2025-10-10,In Stock
2902,58,884,432,75,2025-07-15,In Stock
4100,47,120,155,62,2024-07-28,In Stock
4269,8,147,59,54,2024-01-11,In Stock
18485,49,107,68,42,2026-07-23,In Stock
14593,79,882,434,10,2026-02-14,In Stock
19758,42,203,72,27,2024-02-02,In Stock
8128,78,135,487,40,2026-06-23,In Stock
6884,99,108,139,77,2025-09-07,In Stock
15441,32,78,153,96,2024-01-05,In Stock
10370,49,431,328,57,,In Stock
2398,31,528,470,57,2024-07-07,In Stock
8900,58,4,87,74,2024-06-30,In Stock
4185,42,966,215,76,2024-12-13,In Stock
17724,24,868,49,26,2024-02-10,In Stock
2577,80,894,458,39,2025-11-04,In Stock
2374,96,50,210,75,2024-02-16,In Stock
16355,99,999,295,90,2025-07-13,In Stock
6634,26,436,240,23,2026-04-16,In Stock
16747,14,809,36,41,2025-12-29,Low Stock
15784,7,156,15,37,2025-12-10,Low Stock
15190,43,451,345,13,2025-02-03,In Stock
16910,76,237,173,93,2024-09-04,In Stock
9474,2,85,451,-20,2024-11-13,In Stock
11948,71,691,198,30,2025-09-09,In Stock
12792,81,397,74,49,2024-04-02,In Stock
5641,46,719,120,68,2025-11-05,In Stock
9002,55,16,45,91,2025-12-05,Low Stock
9288,28,751,228,93,2025-06-21,In Stock
2516,29,359,404,16,2026-02-03,In Stock
4263,11,854,258,77,2026-06-30,In Stock
14803,67,410,334,92,2024-11-08,In Stock
18719,18,472,-10,-20,2026-08-12,Out of Stock
416,91,552,141,57,2026-02-09,In Stock
10457,53,168,432,55,2026-07-18,In Stock
5014,13,772,151,75,2025-06-13,In Stock
13019,78,100,345,84,2024-06-12,In Stock
5779,93,105,476,30,2024-08-24,In Stock
7189,7,264,126,98,2025-06-25,In Stock
15812,8,481,494,87,2026-07-21,In Stock
3696,94,969,377,60,2025-02-03,In Stock
711,45,370,167,28,2024-12-29,In Stock
16707,34,372,24,60,2025-03-18,Low Stock
4504,17,966,87,89,2024-11-02,Low Stock
10701,86,438,52,51,2025-12-02,In Stock
9442,99,324,349,47,2025-04-28,In Stock
17343,28,885,422,35,2025-05-17,In Stock
13318,2,147,260,47,2024-12-13,In Stock
1496,27,956,300,65,2024-01-23,In Stock
14868,49,423,200,69,2024-02-06,In Stock
16297,83,105,367,13,,In Stock
6250,67,799,255,47,2026-05-10,In Stock
9434,12,672,323,11,2024-11-08,In Stock
12504,1502,140,8,87,2026-05-30,Low Stock
4092,1849,559,82,93,2024-10-14,Low Stock
16536,37,91,93,43,2024-08-20,In Stock
2889,65,736,40,49,2025-10-11,Low Stock
4929,56,799,410,12,2025-09-04,In Stock
14690,48,227,83,32,2025-07-30,In Stock
1524,76,46,349,40,2024-04-04,In Stock
14591,92,904,119,55,2026-04-27,In Stock
11163,57,384,18,11,2024-03-27,In Stock
7250,78,883,454,55,2026-06-07,In Stock
5207,42,483,476,18,2025-10-12,In Stock
1242,13,849,30,13,2025-11-27,In Stock
1407,63,934,388,41,2024-11-21,In Stock
3320,41,579,61,31,2026-03-13,In Stock
10595,13,11585,90,82,2024-02-16,In Stock
16179,52,388,444,43,2025-04-25,In Stock
917,66,637,293,76,2025-12-25,In Stock
528,29,452,460,24,2024-06-05,In Stock
14500,61,907,31,25,2025-02-01,In Stock
12248,30,64,101,85,2025-10-25,In Stock
12763,62,862,348,21,2024-05-23,In Stock
15060,48,360,191,96,2026-05-10,In Stock
11264,69,601,422,36,2024-02-27,In Stock
2820,10,532,383,12,2025-11-12,In Stock
12578,55,195,14,18,2026-05-16,Low Stock
19892,75,404,59,20,2024-01-02,In Stock
12740,94,66,204,80,2025-04-11,In Stock
19400,92,500,312,44,2024-11-29,In Stock
6265,72,378,82,53,2025-10-23,In Stock
11884,20,839,-10,60,2024-09-05,Out of Stock
3013,52,40,452,53,2025-03-04,In Stock
17638,91,393,297,66,2024-10-23,In Stock
15198,62,291,276,26,2024-01-22,In Stock
9679,39,831,354,77,2024-05-17,In Stock
17792,87,391,306,88,2026-02-23,In Stock
6108,80,791,376,25,2024-09-12,In Stock
775,29,198,469,93,,In Stock
17637,13,751,237,100,2026-02-04,In Stock
1632,94,975,193,50,2024-12-20,In Stock
17170,52,726,371,56,2024-04-16,In Stock
15355,41,475,442,51,2026-07-22,In Stock
10286,46,681,263,42,2024-09-29,In Stock
14419,13,763,384,93,2024-01-28,In Stock
8662,29,479,262,82,2025-06-22,In Stock
2751,97,374,104,28,2026-08-07,In Stock
16358,17,90,-10,70,2025-03-13,Out of Stock
12796,64,693,11,73,2024-10-18,Low Stock
19083,68,476,377,10,2024-02-27,In Stock
14291,64,937,466,82,2024-01-26,In Stock
10664,26,611,179,87,2025-05-09,In Stock
18874,72,658,72,69,2025-06-01,In Stock
10125,56,466,2,94,2024-07-10,Low Stock
9184,41,85,320,25,2025-11-11,In Stock
599,43,657,309,91,2025-07-26,In Stock
4563,18,344,280,44,2025-09-22,In Stock
12930,59,596,190,77,2024-11-26,In Stock
4002,72,913,435,23,,In Stock
4660,56,615,99,39,2025-05-25,In Stock
10098,76,445,163,42,2024-01-05,In Stock
10632,15,942,487,85,2025-07-06,In Stock
15282,1865,217,40,99,2024-03-22,Low Stock
4685,17,622,175,56,2025-10-30,In Stock
13168,27,46,60,13,2025-02-27,In Stock
15500,51,487,237,85,2025-06-06,In Stock
6218,38,858,-10,39,2025-06-15,Out of Stock
8664,39,185,436,92,2024-12-14,In Stock
12240,81,11,166,68,2025-02-04,In Stock
11290,47,728,114,76,,In Stock
5081,4,109,60,72,2026-02-18,Low Stock
13348,7,820,64,39,2025-06-26,In Stock
5791,56,948,393,83,2024-10-25,In Stock
18899,19,681,225,96,2026-03-18,In Stock
10494,25,591,469,34,2025-10-17,In Stock
1447,25,702,183,13,,In Stock
16939,54,910,200,71,2025-06-13,In Stock
13399,69,116,-100,35,2026-05-03,Out of Stock
11510,74,569,13,58,2025-07-14,Low Stock
13416,82,47,435,73,,In Stock
19112,36,105,35,24,2026-08-06,In Stock
7310,62,678,343,76,2024-11-24,In Stock
7035,9,685,160,83,2026-06-14,In Stock
6001,45,460,85,98,2025-01-05,Low Stock
2838,15,493,368,19,2025-07-02,In Stock
12620,46,513,201,34,2024-08-13,In Stock
3758,30,837,207,47,2025-01-24,In Stock
3219,80,61,362,49,2024-07-29,In Stock
14663,66,467,134,34,2024-05-23,In Stock
3521,74,506,67,15,2025-09-07,In Stock
6595,95,577,-100,67,2025-08-25,Out of Stock
5948,99,72,428,64,2025-11-02,In Stock
12435,79,271,197,53,2024-02-09,In Stock
2589,44,971,167,49,2025-03-26,In Stock
4696,66,231,223,93,2024-06-19,In Stock
13479,64,832,295,56,2025-08-03,In Stock
13329,32,678,167,15,2024-02-09,In Stock
5242,72,92,345,18,2024-01-14,In Stock
9951,38,191,246,69,2026-12-19,In Stock
13368,90,615,79,42,2025-10-11,In Stock
19236,8,544,166,80,2024-03-05,In Stock
8644,11,242,133,99,,In Stock
6807,7,16,189,99,2025-03-04,In Stock
19907,44,497,-1,68,2026-01-14,Out of Stock
9045,90,872,36,95,2025-09-22,Low Stock
18496,71,547,184,72,,In Stock
14427,71,946,38,41,2024-10-29,Low Stock
2465,64,474,68,61,2024-06-22,In Stock
10621,86,62,83,73,2024-10-18,In Stock
16385,38,780,103,-5,2024-06-12,In Stock
15688,39,604,162,13,2025-01-21,In Stock
4484,1360,705,134,88,2024-10-31,In Stock
15092,3,29,27,31,2024-10-27,Low Stock
9181,82,105,178,61,2025-03-06,In Stock
12909,91,368,-100,62,2025-07-06,Out of Stock
12561,3,61,30,71,,Low Stock
18402,91,487,189,45,2025-05-03,In Stock
16773,1,325,170,62,2026-03-27,In Stock
7235,72,473,364,99,2024-07-19,In Stock
4609,9,646,144,51,2025-04-09,In Stock
12201,97,7,54,76,2025-05-19,Low Stock
501,61,315,152,23,2025-09-18,In Stock
14601,67,952,247,35,2026-04-14,In Stock
17939,7,884,475,97,2026-04-07,In Stock
15570,95,670,221,53,2025-02-03,In Stock
1047,88,286,118,61,2024-08-24,In Stock
6328,60,810,215,84,2024-08-13,In Stock
9194,89,78,57,34,2026-01-07,In Stock
12924,47,932,424,54,2025-01-07,In Stock
13107,88,477,188,0,2026-04-21,In Stock
12030,91,556,308,22,2026-06-12,In Stock
13858,47,800,34,18,2025-01-09,In Stock
18399,69,335,375,94,2025-10-15,In Stock
3140,81,22,253,89,2026-04-29,In Stock
13267,10,276,304,29,2024-12-03,In Stock
18044,73,337,195,16,,In Stock
16774,98,607,-10,38,2025-04-18,Out of Stock
778,52,568,420,55,2025-04-05,In Stock
10481,62,664,157,88,2025-09-13,In Stock
10416,82,685,-1,88,2026-05-29,Out of Stock
14977,27,19648,311,13,2025-05-31,In Stock
4020,84,933,327,48,2025-08-10,In Stock
9387,63,954,304,57,2024-11-14,In Stock
9554,22,220,266,56,2026-01-04,In Stock
16061,93,653,232,27,2024-06-06,In Stock
12482,15,890,59,97,2025-11-04,Low Stock
10521,52,158,94,22,2024-07-25,In Stock
17749,91,559,118,46,2024-02-11,In Stock
15191,95,466,9,35,2026-03-03,Low Stock
6084,78,421,408,95,2025-09-25,In Stock
9306,31,650,183,68,2024-10-12,In Stock
2983,63,118,404,64,2024-10-16,In Stock
19075,57,421,40,64,2026-04-07,Low Stock
18105,68,761,96,60,2025-12-06,In Stock
11374,37,852,145,58,2026-02-03,In Stock
5891,26,896,194,77,2025-07-25,In Stock
15663,11,376,439,53,2026-02-10,In Stock
10904,76,560,100,47,2024-01-06,In Stock
9188,59,577,413,61,2025-03-20,In Stock
9157,90,457,495,89,2025-12-07,In Stock
6006,91,717,187,31,2027-01-09,In Stock
566,7,567,268,47,2025-09-25,In Stock
4119,11,590,269,75,2026-07-11,In Stock
5900,52,320,134,75,2027-05-17,In Stock
841,14,773,445,97,2025-07-19,In Stock
3889,74,295,72,-5,2024-11-06,In Stock
9835,59,160,230,81,2025-05-30,In Stock
14526,93,746,190,93,2026-01-26,In Stock
7642,85,463,137,97,2025-10-17,In Stock
15818,42,348,282,38,2025-05-15,In Stock
8656,89,748,189,20,2026-05-19,In Stock
2667,72,777,3,13,2024-06-07,Low Stock
15300,33,164,21,61,2025-11-03,Low Stock
9342,43,606,407,49,2024-04-08,In Stock
4093,3,58,393,37,2025-09-07,In Stock
766,33,721,147,81,2024-01-27,In Stock
1441,40,742,95,24,2024-07-25,In Stock
16474,45,132,394,26,2026-04-01,In Stock
12989,87,153,174,31,2026-03-04,In Stock
3873,4,33,222,46,2024-01-08,In Stock
15106,45,562,207,15,2024-10-21,In Stock
18722,28,94,18,29,2024-12-29,Low Stock
10460,95,504,416,26,2025-03-08,In Stock
4866,13,153,326,74,2026-04-02,In Stock
15091,25,621,114,82,2026-04-09,In Stock
2621,70,153,454,40,2026-01-07,In Stock
14440,99,69,205,41,2026-03-24,In Stock
13144,25,317,337,96,2026-02-16,In Stock
16304,82,331,220,64,2027-08-12,In Stock
6710,32,138,251,22,2024-04-30,In Stock
10221,90,182,273,88,2025-03-06,In Stock
3027,45,412,134,13,2026-07-14,In Stock
15066,60,600,19,49,2024-11-20,Low Stock
4103,93,810,207,38,2024-01-26,In Stock
1299,84,381,15,61,2026-06-20,Low Stock
19022,58,622,236,16,2025-07-06,In Stock
6339,15,882,5,32,2025-04-02,Low Stock
2023,31,715,445,90,2025-03-25,In Stock
16328,63,583,288,93,2024-03-21,In Stock
7373,62,952,188,14,2026-07-19,In Stock
9386,95,578,29,69,2024-10-13,Low Stock
2686,53,340,287,16,2025-11-07,In Stock
17998,23,47,311,56,2025-10-23,In Stock
17426,56,524,383,95,2025-06-21,In Stock
7786,50,144,320,69,2024-12-05,In Stock
1026,23,790,45,56,2025-04-24,Low Stock
15416,48,502,120,46,2026-01-11,In Stock
9405,34,251,179,14,2025-11-10,In Stock
8651,10,928,28,24,2024-05-21,In Stock
14153,16,832,381,56,2024-05-27,In Stock
13023,24,514,331,94,2025-07-07,In Stock
18008,84,847,36,41,2025-11-17,Low Stock
16455,1923,306,367,62,2026-03-11,In Stock
9538,83,976,308,40,2024-11-24,In Stock
9637,90,210,136,30,2024-07-01,In Stock
3500,66,778,164,93,2026-03-12,In Stock
2497,74,786,9,32,2024-01-26,Low Stock
11710,60,686,184,34,2025-07-01,In Stock
11757,86,15,422,54,2025-10-26,In Stock
2423,41,884,131,79,2025-01-17,In Stock
10857,19,374,71,72,2025-06-24,Low Stock
11305,11,76,274,47,2026-05-15,In Stock
2733,22,394,227,35,2025-12-23,In Stock
81,52,605,483,84,2024-06-14,In Stock
4218,23,467,400,12,2024-02-19,In Stock
4243,73,978,19,20,2024-04-27,Low Stock
3812,76,479,200,91,2026-06-01,In Stock
10661,25,436,480,53,2026-06-07,In Stock
8149,53,994,347,56,2026-02-26,In Stock
18612,38,183,410,58,2025-05-16,In Stock
1360,4,363,236,73,2026-01-12,In Stock
11193,12,625,232,59,2024-06-11,In Stock
9841,33,14486,180,32,2026-04-15,In Stock
17499,44,610,165,86,2026-05-13,In Stock
2163,68,248,400,50,2026-06-09,In Stock
880,98,803,162,60,2025-09-12,In Stock
1579,51,578,496,69,2024-06-30,In Stock
7574,93,635,156,70,2025-08-26,In Stock
1510,5,430,296,97,2024-12-13,In Stock
17808,94,481,418,68,2024-06-19,In Stock
19150,30,342,258,93,2026-01-27,In Stock
16330,40,451,157,57,2024-05-10,In Stock
4113,66,740,414,94,2025-07-31,In Stock
14462,52,58,368,67,2025-05-20,In Stock
1846,35,100,199,51,2026-07-16,In Stock
7839,63,367,104,88,2026-05-29,In Stock
4569,29,722,374,69,2025-02-02,In Stock
6964,71,290,197,74,2025-08-28,In Stock
19605,34,705,352,25,2026-03-02,In Stock
19684,66,817,-1,69,2026-01-26,Out of Stock
13323,12,568,446,31,2025-12-27,In Stock
5280,85,824,226,12,2025-07-11,In Stock
12125,44,31,485,84,2026-06-03,In Stock
11392,77,886,277,60,,In Stock
9435,97,33,423,30,2025-03-23,In Stock
3615,64,937,218,74,2025-05-27,In Stock
2109,22,992,418,69,2025-07-27,In Stock
7774,5,704,-10,94,2025-04-14,Out of Stock
14111,97,176,411,32,2026-03-10,In Stock
6033,18,203,121,56,2024-03-02,In Stock
5324,80,903,2,37,2024-03-13,Low Stock
17516,25,887,485,75,2025-05-14,In Stock
13898,90,641,436,48,2024-03-03,In Stock
4184,34,610,202,76,2024-07-12,In Stock
11302,9,602,226,38,2026-07-13,In Stock
19200,6,81,38,25,2024-10-06,In Stock
14400,82,146,129,64,2026-01-11,In Stock
637,99,526,3,85,2024-04-29,Low Stock
8984,80,982,388,53,2024-02-25,In Stock
3220,91,356,400,52,2025-09-24,In Stock
14834,33,709,391,59,2025-08-26,In Stock
6283,38,347,23,28,2025-08-30,Low Stock
14135,91,513,485,61,2024-09-13,In Stock
10812,99,931,93,34,2026-01-27,In Stock
1194,67,342,90,64,2025-11-04,In Stock
46,28,699,470,64,2025-01-31,In Stock
15142,43,611,32,87,,Low Stock
977,12,540,293,100,2025-06-05,In Stock
13721,82,117,187,29,2024-11-14,In Stock
6787,69,416,262,83,2025-01-18,In Stock
10475,9,680,114,58,2024-11-16,In Stock
2964,90,91,392,55,2026-07-21,In Stock
5564,86,85,245,14,2026-07-01,In Stock
11974,69,415,86,58,2024-07-01,In Stock
9777,93,747,434,45,2025-11-15,In Stock
10611,72,818,263,98,2025-12-01,In Stock
4516,93,596,44,26,2026-01-10,In Stock
9582,5,438,252,24,2025-02-06,In Stock
18772,2,11657,87,74,2026-04-28,In Stock
1976,52,234,199,39,2027-03-29,In Stock
5122,15,882,208,36,2026-06-03,In Stock
16637,71,901,253,20,2025-04-01,In Stock
19676,71,216,331,100,2025-10-30,In Stock
18953,97,284,311,24,2026-04-18,In Stock
18824,20,921,119,73,2025-02-19,In Stock
6890,60,638,430,43,2026-02-24,In Stock
16678,7,447,66,62,2026-03-16,In Stock
18354,27,575,152,93,2024-06-20,In Stock
10499,22,678,31,78,2026-02-17,Low Stock
16074,80,647,21,27,2025-02-13,Low Stock
12236,77,651,357,40,2024-07-24,In Stock
17049,40,99,495,14,2024-12-09,In Stock
10240,60,600,47,56,2024-03-07,Low Stock
1752,95,600,221,67,2024-05-01,In Stock
15103,13,890,367,66,2026-01-04,In Stock
12917,17,949,-100,58,2026-07-22,Out of Stock
433,97,398,335,21,2024-11-21,In Stock
5168,97,741,62,18,2026-01-28,In Stock
7601,56,358,240,59,2025-12-21,In Stock
1833,48,960,427,26,2025-10-06,In Stock
9633,23,991,143,-5,2026-01-27,In Stock
12604,9,273,72,87,2024-10-07,Low Stock
10265,82,694,208,88,2024-03-04,In Stock
38,82,417,413,86,2025-07-01,In Stock
8769,60,421,51,75,2026-02-11,Low Stock
10773,18,450,373,38,2024-09-09,In Stock
6204,51,164,381,38,2024-08-25,In Stock
3989,29,602,285,16,2026-07-04,In Stock
14078,7,58,413,53,2025-01-08,In Stock
714,3,503,111,100,2024-11-13,In Stock
560,7,154,230,61,2024-05-23,In Stock
16397,59,672,369,13,2024-04-10,In Stock
14102,70,898,141,67,2026-01-31,In Stock
2336,19,457,232,33,2025-02-05,In Stock
10688,38,336,295,54,2025-08-25,In Stock
8832,67,247,176,67,2025-02-06,In Stock
11267,23,192,379,37,2025-01-30,In Stock
9074,84,741,38,16,2025-04-30,In Stock
11722,14,592,247,96,2026-07-05,In Stock
8760,58,796,61,98,2025-03-20,Low Stock
16548,99,438,499,87,2025-12-09,In Stock
19799,66,635,396,67,2024-08-19,In Stock
10438,59,439,447,34,2026-01-08,In Stock
10779,92,654,230,51,2026-04-14,In Stock
18972,24,971,65,39,2025-11-12,In Stock
8331,71,295,-10,59,2025-03-03,Out of Stock
7433,46,354,306,22,2024-04-18,In Stock
15575,27,662,443,47,2024-06-30,In Stock
8432,5,954,166,11,2025-03-27,In Stock
14981,42,408,-100,78,2025-11-10,Out of Stock
3748,97,594,110,76,2026-01-02,In Stock
1598,13,843,281,90,2024-02-26,In Stock
15742,7,498,50,100,2024-07-20,Low Stock
4491,92,410,14,99,2026-04-03,Low Stock
19348,41,728,86,79,2025-05-29,In Stock
10548,27,779,53,24,2026-04-04,In Stock
9373,75,88,382,22,2026-02-11,In Stock
13820,26,186,210,76,2025-07-28,In Stock
6008,65,538,129,0,2025-12-28,In Stock
17502,30,727,45,43,2026-05-24,In Stock
4303,75,975,199,44,2025-07-19,In Stock
3007,11,369,262,43,2025-10-15,In Stock
13203,63,415,486,95,2026-06-21,In Stock
8283,42,839,320,52,2025-02-16,In Stock
16306,18,269,490,68,2026-06-09,In Stock
626,93,608,175,-20,2025-02-26,In Stock
7524,65,662,84,63,2026-04-30,In Stock
5831,19,173,310,54,2026-04-01,In Stock
1742,41,842,57,50,2026-02-07,In Stock
12759,44,574,457,78,2025-03-23,In Stock
19268,65,863,244,12,2024-06-25,In Stock
17714,73,628,68,36,2026-02-28,In Stock
2830,62,549,218,94,2024-10-23,In Stock
14573,67,165,499,46,2024-06-13,In Stock
15075,71,782,450,50,2024-09-10,In Stock
16806,53,826,180,85,2025-05-27,In Stock
11265,65,421,407,47,2024-07-16,In Stock
18391,10,472,311,-5,2024-12-12,In Stock
14105,94,171,421,35,2025-01-25,In Stock
10448,42,770,102,20,2026-08-02,In Stock
17727,37,114,433,24,2026-12-30,In Stock
7940,17,425,385,55,2024-07-08,In Stock
8028,69,777,373,45,2026-04-06,In Stock
3414,100,237,439,12,2024-08-29,In Stock
14510,48,71,277,64,2025-11-01,In Stock
10671,10,617,474,65,2024-09-05,In Stock
13904,61,228,350,40,2026-07-22,In Stock
907,24,630,461,65,2024-12-01,In Stock
9229,12,750,216,62,2024-01-16,In Stock
18362,75,471,206,94,2024-08-15,In Stock
761,32,449,173,11,2024-07-25,In Stock
3119,59,307,-50,15,2025-11-12,Out of Stock
987,47,913,424,20,2026-03-27,In Stock
15258,64,292,312,27,2025-09-28,In Stock
13620,95,603,423,74,2025-01-18,In Stock
18773,56,203,148,-20,2024-07-25,In Stock
11593,20,341,168,70,2025-06-06,In Stock
10846,30,729,357,100,2026-05-26,In Stock
13244,47,656,403,88,,In Stock
14735,37,72,72,85,2024-11-21,Low Stock
10246,74,781,227,78,2025-01-01,In Stock
296,37,213,133,46,2025-12-30,In Stock
11154,86,606,190,93,2024-06-04,In Stock
1786,72,39,257,45,2025-08-28,In Stock
4383,68,677,14,42,2025-09-28,Low Stock
2259,53,639,354,43,2025-04-30,In Stock
5319,87,327,176,13,2024-03-09,In Stock
5855,43,691,274,35,2026-05-14,In Stock
15568,43,662,104,81,2025-01-24,In Stock
9477,35,698,111,68,2025-02-24,In Stock
13261,54,757,53,26,2024-03-12,In Stock
13658,91,67,23,89,2024-01-13,Low Stock
14481,92,865,430,95,2025-12-12,In Stock
9905,19,477,273,22,2025-03-24,In Stock
5734,73,424,185,94,2024-08-18,In Stock
5770,48,401,238,24,2026-06-05,In Stock
8742,58,557,41,91,2024-08-10,Low Stock
18227,40,13,119,46,2024-03-25,In Stock
15056,14,424,82,82,2025-03-12,Low Stock
7987,68,527,411,29,2025-04-10,In Stock
17841,66,189,225,29,2026-05-04,In Stock
3575,83,922,439,61,2025-11-23,In Stock
12293,43,68,465,16,2026-05-21,In Stock
7408,49,403,355,64,2024-10-31,In Stock
19785,87,848,339,36,2026-02-15,In Stock
16325,45,502,103,48,2025-01-23,In Stock
7314,37,168,207,31,2026-01-30,In Stock
2649,74,502,55,63,2025-04-03,Low Stock
2587,32,738,188,35,2025-10-28,In Stock
8904,7,253,220,61,2024-11-13,In Stock
6577,80,462,415,93,2024-09-22,In Stock
3161,32,504,117,42,2026-04-30,In Stock
3183,29,260,427,84,2024-01-18,In Stock
12120,68,231,105,70,2024-09-27,In Stock
2378,56,745,33,39,2026-03-05,Low Stock
4804,94,852,2,67,2025-08-11,Low Stock
15429,33,470,223,85,2026-01-10,In Stock
5693,9,553,114,37,2025-11-08,In Stock
15357,54,932,496,90,2026-03-17,In Stock
19622,81,413,143,61,2025-04-17,In Stock
5393,72,304,492,61,2025-03-22,In Stock
9117,82,795,380,46,2025-04-16,In Stock
9372,59,335,448,64,2026-07-12,In Stock
19462,64,445,485,13,2024-01-20,In Stock
14198,77,717,256,100,2025-06-23,In Stock
13643,47,376,492,51,2025-04-17,In Stock
14973,20,3,58,62,2024-01-30,Low Stock
14478,11,270,393,0,2024-02-06,In Stock
12877,39,236,176,90,,In Stock
8979,40,995,-50,74,2025-12-24,Out of Stock
13458,58,649,153,74,2025-04-30,In Stock
9292,32,790,34,64,2025-04-30,Low Stock
10539,15,667,351,36,2024-05-17,In Stock
18318,97,811,171,67,2025-12-27,In Stock
5373,27,675,171,33,2024-12-23,In Stock
1880,97,480,342,16,2026-06-01,In Stock
1614,90,747,78,65,2024-12-24,In Stock
5830,23,748,224,36,2024-07-06,In Stock
13149,9,764,414,55,2026-08-09,In Stock
18934,21,877,304,36,2025-08-24,In Stock
11604,49,841,10,71,2026-02-21,Low Stock
2016,63,54,192,46,2025-11-15,In Stock
12674,18,30,412,72,2024-12-29,In Stock
19494,54,410,179,12,2024-09-25,In Stock
5757,6,251,53,55,2025-06-08,Low Stock
604,53,703,225,30,2024-04-14,In Stock
5330,3,278,184,98,2024-08-07,In Stock
9754,77,54,479,92,2026-04-12,In Stock
13805,98,844,294,32,2025-04-22,In Stock
7013,51,469,-50,71,2025-03-23,Out of Stock
244,86,161,394,29,2024-08-04,In Stock
16913,87,835,22,83,2024-07-22,Low Stock
16402,43,188,374,54,2025-06-11,In Stock
8299,75,886,-50,87,2025-05-13,Out of Stock
6803,29,631,179,44,2024-04-19,In Stock
11218,35,365,94,33,2025-06-02,In Stock
19234,3,665,304,85,2024-09-15,In Stock
19582,27,663,459,91,2027-02-21,In Stock
4831,86,69,449,85,2024-11-07,In Stock
12834,35,698,79,24,2024-02-17,In Stock
5345,98,541,278,82,2025-09-28,In Stock
5203,21,877,273,89,,In Stock
15358,58,687,481,48,2025-03-19,In Stock
18820,62,23,160,97,2024-09-04,In Stock
16607,69,891,405,26,2024-03-04,In Stock
17796,86,688,376,37,2026-02-20,In Stock
16169,82,811,345,38,2025-12-09,In Stock
3961,1924,696,169,54,2026-03-18,In Stock
3874,52,660,114,54,2024-02-07,In Stock
180,61,136,333,84,2025-04-14,In Stock
17021,15,55,-10,43,2025-06-02,Out of Stock
10371,17,166,125,82,2024-02-07,In Stock
4794,93,811,211,49,2025-11-23,In Stock
7437,73,46,115,60,2024-07-02,In Stock
12052,53,2,306,61,2024-01-10,In Stock
5959,85,554,370,37,2025-05-25,In Stock
1801,12,269,382,44,2025-06-12,In Stock
13407,26,40,207,89,2026-02-16,In Stock
9450,47,480,428,17,,In Stock
19630,7,601,264,12,2024-10-18,In Stock
6039,73,318,342,57,2026-03-25,In Stock
15245,95,264,75,55,2026-06-30,In Stock
8222,78,410,217,19,2026-01-18,In Stock
19682,54,328,464,96,2026-04-02,In Stock
2802,50,621,497,14,2025-07-11,In Stock
14952,15,453,100,83,2024-07-22,In Stock
11447,14,509,259,98,2026-05-17,In Stock
2923,54,61,242,98,2026-07-15,In Stock
18115,69,308,281,45,2026-01-20,In Stock
7742,58,591,138,23,2024-09-02,In Stock
16037,10,130,387,24,2026-01-26,In Stock
18890,51,968,499,99,2026-02-24,In Stock
1246,62,784,325,45,2024-02-19,In Stock
17398,68,995,133,60,2025-03-28,In Stock
4538,61,435,-10,22,2026-03-13,Out of Stock
4054,97,827,151,63,2025-08-06,In Stock
5932,57,871,397,67,2024-12-28,In Stock
3240,57,205,111,20,2024-08-12,In Stock
109,8,125,389,77,2024-07-14,In Stock
15809,11,550,131,87,2025-08-01,In Stock
13350,6,608,198,58,2024-05-14,In Stock
17721,12,610,38,60,2025-08-13,Low Stock
16253,1,851,252,97,2026-03-29,In Stock
17273,100,149,3,52,2024-10-20,Low Stock
5845,50,952,303,17,2026-04-18,In Stock
14784,3,365,229,90,2025-04-29,In Stock
4395,35,271,328,21,2025-11-09,In Stock
5874,2,482,237,25,2026-03-16,In Stock
18830,51,514,288,66,2026-05-20,In Stock
18492,4,766,20,78,2026-08-13,Low Stock
13422,41,694,280,34,2025-02-22,In Stock
16772,100,225,98,55,2025-08-30,In Stock
4349,74,159,164,73,2025-06-27,In Stock
14960,70,162,19,94,2025-03-26,Low Stock
10808,21,826,24,76,2026-08-07,Low Stock
13961,45,787,391,77,2025-06-15,In Stock
11237,76,395,472,100,2026-01-24,In Stock
13374,63,741,483,23,2025-01-27,In Stock
11073,24,407,334,38,2026-05-12,In Stock
5151,9,41,244,70,2026-04-03,In Stock
13018,43,975,5,10,2026-02-06,Low Stock
17098,92,688,415,63,2026-07-23,In Stock
16969,82,817,266,65,2024-08-27,In Stock
15527,19,395,255,69,2024-04-04,In Stock
12815,26,479,355,69,2025-06-13,In Stock
974,15,405,131,60,2025-12-14,In Stock
10964,22,249,492,42,2025-10-13,In Stock
4300,48,24,74,71,2025-03-23,In Stock
3654,98,16585,232,75,2026-02-28,In Stock
5873,96,123,42,57,2025-06-19,Low Stock
4839,24,253,345,73,2025-07-07,In Stock
7599,6,434,141,39,2026-05-16,In Stock
7378,8,682,474,32,2024-02-29,In Stock
3037,8,374,342,48,2024-12-09,In Stock
13220,73,132,119,37,2025-04-08,In Stock
3089,73,745,365,29,2024-09-16,In Stock
12781,27,69,292,78,2024-02-04,In Stock
7196,21,752,98,70,2026-07-10,In Stock
9268,43,867,117,55,2026-08-08,In Stock
11286,14,664,311,14,2025-06-25,In Stock
7465,14,705,229,37,2025-12-03,In Stock
2826,43,737,196,88,2025-02-27,In Stock
12848,92,498,56,23,2024-06-12,In Stock
6331,77,652,474,87,2025-01-17,In Stock
11,19,991,471,61,2024-05-03,In Stock
5869,8,625,367,87,2026-01-21,In Stock
8856,52,600,9,22,2026-06-23,Low Stock
1427,42,374,321,81,2025-11-19,In Stock
19496,40,300,422,0,2025-07-19,In Stock
18144,53,373,92,35,2025-03-10,In Stock
18287,77,859,439,21,2025-03-13,In Stock
4815,65,627,118,27,2024-12-12,In Stock
14416,48,104,377,60,2025-08-29,In Stock
16419,32,150,40,22,2026-07-18,In Stock
16333,71,236,374,24,2026-02-01,In Stock
10586,74,902,378,85,2024-04-06,In Stock
2785,14,865,177,21,2025-12-08,In Stock
15715,4,40,202,90,2024-09-30,In Stock
12684,98,421,212,44,2024-01-27,In Stock
8516,96,547,494,13,2024-09-26,In Stock
1345,36,947,295,76,2024-09-05,In Stock
18823,5,502,77,54,2024-12-12,In Stock
373,1,483,149,32,2025-01-28,In Stock
910,73,701,31,12,2026-07-04,In Stock
3400,32,201,228,88,2024-06-27,In Stock
497,41,148,116,16,2024-03-04,In Stock
15933,66,263,409,26,2025-08-10,In Stock
14094,71,143,348,17,2024-05-11,In Stock
16971,74,664,267,34,2026-06-03,In Stock
5303,78,133,156,20,2024-11-04,In Stock
17300,87,131,106,41,2025-10-23,In Stock
1245,84,253,244,90,2026-01-12,In Stock
4366,80,503,171,91,2024-07-28,In Stock
17024,64,203,127,72,2025-01-29,In Stock
1196,1131,627,314,91,2026-01-02,In Stock
2991,20,129,336,62,2025-04-18,In Stock
4954,61,782,375,60,2026-01-25,In Stock
1424,12,964,273,97,2024-08-10,In Stock
14005,14,678,429,67,2025-01-11,In Stock
257,27,83,57,89,2024-05-30,Low Stock
8206,9,540,356,50,2024-03-02,In Stock
15475,79,217,84,69,2024-06-23,In Stock
8481,71,845,393,61,2025-09-02,In Stock
6288,71,979,322,61,,In Stock
12304,67,870,296,90,2025-09-19,In Stock
13339,25,166,287,86,2024-11-28,In Stock
14625,63,942,273,32,2024-01-22,In Stock
16382,21,994,279,88,2024-12-14,In Stock
5793,11,804,396,55,2024-06-11,In Stock
12296,3,618,41,25,,In Stock
18683,10,601,41,62,2026-07-06,Low Stock
1233,66,858,454,80,2024-09-28,In Stock
14134,2,18816,162,20,2026-07-11,In Stock
11545,1867,814,137,55,2025-03-26,In Stock
7523,12,978,404,33,2026-05-20,In Stock
9305,47,105,99,31,2026-04-06,In Stock
10874,4,363,36,17,2024-06-18,In Stock
14384,88,107,57,44,2024-06-15,In Stock
7881,88,155,125,89,2024-04-29,In Stock
18305,14,408,475,47,2025-01-16,In Stock
5131,55,16629,415,52,2027-01-22,In Stock
5913,1530,829,4,61,2026-02-02,Low Stock
8460,22,160,343,32,2024-10-03,In Stock
3924,98,52,159,98,2026-07-07,In Stock
6128,26,652,146,93,2025-03-13,In Stock
12768,53,985,495,47,2025-08-22,In Stock
6287,91,309,441,24,2024-07-17,In Stock
11652,70,770,264,28,2025-04-02,In Stock
7820,40,389,450,78,2026-06-12,In Stock
6508,57,170,-1,59,2024-12-07,Out of Stock
19871,91,397,-1,99,2025-02-04,Out of Stock
12158,58,772,14,84,2025-10-08,Low Stock
6271,79,56,201,90,2024-12-12,In Stock
1380,20,672,381,72,2026-03-13,In Stock
7690,49,372,275,52,2026-01-25,In Stock
3689,93,962,181,61,2024-03-07,In Stock
18375,74,242,110,97,2026-08-11,In Stock
4760,27,665,334,52,2024-10-16,In Stock
16329,48,817,2,75,2025-08-25,Low Stock
11498,41,806,125,70,2026-07-17,In Stock
12557,30,243,144,73,2024-04-06,In Stock
3791,95,789,324,23,2025-04-24,In Stock
8813,73,760,448,40,2024-10-12,In Stock
5800,70,250,439,25,2025-10-23,In Stock
653,43,343,386,68,2025-12-03,In Stock
17091,37,23,400,89,2024-08-23,In Stock
7873,33,24,116,63,2024-07-21,In Stock
18557,55,584,460,81,2024-01-27,In Stock
17362,24,750,363,41,2025-08-04,In Stock
5329,29,498,280,99,2024-11-14,In Stock
7220,53,622,82,36,2025-11-13,In Stock
18122,35,869,75,83,2025-07-20,Low Stock
11168,59,186,54,15,2024-05-30,In Stock
12269,25,444,480,27,2025-12-05,In Stock
6153,61,11,436,97,2025-05-12,In Stock
10709,10,337,3,74,2025-01-22,Low Stock
13286,82,556,364,33,2025-07-30,In Stock
19922,30,816,173,71,2025-03-30,In Stock
19513,27,387,461,44,2025-02-28,In Stock
13022,72,247,262,82,,In Stock
18342,1833,729,190,61,2025-10-24,In Stock
15945,74,557,369,19,2025-07-05,In Stock
15937,99,349,120,94,2026-06-12,In Stock
12316,62,693,274,87,2026-06-22,In Stock
2917,22,502,188,24,2024-06-13,In Stock
15301,85,824,285,34,2025-09-28,In Stock
1507,52,459,0,68,2024-12-08,Out of Stock
18135,39,256,312,67,2025-10-13,In Stock
10589,27,849,147,40,2025-07-13,In Stock
2131,73,265,323,16,2024-02-19,In Stock
14062,68,238,17,63,2025-11-05,Low Stock
1649,44,802,248,98,2025-10-18,In Stock
4891,2,166,222,40,2026-01-14,In Stock
731,94,563,296,93,2025-09-02,In Stock
6767,84,894,451,66,2024-01-14,In Stock
15053,68,424,391,93,2024-10-31,In Stock
13377,54,637,179,37,2025-05-30,In Stock
8202,65,765,85,73,2024-11-06,In Stock
19334,47,278,392,83,2025-02-15,In Stock
12108,76,301,241,57,2026-04-29,In Stock
9938,98,201,499,30,2026-01-01,In Stock
5222,96,533,386,65,2025-02-20,In Stock
17935,80,30,439,23,2024-05-30,In Stock
2710,71,352,468,21,2026-01-21,In Stock
5903,17,219,346,59,2025-05-11,In Stock
13043,56,172,46,56,2024-03-30,Low Stock
19061,56,418,166,69,2026-02-27,In Stock
14650,21,751,351,18,2024-09-05,In Stock
1544,77,982,226,43,2024-02-28,In Stock
16915,45,18196,405,21,2025-03-01,In Stock
3127,89,218,363,-20,2024-05-07,In Stock
1157,86,413,375,35,2025-04-15,In Stock
16555,38,560,306,30,2026-02-02,In Stock
5986,1680,71,309,82,2025-06-08,In Stock
33,67,835,169,97,2025-06-17,In Stock
7188,53,177,395,-20,2026-07-20,In Stock
18544,97,230,194,61,2025-12-17,In Stock
17897,91,421,35,25,2024-09-05,In Stock
9780,71,507,168,57,2024-07-17,In Stock
9177,31,249,472,39,2026-06-09,In Stock
15058,57,405,462,80,2025-08-16,In Stock
6301,55,225,170,-20,2025-12-09,In Stock
1611,20,922,-10,42,2025-08-23,Out of Stock
940,55,745,490,25,2026-01-18,In Stock
14737,83,693,282,12,2025-05-15,In Stock
4024,38,332,207,32,2025-10-07,In Stock
15261,68,693,95,39,2025-11-20,In Stock
8750,36,888,309,29,2026-04-04,In Stock
746,18,519,173,44,2026-06-26,In Stock
4084,23,821,-100,74,2024-06-08,Out of Stock
18941,55,845,16,67,2025-04-23,Low Stock
5583,34,722,221,27,2025-06-29,In Stock
2878,52,218,281,52,2026-06-07,In Stock
4702,38,22,79,37,,In Stock
9934,69,807,228,64,2025-03-26,In Stock
16642,66,765,290,74,2025-01-25,In Stock
2652,60,420,182,68,2025-07-27,In Stock
17835,7,817,306,84,2025-09-06,In Stock
11069,99,354,366,51,2025-03-28,In Stock
5647,90,215,105,27,2025-03-21,In Stock
1822,86,684,363,41,2024-08-13,In Stock
14836,93,463,177,33,2026-07-02,In Stock
7414,19,712,240,18,2024-03-06,In Stock
9523,63,631,163,21,2025-06-04,In Stock
18449,78,110,195,79,2026-06-25,In Stock
7147,49,213,480,52,2025-01-05,In Stock
958,53,537,423,42,2026-03-06,In Stock
2111,25,935,128,14,2025-07-26,In Stock
12879,74,134,341,30,2024-06-04,In Stock
5109,31,568,67,54,2024-05-11,In Stock
15127,31,821,476,81,2024-12-23,In Stock
7632,66,851,148,30,2026-06-24,In Stock
19963,32,729,177,34,2024-01-06,In Stock
18564,36,252,400,89,2025-07-14,In Stock
19649,57,927,432,82,2027-05-15,In Stock
7924,22,154,277,71,2025-02-06,In Stock
19931,48,524,145,16,2026-03-13,In Stock
17797,34,292,389,12,2025-07-06,In Stock
8848,31,418,218,58,2024-02-13,In Stock
18488,8,183,18,32,2026-03-23,Low Stock
11518,96,363,341,63,2025-02-22,In Stock
14983,38,105,254,99,2025-01-11,In Stock
14234,32,278,-1,54,2024-11-04,Out of Stock
10392,41,60,120,27,2025-12-28,In Stock
2961,44,733,218,49,2024-11-18,In Stock
4641,9,999,104,23,2025-12-21,In Stock
2400,44,380,17,49,2027-03-16,Low Stock
7311,23,963,367,20,2024-07-09,In Stock
7252,39,538,99,40,2026-10-13,In Stock
5488,84,923,274,92,2025-10-06,In Stock
19082,91,645,256,15,2026-06-30,In Stock
17778,94,508,230,45,2026-04-11,In Stock
16236,30,390,100,93,2025-04-25,In Stock
11098,36,72,64,11,2026-02-15,In Stock
9598,68,448,344,58,2026-07-12,In Stock
16970,1758,26,345,19,2025-08-01,In Stock
2626,3,459,100,19,2024-07-24,In Stock
15574,55,881,399,82,2024-03-07,In Stock
10780,53,573,252,69,2026-03-17,In Stock
9658,27,573,127,30,2026-06-23,In Stock
3149,16,128,76,28,2025-09-19,In Stock
7025,60,653,258,23,2024-07-06,In Stock
15264,79,442,373,11,2024-02-20,In Stock
2874,85,181,417,34,2024-04-23,In Stock
17574,59,854,429,80,2024-07-31,In Stock
8298,57,837,75,76,2025-10-17,Low Stock
15544,69,821,468,25,2024-02-14,In Stock
13542,61,959,443,11,2025-02-19,In Stock
3571,24,611,479,92,2024-11-19,In Stock
77,54,868,57,75,2024-12-05,Low Stock
17018,11,314,351,64,2026-07-10,In Stock
19164,68,446,289,54,2026-02-21,In Stock
15939,44,875,204,37,2025-11-01,In Stock
12388,76,833,460,51,2026-03-14,In Stock
18295,86,647,481,97,2025-09-02,In Stock
6652,67,37,218,56,2025-07-12,In Stock
4948,24,266,329,34,2026-01-13,In Stock
18201,43,6,493,53,2026-03-08,In Stock
10453,69,358,22,29,2026-04-09,Low Stock
9968,88,899,6,97,2025-02-17,Low Stock
15626,89,467,329,85,2024-11-13,In Stock
94,79,680,422,21,2025-02-13,In Stock
5167,37,647,120,64,2024-11-01,In Stock
16901,62,61,252,74,2026-03-06,In Stock
2732,34,735,472,45,2025-03-23,In Stock
7172,53,394,386,60,2024-11-29,In Stock
6792,27,86,465,80,2026-07-16,In Stock
12884,16,184,320,54,2026-05-06,In Stock
4811,7,309,89,60,2024-02-23,In Stock
11813,1,64,455,10,2025-04-05,In Stock
3270,82,824,284,73,2025-10-14,In Stock
2339,27,685,306,81,2025-05-26,In Stock
11795,47,509,361,85,2024-09-06,In Stock
6112,88,805,323,61,2026-01-27,In Stock
7845,53,583,495,12,2026-01-17,In Stock
13420,79,123,253,93,2026-02-05,In Stock
1886,97,167,59,63,2026-08-12,Low Stock
11903,13,194,358,67,2025-02-07,In Stock
5774,97,164,229,95,2024-05-14,In Stock
4324,42,925,268,36,2024-02-15,In Stock
8191,85,18,95,60,2026-03-11,In Stock
19168,57,741,171,44,2025-05-04,In Stock
10651,90,645,78,83,2025-07-04,Low Stock
3,91,878,86,85,2025-05-28,In Stock
14932,79,10692,412,29,2026-03-04,In Stock
5256,25,751,306,32,2025-09-22,In Stock
2760,5,85,436,23,2025-10-25,In Stock
19161,81,157,270,55,2025-09-18,In Stock
17744,65,239,46,21,2026-03-18,In Stock
9630,49,985,292,78,2025-06-01,In Stock
9426,2,856,61,76,2024-07-02,Low Stock
7850,60,533,142,62,2026-02-27,In Stock
3176,77,580,34,31,2025-06-14,In Stock
10042,61,618,246,66,2024-07-20,In Stock
2466,94,399,282,83,2026-04-24,In Stock
1294,76,785,198,66,2025-09-18,In Stock
5394,85,660,27,48,2024-08-10,Low Stock
5405,55,529,354,32,2025-09-28,In Stock
1531,80,841,485,30,2025-10-05,In Stock
17488,36,915,192,23,2025-10-16,In Stock
8642,59,798,156,10,2026-02-16,In Stock
7843,44,643,128,76,2024-08-24,In Stock
11228,46,130,76,85,,Low Stock
18855,64,428,215,54,2026-05-10,In Stock
3622,37,254,159,42,2025-06-04,In Stock
2318,63,838,159,58,2024-04-21,In Stock
7087,48,969,254,56,2025-02-26,In Stock
2186,2,840,347,28,2026-07-15,In Stock
4478,40,735,63,18,2025-07-09,In Stock
10083,1308,104,206,65,2026-04-05,In Stock
1156,24,885,381,87,2024-04-01,In Stock
12057,68,893,292,89,2025-12-08,In Stock
330,24,319,-50,56,2024-07-29,Out of Stock
15692,43,271,68,36,2026-07-09,In Stock
9921,59,810,341,83,2024-12-04,In Stock
11136,71,43,451,36,2026-06-22,In Stock
17652,18,913,368,95,2026-07-02,In Stock
3228,93,341,163,42,2024-06-30,In Stock
6522,73,328,72,28,2025-08-28,In Stock
2998,47,579,29,95,2025-01-03,Low Stock
17420,69,846,2,60,2024-10-01,Low Stock
14499,10,592,256,78,2025-07-14,In Stock
4393,17,471,105,24,2024-05-08,In Stock
128,1,777,43,42,2026-01-01,In Stock
17212,37,102,33,-20,2026-01-10,In Stock
13560,2,210,101,22,2024-11-02,In Stock
16028,78,938,309,23,2025-05-05,In Stock
2464,58,361,110,67,2024-08-26,In Stock
11718,99,692,128,66,2025-12-05,In Stock
2847,58,685,185,48,2025-11-08,In Stock
14534,49,677,259,84,2024-10-20,In Stock
15405,29,842,310,83,2026-02-02,In Stock
7587,30,843,223,94,2024-11-06,In Stock
9805,70,396,269,96,2024-01-08,In Stock
17414,55,837,137,46,2024-06-20,In Stock
2192,68,837,330,85,2024-08-04,In Stock
9922,19,10522,386,84,2025-06-24,In Stock
19272,13,306,208,71,2025-03-06,In Stock
6669,9,899,470,18,2024-08-30,In Stock
2071,64,6,236,31,2026-06-12,In Stock
8164,84,375,280,73,2025-07-25,In Stock
17189,26,821,130,98,2026-06-17,In Stock
7594,97,692,206,41,,In Stock
6303,67,470,27,62,2026-05-18,Low Stock
3417,16,26,-50,77,2024-08-10,Out of Stock
5910,75,491,331,81,2025-02-13,In Stock
11179,19,599,319,67,2024-06-23,In Stock
9460,59,766,475,89,2025-10-01,In Stock
15455,55,98,291,40,2024-05-12,In Stock
12742,76,737,363,34,2024-06-29,In Stock
12042,82,417,62,42,2025-02-05,In Stock
7582,63,59,437,86,2024-12-09,In Stock
4048,95,389,483,99,2024-07-12,In Stock
15132,85,61,86,95,2024-11-07,Low Stock
16157,84,298,447,20,2026-07-01,In Stock
14169,19,694,49,55,2025-10-27,Low Stock
5299,20,198,411,11,2025-04-17,In Stock
13307,68,133,241,51,2025-08-23,In Stock
2323,94,799,326,47,2025-04-12,In Stock
4241,25,612,145,95,2024-03-30,In Stock
13463,20,982,492,19,2024-11-17,In Stock
13230,3,114,464,96,2024-08-22,In Stock
6746,88,513,74,10,2026-04-02,In Stock
10948,51,323,180,95,2024-05-05,In Stock
2493,62,483,55,48,2024-09-23,In Stock
7613,29,338,240,76,2025-02-24,In Stock
6903,28,606,-100,57,2024-08-01,Out of Stock
9770,10,82,448,61,2025-12-17,In Stock
5235,45,412,483,98,2025-06-17,In Stock
9070,32,91,487,72,2025-03-18,In Stock
3273,58,943,341,48,2024-10-24,In Stock
10142,39,527,272,64,2026-05-28,In Stock
5274,36,779,92,34,2025-01-07,In Stock
11946,77,18799,360,55,2024-06-12,In Stock
2890,50,560,105,96,2024-10-02,In Stock
17429,83,226,115,45,2024-02-23,In Stock
789,7,519,33,29,2024-06-20,In Stock
11625,91,176,376,66,2024-03-03,In Stock
3348,49,933,209,16,2025-04-07,In Stock
12363,39,135,350,70,2026-01-20,In Stock
14749,4,934,204,0,2026-01-14,In Stock
12060,99,377,246,18,2026-03-20,In Stock
13006,80,560,441,30,2026-05-19,In Stock
13367,10,822,314,80,2025-10-29,In Stock
17126,61,799,191,95,2025-01-31,In Stock
19535,49,169,229,66,2025-10-05,In Stock
18326,65,591,371,50,2026-06-26,In Stock
6197,82,634,331,56,2025-02-01,In Stock
7695,82,375,7,74,2025-05-05,Low Stock
6029,5,449,5,98,2024-10-03,Low Stock
3378,14,653,425,79,2024-03-23,In Stock
584,56,992,479,39,2025-03-19,In Stock
9973,81,651,349,86,2024-03-06,In Stock
11352,31,53,95,59,2026-03-17,In Stock
9760,35,866,206,96,2025-01-08,In Stock
350,34,241,383,80,2025-12-11,In Stock
11251,16,856,413,95,2026-07-18,In Stock
12458,53,939,146,23,2024-07-27,In Stock
8006,23,13224,292,10,2024-04-02,In Stock
3350,1659,326,206,82,2027-02-23,In Stock
18618,66,578,236,96,2025-01-29,In Stock
802,20,278,326,16,2024-01-27,In Stock
3532,62,927,119,28,2024-10-07,In Stock
19984,89,434,115,16,2025-01-24,In Stock
9174,47,628,324,65,2026-04-21,In Stock
18433,72,967,407,82,2026-08-04,In Stock
11528,73,334,491,88,2025-11-23,In Stock
5174,87,38,168,38,2025-08-28,In Stock
17843,20,155,433,49,2024-03-26,In Stock
13813,13,369,157,29,2024-04-09,In Stock
14585,44,14918,498,28,2025-10-24,In Stock
12083,50,394,413,93,2025-12-22,In Stock
3092,95,448,277,62,2026-07-25,In Stock
13828,56,403,425,57,2025-08-24,In Stock
7710,5,708,280,20,2026-03-17,In Stock
6854,93,694,360,69,2024-10-23,In Stock
2757,9,257,10,61,2026-04-04,Low Stock
6459,5,504,179,37,2024-03-08,In Stock
18643,7,194,426,51,2025-10-05,In Stock
1617,12,21,76,96,2026-07-02,Low Stock
6943,3,569,403,18,2025-11-23,In Stock
15610,3,673,345,42,2025-06-05,In Stock
14991,73,58,495,38,2024-09-10,In Stock
6461,84,433,7,88,2024-06-23,Low Stock
16698,66,127,210,53,2026-04-09,In Stock
5088,52,225,12,34,2024-11-12,Low Stock
10026,2,552,440,80,2025-05-08,In Stock
15841,88,773,263,83,2024-02-24,In Stock
8078,80,17,122,16,2026-07-02,In Stock
11506,86,441,329,95,2025-11-04,In Stock
11717,88,662,495,0,2025-12-09,In Stock
15163,43,431,457,70,2024-06-24,In Stock
10975,38,974,24,91,2024-03-28,Low Stock
19810,15,117,114,77,2026-04-02,In Stock
8975,72,503,446,33,2025-11-03,In Stock
10068,18,376,306,94,2025-12-22,In Stock
9482,16,482,-100,33,2025-01-14,Out of Stock
10557,17,842,75,49,2026-01-23,In Stock
2402,55,728,311,57,2026-07-10,In Stock
8737,61,3,370,24,2024-01-18,In Stock
15111,19,277,57,15,2025-03-31,In Stock
11916,94,341,341,22,2026-03-11,In Stock
17525,48,842,263,97,2026-05-01,In Stock
18068,39,371,-10,45,2025-06-22,Out of Stock
19951,18,203,94,94,2025-05-13,Low Stock
9999,32,151,276,31,2025-09-15,In Stock
7233,1,111,400,84,2024-05-18,In Stock
3879,14,769,98,76,2025-03-15,In Stock
6913,41,430,79,69,2025-10-26,In Stock
16779,62,761,189,86,2024-06-24,In Stock
1703,22,940,135,47,2024-01-31,In Stock
12555,1,105,174,39,2026-04-26,In Stock
5642,4,553,285,11,2026-06-10,In Stock
12360,47,481,398,97,2025-04-05,In Stock
1125,20,11,133,51,2024-10-13,In Stock
4522,92,479,14,52,,Low Stock
12271,56,103,4,72,2024-10-01,Low Stock
3542,45,542,430,20,2024-06-15,In Stock
14721,39,848,303,70,2024-11-28,In Stock
7765,71,87,74,47,2025-02-08,In Stock
12267,32,676,358,52,2025-06-17,In Stock
9764,12,869,386,68,2026-04-20,In Stock
14930,38,613,24,90,2026-06-20,Low Stock
19596,42,847,238,73,2024-03-11,In Stock
16923,59,51,18,-20,2025-10-24,In Stock
10432,50,640,77,86,2025-09-19,Low Stock
2212,34,57,138,48,2024-09-06,In Stock
13268,83,654,128,56,2025-07-13,In Stock
14077,64,715,331,92,2024-11-02,In Stock
3134,34,495,354,61,2026-06-26,In Stock
12484,82,487,151,79,2026-03-31,In Stock
7973,11,545,70,32,2024-12-31,In Stock
16856,79,206,489,84,2024-05-21,In Stock
15232,31,671,40,56,2025-06-17,Low Stock
5939,74,710,486,14,2025-02-07,In Stock
4321,59,882,185,48,2026-01-22,In Stock
10033,87,883,311,91,2024-07-24,In Stock
18903,30,272,401,61,2025-04-06,In Stock
2108,21,567,477,-5,2025-03-27,In Stock
16417,4,321,1,57,2026-04-28,Low Stock
9378,72,800,490,24,2025-09-18,In Stock
3035,11,843,162,70,2024-04-04,In Stock
11839,88,838,470,34,2025-07-31,In Stock
16496,68,438,358,26,2025-10-11,In Stock
7063,65,882,398,74,2025-02-19,In Stock
4664,53,445,398,86,2024-06-21,In Stock
13875,53,561,204,83,2024-12-22,In Stock
17159,9,404,284,87,2026-05-31,In Stock
2368,100,686,376,23,2025-08-11,In Stock
19523,19,157,361,97,2024-04-18,In Stock
9722,8,777,56,29,2026-06-19,In Stock
17743,22,8,394,58,2024-08-04,In Stock
441,5,462,339,71,2024-09-05,In Stock
18781,31,979,480,91,2025-06-16,In Stock
18350,17,924,242,95,2025-06-24,In Stock
13215,46,265,260,26,2025-01-23,In Stock
833,55,542,487,77,2026-02-21,In Stock
17836,1008,453,103,18,2025-05-10,In Stock
3065,20,239,366,74,2025-09-03,In Stock
7715,64,903,443,99,2024-12-24,In Stock
2588,83,417,118,23,2024-01-03,In Stock
1225,24,874,17,68,2024-09-17,Low Stock
12015,9,396,292,28,2024-01-07,In Stock
2593,31,255,316,45,2026-06-08,In Stock
3248,39,424,337,69,2024-06-16,In Stock
6850,16,885,66,95,2025-04-18,Low Stock
8024,39,424,463,96,2024-06-27,In Stock
14399,45,637,436,96,2026-05-12,In Stock
19803,30,969,363,34,2025-10-15,In Stock
13886,1,12,179,99,2025-04-22,In Stock
15638,25,453,132,10,2026-08-15,In Stock
2692,2,232,476,16,2024-06-08,In Stock
12724,17,984,212,15,2025-07-16,In Stock
12064,8,249,252,55,2025-06-09,In Stock
10442,76,371,-100,20,2025-10-11,Out of Stock
15487,46,759,422,79,2025-01-25,In Stock
16438,72,364,255,43,2025-07-13,In Stock
17188,46,799,291,26,2024-08-31,In Stock
11328,92,728,473,68,2026-06-30,In Stock
16778,44,193,307,10,2026-03-22,In Stock
15226,21,859,199,55,2024-09-26,In Stock
9149,98,280,499,29,2024-10-22,In Stock
11748,17,49,473,27,2025-07-29,In Stock
13145,87,80,65,80,2024-08-30,Low Stock
16091,63,251,405,26,2026-02-20,In Stock
9553,96,740,279,75,2024-10-15,In Stock
3197,67,204,185,31,2026-03-02,In Stock
16013,97,788,500,87,2025-05-24,In Stock
13243,17,415,496,57,2025-08-01,In Stock
487,15,880,161,60,2026-07-21,In Stock
371,42,516,14,34,2026-07-14,Low Stock
13353,19,214,270,13,2024-10-28,In Stock
784,97,567,272,10,2024-12-25,In Stock
6597,72,632,352,80,2024-01-17,In Stock
13959,89,361,109,24,2024-01-30,In Stock
11794,88,737,117,61,2025-06-14,In Stock
16818,84,788,417,56,2026-04-30,In Stock
3239,14,314,175,22,2024-11-09,In Stock
15286,3,617,294,79,2026-06-06,In Stock
874,46,517,321,59,2024-04-26,In Stock
12531,67,212,132,78,2024-06-08,In Stock
18073,32,456,249,62,2024-01-12,In Stock
2048,43,285,145,68,2025-04-17,In Stock
105,74,770,50,86,2025-08-23,Low Stock
8957,19,185,19,30,2026-04-02,Low Stock
14020,20,248,411,47,,In Stock
1916,59,135,452,84,2025-03-09,In Stock
6500,79,696,317,25,2025-10-29,In Stock
5685,29,649,47,21,2026-04-30,In Stock
6729,61,82,214,69,2025-11-01,In Stock
3633,6,703,280,23,2026-07-17,In Stock
110,25,939,305,27,2024-04-02,In Stock
2139,46,496,275,98,2024-01-13,In Stock
16237,63,62,461,31,2025-07-14,In Stock
13251,59,307,254,47,2025-12-31,In Stock
8935,82,33,274,12,2025-06-15,In Stock
670,54,311,376,76,2026-06-15,In Stock
12074,68,327,365,84,2026-07-26,In Stock
12442,88,20,191,47,2025-07-02,In Stock
11648,39,417,215,25,2025-06-14,In Stock
3325,76,517,13,56,2025-11-08,Low Stock
19662,6,851,164,85,2026-02-27,In Stock
4481,59,810,23,66,2024-07-31,Low Stock
17408,77,290,281,64,2025-02-09,In Stock
1440,63,88,372,66,2026-02-12,In Stock
11040,55,758,159,38,2024-06-30,In Stock
12979,74,608,143,33,2025-06-30,In Stock
12811,24,949,143,82,2024-07-18,In Stock
6575,88,662,405,74,2024-10-09,In Stock
4812,59,455,113,82,2025-05-28,In Stock
16979,69,394,196,36,2024-08-27,In Stock
12971,1164,631,41,12,2025-05-29,In Stock
9354,29,911,65,12,2024-12-10,In Stock
6132,25,417,190,18,2024-10-21,In Stock
12901,15,297,490,37,2024-02-18,In Stock
17493,76,441,116,64,2026-04-08,In Stock
12681,46,263,337,47,2026-06-09,In Stock
13250,14,809,5,99,2026-03-28,Low Stock
19376,43,852,127,48,2025-05-09,In Stock
7333,53,611,358,53,2024-01-08,In Stock
17386,7,895,465,71,2026-07-12,In Stock
1835,25,271,234,91,2024-11-22,In Stock
9379,31,21,421,19,2025-07-24,In Stock
15183,63,801,244,57,2025-06-14,In Stock
12190,39,936,164,90,2024-01-16,In Stock
15045,39,997,351,67,2024-02-02,In Stock
17312,28,430,123,46,2025-09-30,In Stock
17812,57,571,459,70,2024-06-02,In Stock
17643,48,177,14,60,2025-01-28,Low Stock
14832,2,146,42,36,2025-08-29,In Stock
14947,67,169,331,37,2024-05-30,In Stock
19156,17,911,149,61,2025-01-17,In Stock
3004,76,951,431,47,2024-03-09,In Stock
8216,89,864,377,64,2024-07-31,In Stock
17501,34,160,461,75,2025-11-16,In Stock
5390,48,671,178,83,2024-12-18,In Stock
15389,22,18694,242,85,2024-03-22,In Stock
1310,21,102,172,-20,2024-09-28,In Stock
14691,99,739,43,78,2026-04-02,Low Stock
3476,29,663,298,59,2026-02-22,In Stock
790,80,922,104,14,2025-12-19,In Stock
18917,48,631,434,35,2025-05-13,In Stock
14773,90,408,251,91,2026-06-01,In Stock
7741,72,828,133,38,2024-04-13,In Stock
3285,65,412,485,96,2025-07-07,In Stock
16241,8,246,166,45,2025-06-23,In Stock
2515,2,584,291,58,2026-07-03,In Stock
12136,63,768,493,33,2025-06-08,In Stock
16964,46,212,454,64,2024-12-22,In Stock
14886,99,226,482,68,2024-09-29,In Stock
13054,56,540,96,56,2025-08-01,In Stock
16703,84,427,478,61,,In Stock
9259,9,55,71,-5,2025-03-07,In Stock
6228,2,978,206,97,2025-08-20,In Stock
16729,19,840,344,32,2026-02-26,In Stock
11434,68,71,424,69,2024-05-25,In Stock
8792,33,59,360,36,2025-12-22,In Stock
17944,7,374,285,68,2024-05-19,In Stock
11580,58,944,226,42,2026-05-12,In Stock
5007,59,461,415,40,2025-12-28,In Stock
6215,84,933,35,15,2026-02-11,In Stock
11250,49,83,368,48,2024-12-01,In Stock
9778,98,827,117,72,2025-11-06,In Stock
15979,16,761,188,0,2025-12-28,In Stock
5258,46,949,226,81,2024-05-25,In Stock
11627,45,8,457,36,2024-01-20,In Stock
12945,42,751,52,19,2024-12-23,In Stock
13982,69,358,349,92,2026-04-17,In Stock
18446,4,113,104,38,2025-07-26,In Stock
11735,36,117,271,92,2024-07-24,In Stock
9987,14,776,173,60,2026-08-06,In Stock
16170,23,696,122,62,2026-07-22,In Stock
3302,19,191,493,53,2026-06-12,In Stock
18910,85,364,76,54,2024-01-09,In Stock
6844,74,247,377,31,2026-04-15,In Stock
11771,2,738,278,20,2026-01-20,In Stock
7991,20,467,140,72,2024-03-08,In Stock
5407,64,876,178,53,2025-07-07,In Stock
12974,86,482,217,11,2025-01-23,In Stock
713,31,197,73,87,2026-01-07,Low Stock
5784,5,362,338,98,2025-11-18,In Stock
4410,54,199,89,82,2025-12-21,In Stock
5261,76,966,474,67,2025-06-09,In Stock
5921,91,468,367,-5,2024-08-13,In Stock
17107,98,117,188,54,2024-11-15,In Stock
16042,54,941,423,51,2024-11-08,In Stock
5412,95,698,336,17,2024-05-16,In Stock
17373,75,996,215,30,2025-07-27,In Stock
551,43,695,250,22,2026-04-11,In Stock
19056,19,650,279,-20,2024-09-28,In Stock
3242,4,241,249,29,2026-06-17,In Stock
16206,43,393,345,37,2026-01-24,In Stock
19446,57,653,335,44,2025-07-30,In Stock
15613,72,301,94,61,2025-01-01,In Stock
14531,14,724,343,87,2024-07-15,In Stock
8494,54,152,193,28,2026-06-19,In Stock
18451,36,71,119,75,2025-05-30,In Stock
3265,85,847,356,48,,In Stock
9322,1,778,224,34,2026-07-17,In Stock
5062,48,551,179,34,2025-03-14,In Stock
8445,73,230,494,62,2026-03-14,In Stock
11110,45,681,1,17,2025-06-02,Low Stock
2099,7,117,255,26,2025-04-01,In Stock
7002,42,531,227,53,2025-02-18,In Stock
7293,77,515,408,90,2025-02-15,In Stock
3672,35,568,136,40,2026-03-23,In Stock
4969,53,401,5,33,2026-06-13,Low Stock
11880,42,526,372,83,2025-09-24,In Stock
13903,9,693,280,16,2026-04-27,In Stock
10630,65,339,142,90,2027-04-06,In Stock
4417,60,458,458,23,2024-04-20,In Stock
18443,67,292,144,0,2025-05-15,In Stock
12786,8,507,8,55,2024-01-15,Low Stock
8941,46,371,456,89,2026-04-01,In Stock
19674,72,392,228,87,2024-06-20,In Stock
12457,9,502,376,71,2024-05-15,In Stock
13174,87,187,345,59,2025-01-12,In Stock
23,92,624,56,52,2027-03-16,In Stock
2935,85,815,254,91,2024-01-03,In Stock
12018,39,827,211,25,2024-08-05,In Stock
12824,53,135,-50,45,2025-05-03,Out of Stock
6598,33,348,27,83,2025-04-11,Low Stock
12511,56,638,163,91,2024-12-20,In Stock
15502,30,464,405,39,2025-12-05,In Stock
12554,19,878,491,65,2026-01-27,In Stock
4834,39,246,249,46,2026-04-27,In Stock
19718,54,500,437,48,2024-03-29,In Stock
14252,43,989,10,83,2026-04-27,Low Stock
16093,31,118,299,80,2025-06-01,In Stock
19010,77,420,324,63,2024-01-06,In Stock
13020,3,386,330,36,2024-04-27,In Stock
14964,68,711,404,27,2024-07-30,In Stock
57,1,652,142,19,2026-04-26,In Stock
3413,1923,427,497,27,2026-07-26,In Stock
10417,59,5,157,12,2025-12-10,In Stock
2856,95,637,379,75,2025-12-03,In Stock
401,65,861,331,21,2025-04-19,In Stock
2987,95,875,252,96,2024-09-16,In Stock
10252,31,914,257,55,2025-01-06,In Stock
6606,14,569,45,90,2024-02-13,Low Stock
18348,9,639,212,46,2025-01-09,In Stock
12180,12,649,159,32,2026-03-22,In Stock
17196,13,131,381,17,2024-10-15,In Stock
16717,39,722,278,39,2024-07-22,In Stock
16178,63,605,214,17,2024-12-25,In Stock
16989,30,299,160,18,2024-06-14,In Stock
6555,92,16,268,96,2026-05-06,In Stock
8781,24,610,131,19,2026-03-07,In Stock
17405,98,41,346,35,2024-05-25,In Stock
7259,36,372,376,21,2024-08-31,In Stock
19579,94,159,452,77,,In Stock
12444,29,682,232,72,2025-08-31,In Stock
5782,81,149,481,56,2026-03-27,In Stock
17106,23,677,336,78,2025-11-06,In Stock
11437,85,42,69,75,2025-09-08,Low Stock
17308,11,489,77,66,2025-11-30,In Stock
7234,48,114,486,86,2026-06-18,In Stock
13306,75,462,400,87,2026-07-10,In Stock
17395,94,329,471,20,2025-04-11,In Stock
520,67,843,387,63,2025-08-23,In Stock
1756,36,472,348,82,2024-06-27,In Stock
4509,71,346,29,77,2026-03-20,Low Stock
17075,85,181,46,52,2025-04-24,Low Stock
14385,23,232,447,79,2025-11-17,In Stock
5264,100,816,224,75,2024-11-05,In Stock
1070,52,350,93,49,2026-06-16,In Stock
8341,71,889,495,30,2025-06-02,In Stock
8420,46,461,487,75,2025-06-08,In Stock
14907,81,378,279,100,2026-04-10,In Stock
14330,53,287,104,69,2024-05-06,In Stock
6612,42,618,329,72,2024-05-21,In Stock
17008,72,92,430,59,2026-04-26,In Stock
666,54,574,252,45,2026-06-08,In Stock
14594,38,524,314,23,2024-04-28,In Stock
717,33,233,261,82,2026-02-11,In Stock
5781,75,915,68,59,2025-06-04,In Stock
15848,43,723,472,93,2025-05-09,In Stock
1700,26,964,12,52,2025-03-13,Low Stock
1878,55,885,130,23,2024-08-20,In Stock
14727,88,960,300,43,2025-10-06,In Stock
19311,99,669,487,77,2026-07-04,In Stock
7321,92,182,320,13,2025-04-06,In Stock
9725,72,386,72,100,2025-04-27,Low Stock
18052,81,931,50,51,2024-01-19,Low Stock
6801,1,480,422,-20,2024-04-09,In Stock
4917,62,837,29,71,2025-01-12,Low Stock
7066,36,580,413,16,2025-10-08,In Stock
7141,60,92,284,39,2024-10-15,In Stock
2980,6,551,26,73,2024-10-09,Low Stock
12850,46,923,159,22,2024-01-30,In Stock
8991,20,879,149,60,2026-02-23,In Stock
6862,50,638,415,61,2025-04-22,In Stock
8169,30,367,448,43,2025-11-02,In Stock
18394,43,468,84,57,2025-11-14,In Stock
11694,2,745,461,45,2026-06-29,In Stock
8129,45,114,126,96,2025-12-05,In Stock
17093,9,809,412,52,2024-03-23,In Stock
6593,67,136,439,95,2024-04-10,In Stock
8673,11,690,33,85,2024-04-26,Low Stock
16741,67,438,94,81,2026-01-19,In Stock
92,33,134,496,100,2025-01-31,In Stock
2578,9,352,170,37,2024-01-29,In Stock
11799,7,522,177,43,2024-02-25,In Stock
10867,99,525,212,76,2025-08-24,In Stock
8385,70,876,244,64,2024-07-12,In Stock
11857,53,80,160,40,2024-09-14,In Stock
17717,69,266,336,68,2024-03-10,In Stock
12726,73,210,4,13,2024-08-08,Low Stock
19726,93,713,179,98,2025-04-02,In Stock
9820,6,871,355,72,2024-03-04,In Stock
16584,10,800,148,62,,In Stock
4261,26,631,116,24,2026-03-13,In Stock
3897,46,890,7,13,2024-12-16,Low Stock
17194,31,238,186,40,2025-01-11,In Stock
1350,98,697,229,11,2024-07-17,In Stock
12476,80,671,464,31,2025-09-14,In Stock
13114,21,119,356,97,2026-02-01,In Stock
12197,40,350,-50,34,2026-04-30,Out of Stock
3778,83,757,-100,86,2024-03-22,Out of Stock
17586,33,848,411,74,2025-03-12,In Stock
3741,53,177,87,0,2025-08-15,In Stock
15372,22,286,76,34,2025-08-17,In Stock
4051,94,608,177,82,2025-05-13,In Stock
19174,92,91,191,80,2024-11-13,In Stock
7706,53,83,475,11,2025-01-02,In Stock
13515,50,183,193,90,2026-01-03,In Stock
2763,97,97,2,54,2025-01-13,Low Stock
3582,95,225,58,45,2025-01-27,In Stock
7106,33,360,271,40,2025-03-11,In Stock
6373,93,263,427,90,2024-06-02,In Stock
15285,22,905,481,67,2024-06-03,In Stock
16400,63,242,241,54,2024-03-10,In Stock
5063,97,677,427,79,2026-04-07,In Stock
3603,79,56,82,90,2025-04-01,Low Stock
13438,29,137,53,11,2025-09-08,In Stock
11180,17,639,499,55,2024-12-07,In Stock
6949,55,273,21,56,2024-10-16,Low Stock
7757,82,841,340,13,2026-02-20,In Stock
9639,40,400,93,85,2025-11-18,In Stock
8427,15,707,499,35,2024-08-10,In Stock
9213,67,17299,219,58,2025-08-20,In Stock
8898,63,199,293,51,2025-04-03,In Stock
12368,74,754,48,68,2024-11-16,Low Stock
17708,53,854,453,18,2024-04-12,In Stock
10436,44,736,182,65,2024-11-10,In Stock
12527,81,632,2,41,2026-06-16,Low Stock
9762,63,917,160,12,2026-07-04,In Stock
18113,14,158,295,53,2024-03-04,In Stock
10767,6,468,47,58,2025-11-19,Low Stock
9575,42,358,18,21,2026-02-08,Low Stock
6018,45,693,34,84,2025-05-02,Low Stock
12122,26,130,434,63,2025-06-18,In Stock
2957,99,721,5,10,2026-04-20,Low Stock
7870,45,581,408,97,2025-06-26,In Stock
9671,42,735,432,48,2026-07-26,In Stock
5410,96,496,430,18,2025-05-28,In Stock
9612,97,956,20,87,2025-01-31,Low Stock
7521,56,255,141,41,2025-07-11,In Stock
1104,49,706,441,36,2024-03-16,In Stock
15377,28,52,181,99,2026-05-12,In Stock
17287,65,868,112,65,2026-01-30,In Stock
16840,36,256,105,82,2026-06-21,In Stock
4691,34,137,200,78,2025-10-04,In Stock
1559,98,389,130,72,2026-01-10,In Stock
12417,47,479,123,81,2025-08-01,In Stock
2489,73,63,129,93,2025-07-05,In Stock
18673,45,945,252,56,2024-10-07,In Stock
18916,81,638,131,11,2024-07-11,In Stock
3524,42,586,52,32,2025-08-01,In Stock
4543,59,898,237,39,2024-03-10,In Stock
14984,10,114,115,87,2024-11-21,In Stock
3401,64,474,229,93,2024-05-14,In Stock
13603,12,963,137,12,2027-03-09,In Stock
6385,47,813,59,25,2025-03-07,In Stock
11598,70,692,319,51,2024-11-10,In Stock
11599,77,284,452,67,2026-06-19,In Stock
2273,35,20,428,51,2026-02-13,In Stock
2375,41,890,459,26,2024-10-14,In Stock
10845,3,235,325,64,2026-07-23,In Stock
11897,72,475,498,56,2024-09-05,In Stock
12327,34,597,239,60,2025-12-23,In Stock
16193,49,586,164,65,2024-11-08,In Stock
9844,68,394,260,91,2026-02-13,In Stock
293,43,503,262,100,2024-07-20,In Stock
11029,6,659,464,68,2026-03-06,In Stock
11393,60,53,420,51,2025-01-11,In Stock
2871,6,15,398,32,2024-10-23,In Stock
16044,78,840,57,81,2025-02-24,Low Stock
11402,84,951,235,-20,2025-10-06,In Stock
9965,96,895,335,67,2025-08-23,In Stock
15417,91,574,209,92,2024-08-30,In Stock
13454,75,639,131,25,2025-11-24,In Stock
13895,63,520,211,16,2024-12-19,In Stock
19510,86,790,306,14,2025-05-06,In Stock
16580,80,691,397,47,2025-04-29,In Stock
12289,27,631,29,12,2025-02-22,In Stock
19198,59,935,173,41,2025-08-24,In Stock
4880,38,710,203,87,2026-05-21,In Stock
17076,30,174,45,86,2024-03-26,Low Stock
10543,6,560,104,89,,In Stock
19524,74,180,493,60,2026-03-31,In Stock
17540,36,339,115,98,2026-02-21,In Stock
10421,98,612,24,43,2024-07-23,Low Stock
16986,24,538,108,93,2024-04-27,In Stock
4419,91,917,332,83,,In Stock
10003,27,964,481,-5,2025-02-23,In Stock
18552,86,262,432,42,2025-03-30,In Stock
15287,81,602,143,90,2026-01-25,In Stock
11914,62,465,331,32,2024-08-01,In Stock
357,22,225,408,89,2024-05-08,In Stock
11554,22,124,42,32,2024-12-14,In Stock
687,60,351,110,14,2026-07-10,In Stock
4585,11,517,408,66,2026-07-27,In Stock
838,66,569,-10,25,2025-05-17,Out of Stock
7014,94,585,400,82,2026-05-17,In Stock
8459,49,679,386,86,2024-03-22,In Stock
11785,29,408,183,14,2025-02-09,In Stock
16805,63,720,418,45,2024-04-08,In Stock
10199,86,844,7,87,2026-03-20,Low Stock
1727,99,84,415,69,2024-02-14,In Stock
19469,25,830,39,92,2025-11-17,Low Stock
17404,20,208,5,11,2024-10-12,Low Stock
2363,24,589,455,58,2024-06-03,In Stock
18832,4,819,161,27,2026-02-12,In Stock
3180,35,816,-50,39,2024-04-14,Out of Stock
10285,44,34,101,74,2025-08-09,In Stock
13526,98,491,268,53,2024-09-17,In Stock
12020,67,763,312,65,2026-07-26,In Stock
16405,25,247,169,88,2026-01-24,In Stock
16930,45,545,327,77,2026-06-23,In Stock
4224,1025,410,93,84,2024-07-30,In Stock
14150,71,843,124,71,2025-06-27,In Stock
11806,72,579,67,59,2026-01-10,In Stock
9634,97,317,350,29,2024-07-06,In Stock
7380,95,845,135,10,2024-11-13,In Stock
8102,20,32,324,75,2025-03-03,In Stock
15750,71,567,479,51,2026-05-05,In Stock
9859,45,763,153,54,2024-10-19,In Stock
10941,66,133,187,71,2025-11-18,In Stock
13302,56,569,391,63,2024-07-18,In Stock
6968,37,930,141,74,2026-05-25,In Stock
6167,32,9,226,99,2026-02-05,In Stock
6462,35,615,383,91,2025-01-19,In Stock
3062,98,242,-1,47,2024-08-25,Out of Stock
890,37,482,101,89,2026-03-19,In Stock
967,82,478,337,43,2026-02-16,In Stock
10482,100,804,59,54,2024-09-20,In Stock
12404,13,278,291,62,2025-12-14,In Stock
1964,3,878,68,52,2025-12-07,In Stock
11318,42,729,328,59,2024-06-05,In Stock
9851,37,494,350,83,2025-09-23,In Stock
9320,100,494,231,35,2025-12-30,In Stock
15643,29,653,268,81,2025-06-23,In Stock
8354,33,711,19,79,2024-03-26,Low Stock
19969,67,363,389,34,2025-06-28,In Stock
9509,37,920,415,0,2026-05-14,In Stock
18594,28,713,38,56,2025-06-11,Low Stock
14742,18,454,282,89,2025-05-26,In Stock
14515,26,349,223,45,2026-03-16,In Stock
2836,32,838,286,84,2025-05-15,In Stock
9736,20,801,235,34,2025-09-15,In Stock
11456,38,979,326,92,2025-11-09,In Stock
10006,20,740,109,67,2026-05-13,In Stock
7214,94,457,219,100,2025-04-22,In Stock
7606,31,133,242,28,2025-12-29,In Stock
976,29,99,102,58,2024-09-09,In Stock
2269,14,495,269,68,2025-04-12,In Stock
3771,37,224,394,95,2026-02-11,In Stock
16936,63,428,485,95,2024-11-19,In Stock
19025,14,537,259,29,2025-08-22,In Stock
133,86,823,223,40,2025-09-06,In Stock
10132,19,575,379,53,2024-09-16,In Stock
582,68,56,487,14,2025-12-19,In Stock
19430,52,254,285,72,2024-10-26,In Stock
9717,98,144,61,52,2026-05-22,In Stock
15063,66,438,103,59,2025-04-14,In Stock
6840,26,575,161,87,2025-09-02,In Stock
394,4,607,283,41,2026-04-03,In Stock
10219,21,999,269,84,2025-03-27,In Stock
6559,89,21,392,45,2024-03-04,In Stock
9302,31,36,166,64,2025-07-01,In Stock
18004,85,310,269,19,2024-02-24,In Stock
3929,97,882,474,57,2024-01-09,In Stock
12886,44,124,241,53,2025-09-17,In Stock
8402,27,414,251,30,2025-12-17,In Stock
4037,79,77,199,18,2025-06-12,In Stock
19208,37,164,246,0,2025-10-02,In Stock
13532,50,820,242,71,2026-07-31,In Stock
8184,88,73,1,76,2026-02-28,Low Stock
10470,25,573,21,26,2025-09-04,Low Stock
226,45,298,117,60,2025-03-08,In Stock
11427,100,692,181,41,2024-04-21,In Stock
4212,18,344,172,74,2026-01-27,In Stock
19743,24,193,410,47,2024-06-25,In Stock
6778,29,944,498,27,2024-01-28,In Stock
4614,94,259,110,97,2026-04-30,In Stock
12963,87,356,332,49,2025-05-26,In Stock
16126,72,293,195,28,2025-01-18,In Stock
8594,56,410,422,100,2024-12-23,In Stock
11367,75,717,195,36,2025-03-20,In Stock
12012,66,383,106,61,2024-07-10,In Stock
17187,21,665,440,28,2026-08-11,In Stock
16422,87,114,13,98,2025-08-13,Low Stock
19853,99,849,77,32,2025-05-24,In Stock
14641,43,311,404,75,2024-05-28,In Stock
5009,38,9,186,43,2025-01-09,In Stock
13164,63,693,400,57,2026-01-17,In Stock
3404,23,771,0,83,,Out of Stock
3516,78,599,460,29,2025-01-11,In Stock
3884,85,828,330,67,2026-04-10,In Stock
19950,91,336,154,24,2024-01-04,In Stock
6756,1,312,479,84,2025-09-11,In Stock
18119,40,393,430,98,2026-08-09,In Stock
2909,13,586,323,96,2024-10-28,In Stock
16250,77,674,101,18,2026-06-16,In Stock
4262,80,605,420,18,2024-08-17,In Stock
8072,86,670,412,90,2025-09-22,In Stock
2424,4,864,154,33,2025-01-19,In Stock
18011,88,345,225,97,2025-03-05,In Stock
5265,54,334,424,55,2026-04-10,In Stock
14815,19,677,5,86,2024-06-30,Low Stock
6164,5,325,42,86,2026-02-25,Low Stock
14214,80,44,307,96,2024-06-02,In Stock
3549,76,978,277,89,,In Stock
13632,91,3,398,37,2026-04-14,In Stock
19073,42,291,210,21,2024-07-01,In Stock
15757,49,920,356,95,2026-04-03,In Stock
19756,98,298,72,39,2024-05-04,In Stock
7549,6,768,313,46,2024-02-20,In Stock
13618,42,222,0,64,2026-08-13,Out of Stock
19644,52,530,92,38,2025-08-12,In Stock
13590,91,180,50,56,2026-04-22,Low Stock
1160,27,460,213,90,2024-12-26,In Stock
6896,83,389,393,57,2025-02-04,In Stock
5502,16,710,309,49,2026-06-18,In Stock
13347,21,920,47,59,2026-03-29,Low Stock
8048,15,947,323,16,2024-03-16,In Stock
810,85,265,154,69,2026-01-15,In Stock
17527,36,441,487,39,2024-04-27,In Stock
2651,53,250,30,96,2026-02-10,Low Stock
12599,27,162,119,48,2024-02-14,In Stock
13080,24,195,402,64,2025-11-12,In Stock
8790,62,889,260,22,2024-02-07,In Stock
3191,37,475,374,27,2024-11-18,In Stock
3621,46,362,253,68,2025-08-31,In Stock
9895,27,126,469,83,2026-06-18,In Stock
17742,30,964,272,95,2026-06-20,In Stock
3651,50,789,82,92,2025-03-19,Low Stock
14460,39,699,202,36,2025-07-12,In Stock
13550,70,213,464,77,2025-03-26,In Stock
16550,99,480,10,58,,Low Stock
4071,96,357,180,83,2026-02-04,In Stock
8291,67,375,357,72,2024-08-14,In Stock
1395,99,395,480,11,2025-12-11,In Stock
5977,96,166,193,40,2025-08-24,In Stock
3371,79,850,323,92,2025-05-28,In Stock
19816,70,832,94,38,2024-10-29,In Stock
18592,64,222,54,50,2024-07-23,In Stock
19301,55,71,373,75,2026-05-16,In Stock
16888,23,961,205,69,2026-06-16,In Stock
15854,25,92,232,13,2025-10-27,In Stock
19238,64,829,306,61,2024-03-28,In Stock
1055,9,420,196,91,2026-04-16,In Stock
14144,18,326,129,12,2026-03-08,In Stock
16942,35,788,317,65,2025-03-28,In Stock
16900,42,479,17,19,2026-02-24,Low Stock
12718,44,642,227,25,2025-11-25,In Stock
8857,44,64,221,64,2024-11-05,In Stock
7003,1219,826,25,79,2024-01-05,Low Stock
7904,16,685,82,37,2025-05-27,In Stock
1737,1750,410,152,22,2025-09-12,In Stock
11540,87,740,40,100,2025-01-22,Low Stock
1569,25,732,87,13,2025-11-20,In Stock
463,77,784,88,78,2026-01-21,In Stock
744,54,45,155,41,2026-02-06,In Stock
8415,17,586,346,86,2025-11-26,In Stock
696,81,414,5,96,2025-05-07,Low Stock
3995,1,744,364,69,2025-12-20,In Stock
19806,96,28,495,31,2024-06-14,In Stock
8818,39,654,114,91,2024-04-03,In Stock
9309,19,194,290,63,2026-05-11,In Stock
10655,25,764,450,72,2025-06-11,In Stock
6285,1,12,428,98,,In Stock
13903,9,693,280,16,2026-04-27,In Stock
18711,71,151,316,28,2024-08-27,In Stock
18321,69,235,56,18,2025-09-20,In Stock
14682,51,541,437,80,2026-03-08,In Stock
5495,32,586,64,24,2024-03-10,In Stock
14182,48,621,199,16,2025-06-14,In Stock
17571,43,379,117,36,2026-06-17,In Stock
8649,3,187,472,46,2026-12-20,In Stock
10472,92,357,252,25,2024-06-28,In Stock
8282,10,526,252,19,2026-07-04,In Stock
4336,87,52,213,35,2025-03-20,In Stock
10814,31,14373,319,62,2024-11-24,In Stock
13782,41,803,406,33,2025-10-06,In Stock
14862,81,513,327,72,2024-12-09,In Stock
19412,9,648,388,88,2024-03-06,In Stock
5115,42,515,354,98,2024-07-29,In Stock
7175,1,135,400,75,2026-02-02,In Stock
8588,94,927,160,64,2024-12-01,In Stock
16277,89,431,190,97,2026-06-23,In Stock
5213,84,817,303,27,2024-01-30,In Stock
3642,18,133,167,39,2025-08-05,In Stock
9953,21,194,111,47,2026-05-18,In Stock
9035,88,78,273,99,2024-12-10,In Stock
19180,61,588,383,31,2026-04-04,In Stock
22,80,825,105,87,2024-03-03,In Stock
3719,87,702,126,61,2026-02-06,In Stock
2903,66,304,-10,45,2024-09-01,Out of Stock
16708,76,70,315,35,2025-10-13,In Stock
15169,43,518,143,53,2026-02-15,In Stock
5535,10,533,307,72,2026-02-07,In Stock
13716,13,642,115,13,2024-03-21,In Stock
11043,46,708,327,75,2026-03-30,In Stock
780,2,333,101,50,2024-06-12,In Stock
14036,70,928,53,97,2025-02-06,Low Stock
7421,56,830,399,82,2026-09-26,In Stock
15225,43,156,426,52,2026-03-21,In Stock
19704,37,658,332,39,2024-06-08,In Stock
6529,83,948,321,66,2025-03-18,In Stock
3432,45,950,187,40,2026-05-20,In Stock
19845,78,139,180,96,2025-03-22,In Stock
19443,32,199,281,79,2025-01-13,In Stock
11931,44,539,76,0,,In Stock
17751,45,977,110,26,2026-03-03,In Stock
4260,33,52,321,22,2024-01-15,In Stock
4726,87,717,348,20,2026-01-03,In Stock
1470,62,982,393,32,2026-04-09,In Stock
16388,34,652,323,0,2026-04-13,In Stock
16656,94,543,167,32,2026-02-16,In Stock
18988,91,637,280,67,2025-01-05,In Stock
12011,84,144,146,86,2024-01-01,In Stock
15569,1,205,308,49,,In Stock
16789,27,497,445,50,2026-01-07,In Stock
8425,35,250,228,55,2025-06-14,In Stock
369,95,437,347,90,2025-12-03,In Stock
18734,57,743,441,98,2025-04-14,In Stock
11786,21,916,241,-5,2026-07-27,In Stock
9608,50,671,392,39,2026-01-29,In Stock
16511,52,492,63,92,2024-01-08,Low Stock
9492,26,954,295,27,2024-12-04,In Stock
65,81,740,83,18,2025-01-06,In Stock
11385,6,582,319,15,2024-02-13,In Stock
4211,2,541,484,29,2027-06-17,In Stock
15875,44,399,0,42,2024-02-19,Out of Stock
13837,71,225,399,30,2025-03-29,In Stock
15879,78,77,168,88,,In Stock
1722,71,171,304,78,2024-04-25,In Stock
15064,12,133,466,27,2026-07-31,In Stock
5325,93,403,304,34,2024-10-31,In Stock
4061,22,207,439,36,2025-02-15,In Stock
7281,100,768,175,65,2025-04-20,In Stock
10684,21,853,83,54,2024-10-19,In Stock
1825,62,437,2,75,2024-07-26,Low Stock
15878,96,925,99,82,2024-10-19,In Stock
15843,80,350,325,19,2025-10-19,In Stock
2356,66,557,68,87,2025-08-07,Low Stock
18166,36,753,394,23,2024-05-22,In Stock
16016,92,116,88,44,2024-12-29,In Stock
3233,34,728,383,64,2026-02-12,In Stock
16293,85,973,263,59,2026-08-09,In Stock
1919,77,4,127,0,2024-08-24,In Stock
16331,1881,617,65,73,2026-03-23,Low Stock
1570,72,493,195,44,2024-11-06,In Stock
1832,39,109,44,93,2025-11-09,Low Stock
8540,61,492,187,0,2024-12-18,In Stock
1243,91,523,311,51,2025-01-02,In Stock
1969,12,869,94,96,2025-06-25,Low Stock
9352,78,68,427,48,2025-10-01,In Stock
12284,70,303,493,67,2025-10-19,In Stock
13545,100,250,417,98,2026-03-06,In Stock
4657,5,162,478,27,2024-08-10,In Stock
12572,45,157,345,77,2024-11-12,In Stock
8999,15,804,492,99,,In Stock
13785,17,772,448,85,2026-01-29,In Stock
17473,66,280,85,63,2025-04-28,In Stock
15904,54,705,351,16,2025-01-25,In Stock
1326,36,339,284,26,2025-03-27,In Stock
8344,7,293,40,77,2024-05-08,Low Stock
18632,94,40,251,77,2025-12-29,In Stock
17037,69,653,462,58,2025-11-24,In Stock
8894,17,439,-50,29,2026-06-29,Out of Stock
4860,27,209,2,76,2025-07-12,Low Stock
7491,11,433,463,57,2026-08-03,In Stock
18234,89,589,243,18,2026-02-20,In Stock
11843,13,184,258,45,2024-11-08,In Stock
13187,79,325,128,30,2025-11-29,In Stock
1223,17,723,336,26,2024-03-01,In Stock
1778,51,743,432,62,2026-07-27,In Stock
18845,89,957,487,31,2025-11-29,In Stock
17636,63,221,133,28,2025-06-19,In Stock
17865,86,346,459,17,2026-06-25,In Stock
12990,35,994,324,16,2026-07-04,In Stock
11134,24,471,160,70,2025-07-29,In Stock
14360,89,140,169,92,2024-06-11,In Stock
15944,32,373,159,38,2026-05-21,In Stock
8702,79,567,289,65,2024-02-16,In Stock
18177,1,913,456,57,2025-09-23,In Stock
6401,81,877,385,98,2025-05-23,In Stock
17100,71,558,256,23,2025-05-24,In Stock
749,45,232,182,74,2024-04-22,In Stock
7272,61,935,462,54,,In Stock
5247,77,59,438,65,2024-06-01,In Stock
1260,92,38,491,69,2025-06-17,In Stock
7174,59,474,69,31,2024-12-21,In Stock
1889,29,212,323,73,2026-06-10,In Stock
11878,16,372,483,89,2024-08-10,In Stock
712,10,979,456,55,2026-07-23,In Stock
19534,67,729,95,80,2025-05-19,In Stock
18747,21,258,15,94,2025-12-19,Low Stock
16769,60,931,255,34,,In Stock
7938,41,302,98,28,2024-12-09,In Stock
16877,12,268,382,66,2024-01-30,In Stock
4809,29,866,316,29,2025-02-24,In Stock
3330,13,574,-1,74,2024-08-16,Out of Stock
3294,19,255,94,68,2025-12-19,In Stock
14486,11,188,397,96,2025-09-14,In Stock
11485,29,165,220,28,2026-07-14,In Stock
12778,83,300,239,35,2024-06-07,In Stock
3846,15,153,63,51,2025-02-18,In Stock
5552,41,456,68,74,2026-11-03,Low Stock
15768,59,166,360,30,2024-12-17,In Stock
8297,53,161,83,33,2026-04-27,In Stock
13079,95,932,386,39,2026-01-12,In Stock
1795,42,66,257,30,2024-07-29,In Stock
17817,27,801,350,53,2026-06-14,In Stock
5918,74,795,308,38,2024-10-17,In Stock
17046,50,926,46,84,2026-04-30,Low Stock
12415,61,840,171,72,2025-03-16,In Stock
5025,31,590,-1,-5,2024-09-02,Out of Stock
1659,63,316,200,33,2026-04-07,In Stock
213,75,317,241,64,2025-02-08,In Stock
16953,44,661,406,34,2024-12-09,In Stock
12960,65,451,332,58,2024-12-06,In Stock
4420,95,525,232,83,2026-05-05,In Stock
19847,78,396,309,61,2024-07-17,In Stock
5194,72,31,265,94,2024-10-21,In Stock
9552,65,146,353,11,2024-08-08,In Stock
8527,97,174,23,64,2025-01-13,Low Stock
2167,41,106,369,54,2025-05-11,In Stock
3111,88,379,35,26,2024-11-30,In Stock
793,72,895,301,72,,In Stock
234,88,782,287,45,2025-11-26,In Stock
17171,32,614,408,91,2024-09-27,In Stock
19299,23,639,490,23,2026-07-24,In Stock
17184,93,369,262,-5,2025-05-13,In Stock
210,41,936,378,70,2024-03-15,In Stock
9331,74,503,57,54,2024-08-12,In Stock
14274,35,837,479,54,2026-06-18,In Stock
16239,12,789,46,81,2024-12-10,Low Stock
4499,4,291,83,31,2026-02-10,In Stock
17336,63,880,102,92,2025-12-19,In Stock
9506,79,258,64,91,2024-02-13,Low Stock
2414,44,407,334,-20,2024-03-30,In Stock
6599,60,650,470,34,2025-04-03,In Stock
16368,81,487,341,100,2025-12-05,In Stock
13478,35,430,432,12,2025-12-07,In Stock
11015,53,973,467,44,2024-07-07,In Stock
835,15,530,270,26,2024-04-27,In Stock
9064,23,503,237,42,2025-06-08,In Stock
8075,55,403,289,56,2024-12-26,In Stock
13177,62,771,346,25,2025-07-02,In Stock
9456,17,127,311,42,2025-12-21,In Stock
9811,17,568,41,21,2024-02-28,In Stock
6036,26,299,225,50,2024-04-23,In Stock
10607,30,254,286,77,2026-08-03,In Stock
1221,83,242,134,85,2025-03-25,In Stock
9958,48,701,330,45,2025-04-14,In Stock
12163,50,250,286,49,2026-05-16,In Stock
6553,54,366,2,13,2024-01-16,Low Stock
11376,33,593,64,-5,2026-06-20,In Stock
1388,13,717,303,52,2026-04-17,In Stock
2002,43,592,217,48,2025-02-17,In Stock
5610,66,132,384,52,2024-06-08,In Stock
11908,29,13669,57,82,2025-01-31,Low Stock
4582,73,852,458,43,2024-01-17,In Stock
12871,89,898,398,93,2026-05-22,In Stock
15965,33,342,419,66,2026-04-25,In Stock
16864,16,17000,104,68,2024-01-01,In Stock
2524,9,928,74,44,2024-08-08,In Stock
14373,37,198,280,57,2024-11-01,In Stock
7260,48,877,83,75,2025-01-16,In Stock
19169,97,968,199,17,2025-06-29,In Stock
15444,5,41,-1,70,2025-07-17,Out of Stock
3079,90,74,185,71,2025-04-02,In Stock
7461,64,422,336,73,2025-10-29,In Stock
12621,82,528,244,30,2025-05-21,In Stock
16183,64,271,395,83,2026-04-14,In Stock
4783,93,274,-100,62,2024-10-21,Out of Stock
14106,97,828,251,47,2025-02-09,In Stock
4382,37,571,36,85,2024-11-24,Low Stock
17593,69,408,371,80,2024-06-18,In Stock
12218,21,315,392,13,2024-01-04,In Stock
14066,21,319,148,47,2024-06-11,In Stock
6405,99,981,240,50,2024-01-08,In Stock
7643,93,692,342,41,2024-01-30,In Stock
8068,85,829,8,67,2026-03-04,Low Stock
6453,18,695,97,87,2024-02-21,In Stock
19264,48,966,231,78,2024-05-10,In Stock
2166,76,442,-100,88,2025-06-21,Out of Stock
8810,15,215,134,35,2024-09-29,In Stock
352,83,497,38,10,2026-07-29,In Stock
3804,18,96,55,57,2025-04-21,Low Stock
12725,92,862,207,32,2024-12-18,In Stock
18437,4,853,155,66,2025-10-13,In Stock
14541,35,703,359,15,2025-02-02,In Stock
10619,57,790,88,14,2024-04-02,In Stock
15522,97,62,459,59,2024-06-17,In Stock
18571,87,210,461,51,2024-06-30,In Stock
19309,8,393,160,17,2025-10-21,In Stock
7638,40,373,58,79,2024-11-13,Low Stock
10123,59,525,314,91,2026-02-12,In Stock
10197,28,404,140,67,2026-05-14,In Stock
15549,8,150,48,17,2024-01-07,In Stock
10620,25,886,287,74,2025-09-28,In Stock
11240,7,920,232,61,2025-04-29,In Stock
18602,78,427,1,10,2024-03-08,Low Stock
1387,62,642,475,91,2024-04-28,In Stock
18060,76,653,359,25,2025-12-09,In Stock
16066,89,306,-1,82,2024-03-05,Out of Stock
12332,72,937,321,95,2025-04-05,In Stock
14025,69,110,89,24,2024-01-02,In Stock
15554,19,726,384,56,2025-08-15,In Stock
3096,22,739,356,54,2025-05-09,In Stock
14369,53,504,401,21,2026-03-27,In Stock
3286,60,615,3,97,2025-05-23,Low Stock
9931,29,134,50,66,2025-07-23,Low Stock
9167,29,868,111,95,2024-01-09,In Stock
13236,58,499,149,58,2025-05-27,In Stock
7848,26,975,275,51,2025-02-04,In Stock
1314,80,995,288,53,2024-06-02,In Stock
10086,36,616,500,91,2026-01-11,In Stock
15055,83,447,356,21,2024-11-15,In Stock
8421,2,597,407,32,2024-03-14,In Stock
11096,64,508,230,83,2025-07-04,In Stock
13812,24,470,475,-20,2026-06-18,In Stock
18210,87,756,379,39,2024-04-05,In Stock
11526,2,331,429,50,2026-06-01,In Stock
17885,66,267,15,92,2025-11-25,Low Stock
11246,67,382,68,90,2025-05-17,Low Stock
9632,2,789,137,45,2024-03-24,In Stock
5073,15,403,433,38,2024-10-27,In Stock
9374,73,256,330,47,2025-06-08,In Stock
13420,79,123,253,93,2026-02-05,In Stock
4750,14,794,225,77,2025-03-22,In Stock
16476,16,954,91,42,2025-02-05,In Stock
2270,54,462,137,78,2025-09-16,In Stock
13867,36,572,245,86,2025-01-01,In Stock
15317,29,759,307,14,2025-12-06,In Stock
13095,57,319,470,64,2024-02-21,In Stock
16685,11,811,141,80,2026-05-29,In Stock
8599,70,306,475,45,2026-04-06,In Stock
1423,51,800,94,100,2024-10-04,Low Stock
18534,82,934,113,95,2025-04-01,In Stock
1858,29,176,150,11,2026-02-03,In Stock
13594,86,319,222,17,2025-08-31,In Stock
19872,5,474,18,54,2025-06-14,Low Stock
19899,33,794,372,24,2025-02-16,In Stock
10307,40,630,241,83,2025-08-01,In Stock
13197,25,846,46,66,2024-08-08,Low Stock
1542,72,135,4,74,2024-07-17,Low Stock
12132,14,986,140,12,2025-04-16,In Stock
7263,71,952,218,80,2024-05-29,In Stock
10795,2,704,359,43,2024-07-21,In Stock
15834,88,563,471,21,2024-05-20,In Stock
4608,39,978,81,40,2024-01-20,In Stock
18514,84,439,16,19,2025-10-01,Low Stock
8435,18,163,28,85,2025-05-23,Low Stock
7112,33,867,1,74,2024-06-02,Low Stock
5539,58,423,323,22,2026-06-18,In Stock
4467,18,774,173,76,2026-02-15,In Stock
19903,7,760,376,41,2024-11-03,In Stock
18003,21,17,262,56,2025-04-11,In Stock
9038,25,849,98,22,2025-04-02,In Stock
10204,54,615,342,27,2024-05-18,In Stock
9476,39,824,126,91,2024-06-08,In Stock
9285,80,981,339,89,2025-12-21,In Stock
12574,1568,946,122,11,2025-06-05,In Stock
14599,66,343,54,91,2025-05-30,Low Stock
7648,24,555,-50,52,2026-02-08,Out of Stock
6124,21,496,195,36,2026-06-20,In Stock
8564,19,605,161,32,2024-06-20,In Stock
3772,89,186,136,96,2024-06-01,In Stock
1110,51,748,155,-5,2024-08-24,In Stock
4656,79,178,13,19,2026-05-19,Low Stock
18740,5,82,321,60,2025-01-12,In Stock
9231,81,429,406,58,2025-10-25,In Stock
12637,29,415,466,11,2024-11-04,In Stock
8213,99,532,435,94,2025-07-14,In Stock
14307,19,963,483,15,2024-07-02,In Stock
8267,43,855,34,34,2026-01-27,Low Stock
7096,98,968,498,36,2026-06-07,In Stock
9127,53,669,99,57,2025-03-05,In Stock
11724,21,317,417,64,2027-07-13,In Stock
11116,95,588,290,81,2025-06-08,In Stock
9919,63,851,84,26,2026-06-16,In Stock
16976,1356,928,-1,22,2025-05-25,Out of Stock
9097,82,585,96,23,2024-09-23,In Stock
1738,95,407,494,91,2026-01-03,In Stock
17013,82,763,437,30,2024-07-18,In Stock
16203,42,639,333,83,2026-05-20,In Stock
562,75,295,335,31,2026-01-02,In Stock
13083,65,56,410,13,2024-03-26,In Stock
3346,38,838,39,34,2026-07-05,In Stock
11493,87,71,186,98,2025-09-30,In Stock
9355,64,476,86,28,2026-05-31,In Stock
9629,68,271,101,52,2025-01-07,In Stock
11912,61,290,449,100,2026-02-23,In Stock
8315,45,376,144,39,2025-02-08,In Stock
9720,26,641,144,81,2025-12-29,In Stock
15793,63,11,59,37,2025-12-11,In Stock
13724,48,714,498,76,2024-11-19,In Stock
19185,10,163,107,21,2024-09-16,In Stock
59,4,691,421,60,2024-02-22,In Stock
14923,15,938,27,13,2026-01-26,In Stock
14058,52,565,371,91,2024-12-30,In Stock
8406,34,285,158,85,2026-07-18,In Stock
10484,57,149,158,36,2024-05-05,In Stock
4180,49,184,119,66,2026-03-05,In Stock
14049,26,779,107,48,2026-01-01,In Stock
18955,54,904,387,12,2025-02-22,In Stock
3691,55,727,307,91,2026-02-28,In Stock
1650,86,931,282,96,2026-07-01,In Stock
4637,76,734,419,13,2025-10-18,In Stock
2511,81,871,222,35,2026-02-21,In Stock
19765,27,171,422,75,2024-03-10,In Stock
16631,14,296,296,85,2026-03-09,In Stock
939,28,169,474,95,2024-09-15,In Stock
14086,40,607,403,48,2025-07-30,In Stock
396,70,848,64,84,2025-06-05,Low Stock
2222,80,926,53,64,2025-04-30,Low Stock
17257,76,86,461,77,2025-02-01,In Stock
10340,22,436,402,100,2025-06-07,In Stock
14861,88,276,273,40,2024-04-03,In Stock
11760,27,707,451,86,2027-04-27,In Stock
3871,51,811,-50,-20,2025-09-13,Out of Stock
10175,6,168,284,86,2025-06-22,In Stock
19920,45,357,188,26,2026-03-21,In Stock
2908,96,565,2,57,2024-04-21,Low Stock
10293,20,239,65,58,2024-07-05,In Stock
16527,80,936,445,43,2024-10-08,In Stock
11731,42,299,27,49,2026-04-22,Low Stock
5994,92,716,34,29,2025-01-14,In Stock
15618,11,767,214,45,2024-05-04,In Stock
19432,100,82,41,94,2024-09-30,Low Stock
4416,61,583,185,89,2026-03-10,In Stock
17898,30,370,241,93,2025-03-31,In Stock
17465,71,233,64,55,2026-06-19,In Stock
16793,1755,471,453,46,2024-12-20,In Stock
10010,69,387,467,45,2026-08-08,In Stock
11301,26,964,401,43,2024-10-17,In Stock
17060,8,78,450,39,2026-03-24,In Stock
3950,62,196,55,29,2025-04-21,In Stock
9114,25,292,428,39,2025-12-23,In Stock
13496,65,756,-1,55,2025-01-21,Out of Stock
2073,30,656,338,45,2025-06-12,In Stock
5823,53,519,423,46,2025-02-23,In Stock
19277,80,202,223,13,2026-07-28,In Stock
15410,93,123,125,63,2024-09-27,In Stock
3514,97,670,309,22,2026-05-18,In Stock
11008,38,674,408,83,2026-05-10,In Stock
16946,10,824,285,41,2024-12-18,In Stock
14108,72,946,318,71,2025-12-21,In Stock
13557,90,441,237,67,2024-10-11,In Stock
7965,5,752,40,92,2025-03-25,Low Stock
5087,2,798,372,64,2025-10-05,In Stock
7483,96,669,13,33,2025-06-30,Low Stock
18104,47,700,476,15,2025-02-18,In Stock
19465,73,40,206,32,2024-09-27,In Stock
767,9,891,316,36,2026-01-26,In Stock
14183,71,806,148,49,2025-02-15,In Stock
3783,72,993,71,34,2024-01-13,In Stock
17340,29,782,201,19,2025-11-04,In Stock
9337,19,651,464,65,2025-12-27,In Stock
19518,4,148,459,21,2026-02-20,In Stock
10703,55,780,306,58,2026-04-23,In Stock
13295,1181,494,141,85,2026-07-19,In Stock
10466,77,570,330,11,2024-04-09,In Stock
2861,8,733,484,11,2026-04-04,In Stock
1222,52,224,-50,23,2024-09-13,Out of Stock
15081,99,887,2,91,2024-09-20,Low Stock
4865,68,633,255,43,2024-11-04,In Stock
15098,75,968,391,31,2025-04-23,In Stock
13853,91,63,56,67,2025-07-27,Low Stock
12658,61,474,229,93,2024-01-15,In Stock
4925,80,165,496,62,2025-03-26,In Stock
4533,79,427,374,84,2024-02-28,In Stock
17330,95,196,255,13,2024-01-24,In Stock
1673,58,63,405,92,2025-07-18,In Stock
14877,59,11,227,27,2026-07-21,In Stock
12785,97,494,134,45,2025-05-06,In Stock
16758,64,89,431,26,2025-01-07,In Stock
4056,28,10,287,47,2024-05-06,In Stock
6953,53,135,-1,80,2025-03-29,Out of Stock
13253,19,794,446,36,2024-03-10,In Stock
10001,60,101,26,67,2026-04-18,Low Stock
17606,80,55,76,63,2025-02-25,In Stock
10468,36,805,485,58,2024-02-20,In Stock
15237,42,64,94,40,2024-05-04,In Stock
11954,16,957,260,57,2024-09-06,In Stock
18693,34,761,5,74,2024-12-14,Low Stock
12017,56,995,81,38,2025-09-13,In Stock
16596,94,802,69,49,2024-03-28,In Stock
10238,86,163,253,58,2024-02-25,In Stock
16046,8,615,237,72,2024-08-10,In Stock
15337,3,315,133,87,2026-02-03,In Stock
19084,38,536,363,10,2026-02-17,In Stock
9488,22,195,271,97,2025-01-20,In Stock
15003,37,357,278,33,2025-03-19,In Stock
18685,53,308,111,85,2025-10-21,In Stock
12550,19,329,445,91,2025-05-04,In Stock
4318,34,886,459,18,2024-03-07,In Stock
9981,93,532,118,19,2026-06-13,In Stock
18581,76,871,452,90,2024-09-18,In Stock
7386,47,77,34,23,2024-10-30,In Stock
5520,8,364,235,61,2026-06-02,In Stock
859,2,855,6,15,2025-05-01,Low Stock
13596,1,681,342,30,2026-07-15,In Stock
4440,77,959,416,55,2024-10-06,In Stock
9034,50,224,218,54,2024-12-04,In Stock
7876,55,114,365,55,2025-10-31,In Stock
596,20,597,337,66,2026-06-28,In Stock
18076,33,841,435,13,2024-09-15,In Stock
8805,51,425,183,67,2024-05-06,In Stock
7800,9,311,458,71,2025-06-01,In Stock
9187,12,979,365,79,,In Stock
10971,58,384,176,91,2026-01-25,In Stock
9747,67,971,42,93,2026-02-24,Low Stock
16393,82,514,481,68,2024-04-15,In Stock
1952,44,22,212,83,2025-11-17,In Stock
9121,27,77,108,97,2024-05-24,In Stock
16184,55,236,319,81,2024-09-24,In Stock
18327,6,572,15,81,2025-03-02,Low Stock
15634,95,228,324,53,2024-07-27,In Stock
6945,93,305,19,25,2025-04-17,Low Stock
9966,85,448,167,44,2025-04-17,In Stock
7831,57,738,460,70,2024-08-15,In Stock
2514,64,817,466,28,,In Stock
6733,66,378,377,28,2026-03-09,In Stock
5560,10,524,231,25,2025-07-07,In Stock
1028,51,178,417,46,2025-06-02,In Stock
7861,31,572,55,51,2024-03-15,In Stock
18993,24,563,129,93,2024-05-19,In Stock
11028,44,86,76,49,2025-06-19,In Stock
4701,3,1,493,88,2024-04-11,In Stock
15926,36,734,58,72,2024-02-19,Low Stock
2234,98,287,180,93,2024-05-20,In Stock
11243,5,464,281,17,2025-04-29,In Stock
10297,62,348,252,27,2024-07-12,In Stock
19192,10,653,417,10,2026-05-13,In Stock
7957,58,914,278,18,2024-06-30,In Stock
1177,14,85,161,94,2025-06-20,In Stock
13475,80,704,366,28,2024-05-28,In Stock
14121,78,282,278,28,2026-04-26,In Stock
16583,1589,911,487,42,2024-11-08,In Stock
17006,92,616,419,61,2025-02-21,In Stock
9216,3,182,198,83,2026-08-04,In Stock
11491,86,749,162,63,2026-03-01,In Stock
14627,60,735,328,32,2025-07-14,In Stock
15667,19,377,224,41,2024-06-11,In Stock
15482,37,208,61,13,2024-07-09,In Stock
14103,87,860,313,26,2025-07-17,In Stock
4242,36,115,292,74,2025-05-02,In Stock
5425,72,264,69,72,2025-04-29,Low Stock
7448,59,89,288,50,2025-02-04,In Stock
3402,52,641,352,72,2026-04-17,In Stock
7493,78,669,460,73,2025-01-07,In Stock
8996,76,390,496,12,2024-07-21,In Stock
1551,12,724,465,15,2024-01-13,In Stock
1010,41,35,40,14,2026-01-16,In Stock
15555,23,246,265,95,2025-01-25,In Stock
16230,6,807,316,30,2024-03-17,In Stock
10930,98,14811,56,76,2024-02-11,Low Stock
17140,34,988,27,84,2026-12-30,Low Stock
5096,73,221,439,75,2025-06-17,In Stock
649,67,210,331,13,2025-06-08,In Stock
18879,71,694,95,89,2025-01-16,In Stock
11055,45,790,81,38,2026-04-05,In Stock
4976,98,494,198,68,2024-08-24,In Stock
728,59,633,395,83,2024-08-23,In Stock
9134,65,520,182,76,2024-01-12,In Stock
14928,87,716,128,64,2024-02-15,In Stock
8743,81,228,453,46,2025-01-29,In Stock
8170,75,612,201,27,2026-05-15,In Stock
16561,13,407,138,56,2025-05-28,In Stock
6861,70,717,57,51,2024-08-15,In Stock
332,72,401,151,71,2024-05-22,In Stock
7028,51,598,292,79,2024-03-17,In Stock
13635,8,498,92,70,2025-12-31,In Stock
8700,32,18757,311,37,2026-03-14,In Stock
212,5,1000,497,13,2024-07-25,In Stock
19533,70,828,212,36,2025-02-05,In Stock
16435,71,258,144,47,2024-11-08,In Stock
6344,10,871,19,92,2025-01-19,Low Stock
1782,56,595,23,12,2026-07-17,In Stock
15424,84,964,222,18,2025-05-18,In Stock
3544,59,383,307,67,2024-08-10,In Stock
1439,61,554,470,95,2025-09-03,In Stock
10708,54,459,116,20,2026-07-08,In Stock
2869,76,323,340,50,2024-03-27,In Stock
2435,20,957,442,81,2024-05-27,In Stock
6831,52,56,442,57,2025-09-10,In Stock
4793,68,245,280,16,2025-09-15,In Stock
9421,67,656,176,30,2025-09-28,In Stock
16646,70,114,117,38,2025-03-09,In Stock
15792,24,421,5,39,2024-10-15,Low Stock
11870,66,210,68,79,2025-03-31,Low Stock
6476,86,865,179,10,2026-04-08,In Stock
9507,84,697,226,24,2024-10-03,In Stock
15891,45,840,140,26,2024-04-01,In Stock
12507,1,214,0,-20,2024-06-20,Out of Stock
15202,48,313,491,26,2025-05-06,In Stock
13873,38,23,412,11,2026-01-01,In Stock
12172,32,318,152,18,2024-05-31,In Stock
13,6,908,-1,34,2024-02-21,Out of Stock
18249,79,971,249,41,2026-08-08,In Stock
819,56,164,374,43,2025-04-28,In Stock
10977,41,542,410,75,2026-04-26,In Stock
10649,49,7,283,43,2026-07-17,In Stock
8185,70,342,53,93,2025-03-30,Low Stock
9897,65,589,316,80,2025-06-01,In Stock
454,96,799,49,77,2025-01-20,Low Stock
15288,52,847,445,56,2024-07-09,In Stock
15456,90,922,162,41,2024-04-10,In Stock
9849,9,101,332,13,2025-03-19,In Stock
3458,15,598,486,83,2025-01-23,In Stock
17951,93,335,287,77,2024-08-16,In Stock
18701,21,261,480,58,2024-04-17,In Stock
660,10,823,130,16,2024-03-12,In Stock
19293,100,840,475,72,2026-04-28,In Stock
14093,7,446,114,96,2024-05-16,In Stock
11101,31,740,28,70,2025-03-01,Low Stock
17591,8,3,474,31,2025-02-10,In Stock
941,10,980,295,63,,In Stock
2740,43,621,357,85,2024-03-01,In Stock
9605,94,146,141,86,2026-05-11,In Stock
11797,62,266,495,27,2024-08-30,In Stock
16875,39,855,268,50,2024-04-18,In Stock
16359,53,433,257,74,2025-03-22,In Stock
12728,65,133,142,49,2026-06-02,In Stock
16321,85,857,237,46,2026-06-04,In Stock
19947,97,384,177,93,2026-03-05,In Stock
4072,8,755,280,83,2024-02-10,In Stock
1401,95,310,109,25,2026-02-02,In Stock
7691,71,250,205,47,2025-07-09,In Stock
8223,49,591,213,96,2025-01-05,In Stock
8124,27,569,488,86,2025-08-15,In Stock
6364,76,152,325,16,2024-02-19,In Stock
5797,64,895,-1,85,2025-06-29,Out of Stock
3678,32,798,494,23,2024-03-31,In Stock
6567,43,239,82,55,2025-03-17,In Stock
19261,56,606,462,76,2024-01-16,In Stock
14401,37,993,328,31,2026-07-29,In Stock
10968,21,245,198,36,2025-07-05,In Stock
12321,91,516,200,20,2024-12-21,In Stock
14249,97,431,104,43,2025-07-06,In Stock
5189,83,133,357,26,2025-09-22,In Stock
15246,19,43,316,51,2024-09-03,In Stock
1109,18,780,-10,26,2025-03-22,Out of Stock
17891,71,851,71,24,2024-12-18,In Stock
10309,14,42,250,66,2025-11-15,In Stock
3230,69,546,328,80,2024-02-28,In Stock
13471,98,907,41,71,2026-07-29,Low Stock
16106,25,700,332,62,,In Stock
13969,18,304,112,90,2025-04-07,In Stock
11512,63,373,369,13,2024-02-17,In Stock
16743,69,665,315,93,2026-02-20,In Stock
5836,98,531,434,71,2025-06-24,In Stock
4327,47,559,197,89,2026-02-03,In Stock
15731,75,14039,344,73,2025-03-20,In Stock
1780,96,624,302,52,2026-03-07,In Stock
2554,35,315,108,67,2026-06-02,In Stock
2687,82,463,148,75,2024-10-03,In Stock
1041,96,955,17,78,2025-07-15,Low Stock
19132,42,17,165,76,2025-05-17,In Stock
1564,28,577,329,45,2026-01-24,In Stock
17359,46,195,316,97,2026-02-21,In Stock
556,29,368,-50,12,2024-06-17,Out of Stock
3072,79,607,192,64,2025-02-15,In Stock
17027,28,272,270,71,2025-08-16,In Stock
4475,11,28,278,46,2026-08-03,In Stock
7530,33,527,54,63,2024-06-26,Low Stock
13296,27,281,496,99,2025-05-01,In Stock
18222,10,430,228,65,2025-12-03,In Stock
15413,71,591,145,0,2025-08-14,In Stock
15267,99,939,130,93,2024-11-06,In Stock
1417,39,33,250,40,2025-11-16,In Stock
15080,86,72,443,94,2024-10-14,In Stock
14845,31,474,423,72,2025-03-24,In Stock
17852,32,675,69,77,2025-09-26,Low Stock
16616,40,486,2,14,2025-06-25,Low Stock
13943,58,264,251,87,2024-04-15,In Stock
4602,49,717,287,80,2025-03-17,In Stock
9411,49,741,490,41,2025-08-22,In Stock
15061,86,51,435,45,2025-07-12,In Stock
7962,83,528,79,97,2024-01-12,Low Stock
7400,37,165,14,66,2024-06-16,Low Stock
19640,26,712,162,52,2026-07-28,In Stock
10406,20,973,34,95,2024-06-28,Low Stock
1239,28,622,78,100,2026-07-07,Low Stock
3736,13,395,273,11,2025-07-17,In Stock
8962,47,50,442,63,2025-12-25,In Stock
12656,1818,122,198,84,2024-05-27,In Stock
10304,13,10,138,31,2025-10-29,In Stock
18895,29,935,390,95,2024-09-19,In Stock
14708,39,408,442,88,2025-07-10,In Stock
10058,92,287,237,45,2024-03-03,In Stock
18696,39,930,333,64,2025-10-06,In Stock
16612,27,641,26,15,2024-11-26,In Stock
13094,31,649,47,65,,Low Stock
9020,1,877,433,79,2026-01-22,In Stock
10895,52,505,398,98,2025-09-10,In Stock
18195,40,681,120,93,2025-09-29,In Stock
29,89,793,75,60,2026-03-03,In Stock
18317,13,693,487,89,2026-02-20,In Stock
9719,23,515,77,73,2025-12-13,In Stock
356,88,368,246,91,2025-02-16,In Stock
9622,10,42,236,13,2025-07-16,In Stock
3171,3,398,356,93,2024-10-18,In Stock
17205,15,415,218,94,2025-09-04,In Stock
17382,69,270,317,70,2024-03-15,In Stock
18497,67,407,426,39,2025-11-16,In Stock
16202,83,531,142,45,2025-10-27,In Stock
8525,82,769,249,84,2026-04-24,In Stock
5644,5,632,249,72,,In Stock
6866,29,730,417,41,2026-01-25,In Stock
15332,45,197,415,59,2024-09-22,In Stock
13936,60,211,257,22,2025-01-26,In Stock
3676,36,93,252,82,2024-05-27,In Stock
4225,32,317,339,86,2024-04-05,In Stock
965,9,563,476,61,2024-10-03,In Stock
6750,82,219,115,25,2026-05-03,In Stock
121,88,568,412,28,2024-04-10,In Stock
6795,99,766,215,56,2025-12-07,In Stock
4229,21,782,241,86,2025-10-25,In Stock
5580,97,221,405,50,2025-06-28,In Stock
329,68,994,280,60,,In Stock
4711,46,640,492,76,2025-04-09,In Stock
3282,3,498,340,66,2024-08-21,In Stock
2371,67,458,172,45,2026-02-21,In Stock
5523,71,622,138,10,2025-02-08,In Stock
2545,39,793,363,61,2026-02-11,In Stock
14142,59,240,422,79,2025-08-13,In Stock
19340,11,332,413,24,2026-04-11,In Stock
11078,47,954,27,71,2026-04-06,Low Stock
19680,17,436,500,83,2025-02-09,In Stock
10872,28,203,476,91,2026-06-15,In Stock
2179,66,744,17,40,2025-09-27,Low Stock
4899,34,721,323,11,2025-10-07,In Stock
5154,22,210,332,94,2026-06-06,In Stock
1210,21,219,431,67,2024-12-02,In Stock
13507,56,418,385,22,2026-01-06,In Stock
17684,42,387,226,88,2026-05-12,In Stock
13470,22,396,306,94,2024-10-31,In Stock
3124,79,857,261,44,2024-03-26,In Stock
79,84,944,23,16,2025-01-03,In Stock
9737,81,540,288,70,2024-10-13,In Stock
13488,19,492,35,35,2025-09-16,Low Stock
3767,13,715,420,68,2026-06-08,In Stock
19230,75,857,62,46,2025-03-31,In Stock
12845,50,739,144,50,2024-07-06,In Stock
19681,46,467,337,93,2025-04-16,In Stock
10893,35,258,307,70,2026-02-13,In Stock
601,51,955,327,44,2026-07-11,In Stock
9138,22,812,176,36,2026-04-07,In Stock
4551,38,513,253,59,2025-01-16,In Stock
944,5,990,81,68,2025-01-24,In Stock
18463,52,445,379,19,2024-05-21,In Stock
13777,25,866,160,98,2025-04-05,In Stock
17605,93,936,60,42,2025-10-19,In Stock
15457,52,489,183,44,2024-10-31,In Stock
9315,20,809,5,85,2026-02-17,Low Stock
16613,52,18,76,83,2025-05-26,Low Stock
16065,50,168,107,71,2024-08-25,In Stock
1562,33,672,467,20,2024-08-25,In Stock
4870,21,522,168,81,2025-05-11,In Stock
10190,67,849,316,16,2025-11-18,In Stock
6214,96,3,460,56,2025-07-14,In Stock
13686,95,264,313,42,2025-02-16,In Stock
4542,91,713,5,95,2024-11-08,Low Stock
1783,95,991,323,78,2024-08-20,In Stock
12801,97,155,37,74,2024-06-30,Low Stock
1096,71,404,-1,82,2025-11-23,Out of Stock
5545,38,893,28,46,2024-09-20,Low Stock
1947,77,698,387,60,2024-04-21,In Stock
16339,91,386,337,34,2024-10-30,In Stock
19657,76,727,329,63,2026-05-24,In Stock
18873,28,151,215,69,2026-07-11,In Stock
678,49,281,355,50,2026-02-06,In Stock
10798,64,287,78,28,2026-01-12,In Stock
6790,65,760,479,25,2024-03-01,In Stock
1393,81,45,306,60,2025-12-18,In Stock
12921,77,27,386,61,2024-09-10,In Stock
10662,20,473,-100,41,2024-07-30,Out of Stock
753,15,226,190,16,2025-11-28,In Stock
16154,57,586,266,72,2024-06-20,In Stock
3738,71,32,250,38,2025-02-15,In Stock
2977,75,232,65,17,2025-11-16,In Stock
6695,36,772,107,70,2024-04-06,In Stock
11981,83,467,16,28,2026-05-30,Low Stock
3216,60,212,154,69,2026-06-19,In Stock
15195,31,681,159,38,2026-04-02,In Stock
12405,28,948,69,68,2025-03-30,In Stock
9970,3,577,233,27,2025-01-09,In Stock
12306,62,212,129,12,2024-10-04,In Stock
1771,63,112,325,41,2024-08-25,In Stock
19505,47,60,333,23,2024-04-21,In Stock
16884,65,805,360,69,2025-07-03,In Stock
10913,17,798,65,83,2025-04-23,Low Stock
11676,88,552,411,57,2024-11-06,In Stock
3023,74,54,91,88,2025-04-22,In Stock
12421,97,538,136,22,2025-07-26,In Stock
5402,95,998,356,66,2026-05-29,In Stock
7857,42,547,345,12,2024-08-20,In Stock
11205,82,983,355,87,2025-12-26,In Stock
10101,86,377,397,31,2026-01-29,In Stock
6876,41,986,330,85,2025-10-11,In Stock
19700,17,145,124,59,2025-02-05,In Stock
5192,66,914,171,75,2024-11-02,In Stock
4620,78,229,374,63,2024-01-09,In Stock
17525,48,842,263,97,2026-05-01,In Stock
12732,91,65,175,78,2026-07-13,In Stock
12810,84,140,365,74,2026-06-14,In Stock
16660,33,560,163,76,2024-07-03,In Stock
8720,77,289,170,13,2026-01-14,In Stock
14879,95,459,368,82,2024-11-04,In Stock
18744,1,26,460,44,2026-07-15,In Stock
8147,38,459,377,70,2025-08-15,In Stock
7969,74,84,320,37,2024-02-20,In Stock
4265,10,950,-100,21,2025-01-16,Out of Stock
14324,17,5,50,43,2025-09-18,In Stock
12455,84,614,448,62,2025-01-13,In Stock
10653,19,493,498,92,2025-08-23,In Stock
6826,67,657,247,21,2024-02-20,In Stock
8114,19,826,465,43,2026-06-14,In Stock
10112,68,582,40,73,2024-09-14,Low Stock
702,8,253,280,27,2024-08-09,In Stock
6171,23,161,57,40,2026-02-21,In Stock
12539,21,891,453,59,2025-12-11,In Stock
8160,9,999,455,44,2024-05-06,In Stock
6871,84,39,302,32,2024-12-30,In Stock
14054,71,193,3,22,2025-09-04,Low Stock
4424,98,406,148,94,2025-12-14,In Stock
12160,27,443,51,60,2024-08-25,Low Stock
6863,94,720,180,86,2024-07-23,In Stock
6987,69,24,79,63,2024-07-07,In Stock
4869,49,511,154,55,2025-08-12,In Stock
9491,3,194,89,68,2024-02-18,In Stock
4377,77,374,362,76,2024-02-20,In Stock
16265,12,877,-50,83,2024-01-17,Out of Stock
9545,99,352,1,28,2024-10-19,Low Stock
2927,86,327,238,74,2025-08-31,In Stock
13737,13,901,369,88,2025-06-19,In Stock
9826,63,380,268,77,2025-05-20,In Stock
9480,86,384,103,87,2027-07-20,In Stock
8734,17,856,174,90,2024-03-26,In Stock
17770,71,513,246,66,2024-10-11,In Stock
18501,91,1000,431,64,2024-08-05,In Stock
4351,55,19301,485,93,2024-04-28,In Stock
14787,28,490,138,28,2025-03-13,In Stock
3698,38,712,417,11,2025-03-17,In Stock
2014,57,779,83,71,2025-07-27,In Stock
17242,16,328,417,90,2025-08-02,In Stock
18148,10,175,114,48,2025-03-21,In Stock
15402,62,940,441,26,2026-04-15,In Stock
5678,87,704,335,88,2025-12-26,In Stock
12799,89,878,134,23,2025-07-20,In Stock
14482,23,21,171,13,2024-02-21,In Stock
2148,17,615,294,37,2024-03-07,In Stock
8789,41,138,148,44,2026-02-24,In Stock
2706,43,824,261,24,2025-01-03,In Stock
7130,20,192,467,20,2024-08-13,In Stock
10087,86,838,136,81,2026-02-10,In Stock
15215,2,744,-100,15,2024-10-12,Out of Stock
9700,61,37,117,63,2026-01-18,In Stock
16431,25,486,62,80,2024-03-03,Low Stock
10956,49,256,45,55,2024-09-27,Low Stock
18616,81,75,314,83,2025-06-16,In Stock
6842,61,645,152,82,2025-11-18,In Stock
10428,5,218,220,51,2026-07-31,In Stock
811,93,913,99,61,2025-12-30,In Stock
5318,84,547,415,28,2025-11-02,In Stock
14098,77,858,307,48,2025-07-11,In Stock
313,93,842,202,79,2024-11-18,In Stock
2074,78,873,27,76,2025-02-24,Low Stock
9731,59,723,348,36,2024-05-23,In Stock
17752,1298,202,151,75,2024-01-16,In Stock
17677,7,557,59,33,2024-07-24,In Stock
7735,1904,442,78,17,2024-04-13,In Stock
886,90,225,19,86,2024-09-14,Low Stock
9670,93,195,164,67,2024-09-29,In Stock
1791,35,529,299,17,2026-04-30,In Stock
17857,93,788,260,62,,In Stock
14184,10,738,500,83,2026-01-20,In Stock
10201,87,990,16,42,2024-12-06,Low Stock
3455,49,699,192,35,2025-08-19,In Stock
8875,81,833,429,43,2024-02-24,In Stock
3896,42,650,241,57,2025-11-21,In Stock
18372,82,373,190,78,2026-07-12,In Stock
14998,94,434,127,88,2024-06-19,In Stock
12640,61,894,215,83,2024-08-21,In Stock
8250,48,334,206,69,2025-07-04,In Stock
19418,89,814,70,66,2024-03-29,In Stock
8013,33,603,28,34,2024-04-12,Low Stock
12741,27,86,305,58,2025-07-15,In Stock
10592,56,845,321,33,2026-04-22,In Stock
12418,82,227,75,68,2024-11-26,In Stock
12335,13,124,225,12,2026-03-18,In Stock
12319,37,95,159,44,2024-03-24,In Stock
1007,10,863,277,69,2024-08-10,In Stock
19543,2,869,141,88,2025-06-19,In Stock
15833,59,745,284,93,2025-03-09,In Stock
7926,49,30,377,16,2025-10-06,In Stock
1469,28,592,14,14,2026-05-19,Low Stock
9609,36,608,220,71,2026-07-22,In Stock
471,67,725,133,100,2024-09-01,In Stock
10551,44,15989,316,100,2025-06-26,In Stock
2723,100,403,442,53,2025-03-06,In Stock
5420,25,414,500,55,2026-06-15,In Stock
13101,5,33,20,90,2024-12-24,Low Stock
19508,69,859,350,47,2025-01-11,In Stock
18843,44,258,55,65,2025-03-08,Low Stock
15040,42,120,110,59,2025-09-13,In Stock
12350,71,297,114,23,2025-09-24,In Stock
6042,96,269,253,99,2025-04-11,In Stock
12062,1,811,226,60,2025-04-05,In Stock
2745,33,37,8,15,2024-11-21,Low Stock
4570,39,897,338,50,2026-04-14,In Stock
19952,16,639,47,73,2025-08-29,Low Stock
12787,55,205,464,47,2026-06-13,In Stock
2162,58,175,258,66,2024-11-13,In Stock
18162,16,147,70,97,2025-10-23,Low Stock
4675,95,525,311,26,2024-09-25,In Stock
7457,67,82,181,40,2026-01-11,In Stock
9248,16,496,376,38,2024-04-14,In Stock
18213,51,360,482,30,2024-05-12,In Stock
15606,72,624,68,59,2025-08-11,In Stock
17627,48,847,267,94,2025-09-11,In Stock
15452,21,34,349,20,2026-08-10,In Stock
10117,28,654,123,23,2026-07-28,In Stock
6380,94,218,288,33,2026-11-30,In Stock
14406,6,824,225,35,2025-04-02,In Stock
17735,100,893,481,58,2025-02-27,In Stock
3877,44,38,30,54,2024-02-24,Low Stock
1076,94,294,231,72,2026-07-24,In Stock
9308,5,236,285,88,2025-06-14,In Stock
3937,51,928,370,-20,2024-12-20,In Stock
11726,80,787,354,24,2025-06-16,In Stock
18872,77,86,352,57,2025-10-07,In Stock
17286,73,569,278,39,2024-02-28,In Stock
7142,95,271,69,18,2026-04-15,In Stock
11225,95,655,204,100,2025-07-26,In Stock
4208,8,108,117,78,2026-04-24,In Stock
6714,60,234,237,26,2026-03-28,In Stock
9748,71,825,405,37,2024-10-28,In Stock
9645,18,376,350,58,2024-07-15,In Stock
2150,70,567,235,64,2026-05-03,In Stock
8512,54,233,370,0,2024-02-01,In Stock
13411,3,468,305,33,2024-03-02,In Stock
10115,82,370,45,76,2025-08-22,Low Stock
9486,46,53,255,29,2026-05-26,In Stock
75,87,62,410,71,2026-01-26,In Stock
16413,74,701,88,59,2026-02-21,In Stock
6651,64,278,171,22,2026-05-31,In Stock
7340,65,602,62,26,2026-05-30,In Stock
13360,62,336,409,41,2026-01-21,In Stock
16608,27,21,332,100,2024-01-17,In Stock
10322,15,577,401,82,2025-07-29,In Stock
13016,66,713,207,74,2026-01-21,In Stock
14771,50,619,57,36,2024-08-15,In Stock
17463,12,777,7,15,2026-07-02,Low Stock
17396,45,778,351,64,2025-11-16,In Stock
19071,65,347,53,96,2025-09-06,Low Stock
2510,71,271,179,86,2026-06-17,In Stock
7282,87,625,255,59,2025-10-05,In Stock
9245,64,211,258,14,2025-07-01,In Stock
14640,100,407,10,51,2025-03-31,Low Stock
18084,55,456,282,26,2026-08-14,In Stock
4068,34,503,362,79,2025-12-07,In Stock
9649,12,651,350,49,2024-07-15,In Stock
18218,58,962,448,37,2026-05-25,In Stock
18232,5,208,260,18,2024-03-06,In Stock
11435,18,516,172,94,2024-02-02,In Stock
3146,55,818,328,14,2024-12-19,In Stock
14117,8,380,300,28,2024-12-22,In Stock
14580,35,16,308,52,2024-12-22,In Stock
15176,41,626,223,28,2025-09-18,In Stock
11601,94,519,454,78,2025-05-09,In Stock
12812,100,328,360,42,2026-01-05,In Stock
5132,47,382,24,87,2026-02-22,Low Stock
7927,70,742,383,37,2024-05-26,In Stock
18091,28,645,228,64,2024-02-14,In Stock
18309,66,198,227,63,2024-03-13,In Stock
541,66,592,224,36,2026-07-15,In Stock
4236,45,742,214,19,2026-01-18,In Stock
5508,87,444,467,61,2024-09-23,In Stock
17472,23,771,295,15,2026-03-21,In Stock
11858,12,309,326,84,2024-04-03,In Stock
15072,2,449,159,58,2025-04-14,In Stock
15296,13,604,256,17,2026-04-19,In Stock
11561,46,746,222,68,2026-03-17,In Stock
755,94,189,421,49,2025-02-19,In Stock
14364,60,399,306,83,2024-02-07,In Stock
17190,25,711,257,67,2024-08-17,In Stock
2543,31,52,57,91,2024-01-10,Low Stock
6074,88,956,157,10,2024-09-20,In Stock
14582,12,226,317,62,2024-06-09,In Stock
13352,47,937,123,100,2026-01-17,In Stock
5219,37,465,152,50,2026-05-31,In Stock
17438,46,601,184,62,2025-07-03,In Stock
16542,40,903,499,23,2024-12-15,In Stock
238,66,633,246,26,2025-10-29,In Stock
4272,66,692,333,36,2025-04-03,In Stock
5876,61,486,434,28,2025-11-25,In Stock
6658,62,844,114,51,2025-04-11,In Stock
101,87,986,104,55,2025-11-26,In Stock
13962,35,812,222,29,2024-07-22,In Stock
17376,75,6,250,67,2026-05-04,In Stock
16335,34,305,171,70,2024-07-06,In Stock
12828,58,36,179,59,2025-10-05,In Stock
5363,13,974,396,100,2025-02-03,In Stock
4767,24,884,242,95,2026-03-09,In Stock
7504,49,983,234,79,2025-07-01,In Stock
15766,36,923,399,41,2025-12-04,In Stock
8794,96,913,182,83,2025-08-25,In Stock
16275,55,620,221,99,2024-10-31,In Stock
1309,86,481,133,84,2026-01-07,In Stock
1583,61,344,101,68,2026-06-24,In Stock
18502,56,310,268,68,2024-04-24,In Stock
2432,78,826,463,45,2025-09-29,In Stock
1045,79,6,336,49,2026-01-14,In Stock
18006,36,679,418,69,2025-09-29,In Stock
9750,95,191,159,91,2024-10-06,In Stock
5010,39,208,45,81,2026-01-30,Low Stock
18666,6,465,87,65,2025-08-09,In Stock
1488,78,715,477,54,2024-12-02,In Stock
7634,19,42,255,88,2025-02-13,In Stock
11014,69,273,433,14,2024-11-17,In Stock
10932,79,344,347,80,2024-12-20,In Stock
16728,93,10547,157,33,2024-02-18,In Stock
10308,6,945,431,100,2025-12-21,In Stock
5796,34,277,192,86,2024-11-25,In Stock
5492,52,131,88,87,2025-05-27,In Stock
17173,41,306,386,100,2025-11-21,In Stock
619,34,500,265,26,2024-07-21,In Stock
3800,46,244,361,25,2024-09-23,In Stock
11798,90,956,69,71,2024-02-09,Low Stock
13531,27,792,499,59,2025-07-30,In Stock
11589,44,883,367,47,2024-04-07,In Stock
1601,11,443,6,65,2024-07-19,Low Stock
16963,2,318,163,84,2024-09-15,In Stock
1850,40,515,278,62,2024-02-29,In Stock
9808,9,635,306,75,2026-02-20,In Stock
1753,83,66,112,41,2025-04-28,In Stock
14841,24,346,493,72,2025-10-30,In Stock
2041,74,542,51,90,2024-07-22,Low Stock
2084,73,928,289,41,2025-11-01,In Stock
7966,65,164,5,98,2025-05-17,Low Stock
15331,30,523,82,95,2025-11-26,Low Stock
547,26,55,46,90,2024-03-28,Low Stock
6200,73,950,73,10,2025-08-12,In Stock
17671,96,852,222,55,2025-02-17,In Stock
16828,39,719,-1,74,2024-07-02,Out of Stock
1357,33,917,183,69,2024-11-25,In Stock
5148,56,68,157,67,2025-09-04,In Stock
17669,12,416,384,16,2024-03-27,In Stock
8868,23,30,464,22,2024-10-05,In Stock
10738,62,386,295,91,2024-06-16,In Stock
15319,54,964,95,88,2026-05-18,In Stock
18659,40,901,28,27,2025-09-10,In Stock
12192,20,614,440,52,2025-12-29,In Stock
10695,27,174,453,90,2025-07-23,In Stock
6015,77,47,325,44,2024-09-19,In Stock
7170,13,506,183,100,,In Stock
176,63,9,251,86,2025-09-23,In Stock
19937,86,706,498,86,2026-07-26,In Stock
2209,51,603,237,72,2025-03-21,In Stock
18976,66,475,117,63,2024-03-11,In Stock
18120,96,815,349,76,2025-08-30,In Stock
3788,70,611,74,15,2025-05-03,In Stock
12547,31,988,319,34,2026-05-23,In Stock
10418,29,7,110,54,2026-04-23,In Stock
18145,54,193,271,93,2026-06-16,In Stock
14740,9,559,109,71,2024-05-09,In Stock
9319,71,163,39,25,2024-07-22,In Stock
18257,49,409,11,47,,Low Stock
19929,6,686,10,65,2024-04-21,Low Stock
17484,59,7,290,53,2026-01-13,In Stock
2442,93,676,37,89,2025-02-17,Low Stock
12984,11,29,429,81,2025-10-29,In Stock
1323,91,448,368,61,2025-05-01,In Stock
1604,74,801,254,18,2024-06-07,In Stock
12403,52,243,484,74,2024-08-21,In Stock
9946,64,559,410,14,2024-07-08,In Stock
8015,1653,669,165,90,2025-04-27,In Stock
10945,68,749,301,94,2026-01-05,In Stock
4066,90,287,205,52,2024-02-06,In Stock
1295,30,701,277,51,2025-05-18,In Stock
2001,16,765,446,96,2025-12-08,In Stock
17233,38,734,132,52,2025-10-29,In Stock
2064,64,615,323,87,2025-12-29,In Stock
12264,83,612,231,91,2025-04-10,In Stock
1508,75,421,87,45,2026-04-23,In Stock
15143,20,85,405,60,2026-03-31,In Stock
1560,35,881,39,68,2025-08-01,Low Stock
17561,21,556,38,57,2026-01-13,Low Stock
5578,34,985,490,16,2024-03-16,In Stock
12826,14,725,126,39,2025-06-19,In Stock
13120,89,772,402,44,2024-11-15,In Stock
10689,65,988,231,92,2025-08-29,In Stock
16845,9,361,395,70,2026-01-04,In Stock
12975,1,470,125,48,2025-07-31,In Stock
18143,100,368,246,48,2026-05-04,In Stock
5612,46,538,267,63,2025-06-26,In Stock
15366,84,52,141,86,2027-06-27,In Stock
5336,57,576,257,79,2024-09-08,In Stock
9547,45,777,426,66,2025-03-22,In Stock
11444,92,68,-1,22,2024-04-07,Out of Stock
4142,68,899,224,60,2026-06-23,In Stock
7939,27,442,187,68,2024-09-12,In Stock
16167,54,505,437,19,2025-08-17,In Stock
3550,100,155,82,90,2025-07-03,Low Stock
6017,97,330,194,38,2024-03-11,In Stock
6907,25,777,355,96,2025-05-30,In Stock
14651,40,789,371,71,2025-04-05,In Stock
12225,38,280,496,11,2025-07-25,In Stock
6721,38,853,486,16,2025-12-26,In Stock
1236,35,97,185,85,2026-07-09,In Stock
17158,63,966,200,60,2024-01-18,In Stock
15134,21,381,270,55,2024-10-17,In Stock
10644,53,375,157,69,2024-01-03,In Stock
19302,55,803,22,77,2026-06-03,Low Stock
2252,1949,579,420,99,2026-01-18,In Stock
9218,3,254,446,94,2025-10-29,In Stock
3671,76,254,51,16,2025-05-10,In Stock
14295,20,861,352,74,2024-09-26,In Stock
16148,5,24,392,36,2025-05-26,In Stock
12972,33,948,147,22,2024-07-30,In Stock
4746,81,513,209,52,2024-08-12,In Stock
8506,73,339,429,85,2027-03-12,In Stock
8829,63,48,415,83,2026-04-12,In Stock
14628,9,796,86,24,2026-10-18,In Stock
9910,3,448,330,63,2025-02-05,In Stock
18625,36,491,248,20,2025-12-19,In Stock
948,53,971,380,28,2026-07-05,In Stock
11690,34,143,330,41,2025-07-12,In Stock
6986,53,569,432,66,2026-06-09,In Stock
13963,94,140,179,21,2024-05-14,In Stock
2971,70,593,496,82,2024-09-27,In Stock
18248,37,259,114,93,2025-03-03,In Stock
14730,68,247,384,63,2025-09-03,In Stock
3886,54,888,84,22,2024-07-02,In Stock
12567,64,66,130,23,,In Stock
17977,81,173,-50,79,2025-01-20,Out of Stock
19786,34,265,305,50,2025-09-13,In Stock
11911,64,858,173,58,2024-05-09,In Stock
6698,44,391,199,79,2024-08-21,In Stock
12899,35,401,13,42,2025-11-14,Low Stock
16825,94,599,170,90,2024-05-14,In Stock
17730,89,192,385,13,2026-07-17,In Stock
11080,99,136,98,76,2024-11-26,In Stock
18300,67,330,101,26,2026-02-16,In Stock
7132,71,168,102,10,2025-01-14,In Stock
6059,1275,62,409,48,2024-08-18,In Stock
1841,55,308,155,79,2026-01-20,In Stock
12211,91,284,58,79,2024-01-19,Low Stock
1565,81,235,6,69,2025-06-27,Low Stock
3674,22,748,165,30,2024-02-10,In Stock
19850,22,115,164,22,2025-07-04,In Stock
4312,20,78,452,71,2024-01-16,In Stock
4699,29,590,36,28,2025-10-24,In Stock
10751,47,842,235,56,2024-03-29,In Stock
3321,99,90,437,52,2026-02-01,In Stock
5193,48,60,481,46,2025-04-14,In Stock
10465,55,544,275,76,2024-07-24,In Stock
4469,63,297,375,97,,In Stock
12447,73,688,261,0,2025-08-17,In Stock
4774,9,542,364,78,2025-05-24,In Stock
6576,58,273,5,33,2024-12-14,Low Stock
16796,22,127,40,52,2025-08-25,Low Stock
4710,1,141,13,74,2027-02-15,Low Stock
848,10,245,203,55,2024-01-27,In Stock
15985,15,226,32,25,2025-12-06,In Stock
839,82,344,364,83,2026-08-07,In Stock
8741,8,427,111,70,2024-07-02,In Stock
11126,89,446,108,76,2024-05-30,In Stock
7533,1689,376,433,61,2024-03-04,In Stock
19078,22,712,72,92,2024-03-24,Low Stock
7760,11,464,89,90,2025-10-14,Low Stock
4598,30,356,382,97,2026-01-20,In Stock
9610,40,277,334,18,2025-03-05,In Stock
5786,38,36,280,76,2025-03-18,In Stock
607,54,741,305,94,2025-10-13,In Stock
18631,47,81,372,64,2024-09-02,In Stock
19774,24,20,84,58,2026-02-12,In Stock
605,26,89,249,88,2024-05-08,In Stock
14741,17,150,10,66,2025-02-19,Low Stock
10271,8,808,96,96,2024-04-16,Low Stock
17895,30,286,363,85,2025-12-29,In Stock
7226,93,232,247,75,2026-02-16,In Stock
2312,61,624,425,66,2026-05-11,In Stock
12536,12,741,462,77,2026-01-25,In Stock
15263,53,626,24,35,2026-06-10,Low Stock
18519,32,981,485,49,2024-11-16,In Stock
1983,4,272,271,48,2026-07-08,In Stock
12659,8,404,384,61,2025-03-08,In Stock
8392,12,757,437,20,2024-08-13,In Stock
8678,54,783,129,49,2025-05-02,In Stock
11463,17,949,207,62,2024-02-27,In Stock
5729,15,731,36,22,2026-03-08,In Stock
2824,4,699,42,38,2024-08-25,In Stock
4552,95,599,55,84,2026-02-25,Low Stock
5337,5,370,93,52,2026-05-25,In Stock
11438,12,339,488,74,2025-09-05,In Stock
4454,25,103,272,20,2024-10-31,In Stock
8187,93,128,40,77,2025-03-20,Low Stock
12094,41,262,135,85,2024-09-27,In Stock
11354,17,689,445,32,2025-11-10,In Stock
3750,47,277,146,82,2025-01-08,In Stock
10395,13,815,44,50,2024-05-18,Low Stock
14164,40,336,163,87,2024-07-05,In Stock
8002,45,953,489,66,2025-05-30,In Stock
18471,6,980,174,75,2024-12-17,In Stock
10987,43,940,385,50,2026-02-09,In Stock
11575,35,846,314,62,2025-01-28,In Stock
19515,63,28,373,42,2024-02-09,In Stock
9080,44,760,331,100,2026-02-20,In Stock
525,3,991,299,65,2025-02-04,In Stock
17134,57,34,334,97,2026-02-01,In Stock
9140,58,973,328,70,2024-12-15,In Stock
8451,50,779,198,100,2025-07-28,In Stock
18231,23,960,442,69,2024-06-10,In Stock
18758,33,451,356,36,2026-06-30,In Stock
15740,1585,104,-1,87,2025-08-31,Out of Stock
123,12,103,115,94,2025-02-12,In Stock
4367,75,69,78,39,2026-06-20,In Stock
13015,50,543,183,80,2025-04-22,In Stock
19781,3,310,290,83,2024-06-28,In Stock
2303,20,90,419,65,2024-12-07,In Stock
7398,88,574,440,19,2025-09-03,In Stock
11610,90,80,95,13,2024-05-04,In Stock
17731,95,824,305,39,2024-01-29,In Stock
5821,21,158,55,42,2024-05-21,In Stock
9198,27,147,47,71,2026-04-25,Low Stock
11653,49,961,186,25,2024-05-14,In Stock
12915,6,318,222,52,2026-01-01,In Stock
17697,64,421,153,43,2025-09-01,In Stock
8881,32,372,337,26,2024-07-17,In Stock
3056,46,519,200,95,2025-02-18,In Stock
3567,65,224,341,39,2025-11-05,In Stock
49,90,416,344,86,2024-02-02,In Stock
10325,12,363,483,34,2024-01-31,In Stock
502,53,405,489,92,2025-05-10,In Stock
3186,79,201,245,50,2024-10-01,In Stock
14306,86,183,495,54,2025-12-25,In Stock
230,56,182,219,19,2024-03-04,In Stock
15154,42,346,490,35,2025-08-16,In Stock
12194,53,292,17,67,2024-05-25,Low Stock
2825,94,344,79,42,2024-11-09,In Stock
8773,81,531,226,53,2026-02-14,In Stock
17861,17,147,413,10,2026-01-13,In Stock
3008,75,312,271,92,2026-01-04,In Stock
14619,83,508,400,58,2025-12-24,In Stock
12780,54,125,26,16,2025-12-16,In Stock
17514,33,578,220,90,2025-08-18,In Stock
4306,69,391,162,95,2025-06-16,In Stock
19954,44,413,240,93,2026-03-10,In Stock
1075,22,704,356,63,2026-05-29,In Stock
10943,98,447,372,100,2025-03-03,In Stock
19434,20,899,188,89,2024-06-05,In Stock
17639,27,60,319,55,2026-02-02,In Stock
7654,28,394,493,37,2024-08-19,In Stock
7211,95,574,234,44,2025-11-24,In Stock
12569,95,950,365,31,2024-12-15,In Stock
2945,58,731,434,44,,In Stock
17381,38,588,404,39,2025-04-30,In Stock
10911,80,726,77,42,2024-01-15,In Stock
15828,48,503,196,63,2025-10-27,In Stock
14481,92,865,430,95,2025-12-12,In Stock
8639,51,195,43,75,2024-06-11,Low Stock
10363,85,379,313,87,2024-03-04,In Stock
4434,17,75,114,19,2025-05-29,In Stock
15351,93,851,225,87,2024-03-09,In Stock
4162,28,417,90,80,2025-12-08,In Stock
3118,18,686,70,-5,2025-11-27,In Stock
19930,44,607,148,78,2024-02-27,In Stock
6879,14,262,34,92,2025-05-27,Low Stock
17702,77,237,392,34,2025-05-25,In Stock
10261,99,493,447,34,2025-12-02,In Stock
11233,12,444,271,88,2025-11-05,In Stock
5323,76,169,169,68,2024-09-19,In Stock
15240,7,241,432,69,2025-03-29,In Stock
14341,58,661,211,16,2024-02-11,In Stock
2420,36,825,465,66,2024-10-10,In Stock
19146,65,220,288,33,2024-12-26,In Stock
17567,44,775,87,73,2024-12-13,In Stock
7171,19,148,247,33,2025-04-30,In Stock
15483,23,78,262,47,2026-02-07,In Stock
14908,79,808,309,28,2024-01-28,In Stock
1018,97,895,485,60,2024-07-23,In Stock
13802,97,762,370,56,2026-02-09,In Stock
12470,53,504,109,74,2024-07-25,In Stock
8541,96,555,289,26,2025-12-11,In Stock
7744,76,703,282,29,2027-03-22,In Stock
1929,28,243,81,56,2025-05-14,In Stock
19043,35,211,249,19,2026-01-15,In Stock
351,9,832,213,38,2024-02-07,In Stock
14653,85,968,5,70,2024-11-16,Low Stock
224,37,686,149,85,2025-04-23,In Stock
6031,87,791,324,78,,In Stock
19766,100,492,95,82,2026-04-03,In Stock
19730,49,381,9,15,2025-04-29,Low Stock
9180,36,547,230,38,2025-05-05,In Stock
15648,61,591,459,37,2024-11-01,In Stock
2501,83,142,440,79,2025-01-27,In Stock
19450,77,83,326,59,2024-06-17,In Stock
3259,6,116,220,45,2024-12-24,In Stock
565,70,581,169,38,2025-03-30,In Stock
9775,50,972,57,96,2026-08-14,Low Stock
10368,13,969,94,66,2025-08-27,In Stock
8090,49,27,244,80,2026-02-23,In Stock
13356,38,829,-1,32,2026-06-23,Out of Stock
15538,78,713,424,32,2024-06-17,In Stock
3386,40,338,45,40,2024-09-06,In Stock
3934,77,688,73,14,2026-04-25,In Stock
7960,89,708,36,24,2026-02-25,In Stock
2708,33,215,185,49,2024-10-22,In Stock
2791,4,180,370,85,2024-06-26,In Stock
3447,85,506,72,70,2025-04-07,In Stock
15700,20,4,-1,80,2024-07-06,Out of Stock
3536,61,659,58,42,2024-07-07,In Stock
10921,42,71,-100,19,2024-08-20,Out of Stock
16432,93,374,52,25,2024-07-12,In Stock
15869,91,547,264,88,2025-02-24,In Stock
11932,55,229,412,47,2025-08-04,In Stock
13885,10,740,474,92,2024-04-18,In Stock
18093,32,540,143,33,2026-05-15,In Stock
7526,25,760,433,32,2024-08-08,In Stock
822,62,576,368,13,2025-02-03,In Stock
10256,34,277,389,88,2024-02-11,In Stock
18886,95,344,44,92,2025-04-22,Low Stock
8279,75,976,357,30,2025-03-08,In Stock
8274,26,569,152,69,2025-01-10,In Stock
16614,77,301,216,82,2026-03-24,In Stock
19685,60,128,469,78,2026-02-10,In Stock
10890,99,173,231,45,2024-07-29,In Stock
9024,86,823,335,100,2024-01-15,In Stock
12767,2,258,-1,73,2024-08-29,Out of Stock
12019,70,487,110,32,2025-09-13,In Stock
7646,10,183,143,62,2026-04-06,In Stock
15512,98,221,300,27,2025-07-12,In Stock
16940,42,631,56,53,2026-02-28,In Stock
2834,8,121,176,13,2025-10-14,In Stock
11239,79,872,112,78,2024-09-17,In Stock
10373,91,714,411,14,2026-02-17,In Stock
7407,13,179,453,74,2024-04-04,In Stock
15368,80,617,96,69,2024-12-29,In Stock
19487,48,325,391,59,2024-11-28,In Stock
8241,95,50,407,64,2025-08-22,In Stock
11941,3,618,486,29,2025-03-10,In Stock
13223,78,26,53,97,2025-09-25,Low Stock
16209,42,774,306,84,2025-04-10,In Stock
9980,82,117,263,84,2024-03-21,In Stock
13254,61,127,111,89,2025-06-12,In Stock
7769,32,25,436,26,2025-04-17,In Stock
18533,47,852,93,53,2024-02-27,In Stock
4096,39,622,344,78,2025-08-19,In Stock
2690,54,391,57,25,2026-04-08,In Stock
1190,70,161,337,91,2026-06-28,In Stock
9286,91,871,158,43,2026-05-25,In Stock
4846,96,99,433,30,2024-02-08,In Stock
5211,2,384,258,80,2024-08-16,In Stock
3991,20,314,111,10,2025-10-14,In Stock
8061,87,838,462,52,2025-06-24,In Stock
10566,18,942,77,66,2025-01-31,In Stock
5677,8,9,123,30,2025-03-17,In Stock
1575,2,962,26,95,2026-11-13,Low Stock
10951,89,588,363,37,2024-10-30,In Stock
17297,65,88,318,67,2024-03-13,In Stock
6066,37,395,440,63,2025-10-19,In Stock
2786,90,933,468,60,,In Stock
15595,25,562,194,77,2024-05-25,In Stock
14265,31,501,199,83,2025-06-28,In Stock
15006,8,718,105,39,2026-08-09,In Stock
14068,73,119,270,79,2025-02-16,In Stock
3881,44,552,72,47,2024-09-04,In Stock
16633,19,718,384,28,2025-06-11,In Stock
15105,91,83,366,47,2024-07-28,In Stock
13321,40,774,279,17,2024-04-23,In Stock
4935,30,423,372,86,2026-06-26,In Stock
15356,73,590,-50,36,2026-06-21,Out of Stock
19592,19,664,121,44,2025-05-22,In Stock
11976,22,790,426,28,2025-11-11,In Stock
7747,64,240,374,53,2025-03-11,In Stock
15498,7,913,415,61,2025-09-20,In Stock
5236,29,614,468,74,2025-06-02,In Stock
3946,59,441,33,43,2026-04-02,Low Stock
10122,51,377,19,77,2025-12-30,Low Stock
2165,99,297,94,98,2024-10-18,Low Stock
2887,61,978,90,42,2026-01-24,In Stock
10110,8,831,136,75,2025-05-07,In Stock
8715,77,238,46,30,2025-07-04,In Stock
8709,70,596,268,85,2026-01-13,In Stock
18062,13,231,210,63,2024-03-21,In Stock
13115,14,157,361,97,2025-08-03,In Stock
5667,13,120,340,26,2024-07-02,In Stock
173,10,774,212,78,2025-06-17,In Stock
640,13,365,142,92,2024-07-07,In Stock
13498,97,460,66,100,2025-01-31,Low Stock
15250,32,755,229,64,2024-06-20,In Stock
19045,80,130,422,69,2026-06-04,In Stock
13572,78,606,462,73,2024-01-08,In Stock
5066,41,675,64,90,2024-03-08,Low Stock
9336,45,957,388,57,2026-03-28,In Stock
1549,65,908,198,98,2026-03-03,In Stock
7436,93,285,249,93,2024-01-03,In Stock
16278,99,9,-100,41,2024-04-06,Out of Stock
10933,77,87,155,78,2026-02-02,In Stock
10025,27,783,285,58,2025-08-10,In Stock
1037,93,796,218,60,2025-07-06,In Stock
17113,35,865,381,81,2024-12-24,In Stock
11879,40,168,480,13,2024-07-03,In Stock
8920,5,844,79,57,2025-07-15,In Stock
19444,77,705,118,13,2025-06-01,In Stock
12730,64,256,202,20,2024-02-04,In Stock
14911,64,171,98,84,2026-04-19,In Stock
8419,60,451,399,35,2026-01-29,In Stock
9027,7,292,31,31,2026-07-30,Low Stock
2487,3,693,177,14,2026-05-30,In Stock
9323,28,524,197,28,2025-04-03,In Stock
9583,8,849,499,79,2024-04-12,In Stock
17149,85,167,239,83,2024-06-18,In Stock
10714,69,782,21,80,2025-05-23,Low Stock
12283,43,824,244,24,2025-07-22,In Stock
15901,86,627,353,79,2026-01-24,In Stock
8258,18,376,243,99,2025-12-24,In Stock
12468,54,250,16,50,2024-07-01,Low Stock
17131,79,17,218,54,2024-03-01,In Stock
16889,100,918,253,18,2026-01-25,In Stock
2025,60,403,129,43,2026-08-09,In Stock
1873,41,755,124,15,2024-11-12,In Stock
355,58,749,78,96,2025-06-17,Low Stock
5361,45,721,425,96,2026-02-06,In Stock
14801,35,983,30,27,2025-02-25,In Stock
19894,62,830,212,-20,2026-01-17,In Stock
12955,84,825,80,33,2025-02-03,In Stock
1165,42,172,445,63,2024-05-20,In Stock
18408,58,358,162,97,2024-09-25,In Stock
19148,65,393,416,26,2024-06-16,In Stock
3396,77,422,456,59,2024-03-13,In Stock
15542,76,441,3,55,2026-05-21,Low Stock
12761,43,773,210,16,,In Stock
15864,98,192,76,21,2026-01-24,In Stock
3128,95,641,437,39,2025-10-25,In Stock
9695,97,533,40,40,2025-08-03,Low Stock
8502,58,988,40,79,2025-09-21,Low Stock
14509,1456,546,280,-5,2025-06-21,In Stock
9384,57,182,153,62,2024-12-01,In Stock
7161,46,629,310,93,2024-09-01,In Stock
10564,65,331,373,21,2024-03-17,In Stock
4355,1629,95,178,31,2025-04-26,In Stock
16671,20,899,186,96,2026-07-26,In Stock
14029,82,675,248,27,2025-12-08,In Stock
3588,24,21,280,71,2026-07-10,In Stock
16105,64,392,322,54,2024-06-24,In Stock
17143,75,360,391,46,2025-09-01,In Stock
12565,8,215,495,71,2026-03-28,In Stock
10963,87,290,399,39,2025-02-25,In Stock
13005,17,687,140,45,2027-01-29,In Stock
18392,20,82,168,14,2025-07-10,In Stock
10186,85,96,-100,81,2024-12-08,Out of Stock
325,31,144,281,90,2024-09-07,In Stock
7891,76,128,433,97,2025-03-14,In Stock
5172,24,170,260,41,2024-09-06,In Stock
5649,93,62,436,38,2026-05-16,In Stock
6744,76,693,344,83,2025-04-14,In Stock
7399,24,516,26,63,2024-03-21,Low Stock
3210,20,770,376,38,2026-05-25,In Stock
11268,75,361,338,90,2026-06-27,In Stock
12098,96,313,423,78,2024-02-19,In Stock
19503,29,268,72,94,2025-08-28,Low Stock
15228,25,700,103,66,2024-12-10,In Stock
4753,28,45,431,70,2026-07-07,In Stock
8880,5,59,324,45,2025-04-05,In Stock
11357,15,978,446,57,2025-10-12,In Stock
2380,63,872,26,73,2025-09-02,Low Stock
18202,16,882,138,79,2025-11-29,In Stock
16207,83,287,121,65,2025-03-28,In Stock
12362,20,998,198,85,2024-04-05,In Stock
8022,58,291,163,15,2025-01-20,In Stock
14804,68,502,166,41,2026-02-02,In Stock
6659,69,852,238,97,2025-01-10,In Stock
18869,89,45,460,89,2026-06-10,In Stock
8178,32,242,160,95,2025-11-15,In Stock
11621,52,704,261,37,2025-09-09,In Stock
7858,19,225,274,99,2024-01-03,In Stock
4422,71,47,430,21,2026-05-25,In Stock
1102,24,230,-1,14,2025-10-06,Out of Stock
15856,36,809,393,46,2025-05-26,In Stock
13759,25,73,379,38,2024-07-16,In Stock
8610,46,818,130,59,2024-02-26,In Stock
8062,72,690,499,77,2025-10-12,In Stock
3251,50,397,313,86,2025-10-06,In Stock
12602,52,315,247,71,2026-07-07,In Stock
12333,52,346,28,15,2027-07-09,In Stock
3558,50,598,347,59,2024-05-22,In Stock
710,62,936,233,44,2024-03-06,In Stock
119,65,974,135,100,2025-08-20,In Stock
10215,6,725,384,74,2025-08-04,In Stock
4599,54,404,131,55,2025-01-18,In Stock
2043,64,976,310,45,2024-02-10,In Stock
7420,40,925,163,81,2025-02-06,In Stock
6131,74,7,97,43,2024-04-14,In Stock
13221,47,828,434,22,2024-05-30,In Stock
318,54,182,299,0,2026-07-26,In Stock
16018,61,686,313,58,2025-02-24,In Stock
5316,31,837,497,36,2026-04-30,In Stock
18737,39,600,278,45,2025-12-17,In Stock
6607,98,423,-50,60,2025-09-30,Out of Stock
12874,74,740,95,27,2025-05-06,In Stock
19353,67,609,62,27,2026-03-20,In Stock
5004,29,847,30,0,2025-12-22,In Stock
6524,93,973,292,84,2024-01-21,In Stock
9574,12,823,289,77,2024-05-09,In Stock
13988,1142,500,253,67,2024-04-23,In Stock
4274,29,583,-1,41,2025-04-06,Out of Stock
5740,65,979,322,81,2026-07-19,In Stock
18757,48,468,281,49,2024-10-02,In Stock
5471,9,850,351,38,2025-11-02,In Stock
5817,84,608,481,76,2026-02-01,In Stock
15048,81,934,166,99,2024-11-27,In Stock
88,80,958,273,72,2024-07-05,In Stock
7631,87,599,21,19,2026-05-13,In Stock
4164,91,189,469,32,2025-01-28,In Stock
3383,92,163,235,85,2024-01-30,In Stock
10918,29,830,35,49,2025-11-09,Low Stock
13181,32,502,279,89,2025-05-05,In Stock
404,58,520,429,31,2025-05-12,In Stock
4912,64,474,442,19,2025-12-30,In Stock
11543,78,439,383,32,2026-05-03,In Stock
11423,51,340,244,11,2024-10-31,In Stock
9366,7,897,344,61,2025-03-24,In Stock
2766,95,952,180,12,2025-03-26,In Stock
6379,51,287,43,47,2026-07-12,Low Stock
2242,23,280,143,28,2024-01-07,In Stock
15322,5,803,388,12,2025-10-10,In Stock
3484,31,50,70,80,2025-11-17,Low Stock
3540,50,103,225,22,2024-12-06,In Stock
6311,21,630,445,56,2025-01-26,In Stock
9220,20,472,349,92,2026-04-09,In Stock
10398,81,633,338,38,2025-03-23,In Stock
16905,99,957,380,32,2025-10-19,In Stock
5518,18,661,57,95,2024-10-16,Low Stock
2437,8,35,378,46,2025-09-10,In Stock
4690,80,510,217,43,2024-11-22,In Stock
2595,95,974,389,23,2024-07-09,In Stock
9471,23,804,323,79,2026-05-16,In Stock
13956,15,820,46,30,2026-06-21,In Stock
6857,89,592,374,17,2025-01-30,In Stock
16258,75,900,51,37,2025-05-26,In Stock
4338,3,51,360,73,2024-07-03,In Stock
6655,90,473,280,92,2025-09-26,In Stock
1426,65,647,389,96,2025-05-16,In Stock
5028,47,280,109,66,2025-02-07,In Stock
5282,81,631,331,28,2025-04-22,In Stock
15710,16,295,125,55,2024-04-17,In Stock
1503,74,427,407,88,2026-05-11,In Stock
11062,59,615,252,27,2025-04-22,In Stock
9800,1,655,184,91,2025-08-31,In Stock
10668,26,373,79,55,,In Stock
18957,82,936,269,100,2024-02-16,In Stock
679,28,550,86,67,2024-02-20,In Stock
6674,1971,255,369,99,2026-03-29,In Stock
5852,45,867,150,42,2024-04-29,In Stock
7195,51,807,400,22,2025-11-15,In Stock
10096,62,706,460,85,2024-10-22,In Stock
16302,95,349,392,41,2024-06-09,In Stock
12391,24,916,141,79,2024-02-18,In Stock
5054,30,101,377,28,2024-05-20,In Stock
1851,70,543,208,48,2025-10-07,In Stock
6523,4,796,418,70,2024-07-08,In Stock
1071,70,325,436,19,2025-06-06,In Stock
13789,50,865,328,61,2025-10-19,In Stock
6785,22,873,245,-20,2025-06-24,In Stock
10673,66,747,141,49,2025-06-05,In Stock
2773,41,418,39,58,2024-10-20,Low Stock
3393,11,791,8,14,2025-10-10,Low Stock
1100,96,608,292,90,2026-05-19,In Stock
7379,96,579,-50,17,2024-12-29,Out of Stock
11035,59,620,55,91,2026-04-04,Low Stock
1750,13,407,387,66,2024-03-05,In Stock
419,42,621,487,29,2024-06-07,In Stock
16136,81,351,93,27,2025-08-13,In Stock
5820,39,385,347,92,2025-02-13,In Stock
15137,56,536,444,29,2024-10-21,In Stock
10140,64,652,457,45,2025-10-19,In Stock
17489,71,558,288,31,2024-06-12,In Stock
10492,50,907,408,96,2024-08-05,In Stock
18282,48,367,464,24,2024-02-01,In Stock
15627,14,626,372,50,2025-08-06,In Stock
5136,77,366,425,55,2025-10-24,In Stock
8401,8,79,336,10,2025-04-03,In Stock
14156,52,77,14,85,2025-09-06,Low Stock
16408,72,685,22,41,2025-07-01,Low Stock
11979,2,807,315,24,2025-08-10,In Stock
14055,47,164,64,87,2024-01-01,Low Stock
4894,22,619,23,32,2024-06-26,Low Stock
8721,55,87,71,100,2024-11-26,Low Stock
8972,73,282,179,31,2026-06-03,In Stock
723,79,555,451,21,2024-12-21,In Stock
5177,10,630,240,20,2025-10-02,In Stock
10154,73,45,126,35,2025-08-12,In Stock
1861,87,445,440,74,,In Stock
18850,14,187,429,54,2024-09-12,In Stock
1688,12,210,71,0,2026-04-26,In Stock
8499,85,945,460,13,2024-07-18,In Stock
19476,67,598,398,94,2024-10-31,In Stock
1993,69,560,471,27,2026-06-24,In Stock
10525,81,640,29,78,2026-04-07,Low Stock
16502,62,435,156,46,2026-03-07,In Stock
16638,91,779,157,18,2025-06-18,In Stock
15108,69,635,429,27,2024-03-31,In Stock
14530,40,439,26,73,2025-10-05,Low Stock
6118,32,457,443,69,2026-06-09,In Stock
3460,63,91,326,44,2024-08-20,In Stock
14056,31,743,127,62,2025-01-04,In Stock
6568,82,460,500,56,2025-12-10,In Stock
19243,17,725,99,78,2026-03-22,In Stock
5671,5,489,289,67,2024-02-16,In Stock
9297,6,482,476,40,2025-09-06,In Stock
14993,66,224,110,67,2024-10-17,In Stock
2811,93,623,371,90,2024-04-16,In Stock
8950,86,845,10,65,2024-08-30,Low Stock
5493,8,382,373,90,2024-11-28,In Stock
15281,60,738,299,12,2024-04-11,In Stock
12711,29,941,124,62,2024-04-06,In Stock
17618,25,510,413,71,2024-05-12,In Stock
14085,76,141,411,30,2026-01-31,In Stock
575,70,722,341,17,2025-07-11,In Stock
8450,27,709,164,65,2025-07-24,In Stock
18261,43,722,439,90,2026-08-01,In Stock
17785,1306,358,239,16,2024-07-07,In Stock
9233,16,672,36,97,2024-11-02,Low Stock
19089,53,255,125,31,2024-12-08,In Stock
16639,73,1,7,90,2024-08-01,Low Stock
3626,40,722,159,19,2024-08-13,In Stock
18239,10,459,24,98,2025-05-03,Low Stock
17704,36,654,310,71,2024-05-14,In Stock
19398,32,646,262,28,2024-06-13,In Stock
8696,4,553,245,75,2026-04-03,In Stock
6355,95,848,38,63,2025-10-28,Low Stock
10515,24,228,488,15,2025-12-07,In Stock
16895,45,605,126,70,2026-07-25,In Stock
849,54,289,290,-5,2025-08-19,In Stock
2249,58,308,205,51,2026-01-23,In Stock
5617,56,305,389,46,2024-02-08,In Stock
8565,47,654,428,94,2024-01-25,In Stock
19360,60,993,244,41,2024-08-30,In Stock
17236,44,871,80,71,2026-08-02,In Stock
8119,65,396,265,11,2025-09-26,In Stock
5304,2,187,394,38,2025-12-15,In Stock
4053,10,381,378,92,2026-07-31,In Stock
12130,98,544,454,11,,In Stock
10924,77,483,294,66,2025-03-21,In Stock
13934,70,529,280,58,2024-01-31,In Stock
18751,14,975,487,99,2026-06-19,In Stock
4077,87,957,359,-20,2025-08-11,In Stock
998,83,177,111,67,2025-06-30,In Stock
4333,64,548,381,34,2024-12-21,In Stock
12927,95,151,262,11,2024-02-03,In Stock
9369,62,373,155,86,2025-11-03,In Stock
11587,87,46,315,66,2026-01-11,In Stock
552,28,176,463,36,2025-03-03,In Stock
16967,53,963,363,44,2025-09-13,In Stock
18343,38,307,331,71,2026-01-12,In Stock
4373,47,655,248,51,2026-02-04,In Stock
3498,87,468,276,67,2024-11-19,In Stock
17761,35,186,118,44,2025-08-17,In Stock
13385,14,981,464,34,2026-01-04,In Stock
8033,60,639,55,56,2024-02-05,Low Stock
1408,42,521,116,100,2027-04-30,In Stock
15958,80,205,351,62,2024-01-08,In Stock
18761,71,122,146,87,2026-02-10,In Stock
1813,60,75,218,93,2025-02-21,In Stock
15619,94,251,101,82,2024-04-26,In Stock
18875,69,375,221,55,2025-08-14,In Stock
19221,63,139,420,48,2026-06-06,In Stock
694,32,541,149,65,2025-09-30,In Stock
10726,54,627,74,58,2025-01-02,In Stock
5012,95,14,413,44,2026-08-03,In Stock
3444,75,9,200,0,2025-01-04,In Stock
9175,97,357,484,-5,2024-10-03,In Stock
11502,74,49,361,46,2025-07-03,In Stock
4176,74,896,156,26,2025-02-04,In Stock
4223,16,561,253,14,2026-02-17,In Stock
8284,68,249,337,54,2026-06-07,In Stock
10459,66,269,301,20,2024-12-23,In Stock
17322,5,816,14,93,2026-06-26,Low Stock
16219,62,917,92,22,2024-12-06,In Stock
19740,15,369,48,64,2025-04-11,Low Stock
262,9,279,116,28,2026-05-29,In Stock
19699,38,529,86,48,2026-07-25,In Stock
11530,23,995,32,37,2024-03-15,Low Stock
5498,10,666,398,54,2024-07-29,In Stock
3876,36,83,460,49,2024-04-29,In Stock
4017,20,248,268,39,2025-10-11,In Stock
3627,92,230,89,20,2024-04-17,In Stock
18464,88,597,145,94,2026-01-01,In Stock
446,19,9,125,33,2025-10-10,In Stock
6753,67,770,456,34,2025-09-07,In Stock
5112,84,255,484,88,2024-01-03,In Stock
3556,100,413,332,81,2025-05-29,In Stock
10387,54,395,280,56,2024-10-01,In Stock
7339,95,360,488,62,2024-11-18,In Stock
3368,94,833,212,70,2025-03-26,In Stock
16676,45,759,59,94,2026-01-25,Low Stock
11060,36,765,60,62,2026-07-03,Low Stock
2527,72,333,440,37,2025-08-26,In Stock
16764,88,742,353,96,2025-03-03,In Stock
14522,82,621,458,56,2024-04-09,In Stock
16855,89,588,355,23,2024-10-13,In Stock
1169,3,731,113,53,2025-11-01,In Stock
4145,97,438,127,10,2026-08-08,In Stock
7893,53,365,226,24,2026-05-17,In Stock
17437,86,982,461,100,2024-06-26,In Stock
8277,29,526,325,10,2025-12-02,In Stock
3150,42,642,229,80,2026-01-12,In Stock
15421,71,534,378,41,2025-02-12,In Stock
881,4,999,494,15,2025-05-28,In Stock
6748,48,941,288,12,2026-02-21,In Stock
9409,56,547,167,33,2025-10-07,In Stock
7573,60,781,314,21,2025-10-20,In Stock
19964,25,910,246,52,2025-06-01,In Stock
1468,28,313,144,24,2025-11-18,In Stock
8155,100,981,215,37,2025-03-20,In Stock
18537,64,323,345,19,2026-05-17,In Stock
6538,69,550,30,15,2024-06-14,In Stock
12154,9,603,429,100,2024-10-28,In Stock
453,4,278,106,91,2024-03-16,In Stock
12519,6,472,58,16,2026-06-07,In Stock
18884,37,450,420,78,2025-01-19,In Stock
4138,82,576,-1,46,2024-09-09,Out of Stock
3040,79,820,319,92,2024-08-13,In Stock
14987,38,637,192,35,2026-06-21,In Stock
4151,16,469,380,56,2024-05-13,In Stock
17105,19,669,46,91,2026-06-17,Low Stock
14124,43,18,119,61,2024-12-24,In Stock
16935,88,812,438,70,2025-03-12,In Stock
580,77,812,151,30,2024-06-13,In Stock
6572,75,364,31,82,2026-02-11,Low Stock
12025,11,802,205,34,2024-04-28,In Stock
7468,29,134,56,88,2024-12-06,Low Stock
15984,17,397,465,79,2025-07-06,In Stock
15082,14,116,220,15,2025-10-21,In Stock
868,40,546,73,59,2026-02-27,In Stock
16885,90,382,107,25,2025-10-04,In Stock
4158,22,743,319,81,2026-05-27,In Stock
6350,39,327,116,61,2024-07-28,In Stock
16436,9,457,64,90,2024-12-04,Low Stock
17487,52,946,268,61,2024-12-18,In Stock
403,79,47,425,67,2026-04-08,In Stock
4429,54,769,415,34,2025-05-05,In Stock
10277,2,953,375,36,2024-03-16,In Stock
3058,35,726,273,32,2026-06-22,In Stock
10191,26,787,312,71,2024-07-06,In Stock
7061,14,721,327,79,2024-03-15,In Stock
165,32,88,438,17,2024-09-16,In Stock
16755,27,373,434,93,2025-10-31,In Stock
10391,94,321,0,40,2026-04-13,Out of Stock
12495,81,146,8,45,2024-06-12,Low Stock
11348,45,521,4,34,2026-01-06,Low Stock
12213,82,805,288,86,2026-08-02,In Stock
3318,53,214,63,18,2024-07-13,In Stock
12119,37,179,226,12,2025-11-18,In Stock
7866,68,609,229,100,2026-05-02,In Stock
15086,43,768,300,40,2025-12-01,In Stock
12127,75,649,225,30,2026-07-15,In Stock
6852,97,576,175,77,2025-07-11,In Stock
1848,89,158,369,97,2024-11-06,In Stock
18191,15,989,66,81,2026-06-29,Low Stock
1335,95,798,84,92,2026-06-19,Low Stock
8780,91,711,227,86,2026-05-01,In Stock
19212,94,354,339,99,2024-11-02,In Stock
16983,32,161,258,57,2026-07-29,In Stock
8946,35,673,251,78,2024-06-11,In Stock
11257,42,853,242,64,2026-02-22,In Stock
19053,69,669,77,89,2025-06-11,Low Stock
6998,37,143,52,11,2026-01-12,In Stock
707,8,133,14,-5,2026-04-16,In Stock
3492,20,847,3,14,2025-01-01,Low Stock
4574,92,84,354,16,2025-09-10,In Stock
16059,76,859,275,47,2024-07-14,In Stock
17135,20,203,379,44,2026-01-27,In Stock
7707,35,14,299,96,2025-10-15,In Stock
7055,9,44,258,85,2025-08-04,In Stock
5581,67,376,60,16,2025-11-11,In Stock
13461,10,628,169,74,2024-01-16,In Stock
3152,86,980,225,95,2025-12-26,In Stock
6618,76,968,175,90,2024-09-02,In Stock
4785,21,491,37,56,2025-03-26,Low Stock
11992,68,57,130,89,2025-12-08,In Stock
4023,57,374,354,93,2024-11-19,In Stock
15131,53,624,258,60,2024-11-23,In Stock
9267,71,921,245,40,2024-07-12,In Stock
2608,59,795,141,50,2025-05-28,In Stock
17047,72,803,401,22,2024-01-16,In Stock
11631,67,480,100,17,2025-06-29,In Stock
9119,97,643,355,57,2024-03-23,In Stock
11503,19,382,432,66,2025-07-10,In Stock
9183,38,706,360,23,2024-02-25,In Stock
2430,41,366,400,36,2026-03-31,In Stock
247,31,579,487,94,,In Stock
3816,16,292,331,28,2024-05-08,In Stock
14316,24,445,381,56,2024-01-16,In Stock
18297,58,251,112,29,2024-06-22,In Stock
9090,61,661,277,81,2024-08-14,In Stock
2263,51,591,330,50,2025-11-09,In Stock
10439,86,109,30,63,2024-02-29,Low Stock
836,33,314,314,65,2025-01-06,In Stock
13257,93,323,146,100,2026-07-04,In Stock
8625,86,985,403,20,2024-12-18,In Stock
11396,92,795,474,73,2026-03-05,In Stock
1174,69,88,202,32,2024-01-05,In Stock
12187,47,192,307,77,2026-08-09,In Stock
6438,81,845,345,67,2024-07-31,In Stock
14453,80,498,458,100,2025-04-28,In Stock
12849,51,503,124,93,2025-06-28,In Stock
14758,46,444,409,13,2025-11-22,In Stock
16373,74,214,477,65,2026-07-22,In Stock
5290,1,570,199,80,2026-02-20,In Stock
19337,98,14,105,27,2026-07-24,In Stock
8099,48,458,460,11,2025-12-05,In Stock
4952,56,930,101,78,2024-09-29,In Stock
251,77,204,209,72,2026-06-09,In Stock
13555,23,197,403,88,2024-04-07,In Stock
7953,31,478,460,32,2024-08-28,In Stock
12528,39,464,160,58,2024-06-18,In Stock
7335,31,417,135,75,2024-07-09,In Stock
2794,50,590,120,83,2024-01-27,In Stock
13817,12,172,435,14,2026-01-14,In Stock
13865,78,247,307,38,2024-06-10,In Stock
7796,62,402,7,34,2026-04-19,Low Stock
13481,14,728,261,49,2025-11-05,In Stock
3408,53,253,219,34,2025-10-18,In Stock
4334,40,899,-100,90,2024-11-02,Out of Stock
11292,71,548,362,95,2025-09-23,In Stock
8626,52,272,192,42,2025-05-25,In Stock
17663,92,147,37,38,2026-03-05,Low Stock
7423,72,475,328,65,2024-09-26,In Stock
8964,66,996,484,94,2025-11-27,In Stock
1998,52,16,23,70,2025-01-06,Low Stock
4201,80,929,183,18,2024-05-11,In Stock
19275,51,658,475,56,2024-03-20,In Stock
17108,27,579,49,24,2024-04-29,In Stock
11327,88,491,2,45,2024-01-21,Low Stock
5630,1,224,326,23,2024-11-22,In Stock
4003,43,672,289,17,2026-06-21,In Stock
17838,22,745,34,72,2027-07-15,Low Stock
4754,73,557,339,91,2024-09-18,In Stock
19408,92,353,122,20,2024-07-28,In Stock
16578,33,740,54,57,2024-07-27,Low Stock
15192,7,37,433,36,2025-02-25,In Stock
4197,39,78,489,87,2025-10-15,In Stock
9636,53,69,62,23,2024-02-20,In Stock
3682,36,717,166,39,2024-09-09,In Stock
3020,90,674,76,49,,In Stock
4311,57,292,68,66,2024-04-07,In Stock
7449,20,249,50,47,2025-05-02,In Stock
13092,40,451,319,81,2024-12-30,In Stock
13876,51,564,447,66,2025-01-08,In Stock
14378,98,277,267,28,2024-07-09,In Stock
3986,62,397,392,63,2026-06-08,In Stock
15566,37,299,351,60,2026-05-05,In Stock
9206,97,453,121,10,2024-12-28,In Stock
14982,92,371,341,53,2025-05-12,In Stock
2570,71,567,294,65,2025-12-20,In Stock
4403,74,314,118,75,2025-03-03,In Stock
4278,76,481,464,36,2024-02-10,In Stock
3667,96,957,66,88,2024-12-07,Low Stock
8413,37,376,177,37,2024-02-10,In Stock
19545,17,608,153,92,2025-02-03,In Stock
2447,13,477,400,30,2024-03-03,In Stock
6822,100,208,94,100,2024-04-30,Low Stock
13619,1111,340,32,17,,In Stock
6521,84,728,375,61,2024-04-21,In Stock
17350,82,854,304,97,2024-11-17,In Stock
17927,79,125,294,72,2025-07-25,In Stock
8960,32,382,402,86,2024-07-08,In Stock
3173,29,505,357,74,2024-10-03,In Stock
1224,36,524,52,15,2024-05-24,In Stock
16084,73,36,317,37,2025-11-27,In Stock
12359,4,85,440,80,2026-07-12,In Stock
545,59,879,424,30,2025-07-19,In Stock
1205,47,958,331,52,2025-10-12,In Stock
15349,34,226,296,82,2025-02-10,In Stock
8614,26,422,111,88,2025-04-08,In Stock
9258,95,147,445,83,2026-04-01,In Stock
7243,58,504,21,83,2026-02-04,Low Stock
2638,33,986,77,93,2024-12-31,Low Stock
8762,100,14255,244,38,2025-05-22,In Stock
14569,62,422,326,83,2024-10-16,In Stock
1389,3,574,205,22,2024-12-09,In Stock
18486,9,582,69,10,2024-11-10,In Stock
19113,51,832,96,13,2024-03-05,In Stock
878,5,367,137,26,2025-06-09,In Stock
10722,27,733,389,48,2026-01-25,In Stock
8389,85,598,204,48,2025-08-22,In Stock
99,77,434,67,24,2026-07-29,In Stock
11576,76,819,327,53,,In Stock
4380,1,554,467,76,2025-03-14,In Stock
11958,86,227,195,44,2024-04-02,In Stock
2804,73,746,36,27,2025-10-26,In Stock
11190,56,464,179,48,2024-03-29,In Stock
3909,1,70,133,47,2024-09-25,In Stock
10764,34,19,292,53,2026-05-09,In Stock
7689,52,127,253,47,2026-04-05,In Stock
14540,57,978,168,86,2024-10-13,In Stock
6497,16,871,385,62,2024-02-22,In Stock
19009,89,617,401,81,2024-09-20,In Stock
8448,50,698,26,30,2024-01-05,Low Stock
19986,39,185,212,24,2026-01-30,In Stock
8076,61,735,303,72,2025-11-10,In Stock
13162,83,16343,283,76,2025-06-17,In Stock
6965,3,658,231,90,2024-10-28,In Stock
6480,79,804,347,70,2024-01-21,In Stock
4712,41,453,381,61,2026-02-25,In Stock
17604,64,283,106,48,2026-01-04,In Stock
13610,76,410,417,16,2026-06-07,In Stock
12477,6,229,194,23,2024-09-28,In Stock
990,98,975,149,47,2025-02-16,In Stock
19363,99,911,292,89,2026-02-22,In Stock
2683,87,931,21,51,2025-09-14,Low Stock
17271,16,453,463,35,2025-07-15,In Stock
2509,2,10208,272,18,2024-04-22,In Stock
13912,40,17213,451,91,2024-09-11,In Stock
9703,98,472,54,34,2026-05-11,In Stock
4315,43,599,132,22,2025-07-09,In Stock
16096,9,130,11,43,2025-07-07,Low Stock
17888,33,360,239,56,2025-09-16,In Stock
5357,98,744,18,56,2026-04-14,Low Stock
6640,63,16339,466,77,2026-02-12,In Stock
5973,17,363,203,92,2025-05-18,In Stock
9437,73,112,159,74,2025-02-26,In Stock
3735,72,57,22,36,2025-08-14,Low Stock
15117,100,173,497,16,2025-05-06,In Stock
11197,3,413,242,59,2024-01-29,In Stock
12314,48,780,386,43,2024-07-29,In Stock
7788,6,622,103,29,2024-11-30,In Stock
18905,6,209,31,14,2025-01-02,In Stock
13188,94,648,128,58,2024-02-15,In Stock
19134,86,384,300,70,2025-05-04,In Stock
10950,55,861,82,64,2025-12-30,In Stock
1877,67,583,338,94,2024-06-05,In Stock
15290,18,459,94,39,2024-10-30,In Stock
5263,13,361,180,41,2024-12-05,In Stock
8447,57,124,183,34,2025-07-18,In Stock
15122,90,433,165,82,2024-05-31,In Stock
12704,37,653,299,23,2025-10-22,In Stock
11164,5,633,142,98,2026-08-12,In Stock
5160,62,901,453,53,2026-10-10,In Stock
18577,83,743,93,20,2026-03-08,In Stock
15778,88,689,15,34,2026-07-23,Low Stock
760,95,879,394,65,2025-05-16,In Stock
5482,31,537,142,44,2024-03-28,In Stock
655,81,60,300,12,2025-08-28,In Stock
17999,11,715,432,61,2024-07-06,In Stock
5813,62,75,458,51,2026-01-26,In Stock
5289,46,925,390,39,2026-05-22,In Stock
2893,27,345,387,0,2026-05-18,In Stock
19103,37,99,266,70,2026-01-10,In Stock
5637,24,20,103,64,2025-06-21,In Stock
9613,45,563,284,14,2026-04-29,In Stock
3045,46,615,399,78,2025-04-07,In Stock
18619,44,310,297,93,2024-07-22,In Stock
10784,41,122,39,71,2024-09-04,Low Stock
8521,89,405,409,33,2024-01-13,In Stock
16887,71,524,69,45,2025-05-22,In Stock
8446,1,740,76,87,2025-09-08,Low Stock
16456,40,173,9,57,2024-07-17,Low Stock
7319,48,826,253,99,2025-06-19,In Stock
6160,12,121,158,89,2026-01-11,In Stock
13516,3,85,464,80,2026-05-03,In Stock
14775,30,608,256,15,2024-11-23,In Stock
12570,68,193,441,25,2024-04-25,In Stock
6023,91,712,-50,26,2026-06-23,Out of Stock
5093,82,721,160,20,2024-03-04,In Stock
13570,38,628,24,38,2024-03-13,Low Stock
11212,89,261,363,27,2024-11-22,In Stock
11222,53,259,327,51,2026-01-31,In Stock
19648,98,931,115,82,2024-05-12,In Stock
19179,24,191,64,86,2025-07-23,Low Stock
16259,95,667,104,57,2024-07-02,In Stock
1132,78,187,114,21,2026-01-09,In Stock
11211,65,425,85,47,2026-06-03,In Stock
11138,56,676,111,78,2025-02-23,In Stock
3660,46,646,482,22,2024-12-30,In Stock
3327,12,33,359,51,,In Stock
9466,8,913,211,66,2026-07-04,In Stock
18572,27,71,188,43,2025-05-01,In Stock
2664,20,972,422,10,2026-06-03,In Stock
19564,78,658,271,91,2025-10-29,In Stock
5379,64,861,497,93,2025-08-03,In Stock
10013,24,255,411,94,2025-03-08,In Stock
9555,60,45,402,94,2024-12-05,In Stock
14300,98,744,139,100,2027-02-25,In Stock
5534,4,502,377,65,2025-08-19,In Stock
11674,10,207,217,36,2026-07-30,In Stock
5,96,735,258,21,2024-03-15,In Stock
4153,65,361,108,95,,In Stock
1928,10,444,166,52,2024-09-29,In Stock
18822,8,518,497,78,2024-09-27,In Stock
13832,80,913,172,53,2026-02-18,In Stock
15903,7,269,34,87,2025-11-11,Low Stock
10380,10,827,113,65,2024-01-15,In Stock
2881,51,712,306,11,2025-06-25,In Stock
5840,20,954,223,67,2024-06-17,In Stock
3382,67,267,121,61,2024-08-29,In Stock
13563,61,749,437,80,2024-03-26,In Stock
9495,45,17,184,67,2026-03-29,In Stock
15009,16,9,183,70,2024-08-21,In Stock
4958,37,455,458,69,2025-09-28,In Stock
13029,15,559,71,61,2024-07-04,In Stock
17262,97,864,116,35,2026-03-24,In Stock
18169,9,145,352,51,2026-06-21,In Stock
11306,46,584,164,32,2026-02-13,In Stock
5721,6,613,104,66,2026-07-07,In Stock
13897,19,382,70,60,2024-10-15,In Stock
4621,40,953,255,10,2024-02-04,In Stock
943,41,582,244,80,2024-03-11,In Stock
19384,17,968,267,22,2025-03-12,In Stock
3236,51,495,8,18,2024-08-04,Low Stock
3258,43,686,431,44,2024-03-26,In Stock
17795,100,264,374,15,2025-10-05,In Stock
19490,66,430,125,47,2025-04-18,In Stock
8369,8,526,261,48,2026-06-25,In Stock
8628,73,959,297,66,2025-06-25,In Stock
18439,73,115,187,47,2026-02-04,In Stock
309,39,591,330,28,2024-02-24,In Stock
1566,87,369,11,44,2025-03-01,Low Stock
12157,77,769,89,13,2025-11-19,In Stock
6728,1268,829,316,80,2024-12-09,In Stock
2136,42,94,163,43,2024-10-16,In Stock
15078,50,979,-50,75,2025-10-13,Out of Stock
10862,92,431,216,34,2024-05-07,In Stock
19176,15,285,72,95,2024-02-19,Low Stock
14736,47,436,270,53,2024-07-04,In Stock
13170,34,358,338,24,2024-09-02,In Stock
14772,29,4,-10,86,2024-11-02,Out of Stock
3875,20,369,325,47,,In Stock
17873,60,982,96,52,2026-04-27,In Stock
7394,56,504,163,22,2024-08-23,In Stock
2277,50,634,262,22,2026-04-21,In Stock
7073,29,171,452,44,2024-08-05,In Stock
12818,70,625,328,32,2025-02-02,In Stock
15756,21,521,402,30,2025-04-08,In Stock
13525,78,908,282,45,2025-04-21,In Stock
17914,15,226,164,16,2025-04-03,In Stock
16974,83,127,41,91,2024-02-14,Low Stock
19260,20,799,476,57,2026-05-09,In Stock
2624,12,868,121,43,2025-05-30,In Stock
5919,96,955,418,92,2025-06-22,In Stock
12765,26,223,184,96,2025-06-19,In Stock
8535,56,323,423,73,2024-09-05,In Stock
19559,32,875,60,97,2025-03-16,Low Stock
232,57,73,448,43,2026-01-21,In Stock
8372,39,18056,401,95,2024-06-13,In Stock
13745,3,607,229,36,2024-05-09,In Stock
738,17,16,392,19,2025-01-05,In Stock
2839,22,39,479,48,2026-02-11,In Stock
14471,54,19,344,53,2026-07-06,In Stock
8217,71,743,441,87,2024-03-02,In Stock
16485,2,468,359,83,2026-01-12,In Stock
15684,93,239,339,23,2025-09-19,In Stock
14955,64,771,495,33,,In Stock
8302,84,664,458,74,2025-07-03,In Stock
5706,64,568,24,52,2024-12-03,Low Stock
14480,49,859,337,22,2024-06-19,In Stock
9514,39,160,293,39,2024-11-21,In Stock
5936,87,963,196,89,,In Stock
10188,28,300,161,73,2026-07-21,In Stock
6496,50,488,112,50,2024-11-20,In Stock
756,13,339,155,49,2024-11-01,In Stock
14050,46,716,302,54,2025-11-07,In Stock
19802,43,393,254,95,2025-02-27,In Stock
8120,7,130,403,35,2026-07-02,In Stock
15212,45,177,454,43,2024-10-05,In Stock
8993,79,953,201,76,2024-10-18,In Stock
17794,89,577,384,18,2024-07-04,In Stock
17361,6,549,182,25,2026-01-25,In Stock
13694,97,13869,371,13,2026-02-05,In Stock
6201,18,388,278,93,2025-10-21,In Stock
16287,89,593,462,38,2024-05-09,In Stock
70,30,401,398,-5,2024-05-05,In Stock
5368,71,871,475,11,2026-04-02,In Stock
8085,99,912,252,36,2024-06-20,In Stock
5683,56,773,472,90,2024-06-09,In Stock
19588,14,200,387,71,2025-05-25,In Stock
10538,95,195,249,39,2024-06-20,In Stock
13363,67,858,32,39,2024-07-01,Low Stock
1681,76,463,88,95,2025-02-13,Low Stock
7558,27,297,351,53,2024-05-02,In Stock
8570,95,623,269,51,2026-01-15,In Stock
9662,10,259,143,63,2025-06-06,In Stock
5962,24,611,163,95,2024-02-07,In Stock
2604,60,320,216,63,2025-02-01,In Stock
18694,38,472,315,96,2025-12-20,In Stock
7869,87,141,356,44,2025-07-17,In Stock
17315,92,347,344,21,2024-02-21,In Stock
5414,94,916,35,57,2026-04-12,Low Stock
13734,36,818,125,60,2024-03-30,In Stock
12698,30,740,-100,42,2024-04-07,Out of Stock
16652,1,82,489,65,2024-08-23,In Stock
12423,8,164,430,64,2025-11-06,In Stock
15396,50,185,238,-20,2024-12-05,In Stock
11284,33,269,457,86,2025-04-17,In Stock
10919,66,260,103,48,2026-07-07,In Stock
8670,30,950,369,80,2024-06-22,In Stock
19728,56,8,11,83,2024-04-08,Low Stock
2284,70,812,79,52,2024-11-14,In Stock
3733,75,806,87,32,2024-10-29,In Stock
9046,16,532,199,77,2024-03-24,In Stock
16448,52,934,84,52,2025-09-28,In Stock
15299,84,901,372,76,2024-01-13,In Stock
8944,17,200,368,95,2024-04-15,In Stock
19828,100,673,59,40,2024-09-08,In Stock
14831,16,968,495,68,2024-07-23,In Stock
13657,58,804,199,49,2026-06-13,In Stock
18902,96,999,337,16,2025-01-21,In Stock
6621,91,33,9,61,2025-02-06,Low Stock
19752,99,281,284,33,2025-06-24,In Stock
5128,1934,187,475,52,2025-02-05,In Stock
9328,64,308,454,57,2026-06-26,In Stock
16925,34,41,115,60,2024-08-22,In Stock
12757,96,709,414,74,2024-05-04,In Stock
1546,18,935,325,55,2026-02-06,In Stock
740,25,179,173,47,2024-08-24,In Stock
11573,12,785,250,37,2026-07-04,In Stock
10876,54,44,36,70,2024-12-04,Low Stock
1675,58,642,413,95,2024-10-11,In Stock
2568,16,657,254,49,2025-01-02,In Stock
13314,80,778,347,22,2025-05-31,In Stock
6985,23,62,247,46,2026-04-07,In Stock
6796,8,198,104,100,2026-06-07,In Stock
11135,81,415,214,38,2025-03-06,In Stock
3519,3,444,291,14,2026-03-05,In Stock
13848,23,343,130,39,2025-11-04,In Stock
10547,73,18529,36,22,2024-01-23,In Stock
4733,48,973,384,11,2024-08-21,In Stock
12680,7,879,126,97,2025-01-12,In Stock
774,90,843,470,98,2024-11-07,In Stock
866,4,878,235,26,2024-06-22,In Stock
8522,57,957,222,16,2024-05-29,In Stock
5201,73,12530,378,60,2024-01-19,In Stock
18211,2,654,201,17,2025-04-28,In Stock
642,61,85,35,44,2024-02-28,Low Stock
19,58,788,387,77,2024-12-26,In Stock
19556,57,935,268,89,2025-12-03,In Stock
11090,6,185,398,34,2025-03-10,In Stock
3204,98,997,23,46,2025-01-10,Low Stock
7289,37,860,125,22,2024-08-10,In Stock
12502,43,969,448,52,2024-08-13,In Stock
5205,20,827,348,40,2024-08-07,In Stock
9058,96,940,499,54,2025-05-04,In Stock
13709,91,1000,264,30,2024-04-29,In Stock
11178,30,485,82,69,2025-05-07,In Stock
19975,78,332,327,66,2025-03-31,In Stock
16260,79,3,146,62,2024-02-21,In Stock
6924,59,863,268,25,2024-03-14,In Stock
3841,25,779,261,17,2024-08-21,In Stock
17234,13,119,58,38,2025-04-17,In Stock
11999,67,708,-100,86,2025-07-17,Out of Stock
11198,88,776,303,87,2024-06-12,In Stock
9155,99,944,274,91,2026-06-18,In Stock
17608,83,195,48,86,2024-10-26,Low Stock
12922,73,160,237,76,2025-07-22,In Stock
6666,51,812,173,56,2026-04-28,In Stock
3241,87,224,232,47,2026-07-10,In Stock
19155,23,282,63,39,2024-08-07,In Stock
3310,50,867,131,21,2026-03-30,In Stock
10359,80,859,460,67,2025-04-11,In Stock
364,87,384,114,10,2026-05-06,In Stock
3724,64,218,122,98,2025-08-19,In Stock
11018,28,427,496,10,2024-04-29,In Stock
14857,10,257,166,66,2025-07-22,In Stock
7671,22,842,390,18,2024-05-24,In Stock
11790,16,232,299,68,2025-03-18,In Stock
4727,27,592,296,67,2025-11-19,In Stock
8739,1,694,213,37,2024-12-17,In Stock
2941,34,7,436,23,2025-02-16,In Stock
472,28,246,299,19,2024-05-01,In Stock
1642,79,382,384,55,2026-04-24,In Stock
19183,43,951,484,13,2025-10-19,In Stock
18376,76,730,104,93,2025-05-28,In Stock
18635,48,529,54,15,2025-12-29,In Stock
14407,87,620,404,48,2025-09-09,In Stock
1173,78,406,395,36,2024-06-25,In Stock
16026,65,602,89,98,2024-11-13,Low Stock
13466,54,324,266,16,2024-06-14,In Stock
6086,21,129,460,96,2026-01-22,In Stock
9603,6,662,67,83,2025-01-13,Low Stock
18969,4,690,464,51,2025-08-28,In Stock
16618,46,434,264,63,2025-12-20,In Stock
3365,36,443,102,33,2025-08-02,In Stock
18286,22,32,407,100,2025-12-08,In Stock
15239,63,165,39,75,2025-04-06,Low Stock
12666,7,600,469,86,2025-08-30,In Stock
1411,93,706,301,13,2025-03-26,In Stock
12480,58,540,46,52,2027-01-21,Low Stock
16340,60,280,380,18,2024-08-14,In Stock
6667,52,939,407,46,2025-05-09,In Stock
11333,12,160,266,21,2024-12-22,In Stock
8635,16,418,219,68,2025-07-06,In Stock
17504,89,424,73,84,2025-05-15,Low Stock
816,31,417,411,87,2026-01-25,In Stock
6501,88,714,208,80,2025-08-18,In Stock
7323,2,656,116,36,2024-01-19,In Stock
2132,63,215,468,78,2024-02-15,In Stock
1798,93,90,444,63,2026-02-19,In Stock
7728,22,142,410,97,2026-05-18,In Stock
4576,89,124,39,65,2026-04-22,Low Stock
5191,30,248,31,67,2026-03-04,Low Stock
8168,92,392,375,61,2024-07-25,In Stock
3123,100,998,381,46,2024-01-01,In Stock
5366,98,89,66,89,2025-08-23,Low Stock
12411,98,61,248,52,2024-03-11,In Stock
4276,27,807,475,52,2025-04-26,In Stock
524,52,224,415,83,2024-11-28,In Stock
3090,96,801,236,80,2024-02-17,In Stock
15614,3,924,224,90,2026-04-11,In Stock
11620,49,447,332,11,2025-02-21,In Stock
8609,82,604,227,63,2024-05-11,In Stock
1997,93,507,218,49,2025-02-15,In Stock
5254,63,590,90,88,2026-07-07,In Stock
18429,9,446,324,39,2025-05-13,In Stock
1533,6,489,431,27,2025-03-15,In Stock
11820,89,973,240,54,2025-08-11,In Stock
14659,45,966,150,62,2026-04-14,In Stock
11603,19,56,313,42,2024-07-17,In Stock
2832,73,818,306,50,2025-02-27,In Stock
8270,93,584,39,78,2026-05-22,Low Stock
9728,58,278,454,85,2024-05-24,In Stock
7490,26,715,136,60,2025-03-20,In Stock
12072,90,357,23,53,2024-11-13,Low Stock
13495,5,269,-50,46,2024-08-26,Out of Stock
14516,51,244,19,63,2024-11-06,Low Stock
17883,12,593,230,29,2025-12-19,In Stock
14463,27,510,65,88,2025-10-15,Low Stock
1300,92,115,484,88,2025-08-22,In Stock
6274,13,772,220,54,2025-05-09,In Stock
5500,74,266,145,27,2026-04-25,In Stock
15733,58,506,494,66,2024-08-16,In Stock
3277,77,177,349,28,2024-07-10,In Stock
9295,14,460,329,17,2026-06-10,In Stock
6231,35,771,85,28,2025-12-18,In Stock
1481,44,58,96,34,2025-06-14,In Stock
18704,61,838,59,36,2025-11-26,In Stock
1602,5,5,435,83,2024-02-29,In Stock
10152,74,943,20,31,2024-07-23,Low Stock
5092,56,758,114,68,2026-01-30,In Stock
7068,27,385,347,81,2024-01-07,In Stock
17175,9,945,240,16,2024-12-03,In Stock
10988,83,534,82,65,2026-01-28,In Stock
18040,48,673,128,92,2024-07-03,In Stock
15758,58,34,261,-5,2024-06-11,In Stock
14854,5,100,241,69,2025-02-15,In Stock
3662,19,616,236,58,2025-10-20,In Stock
6049,7,827,348,31,2025-08-18,In Stock
8748,27,807,440,51,2026-03-07,In Stock
4826,65,310,417,88,2026-04-02,In Stock
9356,14,694,188,37,2024-09-28,In Stock
5681,15,12777,148,75,2025-01-22,In Stock
11550,63,204,454,40,2026-03-25,In Stock
12908,100,532,312,39,2025-10-21,In Stock
398,17,47,354,84,2024-12-05,In Stock
1538,67,200,414,20,2026-04-19,In Stock
2507,50,512,246,39,2025-12-18,In Stock
16534,1,913,74,34,,In Stock
16191,84,120,290,11,2026-01-03,In Stock
16585,46,18,227,24,2025-03-17,In Stock
18668,14,309,304,49,2024-09-11,In Stock
3011,6,825,144,43,2025-04-14,In Stock
16920,7,206,484,95,2024-05-28,In Stock
724,16,470,230,51,2025-08-25,In Stock
301,51,869,239,71,2026-01-24,In Stock
3193,98,440,58,26,2024-09-05,In Stock
12158,58,772,14,84,2025-10-08,Low Stock
7329,23,898,232,39,2024-05-21,In Stock
12487,60,411,472,26,2024-10-29,In Stock
16327,37,232,368,77,2024-05-06,In Stock
4186,76,130,451,31,2026-10-21,In Stock
2714,50,634,-1,68,2025-12-27,Out of Stock
15775,65,86,314,72,2025-10-25,In Stock
11497,17,687,259,28,2026-04-28,In Stock
11335,85,136,259,30,2027-06-21,In Stock
13648,39,906,174,64,2025-04-01,In Stock
19373,5,777,166,84,2025-05-25,In Stock
17696,19,922,477,98,2024-06-01,In Stock
19449,38,922,343,41,2024-06-19,In Stock
13148,49,723,151,55,2024-03-01,In Stock
4583,15,284,492,39,2024-06-19,In Stock
19466,4,540,257,100,2024-09-26,In Stock
7368,64,986,440,89,2025-06-22,In Stock
10682,73,574,359,57,2024-12-05,In Stock
18689,60,234,351,79,2026-04-28,In Stock
2512,69,462,148,19,2024-03-21,In Stock
19470,39,307,304,80,2024-03-28,In Stock
7434,33,14,324,16,2026-07-05,In Stock
18512,33,554,70,56,2024-06-16,In Stock
9345,2,673,48,68,2026-06-13,Low Stock
6966,54,165,221,54,2024-10-26,In Stock
1213,9,564,490,23,2024-02-11,In Stock
12696,60,947,-100,60,2024-07-14,Out of Stock
7056,48,747,33,26,2026-07-19,In Stock
13973,83,376,24,11,2024-02-27,In Stock
2350,56,894,490,52,2024-05-05,In Stock
9262,25,526,28,-20,2025-04-27,In Stock
17461,35,242,466,53,2026-05-08,In Stock
14726,5,11,326,27,2026-03-09,In Stock
17346,47,814,491,10,2026-02-06,In Stock
5428,7,952,460,11,2026-01-22,In Stock
16095,86,484,381,-20,2026-03-19,In Stock
3427,89,403,478,96,2025-09-28,In Stock
8858,62,724,349,65,2024-03-01,In Stock
12855,47,236,89,17,2024-06-30,In Stock
7217,1823,666,53,22,2025-09-30,In Stock
5995,84,476,500,54,2026-04-17,In Stock
8835,1,944,357,10,2024-09-16,In Stock
11071,3,309,78,30,2025-07-27,In Stock
3768,86,251,492,46,2025-05-18,In Stock
4273,90,390,85,24,2027-04-27,In Stock
16144,87,16582,446,17,2025-09-17,In Stock
14229,43,521,311,69,2025-07-08,In Stock
787,70,373,335,30,2024-12-04,In Stock
11050,49,680,317,76,2025-09-14,In Stock
19581,1,190,444,23,2026-01-20,In Stock
19291,61,110,236,96,2026-02-28,In Stock
15220,86,469,376,47,2024-12-31,In Stock
6482,59,375,-10,51,2026-07-12,Out of Stock
12380,79,113,67,33,2024-10-26,In Stock
7854,61,302,326,67,2024-02-20,In Stock
19232,95,32,155,66,2024-02-22,In Stock
16962,61,676,-1,92,2024-11-19,Out of Stock
13017,70,236,277,70,2025-09-27,In Stock
2906,70,396,187,67,2026-06-28,In Stock
4627,81,744,277,47,2025-07-14,In Stock
14430,44,637,267,75,2026-07-02,In Stock
997,57,93,160,33,2024-09-20,In Stock
17916,61,461,194,13,2024-11-05,In Stock
155,93,610,348,56,2026-01-06,In Stock
7247,6,487,134,47,2025-09-15,In Stock
11469,58,192,340,80,2024-11-04,In Stock
6251,72,140,440,34,2025-07-22,In Stock
18692,32,718,426,87,2024-03-09,In Stock
8056,82,10,309,61,2025-08-26,In Stock
19941,13,704,227,83,2025-10-06,In Stock
5524,90,265,191,40,2026-03-10,In Stock
16988,66,198,354,17,2024-05-08,In Stock
7506,91,85,118,18,2024-02-25,In Stock
8927,33,17866,443,81,2024-01-02,In Stock
157,67,108,301,85,2026-07-07,In Stock
3505,67,16,203,65,2025-05-18,In Stock
3086,92,755,258,19,2024-01-12,In Stock
17674,84,591,37,71,2024-08-12,Low Stock
1553,85,405,98,90,2025-03-17,In Stock
13394,13,331,440,57,2025-11-25,In Stock
16186,19,416,441,15,2024-12-28,In Stock
2149,29,934,419,85,2024-07-06,In Stock
11988,91,727,11,19,2026-01-28,Low Stock
496,31,682,44,13,2025-02-11,In Stock
17594,27,258,81,19,2025-08-25,In Stock
2322,46,808,50,11,2024-11-09,In Stock
913,37,591,437,74,2024-11-08,In Stock
15430,49,369,416,23,2025-08-27,In Stock
8778,76,782,131,36,2024-01-11,In Stock
152,28,58,16,41,2026-08-10,Low Stock
14992,91,258,71,20,2025-07-30,In Stock
17548,42,436,262,48,2026-02-04,In Stock
17111,80,534,48,18,2026-06-27,In Stock
1365,44,492,402,45,2024-10-20,In Stock
1739,97,706,441,45,2024-04-29,In Stock
3002,1230,972,22,37,2025-08-06,Low Stock
12456,97,306,244,42,2025-01-22,In Stock
9310,44,998,278,62,2024-08-28,In Stock
15789,57,115,76,70,2025-04-28,In Stock
6962,27,157,387,44,2024-06-11,In Stock
19406,6,994,162,82,2026-02-21,In Stock
19919,85,595,33,95,2024-03-28,Low Stock
2884,54,415,219,63,2025-09-28,In Stock
3721,92,557,40,24,2025-05-24,In Stock
7128,39,86,386,71,2024-11-06,In Stock
9534,54,118,50,54,2024-03-16,Low Stock
10236,71,187,387,98,2024-03-05,In Stock
889,15,82,238,38,2025-11-28,In Stock
5472,76,17,443,39,2025-11-30,In Stock
3202,9,368,205,69,2025-01-25,In Stock
16461,60,571,392,60,2025-11-01,In Stock
10469,37,592,345,94,2024-05-18,In Stock
4824,40,668,431,80,2025-12-20,In Stock
4705,23,100,314,25,2025-02-03,In Stock
12654,26,759,98,78,2026-02-04,In Stock
344,6,908,228,34,2024-02-24,In Stock
12717,16,243,270,96,2026-06-26,In Stock
4137,29,840,262,55,2025-12-24,In Stock
3238,4,693,239,90,2026-08-06,In Stock
3189,38,77,286,11,2025-03-02,In Stock
4523,85,531,123,33,2024-07-31,In Stock
2224,66,25,44,58,2024-11-14,Low Stock
12389,94,900,64,43,2025-10-13,In Stock
18653,37,633,16,64,2024-10-17,Low Stock
2122,99,82,208,50,2026-04-16,In Stock
6859,60,829,91,86,2025-11-13,In Stock
993,13,605,166,22,2024-02-24,In Stock
13274,54,976,170,88,2024-03-28,In Stock
17573,90,256,183,86,2026-03-01,In Stock
16442,93,456,373,46,2027-03-22,In Stock
15211,69,598,170,18,2026-04-20,In Stock
16149,16,82,226,83,2025-05-02,In Stock
10253,2,173,158,13,2024-08-30,In Stock
7367,96,936,493,11,2025-02-04,In Stock
6258,7,289,162,11,2026-03-16,In Stock
4735,29,311,421,38,2024-01-10,In Stock
18775,47,373,499,54,2025-01-25,In Stock
1466,7,671,366,94,2025-04-11,In Stock
4594,58,866,327,77,2026-03-08,In Stock
19121,95,512,254,86,2025-09-10,In Stock
3566,90,727,232,87,2024-09-19,In Stock
12096,83,389,316,89,2024-02-10,In Stock
5841,70,22,257,89,2025-02-07,In Stock
284,23,631,77,30,2025-08-15,In Stock
19691,26,729,290,11,2026-02-08,In Stock
14248,38,918,109,16,2024-10-26,In Stock
11791,53,96,56,81,2026-07-31,Low Stock
6176,41,579,250,42,2026-07-21,In Stock
17722,53,251,225,59,2024-08-03,In Stock
8912,90,657,207,79,2026-02-21,In Stock
4152,33,13964,458,61,2024-11-16,In Stock
18495,27,338,328,93,2026-04-15,In Stock
15354,87,807,348,65,2024-10-12,In Stock
13503,10,89,480,86,2025-01-17,In Stock
10314,16,29,222,56,2024-07-04,In Stock
14157,40,654,101,16,2025-05-02,In Stock
7377,29,499,190,31,2025-10-22,In Stock
18219,9,850,147,95,2026-03-24,In Stock
19708,62,537,115,45,2025-11-19,In Stock
13205,1,398,273,91,2024-08-20,In Stock
18620,98,493,353,78,2024-02-07,In Stock
8862,62,883,259,86,2026-03-18,In Stock
17868,78,807,67,95,2024-11-08,Low Stock
3162,31,433,234,83,2025-09-26,In Stock
2631,69,199,486,66,2025-01-20,In Stock
19794,66,527,424,18,2026-03-29,In Stock
3175,18,515,96,38,2024-01-13,In Stock
2566,39,324,276,88,2024-07-02,In Stock
18253,39,821,264,89,2024-04-20,In Stock
1204,76,560,69,36,2025-07-12,In Stock
6414,7,775,221,76,2025-12-04,In Stock
16873,56,897,201,57,2025-09-03,In Stock
617,48,520,488,-5,2025-04-17,In Stock
10119,59,277,137,91,2025-09-06,In Stock
3115,19,256,405,80,2024-11-28,In Stock
10834,71,905,45,13,2026-08-01,In Stock
18401,78,276,95,92,2024-11-04,In Stock
18019,17,417,231,80,2025-06-07,In Stock
7482,76,359,68,67,2024-06-11,In Stock
18480,26,397,147,53,2024-11-06,In Stock
15894,60,388,286,88,2024-07-06,In Stock
18733,35,599,409,45,2025-12-22,In Stock
2729,60,210,371,16,2024-04-13,In Stock
13921,80,405,167,94,2026-05-08,In Stock
14412,85,62,115,47,2025-07-27,In Stock
2461,82,872,330,56,2024-07-03,In Stock
10319,29,300,137,49,2026-02-02,In Stock
11811,46,460,23,64,2025-07-18,Low Stock
18561,66,277,61,51,2024-02-08,In Stock
8093,9,769,369,29,2024-02-14,In Stock
1358,76,543,442,76,2025-06-28,In Stock
16318,74,200,217,83,2024-06-23,In Stock
7799,31,950,275,86,2024-01-04,In Stock
8998,17,310,471,33,2025-07-30,In Stock
12887,22,126,496,53,2025-11-04,In Stock
17981,55,274,298,97,2025-09-30,In Stock
7777,97,2,364,66,2025-10-25,In Stock
1591,36,374,387,31,2025-11-16,In Stock
8603,4,602,326,81,2026-08-03,In Stock
3141,30,912,460,65,2024-03-13,In Stock
12473,25,256,1,37,2024-01-06,Low Stock
5339,62,580,80,44,2025-12-01,In Stock
8896,76,837,76,47,2026-08-13,In Stock
8759,17,724,362,12,2025-07-29,In Stock
14655,56,824,325,98,2026-07-08,In Stock
548,81,516,280,30,2026-02-13,In Stock
7119,54,300,36,33,2024-04-29,In Stock
7265,3,801,389,41,2025-12-31,In Stock
6938,78,772,11,41,2025-05-26,Low Stock
27,8,469,185,94,2026-07-22,In Stock
1068,61,234,362,89,2025-07-31,In Stock
3919,57,489,236,94,,In Stock
12679,86,896,448,51,2024-11-08,In Stock
6605,68,466,355,43,2026-07-29,In Stock
5530,96,169,55,86,2024-07-10,Low Stock
6679,80,833,468,75,2025-04-30,In Stock
5399,70,738,377,68,2024-03-07,In Stock
11361,65,811,284,85,2024-08-21,In Stock
14734,33,240,125,34,2025-01-02,In Stock
8082,83,576,29,12,2024-02-13,In Stock
9414,10,401,250,19,2024-12-20,In Stock
19724,20,868,11,47,2024-06-03,Low Stock
10741,35,684,131,21,2024-12-07,In Stock
19886,85,675,187,20,2025-01-14,In Stock
438,9,118,431,93,2025-07-09,In Stock
19731,51,485,425,39,,In Stock
11113,11,824,304,14,2024-11-30,In Stock
10407,31,605,44,42,2026-05-12,In Stock
5270,32,8,68,67,2025-12-21,In Stock
1862,70,844,335,64,2024-03-17,In Stock
10892,92,949,53,70,2025-11-06,Low Stock
17087,12,941,49,57,2026-05-30,Low Stock
8317,25,341,324,59,2027-05-19,In Stock
10674,89,912,191,15,2025-06-18,In Stock
9226,33,488,326,67,2027-08-09,In Stock
2,42,875,72,89,2026-04-08,Low Stock
2707,66,986,185,48,2024-10-21,In Stock
19177,80,60,258,39,2024-07-22,In Stock
8519,90,645,214,78,2025-05-12,In Stock
13328,3,437,25,98,2026-01-04,Low Stock
5326,43,251,324,29,2024-05-31,In Stock
10692,78,314,68,15,2026-01-25,In Stock
9197,44,118,269,93,2026-04-09,In Stock
6958,75,698,289,19,2024-06-24,In Stock
7330,16,678,272,87,2025-07-31,In Stock
5967,93,889,440,91,2024-01-15,In Stock
15104,73,266,83,76,2024-09-07,In Stock
15565,10,561,145,70,2024-11-05,In Stock
4012,37,15659,199,59,2024-05-28,In Stock
3463,31,306,158,39,2024-11-01,In Stock
535,65,16,472,-20,2024-08-02,In Stock
11963,62,323,37,87,2025-12-10,Low Stock
12153,73,381,434,15,2024-06-04,In Stock
5824,31,166,73,23,2024-01-18,In Stock
586,69,97,264,93,2025-05-07,In Stock
11876,87,21,-10,64,2026-04-28,Out of Stock
12353,33,504,437,95,2025-06-13,In Stock
17230,4,790,349,93,2024-06-22,In Stock
14859,91,506,435,-5,2026-02-11,In Stock
13992,13,774,26,95,2025-01-10,Low Stock
17769,74,274,421,77,2024-05-23,In Stock
16849,93,902,223,31,2026-02-03,In Stock
8684,96,184,310,84,2025-03-14,In Stock
9744,67,65,340,38,2027-02-05,In Stock
6363,60,152,180,33,2024-05-13,In Stock
9089,37,972,176,83,2026-06-29,In Stock
15118,64,928,321,19,2026-04-03,In Stock
6465,40,732,367,88,2024-11-14,In Stock
10149,69,539,394,16,2025-01-17,In Stock
18126,29,997,302,34,2026-08-11,In Stock
11741,39,747,108,18,2026-04-07,In Stock
19735,31,402,327,52,2025-02-10,In Stock
15158,25,595,241,81,2024-01-05,In Stock
1917,11,927,227,52,2024-12-10,In Stock
11378,88,343,248,56,2026-01-31,In Stock
19330,31,277,342,33,2026-05-01,In Stock
9698,64,3,15,49,2025-06-17,Low Stock
8108,18,911,67,11,2024-05-27,In Stock
8083,53,282,299,36,2026-06-01,In Stock
1911,77,628,319,100,2024-02-05,In Stock
16653,38,324,441,86,2026-05-03,In Stock
19768,98,545,461,83,2025-11-13,In Stock
14846,65,884,457,37,2025-09-01,In Stock
1134,21,798,253,96,2024-08-26,In Stock
16516,14,94,275,44,2024-07-02,In Stock
16143,87,81,397,63,2024-09-20,In Stock
10711,86,789,268,89,2024-12-02,In Stock
17345,36,513,88,75,,In Stock
1318,38,751,415,59,2026-02-08,In Stock
4369,73,104,241,40,2025-06-19,In Stock
8314,50,907,318,79,2024-02-23,In Stock
17904,23,344,258,29,2025-04-25,In Stock
10642,45,906,210,69,2024-01-27,In Stock
19417,31,774,418,48,2024-07-02,In Stock
7326,16,546,174,83,2024-03-31,In Stock
13855,92,851,475,77,2025-03-24,In Stock
6081,72,255,12,40,2024-10-01,Low Stock
8967,80,769,132,33,2025-05-04,In Stock
2602,78,875,203,30,2024-07-01,In Stock
6569,65,350,242,98,2025-06-29,In Stock
17585,56,753,139,26,2026-05-23,In Stock
16745,65,180,435,72,2024-09-04,In Stock
2174,36,263,100,35,2024-09-09,In Stock
19624,100,134,453,70,2024-11-19,In Stock
12747,19,507,318,91,2024-12-05,In Stock
3606,76,315,489,19,2024-05-25,In Stock
13277,65,323,200,68,2025-04-17,In Stock
6430,28,328,411,64,2024-09-13,In Stock
12862,46,116,348,47,2026-01-30,In Stock
18882,40,420,52,89,,Low Stock
7996,28,319,435,38,2024-06-27,In Stock
9143,17,90,172,100,2026-07-31,In Stock
3769,8,559,451,58,2025-01-24,In Stock
5078,69,472,-10,87,2024-06-09,Out of Stock
8275,61,133,374,-5,2026-01-09,In Stock
12231,1474,437,371,52,2026-06-16,In Stock
19409,50,725,77,31,2026-03-07,In Stock
9600,8,435,427,67,2024-10-06,In Stock
4632,77,640,452,77,2026-04-26,In Stock
14936,14,710,109,57,2024-02-14,In Stock
241,84,133,455,88,2024-07-09,In Stock
17524,92,322,58,74,2025-08-15,Low Stock
18785,49,545,151,45,2025-10-06,In Stock
13723,27,888,75,78,2025-04-25,Low Stock
15033,13,889,241,30,2024-08-12,In Stock
10772,31,542,141,51,2025-02-20,In Stock
14382,22,884,283,24,2024-02-22,In Stock
11462,35,167,181,90,2024-06-02,In Stock
10931,89,277,425,45,2026-08-08,In Stock
7603,8,240,329,59,2024-09-02,In Stock
14618,21,936,220,44,2026-07-06,In Stock
1868,36,482,350,35,2025-02-27,In Stock
13743,57,468,64,85,2024-04-19,Low Stock
16651,87,233,268,98,2025-06-01,In Stock
19146,65,220,288,33,2024-12-26,In Stock
14914,86,598,2,31,2024-02-15,Low Stock
2522,79,236,54,68,2024-07-19,Low Stock
18419,11,277,306,38,2026-01-18,In Stock
1821,82,981,274,79,2026-02-26,In Stock
2411,13,514,489,18,2026-03-12,In Stock
8244,12,505,487,85,2025-08-06,In Stock
18168,97,98,299,18,2024-02-24,In Stock
6638,18,642,435,-20,2024-12-28,In Stock
5188,83,793,290,97,2024-06-07,In Stock
16765,58,585,63,98,2026-01-22,Low Stock
11770,90,133,84,30,2026-04-21,In Stock
4566,76,814,307,96,2025-07-14,In Stock
13608,16,480,-100,38,2026-02-05,Out of Stock
7943,81,639,434,81,2024-01-16,In Stock
15547,81,181,122,81,2024-10-05,In Stock
18554,28,678,59,70,2026-05-15,Low Stock
6392,85,136,115,93,2024-09-11,In Stock
2119,3,940,242,35,2025-07-18,In Stock
10051,59,249,235,51,2024-05-19,In Stock
3780,47,265,351,61,2024-11-01,In Stock
19475,64,413,379,48,2026-03-06,In Stock
4962,5,620,294,81,2026-01-04,In Stock
2810,41,714,397,90,2026-06-12,In Stock
18495,27,338,328,93,2026-04-15,In Stock
499,26,433,437,27,2026-04-15,In Stock
11446,20,217,465,32,2025-10-17,In Stock
919,23,172,253,17,2024-06-02,In Stock
19887,5,946,1,31,2024-08-01,Low Stock
13391,97,984,51,56,2026-03-05,Low Stock
16234,63,377,361,42,2026-07-19,In Stock
8618,30,700,473,38,2025-05-18,In Stock
4285,47,130,27,32,2024-12-18,Low Stock
19017,28,552,137,53,2025-08-23,In Stock
15309,1130,16,61,95,2025-04-03,Low Stock
229,56,960,1,60,2026-05-18,Low Stock
14946,80,37,402,50,2025-02-07,In Stock
19056,19,650,279,-20,2024-09-28,In Stock
2742,38,606,394,77,2024-12-12,In Stock
13330,16,120,128,62,2024-06-30,In Stock
11704,14,402,149,54,2025-10-03,In Stock
9272,62,286,188,48,2024-02-27,In Stock
17407,36,563,338,61,2024-07-12,In Stock
11114,38,786,434,39,2026-02-25,In Stock
6002,79,606,146,29,2025-12-28,In Stock
5719,51,924,142,64,2026-03-24,In Stock
4898,89,440,328,57,2025-04-19,In Stock
5584,6,604,431,13,2026-06-16,In Stock
18783,71,526,481,82,2025-03-04,In Stock
11846,40,111,400,24,2024-10-14,In Stock
7868,69,467,194,95,2025-03-13,In Stock
15677,30,801,192,61,2025-05-06,In Stock
14865,69,722,118,88,2024-05-06,In Stock
1129,22,107,476,44,2024-09-21,In Stock
16460,89,725,45,71,2025-07-17,Low Stock
10524,3,191,22,31,2024-07-31,Low Stock
10401,4,710,457,50,2026-04-11,In Stock
1568,88,15233,38,51,2026-07-28,Low Stock
10299,9,629,224,71,2024-02-12,In Stock
1707,74,532,-50,39,2025-05-28,Out of Stock
7451,86,815,376,87,2025-11-09,In Stock
3154,22,302,329,49,2026-08-08,In Stock
10365,19,214,405,28,2026-01-21,In Stock
11524,39,745,376,85,2026-06-16,In Stock
16156,80,19,440,59,2027-06-28,In Stock
17281,66,42,0,92,2024-06-08,Out of Stock
513,91,892,420,64,2024-03-24,In Stock
6241,14,846,204,79,2024-09-15,In Stock
13183,93,13,-10,15,2025-05-08,Out of Stock
7105,16,830,155,39,2025-12-18,In Stock
10567,64,33,447,37,2025-08-06,In Stock
9825,13,28,47,17,2024-05-20,In Stock
18435,20,303,300,18,2026-01-01,In Stock
10491,51,36,55,57,2024-02-09,Low Stock
6419,42,442,188,44,2025-11-19,In Stock
12445,27,810,113,94,2025-03-21,In Stock
14806,9,987,325,58,2026-01-02,In Stock
2722,15,777,71,55,2025-07-12,In Stock
7446,28,101,364,46,2026-03-23,In Stock
7894,95,505,259,87,2024-06-03,In Stock
7510,91,353,328,91,2024-04-16,In Stock
19524,74,180,493,60,2026-03-31,In Stock
8043,34,449,175,45,2024-09-27,In Stock
15010,57,678,54,51,2025-10-11,In Stock
6688,23,141,408,76,2025-11-24,In Stock
16027,81,475,204,40,2025-01-21,In Stock
17997,58,216,242,12,2026-05-31,In Stock
9929,69,110,102,57,2026-08-02,In Stock
13800,89,19,-50,56,2024-06-29,Out of Stock
11429,36,511,309,78,2024-02-26,In Stock
13929,28,282,80,98,2024-10-29,Low Stock
16914,74,809,190,19,2024-10-11,In Stock
14752,59,768,385,86,2026-04-03,In Stock
7237,61,913,44,28,2025-10-04,In Stock
6469,98,129,111,37,2025-08-05,In Stock
13287,75,691,427,71,2024-01-27,In Stock
10833,15,691,102,37,2024-05-06,In Stock
9054,78,365,372,90,2024-11-18,In Stock
1506,95,569,331,92,2025-08-29,In Stock
6055,59,388,22,34,,Low Stock
597,98,324,309,74,2024-06-23,In Stock
4226,49,16780,348,27,2024-04-23,In Stock
2551,100,886,132,52,2026-04-20,In Stock
19278,23,227,318,45,2024-01-10,In Stock
13136,24,447,18,70,2025-11-04,Low Stock
7441,45,138,329,17,2024-09-22,In Stock
19117,59,603,488,39,2024-01-10,In Stock
6769,6,77,185,96,2024-02-14,In Stock
3200,98,583,-10,100,2025-07-21,Out of Stock
2682,21,540,215,51,2024-02-26,In Stock
6450,6,523,258,48,2025-01-03,In Stock
7952,5,184,24,66,2025-10-18,Low Stock
16677,16,431,433,55,2025-07-22,In Stock
1046,88,36,125,53,2026-02-22,In Stock
13045,95,249,395,44,2026-02-12,In Stock
2645,89,122,118,88,2026-06-18,In Stock
4436,95,439,359,45,2024-09-30,In Stock
11358,68,560,406,24,2025-04-01,In Stock
11832,41,918,274,82,2025-04-17,In Stock
16868,24,548,449,17,2024-12-15,In Stock
13669,61,376,422,60,2026-03-07,In Stock
4488,8,690,255,23,2024-01-20,In Stock
2062,34,373,241,60,2025-05-31,In Stock
4646,95,898,175,40,2026-04-25,In Stock
9113,3,538,65,71,2024-10-13,Low Stock
11005,71,763,440,22,2025-10-01,In Stock
3776,63,854,497,91,2025-08-20,In Stock
19528,40,706,15,22,2026-01-07,Low Stock
5597,66,842,173,92,2024-01-24,In Stock
19387,31,461,48,86,2025-07-17,Low Stock
10742,87,27,399,71,2026-04-16,In Stock
9298,77,941,380,18,2024-03-22,In Stock
7266,91,740,115,27,2024-07-18,In Stock
16121,96,233,300,61,2025-08-12,In Stock
10574,51,426,269,58,2024-01-17,In Stock
18918,71,472,322,87,2024-11-09,In Stock
4175,33,474,95,67,2026-06-30,In Stock
16464,32,814,168,76,2024-08-30,In Stock
8738,35,11665,227,85,2024-11-19,In Stock
9217,33,99,255,64,2026-07-24,In Stock
18664,18,345,181,40,2024-04-07,In Stock
13041,60,324,128,19,2026-03-03,In Stock
15260,86,915,107,98,2025-10-23,In Stock
16705,67,938,26,10,2025-05-04,In Stock
10144,61,458,39,62,2025-08-18,Low Stock
19372,31,940,448,96,2024-06-13,In Stock
8544,78,565,59,53,2025-05-03,In Stock
5608,99,607,390,16,2025-06-10,In Stock
984,36,671,240,61,2026-07-24,In Stock
8034,75,195,333,10,,In Stock
5481,2,140,43,11,2025-06-30,In Stock
5069,9,974,241,54,2026-05-24,In Stock
4798,20,963,413,75,2027-05-12,In Stock
4483,44,834,140,64,2025-11-14,In Stock
3663,68,951,264,18,2026-01-02,In Stock
19615,45,948,10,75,2026-07-03,Low Stock
10487,21,606,437,31,2025-04-28,In Stock
6948,7,28,422,14,2026-07-14,In Stock
4658,92,150,387,97,2025-04-23,In Stock
6415,92,807,95,20,2024-07-01,In Stock
17245,22,763,500,54,2024-03-06,In Stock
3151,30,988,480,63,2024-07-15,In Stock
16025,90,784,138,33,2024-06-26,In Stock
15208,56,637,425,40,2024-10-21,In Stock
4814,60,380,381,78,2026-07-16,In Stock
9266,9,954,113,90,2024-12-26,In Stock
5970,64,804,345,14,2025-01-15,In Stock
11892,78,741,419,80,2024-05-12,In Stock
13336,1139,2,215,14,2026-06-08,In Stock
2940,34,610,329,65,2026-07-07,In Stock
14097,89,417,195,91,2025-12-28,In Stock
12703,94,739,221,18,2026-04-29,In Stock
1341,34,786,299,90,2024-04-17,In Stock
19880,53,518,50,34,2025-10-21,In Stock
1392,46,538,285,23,2026-07-28,In Stock
16445,88,331,495,74,2025-03-11,In Stock
7438,39,493,182,35,2024-05-22,In Stock
15773,28,828,485,60,2026-07-02,In Stock
8803,18,544,52,88,2024-01-31,Low Stock
17449,55,968,318,37,2025-05-21,In Stock
5807,14,558,-10,91,2025-06-04,Out of Stock
15397,11,99,55,11,2025-08-08,In Stock
6147,52,190,89,85,2025-10-09,In Stock
9776,81,121,115,99,2024-06-14,In Stock
1413,35,129,238,10,2025-04-11,In Stock
14887,22,798,489,55,2025-02-28,In Stock
12003,70,454,181,0,2024-12-07,In Stock
2257,96,237,245,19,2026-05-24,In Stock
383,89,588,488,93,2026-02-02,In Stock
17326,77,835,305,51,2024-08-26,In Stock
6121,77,502,157,74,2024-03-25,In Stock
2213,28,928,328,30,2024-02-25,In Stock
5604,40,941,346,91,2024-11-06,In Stock
10815,81,491,444,68,2025-09-15,In Stock
8882,17,65,390,57,2024-06-08,In Stock
6005,58,927,76,65,2026-08-16,In Stock
5418,94,927,272,98,2025-04-30,In Stock
4939,85,510,84,61,2027-08-11,In Stock
13435,93,541,300,55,2026-04-15,In Stock
3625,21,639,111,89,2024-02-26,In Stock
3159,85,399,203,17,2025-03-03,In Stock
4268,98,698,442,78,2025-07-31,In Stock
9159,41,128,482,79,2024-08-16,In Stock
464,15,711,16,15,2024-06-23,In Stock
1755,37,967,286,39,2025-11-07,In Stock
14943,44,715,235,69,2025-11-24,In Stock
15723,88,160,405,16,2025-01-07,In Stock
13831,66,747,122,58,2024-07-27,In Stock
15395,51,861,454,29,2025-05-27,In Stock
6381,18,622,211,54,2024-06-03,In Stock
3830,29,249,-1,46,2024-03-31,Out of Stock
12675,92,715,373,54,2024-06-21,In Stock
379,11,265,443,34,2025-12-04,In Stock
11299,87,160,336,78,2024-07-27,In Stock
12996,59,540,436,60,2024-05-25,In Stock
8182,1826,463,224,68,2025-05-26,In Stock
1336,88,476,89,78,2025-12-06,In Stock
13512,70,593,399,24,2024-08-19,In Stock
2120,84,484,281,39,2024-04-01,In Stock
2717,60,393,214,100,2024-12-01,In Stock
17654,6,752,398,83,2025-04-08,In Stock
17780,20,551,130,33,2024-06-12,In Stock
13639,37,632,138,18,2024-04-04,In Stock
18727,19,967,143,74,2026-02-05,In Stock
19425,48,734,112,47,2025-03-10,In Stock
3184,98,772,441,33,2026-06-02,In Stock
10004,87,407,124,40,2025-12-14,In Stock
6323,17,128,71,65,2024-01-08,In Stock
13640,37,115,290,53,2025-07-01,In Stock
15725,67,790,260,98,2025-12-12,In Stock
7390,10,871,257,47,2025-11-19,In Stock
1895,26,950,468,67,2024-12-12,In Stock
9400,51,577,49,69,2024-03-02,Low Stock
4662,94,968,329,49,2026-06-21,In Stock
14357,33,425,114,95,2026-08-01,In Stock
18518,46,942,23,61,2025-05-23,Low Stock
7770,54,148,463,76,2026-02-10,In Stock
7091,66,266,31,73,2024-11-17,Low Stock
6222,78,489,426,89,2025-01-05,In Stock
15807,61,287,184,18,2024-08-31,In Stock
9382,68,259,389,26,2024-04-02,In Stock
18990,22,285,105,92,2025-03-14,In Stock
16742,44,158,8,28,2024-09-28,Low Stock
15910,40,496,41,10,2024-04-14,In Stock
18975,93,875,300,25,2024-05-20,In Stock
7038,80,332,78,69,2026-04-13,In Stock
11647,91,282,394,24,2025-10-31,In Stock
10571,81,656,40,40,2024-05-22,Low Stock
14161,99,630,327,37,2025-11-19,In Stock
19050,94,369,232,56,2024-01-04,In Stock
14799,49,495,149,17,2026-02-28,In Stock
14830,60,978,28,20,2026-01-08,In Stock
14739,58,41,168,62,2025-03-20,In Stock
6359,14,197,341,95,2024-06-03,In Stock
914,95,584,472,45,2024-08-12,In Stock
12806,72,788,420,24,2024-03-09,In Stock
3993,20,385,476,75,2025-01-30,In Stock
6692,17,489,133,35,2026-02-09,In Stock
17929,10,140,196,25,2024-09-08,In Stock
1031,33,174,237,56,2026-12-01,In Stock
9165,100,208,113,94,2024-06-12,In Stock
2221,17,642,203,88,2025-03-09,In Stock
11967,39,948,223,25,2024-05-12,In Stock
9489,49,314,122,75,2024-10-20,In Stock
1578,37,622,405,83,2025-06-09,In Stock
19612,85,567,113,60,2025-09-13,In Stock
9948,2,206,376,77,2025-05-29,In Stock
3794,73,324,468,12,2025-03-30,In Stock
3656,21,769,300,44,2026-06-07,In Stock
17123,63,680,48,28,2025-11-04,In Stock
4328,26,119,213,29,2025-07-31,In Stock
18912,2,526,88,43,2024-08-09,In Stock
8303,60,230,64,97,2024-01-28,Low Stock
19896,28,395,86,51,2025-12-23,In Stock
10545,97,406,203,16,2024-03-26,In Stock
7687,83,672,159,78,2026-08-14,In Stock
5732,14,902,21,31,2025-06-18,Low Stock
2918,4,709,52,82,2025-05-11,Low Stock
5587,31,682,186,21,2025-11-22,In Stock
7089,100,53,377,74,2025-06-17,In Stock
6327,99,48,437,80,2026-04-07,In Stock
1516,78,365,29,78,2026-08-02,Low Stock
19867,41,795,80,64,2024-06-01,In Stock
11279,63,543,1,93,2025-02-03,Low Stock
2372,50,199,375,72,2025-12-10,In Stock
3433,35,990,336,88,2024-11-22,In Stock
2264,78,574,486,84,2025-06-13,In Stock
4480,78,955,170,78,2025-09-14,In Stock
4240,10,161,120,47,2026-06-12,In Stock
18862,59,610,349,15,2024-02-12,In Stock
1391,19,605,251,85,2024-01-20,In Stock
894,60,588,119,29,2025-05-30,In Stock
1491,29,627,115,62,2025-01-01,In Stock
18328,66,235,149,28,2024-01-20,In Stock
10043,57,677,17,58,2026-02-01,Low Stock
14038,38,183,95,99,2024-07-17,Low Stock
16428,54,878,235,67,2026-07-07,In Stock
8517,46,523,114,92,2025-12-23,In Stock
9408,47,925,358,24,2025-07-10,In Stock
2934,54,790,334,26,2025-10-24,In Stock
12882,10,144,400,11,2026-01-06,In Stock
19090,73,208,459,77,2025-09-18,In Stock
10938,90,544,168,37,2025-11-19,In Stock
18765,37,572,298,29,2024-09-20,In Stock
19599,1,410,217,100,2024-10-05,In Stock
11639,1729,386,225,84,2024-06-30,In Stock
1130,87,246,270,54,2024-12-19,In Stock
732,64,651,43,13,2024-06-23,In Stock
11111,58,9,357,48,2024-11-12,In Stock
15216,98,14959,336,14,2025-03-13,In Stock
3085,17,330,489,83,2026-04-18,In Stock
7298,61,30,72,31,2025-05-19,In Stock
4589,41,643,363,68,2026-05-18,In Stock
12497,76,501,433,62,2025-06-30,In Stock
2796,24,206,385,49,2025-06-05,In Stock
8980,46,548,4,72,2026-02-22,Low Stock
7602,82,953,292,12,2025-09-02,In Stock
799,16,419,370,21,2024-03-02,In Stock
6233,50,397,-50,55,2024-10-26,Out of Stock
735,44,610,54,56,2024-05-27,Low Stock
14805,82,878,72,81,2025-09-26,Low Stock
2245,15,745,221,60,2024-09-28,In Stock
179,96,730,494,56,2024-01-22,In Stock
11470,95,152,212,56,2025-07-27,In Stock
11933,97,611,253,53,2026-05-31,In Stock
1175,6,113,307,78,2025-01-08,In Stock
13799,75,63,51,45,2024-12-29,In Stock
14754,51,327,62,26,2024-10-23,In Stock
10024,13,601,498,41,2024-06-05,In Stock
9831,94,899,89,54,2024-06-13,In Stock
791,27,337,445,91,2025-05-06,In Stock
19001,85,922,109,92,2024-07-05,In Stock
9974,55,863,53,53,2025-01-30,Low Stock
11394,86,47,288,20,2027-06-12,In Stock
199,26,64,308,53,2025-07-13,In Stock
18866,29,640,190,11,2024-09-12,In Stock
12280,9,288,77,71,2024-04-27,In Stock
7676,63,937,148,13,,In Stock
13386,94,113,482,94,2025-07-30,In Stock
549,81,50,342,60,2026-07-18,In Stock
3340,50,827,173,82,2025-04-22,In Stock
12941,20,244,299,68,2025-07-08,In Stock
15704,24,600,191,89,2026-06-08,In Stock
15660,40,12,379,81,2024-01-04,In Stock
7466,79,10,302,51,2024-11-12,In Stock
11773,99,254,313,68,,In Stock
18728,52,295,84,66,2025-04-01,In Stock
14826,44,428,450,20,2024-11-03,In Stock
10507,34,661,379,83,2025-09-05,In Stock
17566,100,208,447,48,2024-05-29,In Stock
13278,55,721,27,96,2025-11-10,Low Stock
18568,22,913,100,39,2024-01-12,In Stock
7534,20,444,130,59,2025-10-02,In Stock
14657,1670,805,387,72,2024-08-16,In Stock
67,53,978,372,83,2025-02-15,In Stock
17815,5,558,214,18,2026-05-17,In Stock
4713,70,255,17,16,2025-01-11,In Stock
5215,60,540,301,94,2025-01-14,In Stock
11453,46,521,95,68,2025-02-07,In Stock
18322,54,826,141,50,2024-05-03,In Stock
5034,58,42,448,35,2024-01-04,In Stock
6916,50,563,291,88,2024-09-15,In Stock
2573,73,373,490,21,2025-10-29,In Stock
16934,47,894,8,27,2024-09-01,Low Stock
17349,33,608,39,98,2025-04-01,Low Stock
623,12,184,386,-20,,In Stock
18593,60,449,142,91,2025-09-08,In Stock
6223,89,731,401,59,2024-02-02,In Stock
788,52,469,154,78,2025-07-14,In Stock
3333,71,628,162,13,2024-01-26,In Stock
14583,75,801,404,61,2024-09-29,In Stock
15800,93,864,170,23,2025-09-14,In Stock
16676,45,759,59,94,2026-01-25,Low Stock
6009,88,321,416,27,2026-07-25,In Stock
17195,78,268,209,98,2024-12-31,In Stock
8335,24,555,176,21,2026-02-24,In Stock
19142,56,528,3,95,2025-02-25,Low Stock
11473,45,10823,416,58,2026-01-08,In Stock
15969,54,646,134,78,2026-07-21,In Stock
17169,100,754,298,84,2025-10-06,In Stock
13449,52,740,366,56,2025-05-07,In Stock
17366,9,463,165,53,2025-09-22,In Stock
16418,51,511,345,92,2026-06-29,In Stock
12479,73,574,141,14,2024-01-11,In Stock
516,27,603,267,54,2025-01-18,In Stock
17266,12,434,-1,54,2024-06-18,Out of Stock
479,56,793,96,91,2025-03-06,In Stock
13641,9,470,410,96,2025-05-31,In Stock
4477,27,742,29,79,2025-05-21,Low Stock
9972,74,860,45,13,2025-08-31,In Stock
10840,92,4,46,84,2024-12-30,Low Stock
18510,43,374,141,20,2024-01-30,In Stock
15050,62,423,-50,32,2026-08-08,Out of Stock
6900,24,579,68,65,2024-05-15,In Stock
10233,84,766,-10,91,2024-08-04,Out of Stock
1034,72,291,184,78,2024-08-16,In Stock
15889,100,153,328,29,2026-06-26,In Stock
14623,30,924,432,40,2025-05-02,In Stock
2599,16,793,226,49,2026-07-18,In Stock
1515,93,322,88,79,2024-02-12,In Stock
6192,89,649,193,34,2025-10-27,In Stock
17424,38,881,382,78,2025-09-22,In Stock
14176,93,37,463,15,2025-04-14,In Stock
7238,57,152,229,81,2025-09-16,In Stock
5754,88,656,62,53,2024-09-27,In Stock
2069,43,110,303,99,2024-08-21,In Stock
19678,53,944,366,76,2025-04-23,In Stock
8237,40,361,219,54,2025-03-07,In Stock
8537,58,612,-50,43,2026-06-06,Out of Stock
5522,64,882,18,41,2024-04-13,Low Stock
1463,97,148,385,49,2024-06-21,In Stock
7916,24,165,64,34,2024-01-25,In Stock
1872,97,956,20,81,2024-10-27,Low Stock
16781,76,296,347,62,2024-05-11,In Stock
4577,36,915,303,38,2025-12-12,In Stock
18642,23,218,394,28,2026-03-26,In Stock
7210,99,452,86,98,2026-01-05,Low Stock
9857,6,470,209,19,2024-07-30,In Stock
11081,36,831,212,45,2024-09-04,In Stock
16784,62,703,34,51,2026-04-14,Low Stock
7350,42,769,463,100,2025-01-22,In Stock
4624,89,727,409,82,2026-06-13,In Stock
16124,52,969,194,84,2025-01-06,In Stock
4819,99,80,265,52,2025-02-23,In Stock
14231,34,445,453,43,2025-02-11,In Stock
15632,16,834,8,13,2025-05-20,Low Stock
221,77,718,17,72,,Low Stock
9954,2,437,125,72,2027-01-26,In Stock
15915,59,521,105,34,2024-12-12,In Stock
12633,5,194,284,30,2024-02-02,In Stock
18657,7,865,53,67,2025-09-27,Low Stock
12779,74,52,455,35,2025-11-01,In Stock
11390,36,556,56,100,2025-09-24,Low Stock
15364,33,446,43,96,2024-09-13,Low Stock
18591,23,607,132,28,2026-03-13,In Stock
2477,25,872,345,63,2026-06-28,In Stock
4249,43,294,419,86,2025-12-26,In Stock
6116,56,771,460,12,2024-11-06,In Stock
19565,82,321,384,54,2024-02-09,In Stock
10942,19,484,24,48,2024-03-24,Low Stock
18729,7,629,204,53,2026-03-05,In Stock
19262,85,241,151,86,2024-10-16,In Stock
6488,83,886,419,77,2024-03-23,In Stock
16057,44,136,43,63,2025-10-21,Low Stock
10100,76,266,276,25,2024-07-19,In Stock
9457,19,533,131,70,2025-12-19,In Stock
16481,66,360,367,69,2026-07-08,In Stock
12434,40,293,411,14,2024-07-18,In Stock
5651,30,57,422,25,2025-08-29,In Stock
18958,43,666,282,58,2024-01-16,In Stock
19499,44,476,316,64,2025-04-12,In Stock
17379,77,895,277,100,2026-08-11,In Stock
8053,79,17401,234,89,2025-02-06,In Stock
19598,86,572,252,75,2025-05-28,In Stock
15906,69,909,365,67,2025-03-09,In Stock
19960,14,123,305,20,2024-11-10,In Stock
2882,35,34,25,35,2025-06-07,Low Stock
1678,4,974,305,71,2025-06-05,In Stock
15221,45,196,82,48,2025-08-28,In Stock
6061,62,688,429,70,2026-01-13,In Stock
902,32,899,-10,67,2026-01-15,Out of Stock
17882,7,811,451,35,2024-03-04,In Stock
7165,37,572,437,71,2026-03-06,In Stock
2297,86,778,46,12,2024-12-27,In Stock
11595,46,414,450,86,2025-03-04,In Stock
15028,39,453,260,21,2024-04-08,In Stock
8489,18,601,384,18,2025-01-18,In Stock
9714,38,935,297,98,2025-04-28,In Stock
18500,17,804,188,96,2027-06-21,In Stock
13849,24,75,414,10,2026-06-20,In Stock
15367,62,323,95,78,2024-10-19,In Stock
14926,98,357,235,41,2026-02-19,In Stock
8220,32,324,430,76,2024-01-28,In Stock
15406,27,344,335,0,2024-10-26,In Stock
17584,31,460,30,25,2024-08-26,In Stock
6773,11,238,201,86,2025-03-07,In Stock
17562,36,106,153,82,2025-08-20,In Stock
14437,65,63,335,52,2026-02-10,In Stock
11924,12,837,390,85,2025-04-11,In Stock
14679,7,889,494,19,2027-02-17,In Stock
11441,40,307,203,72,2025-01-09,In Stock
16427,79,274,199,93,2025-06-07,In Stock
18216,47,910,200,45,2024-10-14,In Stock
16528,21,76,58,59,2024-02-12,Low Stock
7258,80,189,172,24,2025-10-03,In Stock
2581,76,10666,83,36,2024-12-08,In Stock
7967,72,624,327,74,2024-03-02,In Stock
2157,77,995,402,38,2025-09-04,In Stock
4341,65,472,205,100,2026-02-12,In Stock
12937,17,571,272,43,2025-02-03,In Stock
9563,89,883,250,26,2025-10-17,In Stock
19875,27,113,423,92,2024-09-15,In Stock
10587,10,702,442,84,2025-11-14,In Stock
2388,51,109,66,64,2025-03-30,In Stock
13744,13,590,46,47,2024-12-18,Low Stock
19108,97,192,341,38,2025-01-06,In Stock
5255,61,960,474,26,2024-05-27,In Stock
682,71,107,222,23,2024-07-14,In Stock
4531,33,759,283,62,2025-12-03,In Stock
12968,96,748,403,49,2024-01-11,In Stock
13615,82,457,482,89,2024-11-22,In Stock
3160,56,141,377,90,2025-07-31,In Stock
17434,68,33,354,21,2024-11-24,In Stock
2988,94,972,255,37,2025-11-01,In Stock
4909,28,261,85,72,2025-08-22,In Stock
1883,87,968,269,18,2025-07-22,In Stock
14791,52,171,412,24,2026-01-05,In Stock
19341,45,249,243,28,2025-01-21,In Stock
1941,42,371,94,97,2026-06-07,Low Stock
3297,74,34,136,27,2026-07-18,In Stock
3535,23,479,164,0,2024-12-05,In Stock
5975,30,421,391,48,2024-01-15,In Stock
3730,58,150,66,90,2024-05-27,Low Stock
491,96,613,225,61,2025-11-02,In Stock
5709,57,13217,237,54,2024-09-11,In Stock
1182,100,206,76,96,2025-03-15,Low Stock
1376,4,897,248,100,2025-01-28,In Stock
5015,27,286,12,38,2026-06-05,Low Stock
11607,18,461,110,37,2025-04-01,In Stock
12352,27,229,147,24,2026-05-14,In Stock
627,54,885,436,31,2025-11-16,In Stock
4759,3,392,403,10,2026-03-23,In Stock
13958,75,19,483,66,2026-05-01,In Stock
10305,91,9,168,71,2026-04-14,In Stock
3561,33,607,-50,88,2024-07-24,Out of Stock
6041,90,64,24,12,2025-01-13,In Stock
12373,1910,888,98,12,2025-11-21,In Stock
17498,89,48,238,47,2025-02-27,In Stock
2842,50,967,306,63,2026-02-04,In Stock
4181,93,234,487,89,2025-01-23,In Stock
17788,72,123,263,100,2026-04-20,In Stock
17610,51,565,149,88,2026-06-15,In Stock
18550,18,451,152,71,2026-03-14,In Stock
18254,92,214,220,90,2026-08-10,In Stock
2888,18,482,27,97,2025-03-04,Low Stock
16822,91,554,41,20,2025-08-15,In Stock
8877,55,235,94,81,2025-06-18,In Stock
4540,79,758,373,14,2026-03-10,In Stock
12707,89,780,189,57,2026-02-06,In Stock
12272,77,553,252,70,2024-11-30,In Stock
6684,28,588,69,47,2024-07-14,In Stock
6672,82,90,28,39,2025-07-14,Low Stock
6454,67,690,128,76,2025-03-02,In Stock
9212,24,550,366,57,2024-03-28,In Stock
1367,4,674,41,98,2024-06-30,Low Stock
12109,35,961,393,24,2025-11-25,In Stock
12582,20,218,177,48,2025-08-06,In Stock
2640,100,723,295,39,2024-04-14,In Stock
1192,49,503,242,93,2025-04-07,In Stock
5603,4,714,288,91,2024-12-15,In Stock
19431,98,104,180,12,2024-09-03,In Stock
13922,99,116,307,22,2025-01-31,In Stock
5731,70,730,413,98,2025-05-26,In Stock
14746,66,971,137,90,2024-05-24,In Stock
7205,73,511,216,99,2024-08-10,In Stock
5297,10,286,23,81,2026-05-27,Low Stock
3198,32,158,405,33,2025-08-02,In Stock
18622,45,489,140,72,2025-11-18,In Stock
12980,6,609,87,94,2025-07-20,Low Stock
2939,93,167,111,100,2024-04-19,In Stock
17701,27,681,314,69,2024-03-05,In Stock
16932,70,179,352,55,,In Stock
19044,45,810,441,77,2025-07-24,In Stock
8891,99,419,345,74,2025-01-21,In Stock
10172,75,595,110,82,2024-12-30,In Stock
5980,85,853,126,38,2025-01-02,In Stock
11996,74,36,318,12,2025-11-23,In Stock
4535,48,883,434,80,2024-09-13,In Stock
16829,23,57,408,43,2024-11-28,In Stock
10066,63,639,97,26,2024-10-20,In Stock
11539,49,543,226,12,2024-07-23,In Stock
7670,51,800,254,33,2024-03-31,In Stock
7608,71,317,375,32,2025-11-30,In Stock
15690,71,189,322,81,2025-03-10,In Stock
6870,46,432,54,18,2026-04-26,In Stock
15960,64,202,135,47,2025-12-10,In Stock
16577,37,282,293,-20,2025-04-09,In Stock
17705,87,149,423,41,2025-07-11,In Stock
12993,97,876,64,54,2024-01-09,In Stock
10473,58,999,2,80,2024-05-11,Low Stock
16506,1,614,105,82,2024-04-23,In Stock
14944,94,917,448,99,2025-01-10,In Stock
12662,19,55,361,19,2024-09-24,In Stock
13326,91,150,483,66,2025-12-30,In Stock
12367,88,351,39,25,2024-10-12,In Stock
6682,99,601,456,25,2025-11-07,In Stock
5429,88,839,66,39,2024-08-01,In Stock
9191,93,796,307,71,2026-08-06,In Stock
12323,64,147,299,24,2024-01-05,In Stock
5267,89,155,217,11,2025-03-22,In Stock
3787,23,350,369,55,2025-11-06,In Stock
3511,1,140,474,36,2024-05-25,In Stock
1785,25,60,495,83,2025-12-25,In Stock
11375,60,449,151,67,2024-09-18,In Stock
13426,18,415,335,84,2025-07-07,In Stock
7117,28,902,361,16,2025-01-13,In Stock
495,73,180,134,63,2025-08-01,In Stock
15492,92,6,324,13,2025-09-19,In Stock
10047,1108,697,159,99,2025-09-28,In Stock
14971,20,41,454,42,2025-06-03,In Stock
11053,3,873,438,70,2024-07-01,In Stock
2039,79,799,466,97,2024-05-05,In Stock
4042,99,602,339,23,2026-08-06,In Stock
9282,49,818,232,45,2024-03-22,In Stock
2898,33,390,81,52,2024-05-02,In Stock
8559,25,976,-10,84,2024-12-17,Out of Stock
9042,53,266,481,20,,In Stock
7714,52,111,323,29,2025-12-24,In Stock
15436,77,167,203,84,2025-04-04,In Stock
7877,5,498,253,77,2026-04-17,In Stock
3341,45,65,283,13,2025-06-20,In Stock
15210,43,487,450,96,2025-03-29,In Stock
2654,46,256,337,72,2026-04-22,In Stock
18543,45,909,438,43,2026-05-08,In Stock
5912,6,849,163,42,2025-12-26,In Stock
18679,66,52,143,57,2024-05-11,In Stock
9734,7,735,135,71,2026-07-03,In Stock
14976,72,505,230,32,2025-05-24,In Stock
11162,11,719,500,89,2026-08-04,In Stock
8515,78,302,162,64,2024-04-13,In Stock
2032,72,755,260,79,2025-07-16,In Stock
5090,53,786,-10,74,2025-10-16,Out of Stock
13561,35,589,354,58,2024-03-12,In Stock
814,98,483,109,50,2025-11-14,In Stock
7236,35,600,30,46,,Low Stock
18152,42,933,288,72,2026-03-16,In Stock
10972,47,274,122,17,2024-07-22,In Stock
12756,56,849,39,85,2026-06-27,Low Stock
17805,99,442,243,-20,2026-07-12,In Stock
6281,11,739,205,19,,In Stock
4207,87,637,423,97,2025-01-24,In Stock
13984,39,62,336,35,2024-01-31,In Stock
13467,63,388,424,62,2026-02-14,In Stock
1080,80,916,183,56,2026-07-06,In Stock
2227,28,930,168,16,2024-01-01,In Stock
10121,50,691,160,55,2026-05-15,In Stock
19545,17,608,153,92,2025-02-03,In Stock
16852,50,914,323,53,2024-04-13,In Stock
10898,26,992,17,94,2026-04-18,Low Stock
17680,74,70,144,39,2024-08-18,In Stock
15128,31,690,213,53,,In Stock
9357,6,571,192,55,2024-04-19,In Stock
3262,71,618,114,24,2024-11-01,In Stock
5650,40,584,219,95,2024-02-14,In Stock
11289,92,378,454,86,2025-01-30,In Stock
9643,22,458,134,15,2025-02-28,In Stock
16807,4,391,429,40,2025-05-21,In Stock
12422,93,906,317,23,2024-10-16,In Stock
14507,17,468,239,67,2024-01-08,In Stock
3863,42,732,415,40,2024-05-24,In Stock
2937,66,184,144,35,2025-02-16,In Stock
8612,86,455,-1,18,2025-11-08,Out of Stock
7081,51,356,476,56,2025-03-20,In Stock
3918,39,652,52,69,2025-07-08,Low Stock
13680,79,65,125,70,2024-10-09,In Stock
9710,14,173,199,24,2026-01-18,In Stock
1690,1382,688,227,10,2024-08-02,In Stock
17280,11,995,249,-5,2026-01-26,In Stock
11729,50,371,432,21,2024-06-25,In Stock
14348,87,944,-100,32,2025-12-11,Out of Stock
306,90,759,150,88,2027-01-24,In Stock
4057,57,280,139,22,2024-01-26,In Stock
19924,48,168,128,45,2026-07-28,In Stock
3000,69,511,48,87,,Low Stock
16274,50,991,415,46,2026-06-14,In Stock
9838,20,15,16,63,2025-04-10,Low Stock
1232,78,229,105,87,,In Stock
9707,79,657,427,25,2025-11-14,In Stock
2314,84,111,385,68,2024-02-03,In Stock
14337,78,376,214,42,2026-03-04,In Stock
9644,75,281,291,65,2024-04-03,In Stock
18355,24,396,284,36,2024-07-24,In Stock
18153,64,956,17,83,2025-08-18,Low Stock
15478,12,345,283,64,2025-04-01,In Stock
16954,9,955,178,40,2025-04-18,In Stock
3497,75,577,157,87,2025-05-17,In Stock
4322,39,507,474,67,2025-12-11,In Stock
9830,2,768,143,100,2026-04-27,In Stock
9031,12,196,351,82,2024-10-19,In Stock
2063,89,317,125,83,2025-08-27,In Stock
6471,25,368,484,91,2025-08-28,In Stock
9441,51,11,101,83,2024-02-03,In Stock
7501,17,615,368,94,2026-02-20,In Stock
6478,30,532,487,71,2025-12-13,In Stock
3900,68,240,262,98,2024-11-30,In Stock
12635,15,456,258,61,2024-11-24,In Stock
3568,58,94,361,82,2026-05-16,In Stock
11459,63,511,248,54,2024-08-13,In Stock
5453,15,619,255,31,2026-06-21,In Stock
11280,2,916,443,97,2025-09-22,In Stock
8023,43,448,387,38,2024-08-31,In Stock
13448,97,7,437,53,2025-12-19,In Stock
557,38,51,480,76,,In Stock
12739,4,956,431,13,2025-02-19,In Stock
12885,70,578,81,98,2024-05-23,Low Stock
9907,49,840,420,83,2025-03-13,In Stock
6217,91,884,48,65,2025-08-29,Low Stock
4271,21,892,138,52,2024-04-27,In Stock
8532,82,323,197,36,2024-09-09,In Stock
18876,4,604,459,13,2024-11-30,In Stock
4087,14,683,158,77,2024-08-26,In Stock
6664,61,939,113,88,2025-05-28,In Stock
9096,94,726,212,52,2024-06-21,In Stock
3139,3,590,58,18,2025-11-10,In Stock
16255,68,26,14,0,,In Stock
589,87,599,449,30,2024-02-18,In Stock
3366,43,357,491,59,2024-02-10,In Stock
2671,44,222,415,100,2026-01-03,In Stock
5516,15,10,106,46,2025-06-05,In Stock
11782,15,245,271,60,2025-09-24,In Stock
120,54,463,27,99,2026-01-13,Low Stock
8221,87,998,80,41,2024-10-08,In Stock
2396,53,580,118,28,2025-05-18,In Stock
16987,51,530,409,37,2025-07-23,In Stock
15591,61,966,195,20,2025-03-22,In Stock
5507,57,18661,484,10,2024-10-31,In Stock
10095,65,591,16,81,2025-03-05,Low Stock
2171,13,797,420,28,2025-12-16,In Stock
925,61,572,78,64,2025-11-08,In Stock
8135,88,959,384,17,2025-07-06,In Stock
18478,38,984,379,36,2025-08-12,In Stock
9082,16,540,44,26,2024-06-12,In Stock
12071,54,586,494,67,2025-05-08,In Stock
11515,93,551,460,41,2026-01-04,In Stock
19819,14,272,144,100,2024-11-13,In Stock
11707,14,271,264,96,2024-09-11,In Stock
15431,58,711,463,67,2024-09-21,In Stock
3125,74,53,210,23,2026-02-25,In Stock
5674,66,344,3,62,2024-06-24,Low Stock
14533,87,435,6,33,2024-07-31,Low Stock
2775,80,909,377,56,2024-06-26,In Stock
7621,18,644,297,79,2025-03-12,In Stock
6560,77,738,305,40,2024-09-16,In Stock
11926,8,847,337,24,2024-12-28,In Stock
15912,64,89,155,0,2024-10-25,In Stock
9146,90,741,173,31,2025-04-07,In Stock
8457,90,765,211,43,2025-12-24,In Stock
12721,61,361,415,96,2025-10-14,In Stock
9847,4,376,202,98,2025-01-22,In Stock
17802,62,151,306,41,2026-03-18,In Stock
8412,92,396,388,30,2024-02-01,In Stock
19787,96,409,281,32,2025-11-01,In Stock
9628,75,622,462,33,2024-12-25,In Stock
5799,24,564,444,81,2024-10-01,In Stock
19734,57,754,456,100,2024-10-30,In Stock
5983,26,258,25,22,2026-03-31,In Stock
12432,89,947,385,81,2024-02-06,In Stock
5883,28,144,459,21,2025-03-03,In Stock
9783,92,553,247,63,2025-12-16,In Stock
11349,81,190,306,55,,In Stock
11449,74,817,-50,12,2024-01-31,Out of Stock
17325,17,252,52,85,2024-01-19,Low Stock
15787,78,921,33,25,2024-06-21,In Stock
17864,98,631,441,53,2024-01-31,In Stock
2182,59,632,13,58,2026-05-22,Low Stock
12671,90,862,20,15,2025-10-01,In Stock
3244,96,828,385,61,2026-05-06,In Stock
1474,93,837,138,39,2024-01-05,In Stock
18035,45,907,214,90,2024-12-28,In Stock
6104,34,758,431,97,2025-03-02,In Stock
6749,1149,329,350,93,2025-11-22,In Stock
16319,79,653,17,46,2026-08-14,Low Stock
13364,29,716,48,84,2024-01-17,Low Stock
11460,13,721,469,78,2024-04-30,In Stock
13010,3,276,209,-20,2025-09-01,In Stock
9083,64,470,66,80,2024-12-05,Low Stock
15602,100,486,20,61,2024-07-31,Low Stock
14714,10,643,87,99,2024-11-15,Low Stock
14700,10,268,422,36,2024-04-21,In Stock
9402,55,284,314,23,2024-03-30,In Stock
18937,31,121,446,16,2024-06-15,In Stock
422,65,91,378,39,2024-10-05,In Stock
9964,37,212,457,98,2024-12-24,In Stock
9899,94,256,49,24,2026-01-25,In Stock
9351,98,822,412,47,2024-11-09,In Stock
2307,91,182,376,71,2024-03-28,In Stock
8466,95,35,260,14,2025-08-10,In Stock
172,32,791,333,99,2026-06-02,In Stock
3957,3,525,443,93,2026-11-10,In Stock
5607,63,119,385,29,2024-04-28,In Stock
5812,76,829,37,85,2026-02-21,Low Stock
19472,40,258,373,16,2026-05-16,In Stock
8463,96,380,410,34,2024-06-13,In Stock
11381,66,486,211,28,2025-11-26,In Stock
1726,19,824,98,63,2024-10-15,In Stock
8939,44,111,293,52,2025-06-04,In Stock
1185,47,18238,475,56,2024-01-02,In Stock
9757,66,828,277,54,2025-03-11,In Stock
9975,92,162,318,61,2025-04-01,In Stock
9036,17,611,426,57,2024-09-22,In Stock
19775,9,155,453,37,2025-02-12,In Stock
19241,36,889,85,90,2025-11-29,Low Stock
905,65,986,256,91,2026-03-28,In Stock
3495,87,504,398,91,2025-04-25,In Stock
8347,44,342,360,57,2025-09-17,In Stock
16492,44,194,355,100,2025-07-26,In Stock
7798,57,865,60,90,2026-01-15,Low Stock
9740,38,469,283,0,2026-06-30,In Stock
7397,72,367,344,24,2025-07-15,In Stock
6090,46,707,321,58,2024-04-23,In Stock
2081,81,763,314,45,2024-02-29,In Stock
7929,35,7,28,55,2025-09-09,Low Stock
13854,64,447,376,24,2024-05-06,In Stock
17689,79,413,344,55,2025-01-03,In Stock
7934,8,837,308,87,2026-04-17,In Stock
10847,1,797,99,82,2025-03-01,In Stock
12178,21,663,105,71,2024-06-16,In Stock
9317,6,582,473,65,2025-03-23,In Stock
16581,89,309,23,81,2025-06-15,Low Stock
2646,2,629,18,21,2024-04-01,Low Stock
19876,16,998,-10,67,,Out of Stock
9928,29,785,266,36,2026-06-23,In Stock
7212,27,371,396,37,2024-07-13,In Stock
4678,86,667,232,84,2025-05-17,In Stock
6534,29,565,473,98,,In Stock
12013,28,298,307,70,2024-03-12,In Stock
5210,35,675,219,81,2026-07-10,In Stock
2647,54,637,182,62,2026-05-26,In Stock
10074,14,918,286,11,2025-10-29,In Stock
17901,21,926,100,-20,2026-06-17,In Stock
10623,77,139,197,87,2025-04-07,In Stock
17492,12,689,4,53,2025-05-23,Low Stock
15098,75,968,391,31,2025-04-23,In Stock
1479,1730,517,226,61,2024-07-22,In Stock
12543,82,418,178,20,2024-10-26,In Stock
693,40,453,240,63,2024-10-12,In Stock
15810,61,480,336,30,2026-06-08,In Stock
14116,72,152,208,12,2024-05-05,In Stock
6366,48,120,321,27,2025-06-08,In Stock
17995,8,759,428,68,2026-04-05,In Stock
2156,78,129,483,46,2024-05-27,In Stock
17476,65,935,26,67,2024-10-20,Low Stock
7371,33,576,90,61,2024-07-03,In Stock
1302,9,368,89,23,2025-12-12,In Stock
7838,15,935,177,31,2024-05-30,In Stock
14878,63,41,307,38,2024-10-20,In Stock
3716,92,948,463,14,2024-07-27,In Stock
8112,6,247,210,43,2025-05-14,In Stock
14569,62,422,326,83,2024-10-16,In Stock
5038,99,192,59,24,2024-05-07,In Stock
4400,31,300,365,58,2025-01-23,In Stock
3623,43,453,466,32,2025-07-26,In Stock
13841,13,601,403,68,2024-05-03,In Stock
4517,91,867,434,50,2026-01-30,In Stock
14596,59,127,2,30,2025-11-30,Low Stock
11295,64,451,367,86,2024-11-01,In Stock
7355,21,525,245,84,2026-05-26,In Stock
8751,86,741,217,56,2025-01-30,In Stock
15774,93,829,136,67,2025-10-10,In Stock
10768,15,244,499,40,2024-03-27,In Stock
1437,32,604,177,22,2026-08-05,In Stock
508,80,824,373,14,2025-12-08,In Stock
5276,16,784,209,40,2024-09-02,In Stock
12665,85,517,281,27,2024-05-21,In Stock
10062,83,370,377,29,2024-07-10,In Stock
5664,47,536,487,35,2024-01-09,In Stock
5403,11,245,337,75,2025-02-19,In Stock
5931,20,888,178,-20,2026-05-01,In Stock
19473,40,50,50,46,2024-04-08,In Stock
8948,84,745,486,61,2025-11-17,In Stock
2849,89,759,400,61,2025-09-25,In Stock
2340,1,419,-1,99,2025-07-24,Out of Stock
12243,94,543,50,54,2024-02-27,Low Stock
16592,63,578,123,80,2025-06-07,In Stock
12029,85,654,49,30,2024-08-20,In Stock
4387,78,937,434,97,2024-04-23,In Stock
14525,28,832,454,67,2024-08-23,In Stock
12745,76,354,205,60,2024-10-01,In Stock
18054,55,370,110,99,2026-02-19,In Stock
14814,6,754,111,74,,In Stock
10311,34,953,439,49,2025-03-11,In Stock
7681,54,27,440,28,2025-04-15,In Stock
17958,10,45,276,95,2025-05-31,In Stock
17786,64,690,403,43,2025-11-19,In Stock
8694,14,673,71,16,2024-08-23,In Stock
15265,38,580,424,83,2024-02-11,In Stock
644,65,864,459,84,2025-09-02,In Stock
16361,65,537,170,65,2025-11-19,In Stock
1540,10,933,81,84,2024-06-22,Low Stock
9122,48,398,415,77,2026-08-13,In Stock
1212,24,973,4,35,2026-02-13,Low Stock
17551,72,843,175,78,2026-02-03,In Stock
2561,91,336,52,100,2026-04-02,Low Stock
8865,2,561,317,32,2024-08-14,In Stock
13108,54,910,416,96,2024-07-28,In Stock
6107,88,788,288,79,2024-05-22,In Stock
13030,28,217,368,93,2026-03-23,In Stock
11570,1022,672,134,44,2024-04-14,In Stock
12669,25,419,309,10,2025-09-25,In Stock
5616,50,601,120,44,2025-01-20,In Stock
391,9,520,34,34,2024-01-14,Low Stock
1465,4,934,155,77,2024-10-11,In Stock
12938,92,205,175,66,2026-07-15,In Stock
12618,100,498,376,-20,2024-02-28,In Stock
1193,54,966,318,91,2026-06-18,In Stock
11986,27,386,382,13,2025-03-01,In Stock
10065,32,129,177,25,2026-04-09,In Stock
3591,24,531,10,55,2027-07-13,Low Stock
16462,14,995,395,98,2024-12-24,In Stock
6361,63,960,326,92,2026-05-03,In Stock
11351,12,858,140,33,2026-06-01,In Stock
12710,63,84,358,93,2026-05-07,In Stock
8698,1695,447,426,69,2024-12-13,In Stock
8436,81,631,328,32,2026-02-27,In Stock
6720,85,127,357,97,2024-11-01,In Stock
13871,31,21,15,24,2026-01-04,Low Stock
507,32,181,273,61,,In Stock
10858,68,571,335,18,2026-07-07,In Stock
14694,74,768,74,78,2024-12-16,Low Stock
947,2,629,30,25,2024-09-15,In Stock
14328,94,997,239,86,2025-08-01,In Stock
12910,69,431,345,59,2025-06-08,In Stock
18977,72,379,137,24,2025-11-18,In Stock
15763,100,823,467,70,2026-05-10,In Stock
15862,56,394,27,95,2025-06-10,Low Stock
2548,35,954,82,72,2025-12-21,In Stock
1774,97,436,280,42,2026-12-24,In Stock
13008,14,452,409,33,2024-07-18,In Stock
11203,33,916,23,61,2024-10-04,Low Stock
273,57,137,381,14,2025-04-05,In Stock
18475,1947,367,68,48,2024-04-15,In Stock
8990,75,833,58,61,2026-01-26,Low Stock
3619,79,316,-50,11,2025-02-28,Out of Stock
2382,57,975,215,53,2026-01-29,In Stock
11022,59,755,363,67,2025-06-13,In Stock
7009,1959,117,376,28,,In Stock
16342,23,813,145,66,2024-07-22,In Stock
9270,85,632,95,54,2024-11-10,In Stock
921,19,693,321,46,2024-01-22,In Stock
4634,60,105,394,49,2024-09-19,In Stock
8505,8,842,398,22,2026-05-08,In Stock
14703,19,640,74,59,2025-04-12,In Stock
747,9,291,73,48,2024-10-26,In Stock
7708,53,968,193,54,2024-09-30,In Stock
3570,83,654,286,31,2024-01-04,In Stock
8983,53,881,3,66,2024-03-04,Low Stock
10669,61,949,485,76,2024-05-28,In Stock
19715,19,908,464,38,2026-05-28,In Stock
14313,63,538,197,25,2025-09-28,In Stock
16056,85,420,196,11,2025-10-20,In Stock
11612,31,444,5,63,2026-02-22,Low Stock
10763,61,83,139,25,2024-05-14,In Stock
13946,29,34,289,52,2026-05-16,In Stock
8558,2,90,207,35,2024-07-05,In Stock
14343,86,187,449,60,2024-07-05,In Stock
6449,100,207,316,63,2024-04-03,In Stock
5600,63,33,324,74,2025-07-18,In Stock
9291,65,464,53,45,2026-04-23,In Stock
12548,41,737,276,88,2024-04-23,In Stock
10356,66,948,20,26,2026-01-29,Low Stock
3638,36,705,175,16,2024-01-14,In Stock
17354,2,202,222,68,2025-03-31,In Stock
8573,84,586,338,32,2025-06-03,In Stock
17200,8,495,69,26,2024-07-18,In Stock
9485,47,801,293,20,2024-08-10,In Stock
1913,62,15,388,95,2024-08-27,In Stock
15698,85,196,324,53,2024-05-27,In Stock
600,97,152,409,17,2024-06-13,In Stock
3893,52,554,122,57,2026-03-12,In Stock
12334,19,222,101,33,2024-04-13,In Stock
5541,26,300,127,46,2025-03-13,In Stock
1653,34,715,103,39,2025-05-29,In Stock
19958,65,288,206,77,2024-09-10,In Stock
8107,72,999,71,95,2025-11-03,Low Stock
14988,100,382,380,33,2024-03-08,In Stock
14190,61,134,182,30,2025-10-30,In Stock
1894,95,914,23,60,2026-07-11,Low Stock
7834,11,821,468,86,2024-01-20,In Stock
19793,2,799,190,94,2024-04-30,In Stock
11588,46,396,338,76,,In Stock
17125,77,225,108,82,2024-03-09,In Stock
6503,55,554,118,51,2025-12-18,In Stock
4363,72,560,76,59,2025-07-26,In Stock
263,42,936,6,50,2025-03-01,Low Stock
376,48,237,36,22,2024-08-19,In Stock
1967,37,12063,-100,52,2026-03-05,Out of Stock
3958,1408,481,3,27,2025-04-30,Low Stock
16848,5,812,273,98,2025-01-21,In Stock
1467,2,382,313,32,2025-07-26,In Stock
12616,87,609,379,86,,In Stock
13544,64,817,136,47,2026-03-24,In Stock
5697,81,238,59,83,2025-05-22,Low Stock
1244,32,914,117,74,2025-10-16,In Stock
8106,76,835,396,84,2025-04-11,In Stock
16657,99,724,166,26,2026-01-15,In Stock
18363,82,17641,331,98,2024-05-21,In Stock
15585,94,563,108,66,2024-05-22,In Stock
942,14,33,117,91,2026-04-05,In Stock
2950,23,596,368,0,2026-06-16,In Stock
9664,50,131,487,52,2026-03-04,In Stock
3347,56,813,3,40,2025-08-22,Low Stock
12715,54,694,409,11,2024-10-30,In Stock
2658,98,493,412,79,2025-03-08,In Stock
11046,22,783,186,37,2025-06-24,In Stock
12699,7,335,66,19,2026-08-05,In Stock
13354,23,71,223,43,2025-08-16,In Stock
10906,22,88,120,87,2026-08-13,In Stock
11194,59,230,278,20,2025-08-25,In Stock
17431,81,433,385,89,2025-07-24,In Stock
16526,78,301,286,43,2025-02-21,In Stock
19204,24,813,207,20,2024-10-22,In Stock
5327,24,779,400,83,2026-07-05,In Stock
18263,53,630,377,56,2024-04-28,In Stock
6579,21,782,141,54,2026-08-03,In Stock
13863,83,778,132,53,2025-09-14,In Stock
2800,99,572,90,31,2025-08-29,In Stock
4307,71,857,310,49,2025-08-08,In Stock
14776,85,940,128,11,2024-05-26,In Stock
17558,17,727,475,88,2024-09-15,In Stock
19186,75,509,454,10,2025-11-27,In Stock
17957,15,898,268,32,2025-11-24,In Stock
7245,83,579,65,43,2026-05-06,In Stock
299,88,277,442,33,2025-05-02,In Stock
12122,26,130,434,63,2025-06-18,In Stock
9242,77,290,449,86,2025-05-09,In Stock
6771,74,210,40,84,2024-02-05,Low Stock
3824,64,147,214,87,2026-05-19,In Stock
16661,52,488,37,32,2025-07-20,In Stock
7978,12,707,243,57,2025-06-21,In Stock
11464,50,133,174,16,2024-01-14,In Stock
2036,82,705,447,58,2025-08-19,In Stock
4040,100,712,102,75,2025-03-15,In Stock
10451,93,890,175,10,2024-11-16,In Stock
16541,40,861,250,93,2026-03-04,In Stock
12118,95,129,161,39,2026-08-03,In Stock
15213,10,185,98,69,2026-03-30,In Stock
10165,98,511,1,87,2026-06-15,Low Stock
17342,5,681,81,20,2024-09-01,In Stock
10292,49,529,373,18,2025-07-03,In Stock
1500,13,784,385,63,2024-01-02,In Stock
13398,100,429,485,79,2025-10-29,In Stock
3513,82,776,417,59,,In Stock
439,55,493,334,14,2026-04-11,In Stock
14221,28,19389,80,60,2025-04-01,In Stock
8845,70,4,370,78,2026-07-02,In Stock
8363,37,17,485,41,2026-06-25,In Stock
6829,16,130,349,48,2025-06-26,In Stock
7131,58,27,462,90,,In Stock
17545,18,775,329,29,2025-11-25,In Stock
15674,1,826,416,85,2024-04-30,In Stock
4086,84,269,89,56,2024-04-14,In Stock
243,65,767,454,99,2024-11-08,In Stock
18386,63,167,93,80,2024-04-21,In Stock
13991,15,477,50,76,2026-05-17,Low Stock
3145,64,18178,112,-5,2026-03-29,In Stock
12564,5,896,447,42,2024-04-30,In Stock
1645,1,108,78,29,2025-09-13,In Stock
14548,37,781,462,49,2025-05-22,In Stock
7372,73,498,338,18,2025-10-19,In Stock
16115,49,858,52,29,2026-05-28,In Stock
5595,26,328,47,35,2024-09-07,In Stock
10949,59,304,24,75,2024-04-20,Low Stock
16606,9,897,107,33,2025-02-09,In Stock
16426,47,931,7,77,2024-02-03,Low Stock
14467,10,391,34,72,2025-05-09,Low Stock
17723,38,117,18,79,2026-04-15,Low Stock
16957,27,928,217,94,2025-08-29,In Stock
5232,51,117,388,30,2024-06-28,In Stock
2077,70,218,216,67,2026-03-23,In Stock
4104,19,628,99,73,2025-11-25,In Stock
7494,38,413,208,27,2025-02-12,In Stock
9044,2,295,443,44,2026-08-12,In Stock
12189,61,5,461,77,2025-10-18,In Stock
12994,18,443,24,22,2024-07-02,In Stock
5969,47,32,299,10,2026-08-02,In Stock
8321,53,884,183,75,2025-01-21,In Stock
18964,57,748,219,26,2024-12-03,In Stock
10298,74,197,377,71,2024-12-18,In Stock
3967,89,175,361,68,2024-11-30,In Stock
2241,1085,562,422,-5,2025-03-16,In Stock
12267,32,676,358,52,2025-06-17,In Stock
19800,70,615,230,91,2026-03-17,In Stock
15976,30,249,417,17,2024-01-09,In Stock
6755,21,402,76,62,2024-11-29,In Stock
2576,46,205,255,51,2026-06-04,In Stock
14042,69,825,325,16,2025-05-03,In Stock
14390,100,336,224,64,2027-05-09,In Stock
15543,12,852,417,75,2024-12-12,In Stock
19100,43,671,204,32,2024-12-14,In Stock
12854,81,834,95,33,2026-05-21,In Stock
4079,68,511,248,68,2025-06-12,In Stock
14247,6,789,150,96,2025-03-01,In Stock
7755,76,85,426,76,2025-04-22,In Stock
12896,48,686,277,84,2024-07-26,In Stock
14167,81,697,430,11,2026-01-28,In Stock
17416,81,553,425,19,2024-11-15,In Stock
8833,5,906,451,44,2024-06-20,In Stock
9463,2,408,158,10,2026-01-22,In Stock
15721,56,524,399,49,2025-02-24,In Stock
2779,86,636,438,79,2026-04-01,In Stock
4604,20,644,3,59,2024-12-30,Low Stock
4933,33,991,368,13,2025-06-18,In Stock
14253,83,673,423,77,2025-07-01,In Stock
1986,62,30,304,0,2025-01-28,In Stock
3862,84,270,142,12,2025-03-04,In Stock
7775,21,650,265,95,2025-12-28,In Stock
11673,58,451,109,16,2026-03-14,In Stock
9727,18,274,338,44,2024-04-05,In Stock
326,37,72,232,45,2024-06-20,In Stock
13957,17,305,365,81,2025-11-28,In Stock
10531,30,726,392,39,2024-05-23,In Stock
7892,53,75,11,47,2025-09-02,Low Stock
6395,93,937,439,14,2025-03-16,In Stock
12173,30,670,36,97,2025-05-25,Low Stock
17719,28,4,327,64,2024-10-17,In Stock
19351,32,834,25,12,2024-10-04,In Stock
4055,47,786,145,11,2025-03-03,In Stock
2238,97,344,159,40,2025-02-26,In Stock
5230,64,485,-100,61,2025-01-05,Out of Stock
12371,90,136,411,74,2026-06-09,In Stock
4572,1403,382,206,83,2025-06-29,In Stock
8977,66,368,308,44,2026-06-25,In Stock
13667,21,593,237,75,2026-06-10,In Stock
7455,11,26,168,27,2026-01-16,In Stock
1269,84,636,165,57,2025-08-19,In Stock
865,68,18,300,83,2024-05-15,In Stock
18404,87,481,135,54,2026-06-04,In Stock
4943,22,720,406,58,2025-11-04,In Stock
2254,77,672,83,52,2025-04-11,In Stock
6011,67,525,363,96,2026-01-10,In Stock
6912,12,67,288,48,2024-04-20,In Stock
616,30,833,71,41,2026-04-07,In Stock
6999,69,793,30,56,2025-10-19,Low Stock
372,83,126,270,12,2024-08-06,In Stock
19321,65,348,49,73,2026-07-28,Low Stock
10349,42,839,136,55,2026-02-16,In Stock
7941,16,77,77,35,2026-04-26,In Stock
610,5,22,386,81,2024-03-06,In Stock
4652,68,431,298,74,2026-04-16,In Stock
18715,10,725,196,78,2024-03-10,In Stock
18892,82,811,243,38,2024-02-20,In Stock
8873,100,219,356,91,2025-11-26,In Stock
19259,22,374,308,12,2025-06-01,In Stock
18367,27,343,131,16,2024-01-01,In Stock
5920,31,170,332,47,2026-06-14,In Stock
19255,71,791,201,61,2025-03-29,In Stock
14023,47,121,64,60,2024-10-25,In Stock
2365,15,687,380,86,2025-05-13,In Stock
11406,14,379,230,60,2025-09-27,In Stock
7767,52,18,21,89,,Low Stock
7149,96,939,179,34,2025-11-11,In Stock
13649,54,318,466,31,2025-07-14,In Stock
9104,43,213,485,63,2026-05-06,In Stock
10636,84,714,407,11,2025-08-19,In Stock
19385,53,192,271,16,2024-10-29,In Stock
3790,47,920,276,37,2026-03-28,In Stock
17486,74,343,228,55,2024-07-14,In Stock
12007,49,677,299,24,2026-03-15,In Stock
5582,11,191,51,83,2024-01-16,Low Stock
19656,66,539,415,51,2027-07-05,In Stock
11368,82,195,402,80,2024-10-25,In Stock
19632,47,189,4,59,2024-12-23,Low Stock
5061,27,95,381,73,2024-10-11,In Stock
19652,66,315,276,73,2024-02-28,In Stock
9616,36,596,289,56,2025-06-12,In Stock
4219,12,313,15,75,2026-05-17,Low Stock
8045,5,62,335,57,2024-12-17,In Stock
8672,67,490,246,56,2025-07-04,In Stock
663,12,167,146,26,2024-11-19,In Stock
8387,54,219,86,98,2024-05-25,Low Stock
14630,71,776,183,81,2025-01-18,In Stock
16881,98,763,11,55,2025-03-06,Low Stock
12436,20,913,235,13,2024-11-29,In Stock
12452,34,196,278,58,2026-08-13,In Stock
11181,42,884,356,83,2024-04-11,In Stock
9312,46,177,377,16,2024-03-11,In Stock
2777,84,747,205,86,2025-07-18,In Stock
4536,41,968,196,49,2026-01-02,In Stock
13668,67,732,294,15,2024-10-29,In Stock
16837,85,618,330,98,2024-12-27,In Stock
16398,97,219,296,42,2026-02-04,In Stock
1995,84,983,51,69,2025-09-01,Low Stock
7190,30,820,231,85,2025-02-19,In Stock
13732,2,344,18,93,2026-04-19,Low Stock
18574,5,418,281,19,2025-10-22,In Stock
16486,39,891,65,14,2026-02-07,In Stock
5574,73,223,200,84,2024-12-04,In Stock
6136,4,15909,30,57,2025-02-07,Low Stock
13462,14,844,29,99,2026-05-08,Low Stock
4428,47,757,430,23,2026-08-03,In Stock
10554,57,16610,352,26,2026-05-05,In Stock
5248,44,738,242,87,2025-07-22,In Stock
17053,1647,136,219,27,2024-07-14,In Stock
3982,42,334,48,49,2025-04-11,Low Stock
9944,10,439,306,64,2024-08-08,In Stock
7826,8,994,215,67,2024-01-05,In Stock
14181,7,325,471,74,2024-11-17,In Stock
11086,58,336,248,55,2025-01-19,In Stock
2670,22,796,176,80,2026-01-14,In Stock
3978,16,861,-1,47,2025-01-08,Out of Stock
17094,91,352,314,91,2026-03-17,In Stock
280,70,10,54,56,2026-07-30,Low Stock
13159,38,734,469,15,2026-02-23,In Stock
2173,94,565,31,91,2025-01-08,Low Stock
10853,86,739,303,19,2026-03-03,In Stock
19036,33,11,21,69,2025-10-24,Low Stock
8719,43,880,102,29,2025-12-31,In Stock
7453,21,779,28,78,2026-01-25,Low Stock
5198,58,452,42,71,2025-11-26,Low Stock
12857,76,253,178,88,2024-12-25,In Stock
9887,3,479,375,32,2024-01-14,In Stock
19307,67,242,131,84,2027-02-06,In Stock
13211,18,332,340,46,2025-08-24,In Stock
17624,23,867,328,40,2026-01-21,In Stock
11672,92,576,205,97,2025-09-26,In Stock
19572,91,28,122,42,2026-08-09,In Stock
12609,36,390,216,28,2024-11-28,In Stock
19733,66,585,461,59,2024-10-15,In Stock
4156,58,666,366,63,2025-10-18,In Stock
19149,18,168,481,53,2024-12-22,In Stock
4884,4,23,7,70,2026-01-16,Low Stock
5808,78,235,382,79,2025-09-19,In Stock
3810,69,161,193,90,2024-12-17,In Stock
18288,26,786,135,67,2025-10-13,In Stock
10080,23,958,410,35,2024-06-13,In Stock
8714,100,255,340,15,2024-03-17,In Stock
12489,70,74,110,61,,In Stock
18661,21,180,101,61,2025-10-23,In Stock
4684,94,202,250,45,2024-02-25,In Stock
7241,45,688,153,-20,2024-11-04,In Stock
5544,66,437,360,24,2025-01-01,In Stock
19099,92,164,354,10,2025-12-20,In Stock
11865,39,121,476,39,2025-07-14,In Stock
5594,71,562,167,33,2025-03-31,In Stock
10402,87,210,410,73,2024-12-13,In Stock
12624,7,19290,201,54,2025-03-01,In Stock
5673,82,184,213,56,,In Stock
13595,14,326,15,29,2025-09-22,Low Stock
16795,2,438,278,93,2025-10-15,In Stock
6898,99,379,246,19,2025-08-09,In Stock
4564,22,907,168,64,2024-09-16,In Stock
8377,84,421,452,48,2024-10-27,In Stock
19240,82,821,468,55,2026-02-01,In Stock
16082,28,178,122,76,2025-09-15,In Stock
1270,86,555,129,74,2025-03-30,In Stock
12709,67,780,69,15,2026-02-22,In Stock
2351,13,936,444,45,2025-09-29,In Stock
8746,87,41,411,53,2024-09-09,In Stock
9590,38,74,188,69,2025-09-19,In Stock
1385,86,1,226,95,2024-05-23,In Stock
15990,57,449,98,94,,In Stock
9037,100,411,490,33,2025-04-17,In Stock
5857,21,624,186,65,2024-11-03,In Stock
13096,56,209,450,41,2024-04-30,In Stock
298,3,966,463,33,2026-03-07,In Stock
8636,49,823,369,24,2024-01-19,In Stock
19194,23,993,294,88,2024-06-19,In Stock
16442,93,456,373,46,2027-03-22,In Stock
3868,40,392,390,34,2026-02-04,In Stock
7846,13,438,373,18,2025-04-08,In Stock
16401,20,48,446,67,2026-05-12,In Stock
2078,19,136,61,93,2024-01-06,Low Stock
15030,69,408,476,16,2025-06-08,In Stock
14210,14,686,71,98,2025-10-09,Low Stock
12944,66,941,212,31,2025-10-21,In Stock
15984,17,397,465,79,2025-07-06,In Stock
1183,41,713,175,48,2024-07-31,In Stock
2230,96,80,121,65,2025-07-28,In Stock
15217,85,628,213,21,2026-06-01,In Stock
2843,93,574,-50,50,2025-05-17,Out of Stock
2538,22,879,-100,60,2025-04-10,Out of Stock
195,98,278,449,50,2025-12-23,In Stock
18624,84,401,141,70,2025-12-28,In Stock
7363,2,19,245,61,2024-10-21,In Stock
6637,16,24,272,19,2025-08-29,In Stock
7499,17,473,16,41,2025-08-17,Low Stock
16350,1945,801,461,13,2025-07-04,In Stock
9010,22,337,166,67,2026-07-14,In Stock
19427,94,853,314,31,2025-01-30,In Stock
4043,39,301,273,91,2025-08-12,In Stock
6554,25,233,55,94,2024-10-30,Low Stock
10771,2,903,187,28,2025-05-07,In Stock
19159,59,434,155,81,2025-12-17,In Stock
13930,13,831,477,47,2025-09-08,In Stock
5506,78,58,193,42,2026-01-11,In Stock
6855,39,479,294,19,2024-12-14,In Stock
6762,3,6,339,83,2026-12-30,In Stock
5301,4,10,200,90,2024-04-06,In Stock
17121,55,442,400,76,2025-11-09,In Stock
4655,49,312,72,24,2025-08-18,In Stock
321,64,436,69,42,2025-01-01,In Stock
7136,44,911,392,43,2026-06-25,In Stock
1372,66,680,99,52,2025-06-21,In Stock
19705,66,452,55,12,2025-05-21,In Stock
13044,1,16982,19,18,2024-02-15,In Stock
11985,46,261,343,97,2024-01-29,In Stock
2655,34,811,424,30,2024-01-16,In Stock
9100,64,371,80,32,,In Stock
8498,6,514,400,-5,2025-03-29,In Stock
12143,34,461,195,32,2024-09-05,In Stock
13722,66,440,335,20,2025-05-23,In Stock
3399,15,302,405,21,2024-09-02,In Stock
10244,7,902,155,26,2024-12-05,In Stock
8533,76,594,186,54,2024-02-26,In Stock
16366,30,40,-50,20,2024-05-23,Out of Stock
5003,73,662,466,11,2024-09-24,In Stock
17201,63,14676,259,60,2024-05-24,In Stock
15448,62,580,136,27,2026-04-23,In Stock
18749,25,223,410,27,2024-04-10,In Stock
927,94,792,318,27,2024-06-02,In Stock
245,77,106,451,44,2026-02-26,In Stock
14759,19,393,279,29,,In Stock
7470,42,816,47,86,2024-09-12,Low Stock
8208,31,3,497,94,2024-07-30,In Stock
144,28,352,144,40,2024-01-15,In Stock
5984,48,10339,26,84,2024-05-26,Low Stock
8152,72,598,152,71,2025-10-16,In Stock
2364,89,483,150,20,2024-12-18,In Stock
17512,72,915,-100,84,2026-05-26,Out of Stock
130,44,494,172,41,2025-09-24,In Stock
1162,59,592,464,100,2025-07-10,In Stock
17057,29,195,236,50,2025-01-31,In Stock
4283,59,999,350,66,2026-06-25,In Stock
5954,20,265,139,81,2024-07-09,In Stock
288,67,917,174,16,2027-06-12,In Stock
13493,62,889,102,28,2025-05-22,In Stock
9823,83,864,136,29,2024-07-21,In Stock
13651,9,978,187,94,2025-09-23,In Stock
15992,15,71,401,83,2025-09-24,In Stock
5309,74,449,218,61,2025-05-30,In Stock
10069,38,569,167,67,2024-04-14,In Stock
10681,3,350,141,17,2024-02-27,In Stock
18827,22,856,436,33,2026-01-14,In Stock
12672,26,960,21,32,2024-12-23,Low Stock
19173,60,172,13,76,2025-06-17,Low Stock
17226,10,280,151,11,2025-11-10,In Stock
8682,86,614,322,31,2026-04-04,In Stock
1171,40,419,135,48,2025-08-11,In Stock
19080,15,859,498,18,2025-04-12,In Stock
10375,6,48,307,17,2025-04-11,In Stock
19594,95,825,335,10,2026-01-03,In Stock
15672,71,870,316,78,2026-08-04,In Stock
6793,4,351,246,12,2024-08-20,In Stock
5930,55,817,232,74,2024-09-25,In Stock
18281,4,46,281,55,2024-12-12,In Stock
16504,14,629,367,18,2025-05-21,In Stock
18621,45,836,391,49,2024-10-24,In Stock
11229,51,970,495,60,2024-09-10,In Stock
1860,62,143,365,83,2026-04-13,In Stock
18617,83,914,308,40,2024-04-23,In Stock
278,98,328,480,36,2025-06-12,In Stock
16635,16,111,301,76,2024-05-28,In Stock
6782,69,523,117,56,2025-10-24,In Stock
14002,29,733,4,42,2025-04-09,Low Stock
16182,86,148,174,44,2026-05-21,In Stock
11781,56,899,37,91,2024-07-23,Low Stock
1874,16,337,445,34,2025-05-22,In Stock
3122,38,316,424,97,2024-05-16,In Stock
8580,29,779,252,30,2025-02-15,In Stock
1312,81,552,469,25,2025-05-12,In Stock
1033,39,967,-10,88,2025-12-25,Out of Stock
8340,99,762,447,65,2027-06-09,In Stock
14777,47,120,478,47,2024-09-01,In Stock
3407,13,768,18,36,2024-07-15,Low Stock
6383,3,323,5,19,2026-01-10,Low Stock
15476,15,883,320,37,2025-08-03,In Stock
14918,45,441,-50,34,2024-08-29,Out of Stock
13862,63,1,374,71,2024-01-23,In Stock
18170,23,696,28,15,2025-07-27,In Stock
16834,23,558,234,62,2024-09-06,In Stock
7911,27,760,442,0,2024-11-08,In Stock
13129,86,513,207,74,2026-05-04,In Stock
932,40,105,230,93,2025-10-10,In Stock
16324,13,37,247,14,2026-05-31,In Stock
12212,34,500,365,25,2024-01-01,In Stock
692,70,435,268,99,2025-06-22,In Stock
16731,74,621,234,46,2024-05-30,In Stock
14180,8,268,272,98,2025-05-06,In Stock
6365,47,897,196,50,2026-01-03,In Stock
1910,93,910,434,10,2024-05-02,In Stock
9022,55,790,34,63,2025-05-02,Low Stock
11691,67,500,35,21,2024-07-31,In Stock
14989,12,708,255,38,2025-10-22,In Stock
10274,100,512,181,30,2025-05-18,In Stock
19306,59,645,159,60,2024-12-26,In Stock
19864,98,783,247,23,2025-06-26,In Stock
45,47,947,483,68,2025-04-16,In Stock
15390,10,607,418,77,2024-04-14,In Stock
3940,92,521,-10,11,2024-05-31,Out of Stock
9142,70,686,436,24,2026-04-07,In Stock
7109,75,51,140,53,2025-02-07,In Stock
15506,4,742,190,44,2024-08-25,In Stock
18548,37,239,481,62,2024-10-21,In Stock
4320,99,437,495,92,2024-04-30,In Stock
2966,16,852,148,13,2026-01-02,In Stock
3970,88,228,87,45,2024-08-10,In Stock
9380,70,909,344,23,2026-05-11,In Stock
4927,27,635,260,68,2024-10-13,In Stock
16641,20,402,42,94,2025-10-09,Low Stock
15794,93,602,337,59,2026-04-21,In Stock
13972,90,586,252,88,2025-03-04,In Stock
8477,39,532,344,80,2024-03-15,In Stock
15348,87,523,230,67,2024-03-01,In Stock
7479,19,20,308,86,2024-02-11,In Stock
10267,83,952,214,24,2024-02-08,In Stock
6309,27,820,3,39,2026-03-06,Low Stock
4160,20,115,371,100,2024-02-22,In Stock
3093,35,441,284,87,2025-10-21,In Stock
18806,69,943,359,77,2025-03-06,In Stock
12749,11,917,332,55,2025-07-07,In Stock
7955,4,591,98,31,2024-10-14,In Stock
5556,45,769,335,40,2024-07-05,In Stock
17116,70,956,34,100,2025-11-12,Low Stock
12516,60,67,411,52,2024-11-22,In Stock
3983,59,505,1,97,2026-03-26,Low Stock
4291,62,233,450,42,2025-10-23,In Stock
6941,92,572,-1,90,2025-05-06,Out of Stock
18622,45,489,140,72,2025-11-18,In Stock
1405,84,308,94,40,2024-04-21,In Stock
3196,15,359,14,50,2025-05-14,Low Stock
16097,54,298,242,96,2024-09-06,In Stock
6125,39,446,39,47,2025-07-07,Low Stock
1095,38,159,484,75,2026-07-29,In Stock
970,95,814,322,22,2024-11-22,In Stock
18431,25,63,115,29,2026-04-08,In Stock
6544,51,18820,193,14,2025-09-16,In Stock
11927,70,7,401,27,2025-05-26,In Stock
9118,92,920,17,77,2025-06-28,Low Stock
12364,10,949,20,24,2026-05-06,Low Stock
16792,12,34,275,71,2025-01-12,In Stock
10077,49,120,150,44,2025-09-19,In Stock
12918,21,933,94,39,2026-06-21,In Stock
2844,56,805,398,63,2025-09-13,In Stock
2852,85,297,156,24,2024-03-13,In Stock
4816,85,755,24,75,2024-11-02,Low Stock
18878,24,727,102,35,2024-01-23,In Stock
5957,43,927,173,13,2024-12-03,In Stock
17228,41,443,166,93,2025-11-11,In Stock
11221,12,352,10,77,2024-11-25,Low Stock
1828,28,826,394,41,2024-12-06,In Stock
4472,18,604,347,84,2024-03-20,In Stock
465,44,481,176,95,2026-01-13,In Stock
12541,100,219,86,24,2024-05-13,In Stock
13375,98,314,-10,60,2026-02-28,Out of Stock
18340,13,777,468,17,2024-02-22,In Stock
11819,44,25,167,60,2025-08-07,In Stock
1790,45,251,84,60,2025-06-06,In Stock
141,79,246,455,63,2024-09-27,In Stock
2060,62,259,139,56,2024-09-30,In Stock
13180,78,856,288,36,2025-12-31,In Stock
7144,58,853,90,48,2024-03-06,In Stock
15957,36,9,489,78,,In Stock
12206,42,847,144,40,2025-12-07,In Stock
14199,57,924,499,98,2025-09-05,In Stock
1903,8,649,451,24,2026-07-10,In Stock
17490,62,32,353,73,2025-05-08,In Stock
15623,65,893,426,23,2025-08-25,In Stock
14408,16,569,469,35,2025-07-03,In Stock
4687,45,150,470,53,2024-12-12,In Stock
10423,33,51,412,63,2024-03-30,In Stock
8091,50,651,259,49,2025-10-13,In Stock
4923,27,369,53,29,2025-03-20,In Stock
6786,42,562,496,84,2026-08-09,In Stock
5878,57,62,329,30,2025-09-06,In Stock
15335,50,917,163,33,2025-09-26,In Stock
16565,70,605,204,76,2024-05-22,In Stock
9549,22,344,72,59,2026-03-06,In Stock
76,22,867,3,67,2026-04-03,Low Stock
2346,43,222,237,15,2024-06-28,In Stock
6448,62,994,61,75,2024-08-29,Low Stock
8431,19,210,386,84,2026-01-04,In Stock
8623,78,471,139,60,2025-07-31,In Stock
4587,68,283,367,87,2026-02-07,In Stock
19304,79,782,355,36,2024-03-21,In Stock
13241,51,185,82,61,2024-03-25,In Stock
14598,97,698,66,35,2026-02-25,In Stock
17881,91,983,376,25,2025-12-19,In Stock
16425,18,907,348,27,2026-03-15,In Stock
15918,10,49,440,77,2025-08-12,In Stock
1013,75,264,99,100,2026-08-06,Low Stock
12771,65,201,219,52,2025-10-20,In Stock
1554,70,600,439,59,2025-08-26,In Stock
5875,12,701,454,22,2025-12-22,In Stock
8433,26,771,7,17,2024-12-29,Low Stock
8976,70,44,69,31,2024-01-20,In Stock
18652,57,474,152,-5,2024-03-10,In Stock
11259,48,407,309,61,2025-03-02,In Stock
6198,22,602,24,13,2025-11-10,In Stock
9170,1858,728,460,35,2026-03-28,In Stock
13098,91,574,216,29,2026-05-26,In Stock
14457,77,200,436,11,2025-08-28,In Stock
15180,49,437,361,10,2026-01-09,In Stock
6402,11,772,127,14,2025-08-08,In Stock
5696,57,402,320,26,2025-06-01,In Stock
2942,85,134,10,57,2024-09-12,Low Stock
15972,25,442,11,92,2024-12-01,Low Stock
3793,21,583,399,42,2025-04-15,In Stock
14839,65,184,141,56,2025-05-29,In Stock
15963,35,424,419,89,2026-08-01,In Stock
17767,4,147,210,34,2026-05-09,In Stock
7382,25,837,113,44,2025-10-01,In Stock
18364,92,707,109,17,2024-08-03,In Stock
1621,88,908,384,91,2025-08-14,In Stock
13835,82,366,-10,81,2024-07-12,Out of Stock
5579,100,10,82,72,2024-01-26,In Stock
10339,84,64,401,98,2024-01-03,In Stock
9994,91,701,191,45,2024-12-20,In Stock
7906,39,672,423,26,2024-11-20,In Stock
10288,64,834,278,31,2026-02-04,In Stock
17192,76,16420,473,98,2025-01-11,In Stock
16588,98,488,150,67,2026-02-04,In Stock
9550,10,90,399,72,2025-05-17,In Stock
1049,84,17,98,45,2024-04-23,In Stock
10153,12,538,260,69,2026-06-05,In Stock
6783,75,888,326,29,2024-01-17,In Stock
12663,9,1000,420,53,2024-10-24,In Stock
18357,93,532,498,81,2024-09-24,In Stock
13626,80,271,323,82,2026-07-30,In Stock
17700,86,37,-50,60,2026-07-17,Out of Stock
18913,18,504,331,41,2024-02-06,In Stock
10808,21,826,24,76,2026-08-07,Low Stock
16746,5,490,314,48,2025-02-16,In Stock
1610,42,38,90,37,2025-10-09,In Stock
3097,87,422,-1,50,2024-03-26,Out of Stock
17223,76,161,303,43,2026-02-16,In Stock
2416,50,485,429,13,2024-10-04,In Stock
17138,7,343,1,12,2026-01-23,Low Stock
8116,98,656,230,26,2026-06-09,In Stock
2018,31,482,392,44,2025-08-26,In Stock
2972,41,73,155,28,2024-12-28,In Stock
14617,82,570,147,67,2024-04-27,In Stock
12318,9,357,242,26,2025-07-27,In Stock
14039,69,872,243,11,2024-09-26,In Stock
13568,37,223,55,36,2024-10-29,In Stock
2932,78,549,98,10,2024-01-26,In Stock
15407,41,322,347,39,2024-04-16,In Stock
18676,63,787,420,62,2024-08-06,In Stock
3247,73,681,354,15,2025-06-30,In Stock
125,25,86,448,51,2025-08-05,In Stock
1107,57,190,83,82,2025-04-11,In Stock
13002,33,234,333,41,2026-03-26,In Stock
1815,46,489,237,66,2024-07-31,In Stock
18083,12,233,391,59,2024-06-30,In Stock
17458,66,1000,148,0,2024-03-19,In Stock
14587,82,419,74,33,2026-05-07,In Stock
14449,50,785,412,13,2024-12-26,In Stock
13842,22,29,304,83,2024-05-18,In Stock
225,86,811,130,27,2024-09-06,In Stock
11534,77,679,117,48,2025-12-07,In Stock
8791,76,468,364,72,2026-06-24,In Stock
2124,21,213,417,55,2026-08-07,In Stock
19811,1439,119,270,81,2024-03-02,In Stock
13705,34,153,291,20,2024-01-09,In Stock
17124,89,789,479,57,2024-09-18,In Stock
15338,68,732,255,0,2024-03-05,In Stock
17858,95,193,183,90,2024-12-08,In Stock
973,22,929,380,39,2027-03-12,In Stock
8971,7,487,485,99,2024-10-29,In Stock
2807,57,59,72,47,2024-01-11,In Stock
19915,28,664,369,64,2024-12-01,In Stock
2198,47,14,133,90,2024-12-22,In Stock
4052,7,539,236,80,2025-05-03,In Stock
1217,93,424,214,43,2025-08-31,In Stock
7702,19,419,23,48,2025-08-29,Low Stock
11555,70,32,403,97,2025-10-30,In Stock
17907,6,226,224,76,2024-12-11,In Stock
726,77,10,465,93,2025-05-14,In Stock
16291,79,695,77,44,2024-08-09,In Stock
9171,95,886,116,31,2024-11-21,In Stock
809,21,179,112,76,2027-08-12,In Stock
16451,10,342,434,17,2024-09-29,In Stock
18579,88,195,152,95,2025-09-24,In Stock
17712,59,531,363,54,2025-09-07,In Stock
15913,78,96,411,91,2025-07-31,In Stock
17085,54,898,71,49,2024-06-04,In Stock
13713,32,414,416,64,2026-04-29,In Stock
4907,10,615,351,31,2024-08-31,In Stock
3723,89,95,284,53,2024-06-03,In Stock
3178,2,557,54,95,2024-06-29,Low Stock
13123,42,504,357,27,2024-01-27,In Stock
12735,33,249,343,81,2024-04-06,In Stock
3963,30,820,242,98,2025-06-15,In Stock
18013,61,418,336,26,2024-12-04,In Stock
2672,96,309,118,70,2024-05-19,In Stock
16256,40,322,236,72,2025-09-11,In Stock
9428,43,13091,485,94,2026-01-31,In Stock
9418,6,216,499,72,2025-03-30,In Stock
1765,30,742,285,61,2025-09-05,In Stock
4553,1978,900,339,44,2025-01-07,In Stock
608,35,742,260,0,2024-11-27,In Stock
16089,69,478,403,80,2025-07-20,In Stock
16466,67,725,70,58,2025-07-18,In Stock
17063,41,282,461,87,2024-04-03,In Stock
3218,55,244,279,32,2025-05-22,In Stock
5738,63,616,86,85,2024-11-09,In Stock
8480,29,136,211,48,2024-10-21,In Stock
2054,70,919,432,88,2025-08-08,In Stock
11159,8,94,485,96,2025-09-21,In Stock
3165,48,968,150,81,2025-04-24,In Stock
3076,37,167,46,89,2025-01-06,Low Stock
6764,77,608,46,86,2026-05-25,Low Stock
2542,7,318,392,22,2024-09-06,In Stock
1658,42,481,244,42,2025-12-08,In Stock
19606,58,371,349,91,2024-11-07,In Stock
8070,4,634,96,10,2024-04-01,In Stock
19595,57,280,247,46,2026-01-11,In Stock
8645,53,229,94,21,2024-04-14,In Stock
2711,38,827,152,28,2025-12-14,In Stock
6317,41,931,8,52,2024-03-03,Low Stock
7550,45,512,-100,97,2024-11-27,Out of Stock
4267,1422,635,24,87,2025-01-07,Low Stock
19077,44,702,20,12,2025-10-24,In Stock
6716,67,409,175,29,2024-04-19,In Stock
423,33,843,431,77,2024-04-10,In Stock
10973,65,63,115,0,2025-12-31,In Stock
5317,2,703,154,44,2026-05-09,In Stock
15218,89,548,327,72,2024-07-01,In Stock
8850,59,233,203,63,2026-02-02,In Stock
19879,77,755,113,59,2026-07-04,In Stock
9674,73,9,400,52,2026-07-27,In Stock
2846,38,483,370,57,2024-01-29,In Stock
4067,72,439,23,25,2024-10-03,Low Stock
7667,86,223,338,51,2024-11-22,In Stock
11577,47,887,261,17,2025-08-11,In Stock
5245,60,262,478,23,2024-04-01,In Stock
1002,69,509,170,87,2025-10-31,In Stock
4199,53,643,183,25,2025-12-01,In Stock
2419,84,955,57,68,2024-02-10,Low Stock
18098,78,723,71,79,2025-09-06,Low Stock
3576,89,111,5,54,2026-04-08,Low Stock
6727,56,13,78,36,2024-12-09,In Stock
3848,87,156,50,27,2024-03-16,In Stock
962,59,868,6,25,2024-09-17,Low Stock
9773,54,276,270,82,2026-01-27,In Stock
3559,38,77,138,-5,2025-12-01,In Stock
16446,27,997,-100,100,2024-02-13,Out of Stock
10399,62,611,235,68,2026-06-05,In Stock
12459,73,414,352,42,2024-12-10,In Stock
3855,81,764,159,36,2026-07-26,In Stock
4888,12,800,333,43,2024-06-03,In Stock
12424,8,464,191,64,2026-05-04,In Stock
758,76,976,61,11,2024-08-22,In Stock
13059,93,867,274,49,2024-11-19,In Stock
18680,49,511,416,18,2024-07-25,In Stock
5314,42,589,422,0,2025-09-02,In Stock
2285,56,987,-50,44,2024-12-12,Out of Stock
18750,83,526,258,18,2026-04-07,In Stock
17337,34,282,194,53,2025-05-21,In Stock
16005,37,810,487,48,2024-10-25,In Stock
13700,35,103,457,22,2025-01-23,In Stock
13502,44,209,363,95,2025-03-31,In Stock
14224,59,203,242,67,2025-07-08,In Stock
4828,4,56,386,67,2025-08-29,In Stock
16880,31,97,261,79,,In Stock
8379,27,500,180,68,2025-06-13,In Stock
808,50,863,474,79,2024-09-07,In Stock
3908,86,341,396,43,2024-07-04,In Stock
14334,17,118,186,70,2025-04-07,In Stock
16519,29,890,84,63,2024-05-30,In Stock
12751,91,842,199,66,2025-02-15,In Stock
7024,25,294,-50,26,2025-04-05,Out of Stock
1957,61,437,96,69,2024-01-15,In Stock
10638,99,602,199,48,2024-11-05,In Stock
9344,87,982,71,79,2026-02-15,Low Stock
15162,97,486,451,10,2025-10-31,In Stock
12230,57,82,26,96,2027-05-19,Low Stock
11405,64,802,492,88,2024-05-16,In Stock
7332,22,111,425,60,2024-06-14,In Stock
18469,27,531,264,97,2024-02-14,In Stock
2403,10,841,390,28,2025-01-21,In Stock
5185,91,878,292,20,2025-03-15,In Stock
1074,16,575,72,96,2025-12-07,Low Stock
14699,23,677,416,36,2024-07-08,In Stock
17505,61,501,499,59,2024-12-11,In Stock
12433,67,261,494,43,2026-06-24,In Stock
6525,90,765,251,17,2024-09-28,In Stock
13629,38,377,211,61,2025-09-25,In Stock
19540,79,392,206,19,2024-05-01,In Stock
6196,25,356,355,76,2024-01-25,In Stock
10284,2,816,411,44,2024-01-13,In Stock
12720,80,69,329,73,2024-12-21,In Stock
19412,9,648,388,88,2024-03-06,In Stock
8096,94,136,350,65,2024-08-18,In Stock
9891,34,757,286,16,2024-05-13,In Stock
1636,36,701,226,74,2027-03-21,In Stock
18736,33,375,151,97,2024-01-07,In Stock
10131,7,175,446,75,2026-05-18,In Stock
2467,22,403,258,19,2025-11-03,In Stock
7505,30,861,446,81,2026-03-28,In Stock
10659,67,256,383,67,2024-07-31,In Stock
1004,68,41,449,63,2026-04-20,In Stock
15087,69,345,380,85,2025-10-14,In Stock
7659,55,396,133,56,,In Stock
19504,76,945,297,68,2024-03-11,In Stock
17508,5,12,217,68,2026-06-21,In Stock
7567,98,888,34,84,2024-12-20,Low Stock
11127,68,871,286,46,2026-02-12,In Stock
12844,7,382,267,86,2026-06-15,In Stock
14720,19,191,88,86,2024-10-01,In Stock
11143,57,562,231,58,2025-12-11,In Stock
14349,64,94,301,79,2026-06-01,In Stock
9678,53,72,87,61,2025-03-25,In Stock
19653,13,343,262,-5,2025-03-19,In Stock
5369,32,379,433,62,2024-09-24,In Stock
6929,84,222,5,43,2025-01-20,Low Stock
9604,42,42,479,51,2025-05-19,In Stock
6290,6,854,206,13,2024-09-04,In Stock
13042,36,537,187,58,2026-08-06,In Stock
13760,35,443,385,10,2025-08-05,In Stock
16689,50,599,157,49,2026-04-05,In Stock
8902,62,254,22,56,2025-07-24,Low Stock
18009,38,923,47,11,2026-05-14,In Stock
11796,32,330,263,62,2024-05-15,In Stock
986,83,220,63,33,2025-12-22,In Stock
11269,10,934,259,67,2026-07-19,In Stock
7983,65,550,200,15,2025-08-29,In Stock
6170,2,914,214,58,2024-04-01,In Stock
6050,82,160,371,70,2026-02-22,In Stock
7385,99,654,487,36,2024-04-01,In Stock
4974,38,589,245,38,2026-04-05,In Stock
19537,80,896,474,63,2025-03-10,In Stock
14906,94,749,145,44,2026-01-09,In Stock
17936,45,516,440,99,2025-09-22,In Stock
12294,60,899,173,49,2026-08-12,In Stock
16491,61,373,145,76,2025-06-28,In Stock
10915,9,786,42,93,2025-07-21,Low Stock
19789,89,452,423,40,2025-12-16,In Stock
9461,5,466,49,46,2025-08-13,In Stock
2463,56,324,365,22,2025-07-07,In Stock
17275,34,200,448,37,2025-01-25,In Stock
269,17,820,354,94,2025-03-25,In Stock
7963,41,523,246,74,2024-09-27,In Stock
3581,17,356,162,63,2025-05-17,In Stock
12943,65,556,376,85,2025-05-31,In Stock
11709,90,965,477,73,2025-07-10,In Stock
72,97,605,-50,67,2024-02-29,Out of Stock
9455,1544,294,16,24,2025-06-24,Low Stock
18442,82,908,425,86,,In Stock
6510,15,134,349,78,2024-01-23,In Stock
12451,22,640,164,23,2026-06-23,In Stock
2822,4,883,458,97,2024-07-14,In Stock
4525,25,853,465,58,2026-04-28,In Stock
590,10,811,432,17,2024-01-13,In Stock
4592,93,224,56,57,2025-04-10,Low Stock
13137,60,407,360,83,2025-09-23,In Stock
16594,72,618,428,63,2024-08-30,In Stock
8849,99,386,194,15,2024-11-13,In Stock
19877,65,813,378,18,2025-08-02,In Stock
10842,80,424,436,38,2024-12-28,In Stock
10230,4,850,375,12,2025-05-03,In Stock
4625,94,746,13,56,2024-11-08,Low Stock
5905,26,781,344,46,2026-04-01,In Stock
3759,31,816,225,90,2026-05-16,In Stock
6846,96,790,475,80,2025-09-04,In Stock
14344,51,837,281,99,2024-02-13,In Stock
16587,92,488,117,86,2025-10-10,In Stock
2029,89,175,424,12,2025-11-12,In Stock
10851,83,230,45,33,2024-11-13,In Stock
8870,32,611,178,54,2026-05-03,In Stock
16981,47,300,225,88,2025-10-07,In Stock
9425,72,635,200,40,2026-04-10,In Stock
5455,17,48,329,82,2025-03-17,In Stock
4501,39,31,82,17,2025-01-06,In Stock
1450,69,657,438,94,2024-06-08,In Stock
16559,65,668,178,47,2026-06-01,In Stock
15850,16,974,339,66,2025-02-19,In Stock
11455,39,456,267,48,2025-02-02,In Stock
13049,44,379,377,99,2026-07-30,In Stock
3905,40,968,263,15,2024-08-15,In Stock
2433,99,285,171,63,2025-08-11,In Stock
17466,5,184,276,99,2024-09-22,In Stock
9829,36,640,62,21,2026-01-12,In Stock
4648,28,955,298,59,2024-04-28,In Stock
8470,37,97,235,72,2025-10-22,In Stock
19346,71,108,395,30,2024-08-11,In Stock
897,87,65,23,31,2025-08-28,Low Stock
9804,20,558,345,27,2026-01-18,In Stock
7001,89,264,474,47,2024-08-25,In Stock
1588,11,861,247,35,2024-08-09,In Stock
6687,86,542,398,33,2025-07-31,In Stock
13559,58,380,244,54,2025-12-31,In Stock
12962,77,864,266,47,2026-06-22,In Stock
15855,66,870,276,16,2026-05-07,In Stock
1720,55,574,343,65,2025-04-19,In Stock
6101,93,348,106,61,2024-05-28,In Stock
15034,42,466,425,73,2025-02-06,In Stock
3807,43,426,61,89,2024-07-04,Low Stock
8807,89,222,213,54,2025-10-03,In Stock
2505,48,563,147,20,2025-10-20,In Stock
12894,39,992,266,38,2026-02-17,In Stock
3962,96,495,116,24,2025-04-25,In Stock
8924,60,106,66,71,2024-11-03,Low Stock
17678,62,433,57,22,2024-02-20,In Stock
7037,93,416,49,91,2025-09-06,Low Stock
13757,18,890,322,72,2025-09-15,In Stock
13248,67,461,273,80,2025-02-13,In Stock
6079,46,667,110,22,2024-01-17,In Stock
14280,54,804,423,95,2025-05-09,In Stock
891,5,879,414,75,2025-10-13,In Stock
10957,99,443,78,87,2024-09-15,Low Stock
19402,47,274,8,25,2024-07-07,Low Stock
4007,13,682,216,72,2025-09-30,In Stock
4940,7,528,153,100,2026-03-11,In Stock
18235,94,375,99,53,2026-07-06,In Stock
16473,37,546,370,92,2024-05-06,In Stock
5899,98,13,9,60,2024-05-03,Low Stock
14366,58,874,263,44,2024-09-27,In Stock
17757,3,350,106,100,2024-07-22,In Stock
14012,55,122,16,78,2025-08-10,Low Stock
8552,6,74,155,77,2024-08-26,In Stock
7617,27,721,110,58,,In Stock
13826,36,346,306,58,2024-02-26,In Stock
10992,3,688,104,92,2025-02-14,In Stock
13883,77,134,61,38,2024-03-18,In Stock
585,99,509,466,15,2026-05-12,In Stock
11461,91,178,12,27,2025-01-11,Low Stock
3933,76,630,411,66,2025-05-08,In Stock
13158,1,41,142,21,2026-03-07,In Stock
1261,10,437,437,41,2025-06-20,In Stock
17104,51,98,443,73,2025-05-30,In Stock
14392,72,452,361,75,2025-08-29,In Stock
14885,66,206,105,91,2024-08-12,In Stock
311,15,175,324,72,2025-08-12,In Stock
1717,91,805,149,26,2026-01-17,In Stock
11501,36,11,35,0,2024-09-21,In Stock
6010,70,20,110,67,2024-08-27,In Stock
2053,20,769,207,22,2025-10-12,In Stock
17067,69,302,183,18,2024-04-14,In Stock
4669,2,520,133,64,2025-05-07,In Stock
4299,83,11,107,85,2025-03-19,In Stock
6647,76,903,385,99,2025-02-15,In Stock
3784,44,85,319,73,2024-02-07,In Stock
1009,16,649,404,54,2024-02-06,In Stock
7348,44,963,128,13,2025-09-13,In Stock
18682,20,85,92,24,2025-01-17,In Stock
10378,90,726,-50,18,2025-05-07,Out of Stock
7410,44,188,479,81,2026-07-13,In Stock
11816,93,599,434,100,2026-02-06,In Stock
18639,49,248,194,45,2024-01-25,In Stock
8384,30,60,330,52,2026-08-08,In Stock
9879,31,452,94,25,2024-04-26,In Stock
13160,97,574,283,33,2026-06-18,In Stock
2774,67,821,320,53,2024-10-30,In Stock
13027,48,99,187,31,2024-08-31,In Stock
4060,21,417,442,40,2026-05-30,In Stock
12949,97,985,40,31,2025-04-14,In Stock
8722,8,847,8,87,2025-06-06,Low Stock
91,38,748,237,66,2024-11-05,In Stock
1988,1547,538,467,53,2024-09-01,In Stock
17399,47,824,165,56,2024-03-25,In Stock
18147,65,185,125,61,,In Stock
18107,95,72,492,49,2024-05-11,In Stock
7280,85,839,331,52,2024-12-07,In Stock
13163,92,680,27,70,2025-11-01,Low Stock
2673,55,792,172,19,2024-02-14,In Stock
10310,33,169,296,64,2024-12-27,In Stock
11130,27,115,383,100,2024-10-16,In Stock
9081,34,631,150,54,2024-09-26,In Stock
9176,90,401,471,81,2025-05-25,In Stock
15125,90,14,204,87,2024-05-07,In Stock
7193,40,876,49,16,2025-09-27,In Stock
9518,73,275,143,31,2025-03-23,In Stock
19065,63,73,399,86,2025-04-09,In Stock
5044,29,320,226,43,2024-05-19,In Stock
2926,32,92,186,79,2026-04-30,In Stock
250,6,46,433,17,2025-11-24,In Stock
8186,53,848,372,91,2026-06-25,In Stock
11407,1603,77,318,47,2024-05-08,In Stock
5885,21,48,119,90,2025-03-09,In Stock
2342,5,703,377,14,2024-12-29,In Stock
18015,85,623,477,97,2025-11-29,In Stock
11745,1933,537,32,100,2026-01-31,Low Stock
17821,40,581,179,79,2024-01-31,In Stock
6590,79,366,198,70,2025-02-06,In Stock
13781,88,924,98,85,2024-08-03,In Stock
16244,97,801,196,45,2024-10-16,In Stock
628,74,879,359,41,2024-03-09,In Stock
19190,87,748,85,27,2027-04-18,In Stock
13140,93,828,176,95,2026-07-31,In Stock
13273,78,950,468,30,2024-03-02,In Stock
12437,5,352,468,45,2025-07-04,In Stock
7546,6,720,277,87,2026-07-29,In Stock
16498,53,796,121,44,2026-07-03,In Stock
4766,68,565,80,27,2025-04-22,In Stock
9794,5,40,485,35,2024-05-21,In Stock
3673,3,548,304,31,2026-01-10,In Stock
18795,71,313,221,57,2025-02-03,In Stock
129,57,33,114,-5,2024-08-20,In Stock
18301,84,273,423,40,2026-05-26,In Stock
17068,51,751,-50,98,2026-03-21,Out of Stock
19057,5,157,310,95,2026-03-18,In Stock
4183,83,178,393,74,2024-07-03,In Stock
7300,49,571,264,25,2026-03-08,In Stock
13783,92,54,427,40,2024-08-01,In Stock
12428,37,50,373,84,2026-07-29,In Stock
6996,95,14942,275,88,2024-06-23,In Stock
17647,32,105,80,59,2024-05-27,In Stock
2399,34,256,156,63,2025-01-02,In Stock
6306,31,114,330,50,2024-03-11,In Stock
18963,29,216,269,87,2024-12-14,In Stock
16771,64,30,471,49,2024-09-06,In Stock
15916,12,13,268,13,2024-03-31,In Stock
17327,58,820,140,74,2024-03-22,In Stock
12393,20,725,480,78,2025-04-24,In Stock
12748,78,352,258,76,2024-07-19,In Stock
1187,79,30,293,63,2025-10-25,In Stock
271,34,807,146,10,2025-02-13,In Stock
15473,8,542,215,68,2025-12-30,In Stock
10704,77,27,242,38,2024-09-30,In Stock
3355,82,991,80,26,2024-12-04,In Stock
10170,59,491,369,78,2025-11-28,In Stock
5315,75,813,99,72,2025-07-02,In Stock
9221,67,442,72,92,2024-03-13,Low Stock
4248,93,732,327,80,2024-04-29,In Stock
19962,6,707,385,79,,In Stock
15571,37,244,343,98,2025-05-16,In Stock
11274,36,864,205,75,2024-07-07,In Stock
15720,63,231,332,54,2025-11-26,In Stock
9108,62,32,330,21,2026-03-24,In Stock
9498,89,212,11,65,2024-07-11,Low Stock
1097,48,509,228,41,2026-08-06,In Stock
11242,2,348,135,11,2024-09-08,In Stock
14966,84,295,62,43,2024-02-17,In Stock
6654,93,677,294,91,2026-02-26,In Stock
11160,27,382,172,54,2026-05-29,In Stock
1274,18,193,164,97,2025-04-16,In Stock
5699,34,102,355,62,2025-06-14,In Stock
15138,79,849,97,38,2025-10-11,In Stock
16362,30,849,427,62,2024-11-30,In Stock
8729,70,519,43,81,2025-03-20,Low Stock
10989,53,737,241,61,2025-07-01,In Stock
6798,47,404,247,91,2024-01-27,In Stock
9591,67,537,266,88,2025-04-06,In Stock
6616,80,582,480,24,2025-01-17,In Stock
3359,80,608,303,38,2026-05-06,In Stock
7756,20,690,63,89,2024-02-03,Low Stock
184,23,937,443,54,2024-04-16,In Stock
16440,70,903,197,76,2026-03-28,In Stock
12655,2,295,118,70,2024-05-28,In Stock
17219,74,343,218,33,2026-05-02,In Stock
9115,67,279,327,17,2025-12-30,In Stock
17246,64,468,406,62,2024-02-04,In Stock
4006,22,181,286,93,2024-06-17,In Stock
15236,83,791,310,15,2024-04-04,In Stock
6514,28,353,329,81,2025-01-06,In Stock
16080,13,566,288,46,2026-06-12,In Stock
4568,75,918,278,91,2026-06-27,In Stock
13256,60,87,141,60,2026-02-23,In Stock
6604,32,287,476,37,2024-05-11,In Stock
10687,63,629,321,17,2024-03-22,In Stock
10849,40,503,290,16,2025-02-18,In Stock
16168,24,136,321,74,2024-05-26,In Stock
18628,9,342,50,93,2025-11-27,Low Stock
17706,66,572,97,73,2024-01-24,In Stock
1962,83,48,216,70,2025-06-02,In Stock
4993,68,541,323,49,2025-04-18,In Stock
4892,81,642,279,62,2024-07-01,In Stock
14331,33,303,171,90,2024-01-08,In Stock
14008,32,360,486,58,2024-04-24,In Stock
8040,62,210,290,68,2024-06-10,In Stock
5870,33,524,236,48,2026-05-11,In Stock
9571,70,24,451,72,2026-01-28,In Stock
14588,56,462,437,75,2026-05-15,In Stock
5306,46,672,341,100,2025-08-27,In Stock
6227,95,394,31,24,2024-12-28,In Stock
19870,38,59,166,56,2025-04-11,In Stock
10940,7,970,490,73,2024-09-11,In Stock
17229,18,543,400,54,2026-02-25,In Stock
1252,3,441,101,86,2026-01-02,In Stock
3177,31,966,477,100,2026-05-10,In Stock
13265,72,640,226,10,2025-11-25,In Stock
3360,16,324,469,75,2024-06-29,In Stock
16993,51,151,386,45,2025-06-22,In Stock
308,85,391,51,86,2024-09-14,Low Stock
13581,86,430,298,57,2026-07-06,In Stock
19840,96,119,416,45,2025-08-29,In Stock
18981,13,11,227,18,2025-08-30,In Stock
15659,26,143,204,43,2025-11-18,In Stock
6321,28,850,-100,36,2026-03-22,Out of Stock
11482,93,82,348,99,2025-01-28,In Stock
17419,82,141,288,90,2024-03-16,In Stock
15940,8,131,336,58,2025-04-22,In Stock
7412,95,605,17,23,2024-08-16,Low Stock
7539,32,415,352,83,2025-01-28,In Stock
12581,52,960,289,83,2026-03-28,In Stock
19305,96,945,100,19,2026-06-22,In Stock
17803,28,491,279,94,2026-03-24,In Stock
12226,76,538,139,46,2025-11-23,In Stock
1052,59,876,466,68,2027-06-22,In Stock
12262,67,324,303,19,2026-05-24,In Stock
14520,96,568,34,41,2025-02-11,Low Stock
11411,36,859,340,47,2024-11-09,In Stock
9222,88,345,88,12,2024-08-08,In Stock
8465,32,773,275,16,2024-02-13,In Stock
10235,44,109,299,70,2024-03-04,In Stock
4764,34,225,411,19,2027-02-22,In Stock
9063,52,285,143,79,2026-03-22,In Stock
1875,10,588,114,39,2024-07-03,In Stock
16620,67,415,484,79,2025-02-20,In Stock
9279,22,246,158,83,2025-09-01,In Stock
9666,68,859,144,18,,In Stock
7283,69,30,17,93,2024-10-28,Low Stock
11413,48,553,264,13,2025-08-18,In Stock
9009,89,275,205,98,2026-07-27,In Stock
7000,97,199,360,24,2024-09-04,In Stock
10379,14,520,363,53,2025-07-28,In Stock
13683,98,12764,496,82,2025-11-23,In Stock
4323,18,489,136,19,2025-03-10,In Stock
19677,16,499,10,55,2026-03-20,Low Stock
9449,14,912,475,44,2025-05-31,In Stock
5832,80,445,482,13,2025-07-18,In Stock
18430,49,729,399,18,2024-07-11,In Stock
16809,14,160,337,30,2025-06-19,In Stock
192,41,613,35,12,2025-06-14,In Stock
8685,71,509,445,82,2024-09-14,In Stock
8101,33,247,67,86,2024-09-01,Low Stock
12902,42,127,486,40,2026-06-03,In Stock
13234,83,255,77,30,2026-05-05,In Stock
12630,82,149,361,61,2025-08-10,In Stock
4486,70,80,275,46,2026-01-07,In Stock
9784,72,741,125,29,2026-07-21,In Stock
11671,35,832,148,72,2026-04-11,In Stock
8616,37,656,401,51,2024-05-19,In Stock
3925,48,613,160,90,2026-04-02,In Stock
9941,61,177,42,77,2025-11-19,Low Stock
19889,96,774,388,34,2024-09-13,In Stock
19381,50,353,364,75,2026-03-01,In Stock
16759,45,724,251,99,2026-01-09,In Stock
9676,27,845,461,43,2026-01-05,In Stock
17919,46,282,354,19,2024-12-21,In Stock
15199,65,56,278,67,2026-01-22,In Stock
7851,89,413,399,44,2024-08-29,In Stock
10855,1,403,181,23,2024-02-06,In Stock
12427,98,787,357,10,2024-05-08,In Stock
18389,35,550,301,20,2025-11-19,In Stock
16062,19,406,104,16,2024-11-21,In Stock
3114,51,673,138,98,2026-02-10,In Stock
3304,38,162,84,86,2025-04-27,Low Stock
14443,79,223,387,75,2024-05-09,In Stock
9537,40,809,309,-5,2024-08-29,In Stock
13580,57,378,19,12,2024-04-06,In Stock
15550,32,115,158,44,2026-06-09,In Stock
1691,38,890,204,22,2024-02-11,In Stock
16410,36,591,445,59,2024-03-26,In Stock
11144,29,741,-10,69,2025-07-16,Out of Stock
5049,6,744,113,99,2026-05-26,In Stock
13305,6,612,276,41,2025-12-30,In Stock
7118,41,23,251,11,2025-11-05,In Stock
3309,8,709,486,63,2025-05-11,In Stock
1505,30,747,409,61,2026-03-14,In Stock
14476,74,729,234,54,2026-01-15,In Stock
1807,33,386,64,46,2025-05-23,In Stock
3872,50,867,448,98,2026-02-18,In Stock
9481,68,904,473,86,2024-04-25,In Stock
3792,35,507,230,18,2025-11-12,In Stock
19933,48,646,362,16,2024-08-03,In Stock
14155,6,992,500,96,2025-07-05,In Stock
2787,91,466,358,13,2025-03-02,In Stock
9260,56,17,500,47,2026-02-11,In Stock
18681,13,487,283,35,2026-01-16,In Stock
13679,12,497,11,15,2026-05-11,Low Stock
1718,87,591,221,15,2025-11-03,In Stock
2697,22,248,239,39,2026-03-23,In Stock
14644,45,216,19,85,2026-07-06,Low Stock
1849,8,319,322,61,2024-11-30,In Stock
4513,65,644,302,22,2025-01-10,In Stock
17630,7,141,219,32,2024-01-08,In Stock
14004,61,836,459,11,2027-02-10,In Stock
10624,64,385,494,16,2024-04-15,In Stock
16557,22,192,380,98,2024-08-26,In Stock
12853,14,451,16,52,2024-06-20,Low Stock
6623,79,626,153,54,2025-05-04,In Stock
3436,13,584,180,78,2024-08-02,In Stock
16861,76,295,355,13,2025-06-06,In Stock
15540,69,247,13,92,2026-01-22,Low Stock
13513,6,153,61,48,2025-08-13,In Stock
143,54,301,493,96,2025-03-15,In Stock
6772,69,357,303,20,2024-04-27,In Stock
17783,46,28,304,32,2025-11-05,In Stock
11176,76,264,433,45,2025-11-14,In Stock
6993,2,809,401,41,2025-06-12,In Stock
16560,47,438,307,61,2026-03-04,In Stock
1648,30,530,459,91,2024-11-23,In Stock
18546,94,40,37,36,2025-10-15,In Stock
14942,73,731,435,80,2025-04-08,In Stock
14293,62,77,139,71,2024-07-21,In Stock
13483,57,579,7,13,2024-05-03,Low Stock
17456,46,100,413,71,2026-01-24,In Stock
11602,98,187,23,13,2026-04-02,In Stock
1118,6,766,88,37,2026-05-04,In Stock
14574,44,374,80,74,2026-05-28,In Stock
1757,7,244,259,73,2026-05-20,In Stock
498,80,274,200,52,2024-04-16,In Stock
6752,99,851,486,27,2024-03-06,In Stock
12301,96,881,168,33,2024-08-29,In Stock
871,16,211,106,64,2026-03-06,In Stock
3358,94,389,188,61,2024-08-02,In Stock
9105,73,24,369,86,2024-12-29,In Stock
7679,98,962,137,78,2025-06-10,In Stock
722,83,674,209,14,2024-10-18,In Stock
10998,58,399,291,12,2026-05-21,In Stock
11266,75,271,125,60,2024-05-04,In Stock
887,74,645,200,60,2025-10-08,In Stock
11964,63,182,241,34,2024-09-22,In Stock
18242,83,203,270,73,2024-02-19,In Stock
18940,28,684,336,36,2024-06-28,In Stock
8348,80,931,432,48,2024-04-01,In Stock
9713,57,868,212,84,2025-05-23,In Stock
15589,49,426,139,93,2026-07-06,In Stock
8103,86,994,295,73,2026-05-28,In Stock
4877,6,906,241,70,2026-03-10,In Stock
10939,62,585,350,70,2024-08-09,In Stock
3025,30,605,342,16,2024-06-26,In Stock
16990,66,779,2,92,2025-06-07,Low Stock
315,21,741,390,54,2026-06-27,In Stock
18698,47,180,151,91,2025-04-20,In Stock
19336,55,182,26,50,2024-09-03,Low Stock
16904,96,635,215,42,2025-07-13,In Stock
17683,53,824,306,40,2026-02-16,In Stock
4205,7,628,444,64,2025-07-09,In Stock
5851,15,532,430,18,2024-12-08,In Stock
6130,41,782,500,28,2025-06-20,In Stock
5448,40,844,430,79,2024-09-01,In Stock
3130,59,11354,98,21,2026-01-25,In Stock
16280,65,34,341,71,2024-10-10,In Stock
15633,73,132,28,50,2024-09-07,Low Stock
911,82,383,7,89,2025-08-15,Low Stock
3969,38,967,414,97,2025-08-23,In Stock
18909,31,64,140,63,2026-01-17,In Stock
10166,65,888,268,47,2025-09-19,In Stock
337,99,232,258,61,2024-06-17,In Stock
18723,49,623,86,89,2025-06-12,Low Stock
18164,74,150,271,88,2025-03-24,In Stock
2986,83,27,79,40,2024-05-09,In Stock
10879,25,14,194,58,,In Stock
15917,99,374,377,42,2026-01-05,In Stock
11670,37,933,206,70,2026-07-31,In Stock
13908,1959,835,-1,18,2025-06-07,Out of Stock
11002,86,957,360,49,2026-02-16,In Stock
4821,46,802,474,99,2024-05-02,In Stock
12101,92,897,387,11,2025-01-13,In Stock
19181,7,919,336,31,2025-09-15,In Stock
7244,56,645,170,64,2025-11-22,In Stock
14080,87,84,238,63,2024-09-25,In Stock
11875,21,70,317,12,2026-06-08,In Stock
14521,59,873,168,89,2024-09-09,In Stock
8264,64,633,48,46,2024-09-16,In Stock
6856,99,361,226,93,2025-03-14,In Stock
8598,36,986,90,71,2025-02-28,In Stock
17319,6,423,339,10,2025-06-22,In Stock
6902,56,242,309,61,2024-12-03,In Stock
9950,78,753,318,29,2025-06-22,In Stock
1446,27,508,358,81,2026-05-18,In Stock
16569,86,411,14,84,2025-09-29,Low Stock
14822,15,543,244,40,2024-06-03,In Stock
1696,15,670,134,63,2025-01-13,In Stock
11085,69,509,168,91,2024-10-18,In Stock
16153,54,767,276,61,2026-02-21,In Stock
13384,63,434,317,53,2024-02-21,In Stock
1631,46,556,118,69,2025-10-12,In Stock
270,29,256,266,46,2025-11-19,In Stock
1882,29,537,273,12,2024-01-29,In Stock
14524,86,31,402,37,2025-10-30,In Stock
13901,78,359,353,22,2026-01-23,In Stock
5075,99,531,392,95,2026-06-28,In Stock
5510,4,784,191,20,2024-06-12,In Stock
19218,20,867,46,53,2026-07-12,Low Stock
16862,74,420,318,45,2024-08-17,In Stock
17260,62,560,155,99,2024-06-03,In Stock
2536,93,207,231,86,2025-05-21,In Stock
11070,36,958,141,95,2026-07-22,In Stock
19051,5,854,44,87,2024-08-17,Low Stock
14681,29,372,96,76,2026-01-03,In Stock
187,92,461,100,22,2026-07-04,In Stock
11972,72,940,201,97,2025-05-07,In Stock
5559,42,954,45,26,2025-06-09,In Stock
19989,32,595,0,12,2024-06-28,Out of Stock
17948,82,395,260,60,2025-11-25,In Stock
6588,60,748,88,78,2024-12-15,In Stock
17437,86,982,461,100,2024-06-26,In Stock
3916,6,30,326,99,2026-01-13,In Stock
447,29,675,308,83,2024-08-03,In Stock
19233,41,445,164,80,2024-09-27,In Stock
14032,14,144,152,33,2025-02-26,In Stock
7125,13,500,362,44,2025-01-07,In Stock
2441,21,289,196,38,2024-02-25,In Stock
3104,95,730,333,11,2025-12-10,In Stock
11089,61,521,394,82,2025-07-11,In Stock
7693,2,87,78,88,2025-11-06,Low Stock
6095,92,993,257,43,2024-04-05,In Stock
9487,9,980,421,60,2026-02-25,In Stock
18329,33,999,314,52,2024-05-09,In Stock
13224,13,113,14,11,2025-11-10,In Stock
688,92,352,369,24,2026-07-21,In Stock
5209,33,328,87,67,2024-10-30,In Stock
8418,90,182,252,56,2025-12-27,In Stock
10346,55,157,214,50,2025-02-18,In Stock
4921,59,81,313,40,2024-02-03,In Stock
19087,22,807,102,26,2026-07-25,In Stock
5463,96,596,134,100,2025-05-04,In Stock
13758,68,259,404,95,2025-12-11,In Stock
18108,8,992,285,81,2024-03-25,In Stock
17813,5,95,336,64,2025-01-09,In Stock
1290,57,508,278,38,2024-05-14,In Stock
12774,45,282,16,56,2024-12-08,Low Stock
18991,97,629,66,53,2025-08-06,In Stock
10693,13,59,74,98,2024-07-12,Low Stock
10336,66,478,471,36,2025-03-05,In Stock
19955,73,301,461,47,2026-05-03,In Stock
17646,42,961,480,35,2024-02-04,In Stock
19453,25,22,231,71,2024-01-27,In Stock
11906,45,633,469,11,2024-01-19,In Stock
2042,15,21,229,38,2024-01-08,In Stock
15831,86,11248,278,25,,In Stock
15736,69,383,147,34,2025-03-09,In Stock
12159,37,217,460,59,2024-02-07,In Stock
12454,1,720,125,45,2024-03-23,In Stock
6080,87,528,252,75,2026-06-28,In Stock
5458,97,10,359,21,2026-04-03,In Stock
18079,5,761,325,97,2025-05-20,In Stock
11350,60,225,302,50,2026-05-08,In Stock
12058,33,232,144,86,2026-07-10,In Stock
4132,87,432,494,91,2024-12-23,In Stock
16352,76,201,192,43,2026-01-20,In Stock
15409,25,234,184,55,2024-04-08,In Stock
16804,3,456,449,79,2026-03-13,In Stock
4135,88,947,424,-5,2025-05-26,In Stock
9276,87,832,437,17,2026-07-04,In Stock
862,100,412,420,83,2025-05-29,In Stock
13405,2,166,122,35,2024-08-25,In Stock
1943,1709,632,225,59,2024-01-13,In Stock
10296,59,988,177,36,2025-09-01,In Stock
4332,88,296,46,75,2026-03-18,Low Stock
14120,52,165,62,41,2025-08-27,In Stock
3971,35,502,363,49,2024-03-25,In Stock
18871,71,300,-100,24,2025-07-20,Out of Stock
12852,2,823,439,84,2025-09-02,In Stock
13194,99,678,229,17,2026-07-08,In Stock
2776,77,983,160,54,2025-01-17,In Stock
4146,16,110,-10,53,2026-06-10,Out of Stock
18603,92,241,482,34,2025-07-10,In Stock
2412,98,871,12,35,2026-04-04,Low Stock
15458,58,199,25,32,2024-08-09,Low Stock
1547,23,184,202,41,2026-01-14,In Stock
6954,36,494,316,33,2026-02-02,In Stock
3136,28,154,387,25,2025-04-26,In Stock
13233,9,403,478,39,2025-01-13,In Stock
15628,85,38,399,19,2025-07-08,In Stock
19636,9,195,28,19,2025-10-12,In Stock
14716,50,976,168,29,,In Stock
3806,14,717,301,91,2024-01-02,In Stock
19106,63,482,337,14,2024-09-22,In Stock
16644,98,618,157,57,2025-07-03,In Stock
15161,1387,696,-10,63,2025-12-14,Out of Stock
6775,33,280,488,75,2025-08-04,In Stock
14063,73,422,228,67,2026-03-20,In Stock
10021,61,788,441,76,2024-08-01,In Stock
3328,68,788,50,40,2025-04-07,In Stock
7383,81,133,93,31,2026-02-09,In Stock
1263,3,665,51,100,2025-08-23,Low Stock
13118,30,187,53,53,2024-08-06,Low Stock
13456,93,897,370,30,2025-03-19,In Stock
6583,71,883,217,51,2024-10-12,In Stock
5022,74,276,481,11,2024-07-20,In Stock
12584,15,302,177,59,2025-12-12,In Stock
14996,58,446,267,69,2024-11-15,In Stock
11414,84,835,183,10,2026-07-01,In Stock
9803,8,321,1,24,2025-01-25,Low Stock
4109,91,368,241,28,2025-02-20,In Stock
5214,41,260,58,84,2025-03-20,Low Stock
3256,68,499,284,36,2024-08-12,In Stock
7324,55,748,485,-5,2025-04-27,In Stock
2691,59,211,267,21,2025-02-14,In Stock
14502,23,378,348,98,2024-09-11,In Stock
4628,59,389,210,57,2026-06-05,In Stock
17660,96,147,36,31,,In Stock
1320,5,209,412,38,2026-02-09,In Stock
5163,85,481,356,100,2024-07-11,In Stock
7227,76,82,121,10,2025-10-18,In Stock
17029,44,463,299,13,2025-07-25,In Stock
12193,7,414,264,30,2025-11-10,In Stock
4530,22,555,279,44,2024-08-14,In Stock
11668,23,873,192,70,2024-09-18,In Stock
12381,48,866,407,44,2024-08-15,In Stock
9942,10,266,207,98,2025-07-19,In Stock
6337,94,333,56,86,2026-05-17,Low Stock
6983,12,231,198,32,2025-10-16,In Stock
10067,25,91,455,27,2026-08-08,In Stock
918,68,575,161,60,2025-09-11,In Stock
13289,29,383,457,82,2025-12-05,In Stock
571,70,287,450,58,2025-06-22,In Stock
3415,79,285,272,92,2024-07-16,In Stock
18366,22,824,252,96,2025-04-23,In Stock
14807,97,882,329,70,2025-10-10,In Stock
7032,18,299,161,50,2025-01-11,In Stock
6838,20,561,472,80,2024-06-20,In Stock
13879,24,284,232,89,2024-08-14,In Stock
14027,18,73,369,39,2025-01-28,In Stock
14233,46,657,73,72,2024-06-02,In Stock
2218,91,741,209,32,2026-04-23,In Stock
19357,13,884,385,51,2025-07-05,In Stock
17050,92,532,397,16,2026-07-10,In Stock
2828,44,292,149,87,2025-03-03,In Stock
17620,87,17,204,69,2024-08-04,In Stock
4997,96,918,220,10,2025-03-19,In Stock
3263,93,954,222,39,2025-02-18,In Stock
6839,15,617,477,79,2027-01-27,In Stock
19003,34,502,447,29,2024-07-21,In Stock
5742,70,294,168,20,2024-01-23,In Stock
651,18,233,157,60,2024-10-26,In Stock
11095,50,751,351,48,2025-11-11,In Stock
15408,98,38,455,91,2026-01-02,In Stock
5396,95,999,277,98,2026-01-22,In Stock
7083,72,587,238,96,2025-10-06,In Stock
5253,75,478,320,19,2025-03-27,In Stock
3522,53,642,110,52,2025-11-26,In Stock
10923,83,658,155,89,2025-11-24,In Stock
17746,14,346,432,15,2024-11-06,In Stock
4479,90,992,183,80,2025-05-18,In Stock
5661,8,169,342,39,2025-06-18,In Stock
9789,28,501,347,46,2025-12-26,In Stock
68,56,290,438,16,2024-06-09,In Stock
10777,21,922,270,24,2025-08-27,In Stock
13520,66,37,188,40,2026-04-06,In Stock
18835,35,50,243,85,2026-01-18,In Stock
3840,69,139,286,88,2024-10-04,In Stock
15716,16,198,491,95,2024-06-19,In Stock
8306,81,80,121,41,2025-12-27,In Stock
920,78,884,297,63,2024-04-20,In Stock
10702,15,235,203,98,2026-06-13,In Stock
166,87,588,309,10,2024-04-28,In Stock
18214,39,217,218,34,2024-06-13,In Stock
16604,19,885,150,31,2024-10-09,In Stock
6645,35,104,52,83,2024-07-21,Low Stock
14335,59,289,408,42,2025-12-03,In Stock
16286,22,370,26,26,2025-06-20,Low Stock
14283,35,490,103,95,2026-02-09,In Stock
4595,36,150,166,43,2026-06-13,In Stock
10699,12,681,123,49,2024-07-13,In Stock
13300,93,107,126,39,2024-04-23,In Stock
2851,32,686,388,95,2024-05-13,In Stock
12639,4,433,287,15,2026-07-25,In Stock
3779,7,480,348,56,2024-07-29,In Stock
4461,89,46,263,35,2025-08-30,In Stock
14909,53,665,170,28,2026-08-06,In Stock
6624,91,770,438,51,,In Stock
9307,43,247,14,32,2025-12-26,Low Stock
18816,97,492,380,17,2024-03-03,In Stock
8491,89,618,302,0,2025-12-11,In Stock
9868,1749,288,289,56,2026-03-12,In Stock
2736,86,762,187,79,2024-09-30,In Stock
5670,45,311,395,69,2025-01-17,In Stock
12032,6,26,427,60,2025-10-21,In Stock
2379,11,827,319,96,2026-07-23,In Stock
15624,9,371,449,13,2025-10-07,In Stock
4173,30,839,301,85,2024-10-23,In Stock
12392,50,495,390,77,,In Stock
12743,12,936,158,70,2025-07-03,In Stock
16104,58,184,433,11,2025-02-21,In Stock
16700,8,74,428,85,2025-01-14,In Stock
14011,19,747,93,89,2024-12-23,In Stock
366,61,471,460,12,2024-11-09,In Stock
2104,79,697,466,97,2024-03-03,In Stock
690,13,918,314,41,2025-03-20,In Stock
18339,87,782,294,67,2024-11-20,In Stock
9733,54,397,365,59,2025-04-15,In Stock
5711,16,49,499,20,2025-10-12,In Stock
16035,98,64,42,36,2025-12-04,In Stock
15229,49,149,362,64,2024-11-26,In Stock
1094,77,383,41,65,2026-01-21,Low Stock
6719,28,156,80,52,2024-06-19,In Stock
19258,92,917,305,20,2024-08-01,In Stock
15900,37,593,112,29,2025-09-20,In Stock
16545,100,68,500,52,2024-07-13,In Stock
204,95,346,144,-20,2026-05-21,In Stock
18276,43,381,328,71,2025-11-28,In Stock
19339,84,769,240,31,2024-06-02,In Stock
4934,73,43,473,30,2024-01-15,In Stock
10007,23,487,119,45,2026-07-13,In Stock
17819,25,975,236,19,,In Stock
1231,85,293,66,99,2024-07-13,Low Stock
15797,38,171,413,18,2024-04-18,In Stock
7958,23,76,409,88,2026-03-14,In Stock
19485,46,3,421,38,2026-03-03,In Stock
18251,45,496,30,37,2024-07-23,Low Stock
17393,12,149,376,44,2025-10-20,In Stock
4252,67,686,454,31,2024-01-02,In Stock
15021,97,273,365,44,2025-05-05,In Stock
13441,93,355,165,78,2025-11-09,In Stock
12227,29,290,115,60,2026-01-04,In Stock
4335,28,858,263,30,2025-02-04,In Stock
10745,91,796,123,57,2024-02-20,In Stock
19917,68,373,335,63,2025-05-03,In Stock
13681,85,275,498,93,2024-09-10,In Stock
7486,66,180,41,65,2025-03-08,Low Stock
12946,61,773,210,82,2024-04-03,In Stock
4887,81,207,336,45,2025-07-15,In Stock
858,13,872,47,39,2025-09-24,In Stock
6540,98,212,229,14,2024-03-14,In Stock
16871,89,307,14,22,2025-08-28,Low Stock
12683,1619,468,185,11,2026-01-24,In Stock
10540,30,953,368,95,2025-03-10,In Stock
8842,78,463,47,84,2024-02-17,Low Stock
6860,24,593,13,10,2024-05-30,In Stock
10974,6,68,333,53,2024-06-17,In Stock
16912,38,354,35,49,2024-10-06,Low Stock
10626,49,304,498,67,2024-03-05,In Stock
955,7,184,499,26,2025-04-04,In Stock
7405,15,188,170,100,2025-12-24,In Stock
5945,99,531,166,73,2026-08-04,In Stock
54,23,186,224,38,2025-08-14,In Stock
6411,77,559,-10,37,2025-12-27,Out of Stock
3517,66,632,339,70,2024-12-18,In Stock
11749,38,555,337,45,2025-09-04,In Stock
490,70,249,84,77,2025-11-16,In Stock
13146,54,88,308,-5,2026-06-08,In Stock
15936,13,926,236,68,2026-02-20,In Stock
18426,67,313,-1,72,2025-05-07,Out of Stock
15699,90,931,402,15,2024-03-23,In Stock
17400,44,596,421,60,2025-01-06,In Stock
11706,84,934,280,34,2025-10-24,In Stock
2973,83,689,120,50,2024-11-16,In Stock
18867,12,400,101,19,2024-01-30,In Stock
2943,49,190,288,21,2024-01-12,In Stock
3164,43,707,446,34,2026-06-08,In Stock
2619,76,341,28,67,2025-10-25,Low Stock
8236,39,676,498,39,2026-03-31,In Stock
11619,64,208,203,51,2024-12-29,In Stock
11764,54,405,498,78,2025-07-17,In Stock
11578,74,915,217,35,2026-02-01,In Stock
2855,20,276,118,89,2024-02-16,In Stock
3440,6,923,260,25,2024-09-21,In Stock
1893,82,654,352,62,2024-08-03,In Stock
19749,4,116,330,57,2027-06-14,In Stock
15769,25,710,242,98,2024-01-30,In Stock
13007,2,193,284,69,2025-08-09,In Stock
11768,36,857,38,35,2025-06-12,In Stock
671,42,237,324,68,2026-02-18,In Stock
19849,47,84,482,86,2026-07-22,In Stock
15241,58,667,251,82,2026-04-13,In Stock
14897,42,168,336,17,2025-04-15,In Stock
9472,81,439,340,96,2025-01-19,In Stock
17833,82,523,381,31,2026-01-30,In Stock
898,64,493,3,21,2026-05-25,Low Stock
3307,41,212,163,26,2025-08-01,In Stock
8027,27,576,487,26,2027-05-21,In Stock
10859,67,172,314,39,2026-02-25,In Stock
2891,29,808,152,19,2024-05-04,In Stock
14395,76,703,9,22,2025-05-26,Low Stock
17147,52,663,42,15,2024-06-02,In Stock
8398,31,493,198,63,2025-11-02,In Stock
14006,16,705,270,58,2024-12-14,In Stock
16387,50,107,27,68,2025-06-24,Low Stock
14163,44,788,206,96,2024-12-18,In Stock
11997,77,570,274,47,2024-10-30,In Stock
635,73,784,497,35,2025-07-09,In Stock
12509,30,449,56,81,2026-04-22,Low Stock
19000,3,832,313,77,2024-01-31,In Stock
6477,78,715,341,89,2025-01-05,In Stock
15170,16,844,163,30,2024-05-08,In Stock
4178,13,369,242,46,2025-05-06,In Stock
18840,15,788,447,98,2025-01-14,In Stock
9611,31,777,87,27,2026-04-04,In Stock
11065,36,214,341,61,2026-01-19,In Stock
10532,95,463,484,-20,2024-01-31,In Stock
5992,15,42,251,56,2027-01-07,In Stock
17036,78,499,349,100,2025-10-02,In Stock
2582,28,812,7,47,2024-11-11,Low Stock
18687,29,213,224,83,2026-07-25,In Stock
12000,72,274,155,25,2025-03-26,In Stock
8386,10,349,101,60,2025-12-05,In Stock
10675,88,6,143,53,2026-04-24,In Stock
9448,32,996,65,90,2024-06-18,Low Stock
2105,19,109,257,74,2025-11-14,In Stock
19722,67,696,313,82,2025-08-30,In Stock
19390,76,843,82,56,2024-10-09,In Stock
3765,29,209,172,21,2025-06-21,In Stock
4235,18,282,34,41,2025-12-12,Low Stock
4995,48,833,439,78,2026-05-03,In Stock
5058,92,753,59,38,,In Stock
4435,99,123,77,38,2024-12-10,In Stock
11677,35,469,317,11,2026-03-01,In Stock
718,20,969,443,22,2024-11-04,In Stock
3817,100,282,197,39,2024-10-30,In Stock
6774,57,820,11,51,2024-03-30,Low Stock
11187,72,54,448,58,2024-12-15,In Stock
10739,83,904,11,24,2026-07-21,Low Stock
14672,52,699,110,35,2024-02-22,In Stock
9814,91,344,3,98,2026-07-31,Low Stock
19848,71,513,129,16,2026-04-12,In Stock
9289,26,565,191,51,2024-01-21,In Stock
6812,92,712,40,63,2024-06-05,Low Stock
3894,66,747,114,70,,In Stock
9360,56,945,139,57,2025-01-27,In Stock
15130,92,426,492,22,2025-10-13,In Stock
10656,1,128,133,51,,In Stock
3701,86,332,16,58,2027-08-13,Low Stock
7375,29,780,119,44,2026-01-16,In Stock
6315,75,405,158,41,2025-12-09,In Stock
12817,26,749,-1,34,2025-10-22,Out of Stock
3646,34,939,422,97,,In Stock
193,34,719,355,94,2025-03-11,In Stock
13415,14,37,443,51,2025-02-21,In Stock
817,21,819,77,52,2024-06-06,In Stock
19650,34,582,380,74,2024-07-21,In Stock
15811,45,127,228,25,2025-09-21,In Stock
6161,84,362,173,26,2025-04-17,In Stock
15642,68,317,414,48,2025-01-08,In Stock
4391,46,182,206,97,2026-01-07,In Stock
11165,4,74,282,94,2026-02-12,In Stock
4928,67,363,149,67,2026-01-08,In Stock
5553,43,525,367,78,2026-08-01,In Stock
10800,7,170,-50,98,2024-12-12,Out of Stock
18085,3,171,19,80,2024-03-01,Low Stock
239,58,180,300,33,2024-09-01,In Stock
12208,40,670,2,30,2024-08-08,Low Stock
19690,52,372,329,56,2025-02-01,In Stock
11170,54,127,470,56,2024-10-25,In Stock
16948,51,269,371,50,2024-01-11,In Stock
4237,78,752,462,44,2024-06-12,In Stock
5619,84,568,373,97,2024-03-27,In Stock
18468,84,114,314,28,2026-04-09,In Stock
8641,1526,392,480,47,,In Stock
5098,65,23,431,56,2025-01-07,In Stock
14666,54,24,494,26,2026-08-01,In Stock
2243,67,243,426,92,2024-10-03,In Stock
17010,32,110,494,96,2024-07-12,In Stock
3553,97,441,487,79,2025-04-06,In Stock
19359,44,865,313,27,2025-11-21,In Stock
8329,30,989,166,39,,In Stock
5629,32,394,211,54,2024-05-30,In Stock
10603,8,526,-1,47,2025-10-05,Out of Stock
4508,86,263,264,58,2024-05-26,In Stock
18811,9,184,487,90,2026-02-16,In Stock
12175,65,80,218,68,2026-05-24,In Stock
14454,46,308,68,37,2026-05-02,In Stock
16531,50,480,275,94,2026-03-13,In Stock
15094,7,504,367,50,2026-04-25,In Stock
18390,47,372,341,41,2024-11-22,In Stock
2295,39,426,401,53,2026-06-19,In Stock
11804,40,426,309,92,2026-03-03,In Stock
14584,12,965,397,48,2025-12-20,In Stock
18800,39,381,405,41,2025-08-04,In Stock
14319,20,123,324,48,2025-08-02,In Stock
17352,88,489,41,50,2024-12-04,Low Stock
8691,53,766,495,19,2025-03-29,In Stock
7082,45,719,87,73,2024-08-20,In Stock
4734,78,476,118,75,2024-03-06,In Stock
8913,61,460,490,68,2026-07-28,In Stock
13046,98,280,473,61,2025-01-11,In Stock
16958,85,188,483,56,2025-09-11,In Stock
19581,1,190,444,23,2026-01-20,In Stock
11282,40,348,14,87,2024-05-08,Low Stock
14956,10,687,328,40,2025-07-25,In Stock
19583,16,678,128,67,2025-04-20,In Stock
19495,17,851,236,71,2025-02-24,In Stock
11511,97,604,80,53,2026-08-09,In Stock
5521,31,543,487,32,2024-10-12,In Stock
11822,64,556,166,38,2025-02-27,In Stock
2701,84,163,390,39,2024-11-12,In Stock
1701,51,623,334,40,2026-04-09,In Stock
13597,36,567,460,40,2026-01-30,In Stock
6969,87,731,18,13,2026-02-26,In Stock
19006,18,265,163,41,2025-04-06,In Stock
16323,68,621,44,75,2025-04-09,Low Stock
6220,70,489,497,51,2025-08-20,In Stock
17332,23,71,395,100,2025-04-11,In Stock
87,4,477,444,11,2024-04-17,In Stock
18515,89,291,334,85,2024-02-10,In Stock
18494,73,90,21,83,2026-04-24,Low Stock
15347,74,710,11,46,2026-08-07,Low Stock
137,69,177,32,20,2025-09-18,In Stock
6973,42,956,254,26,2025-01-24,In Stock
11088,82,475,173,80,2024-07-07,In Stock
15722,9,339,392,65,2026-05-11,In Stock
1201,85,501,384,43,2025-08-01,In Stock
6122,39,187,-50,79,,Out of Stock
15749,61,107,52,63,2024-08-07,Low Stock
12128,50,173,186,-5,2025-01-27,In Stock
17964,17,597,167,51,2026-09-22,In Stock
14126,56,521,21,32,2026-02-10,Low Stock
13623,10,190,291,35,2025-03-16,In Stock
6297,67,630,241,40,2024-02-22,In Stock
3928,11,404,434,49,,In Stock
14388,92,58,46,41,2024-02-03,In Stock
19974,1,572,297,83,2024-07-05,In Stock
3607,71,435,396,64,2024-07-23,In Stock
2331,2,777,36,27,2025-09-11,In Stock
11708,61,703,216,54,2025-01-17,In Stock
2188,1098,585,451,29,,In Stock
196,7,689,234,51,2026-12-27,In Stock
12357,38,242,32,39,2025-08-10,Low Stock
15955,19,312,21,56,2025-03-24,Low Stock
14639,49,278,411,24,2025-05-15,In Stock
2669,47,502,362,84,2025-03-28,In Stock
16626,46,439,462,15,2025-01-01,In Stock
15196,44,877,34,86,2024-08-21,Low Stock
2762,45,935,31,-5,2025-05-02,In Stock
2033,15,484,65,79,2025-12-31,Low Stock
5104,34,743,139,89,2026-07-21,In Stock
13653,67,757,197,26,2024-05-25,In Stock
1638,81,301,478,49,2026-02-22,In Stock
8313,61,381,349,60,2027-03-08,In Stock
11174,63,876,130,57,2025-01-22,In Stock
18962,40,661,305,76,2026-06-19,In Stock
3075,76,797,172,13,2025-01-21,In Stock
7297,68,285,338,61,2024-10-28,In Stock
3279,8,863,381,43,2025-03-07,In Stock
8004,35,218,441,55,2025-08-20,In Stock
17265,83,143,397,87,2025-09-28,In Stock
8327,100,238,58,57,2026-03-02,In Stock
13517,40,298,191,59,2025-08-21,In Stock
7353,33,253,475,79,2026-03-18,In Stock
13451,52,657,230,49,2025-03-16,In Stock
10752,49,237,21,17,2025-09-02,In Stock
7830,47,423,34,66,2024-12-30,Low Stock
16447,95,275,266,72,2026-12-18,In Stock
7698,25,109,499,45,2026-04-06,In Stock
14428,82,844,187,57,2025-04-16,In Stock
5669,23,978,188,98,2025-04-20,In Stock
17411,6,616,191,64,2024-04-25,In Stock
10660,52,233,70,39,2024-10-02,In Stock
8934,99,853,377,51,2025-03-13,In Stock
5308,31,36,7,63,2025-08-12,Low Stock
17623,67,440,492,100,2026-05-11,In Stock
18461,66,974,163,24,2024-02-14,In Stock
12856,9,854,457,94,2024-10-16,In Stock
11036,85,151,341,39,2024-07-02,In Stock
5489,3,304,450,34,2024-06-01,In Stock
16679,95,280,142,57,2025-02-20,In Stock
8025,59,19,472,52,2025-08-16,In Stock
10749,51,960,282,65,2024-07-07,In Stock
16874,63,986,66,34,2025-01-31,In Stock
691,46,494,20,88,2024-12-24,Low Stock
12014,6,791,308,87,2024-06-16,In Stock
10104,35,497,169,57,2024-06-11,In Stock
1015,69,616,387,60,2025-01-15,In Stock
870,88,686,218,89,2025-09-15,In Stock
1994,1,740,147,16,2025-08-12,In Stock
10627,99,337,215,55,2024-09-05,In Stock
11950,42,389,158,13,2024-06-07,In Stock
14840,1062,621,441,57,2026-02-27,In Stock
14925,60,716,254,90,2025-07-13,In Stock
10559,24,321,221,13,2025-03-29,In Stock
7611,56,435,369,0,2026-08-12,In Stock
5284,19,867,211,29,2026-01-09,In Stock
4371,43,57,496,54,2026-02-16,In Stock
1362,50,301,121,66,2024-04-29,In Stock
1630,14,899,283,98,2025-07-15,In Stock
12626,75,965,141,36,2024-10-08,In Stock
1552,68,609,56,10,2024-07-12,In Stock
8253,38,999,216,95,2025-10-04,In Stock
10443,73,941,303,14,2024-06-03,In Stock
14632,16,99,349,22,2025-07-26,In Stock
5040,64,483,16,53,2025-08-28,Low Stock
19713,85,198,63,73,2024-08-25,Low Stock
5695,16,129,109,64,2025-10-16,In Stock
5120,62,337,316,47,2025-07-15,In Stock
1135,36,817,141,16,2026-01-03,In Stock
10997,28,582,184,57,2025-02-06,In Stock
10279,3,722,168,11,2025-08-07,In Stock
10452,6,675,8,33,2025-01-19,Low Stock
4018,64,175,31,69,2024-12-27,Low Stock
10410,9,133,203,13,2026-07-07,In Stock
2425,98,917,473,72,2026-01-14,In Stock
4139,46,968,218,82,2026-05-29,In Stock
12049,43,943,433,47,2024-09-07,In Stock
860,78,292,86,27,2024-10-27,In Stock
2963,31,291,374,79,2025-11-10,In Stock
2427,31,942,72,10,2025-04-09,In Stock
18935,2,618,188,84,2025-01-26,In Stock
7675,93,158,7,66,2024-01-21,Low Stock
4310,31,556,296,0,,In Stock
16754,73,9,367,57,2026-02-08,In Stock
4938,23,679,397,92,2024-10-26,In Stock
10897,46,48,27,46,2025-07-30,Low Stock
5286,95,847,382,25,2024-11-13,In Stock
8368,80,715,183,73,2025-08-14,In Stock
12906,23,358,15,100,2026-04-07,Low Stock
2094,78,608,123,18,2026-05-10,In Stock
18794,24,166,157,14,2026-04-01,In Stock
11337,66,634,271,49,2024-06-11,In Stock
11684,80,246,365,42,2025-09-20,In Stock
7818,84,58,302,23,2024-02-25,In Stock
1921,55,132,385,23,2025-10-04,In Stock
83,54,102,182,88,2025-09-18,In Stock
13319,99,288,126,38,2024-07-15,In Stock
18016,58,441,446,88,2026-06-05,In Stock
4397,15,380,250,94,2024-05-31,In Stock
8476,72,310,362,21,2026-04-18,In Stock
1814,21,986,367,80,2026-08-13,In Stock
1272,27,979,341,39,2025-06-04,In Stock
15227,44,64,-10,89,2025-04-27,Out of Stock
2995,66,444,449,31,2026-02-09,In Stock
19382,82,467,306,63,2024-12-02,In Stock
15675,36,358,2,80,2025-07-24,Low Stock
15439,89,219,166,83,2024-08-20,In Stock
18777,75,59,356,67,2024-02-27,In Stock
18017,62,512,65,18,2024-04-19,In Stock
2643,22,479,400,27,2025-01-13,In Stock
9281,24,201,63,40,2024-12-24,In Stock
17061,86,931,255,67,2024-07-09,In Stock
4196,25,912,314,12,2024-05-14,In Stock
13033,95,90,332,94,2024-12-01,In Stock
12769,67,707,446,96,2025-01-06,In Stock
12361,14,425,249,53,2025-05-25,In Stock
3850,91,560,16,99,2024-07-24,Low Stock
14653,85,968,5,70,2024-11-16,Low Stock
18741,8,979,222,51,2024-11-25,In Stock
16195,68,793,135,88,2025-01-24,In Stock
15254,69,27,388,88,2025-02-12,In Stock
16194,34,969,41,42,2025-11-19,Low Stock
3555,30,37,251,17,2025-08-02,In Stock
13238,50,622,300,52,2026-05-04,In Stock
2601,67,351,147,68,2025-07-18,In Stock
17621,20,450,219,87,2026-08-07,In Stock
1519,3,494,301,46,2025-10-17,In Stock
4118,89,414,446,86,2025-12-20,In Stock
10826,31,627,171,11,2024-11-28,In Stock
5756,73,570,115,24,2026-03-10,In Stock
5634,84,241,314,27,2025-03-06,In Stock
8400,31,251,408,94,2024-12-04,In Stock
18532,20,395,355,91,2024-07-28,In Stock
13066,97,414,419,97,2025-06-07,In Stock
7163,32,258,15,99,2026-03-10,Low Stock
14257,50,304,254,78,2024-06-29,In Stock
11738,18,650,346,35,2024-03-07,In Stock
15442,16,727,47,97,2024-01-16,Low Stock
1989,86,333,60,13,2024-10-10,In Stock
7738,12,8,45,78,2025-01-05,Low Stock
16902,7,79,393,84,2024-01-31,In Stock
10562,44,118,464,71,2024-06-04,In Stock
202,29,159,61,67,2025-11-16,Low Stock
19488,63,205,102,62,2024-04-19,In Stock
15167,83,215,333,82,2024-07-27,In Stock
4856,74,574,354,17,2026-03-01,In Stock
19253,46,891,318,47,2026-02-24,In Stock
9742,57,313,320,39,2026-03-20,In Stock
12503,36,605,493,12,,In Stock
15951,50,234,497,42,2024-05-26,In Stock
3766,7,714,408,68,2025-04-04,In Stock
19246,78,455,472,22,2024-05-20,In Stock
13453,14,505,227,37,2026-05-23,In Stock
6433,33,243,363,25,2026-04-26,In Stock
7847,52,703,425,37,2024-02-16,In Stock
12254,32,969,76,81,2024-08-05,Low Stock
16403,68,553,338,98,2026-05-04,In Stock
16434,4,557,202,93,2025-06-06,In Stock
888,35,107,427,52,2025-01-08,In Stock
6262,35,351,186,15,2024-11-25,In Stock
6990,97,226,273,36,2026-08-04,In Stock
6044,73,329,399,86,2025-04-17,In Stock
10809,4,182,447,40,2025-07-17,In Stock
1425,89,483,462,32,2024-02-29,In Stock
16524,44,208,447,47,2025-07-19,In Stock
15925,69,478,400,55,2026-06-19,In Stock
113,98,939,197,85,2025-04-25,In Stock
8161,35,893,329,92,2026-05-22,In Stock
19791,76,27,96,67,2024-02-05,In Stock
16200,55,19,230,20,2025-03-25,In Stock
4560,56,880,385,91,2024-03-31,In Stock
17986,62,798,342,21,2025-02-23,In Stock
11443,17,869,26,51,2025-05-29,Low Stock
11255,57,30,443,81,2024-03-19,In Stock
18274,79,921,360,82,2024-10-15,In Stock
8567,8,323,97,31,2025-10-25,In Stock
16312,39,989,2,90,2025-12-20,Low Stock
10759,44,552,462,73,2024-01-28,In Stock
16836,98,179,244,66,2026-03-15,In Stock
3732,62,357,92,37,2025-09-15,In Stock
19349,17,704,223,57,2025-02-02,In Stock
4987,81,19291,34,15,2026-05-13,In Stock
2764,74,928,106,40,2025-10-27,In Stock
13795,23,283,119,39,2026-04-04,In Stock
18674,99,651,213,99,2024-10-17,In Stock
1856,4,865,315,63,2026-01-01,In Stock
15600,43,285,111,21,2024-07-29,In Stock
12813,64,696,207,95,2026-04-07,In Stock
1000,73,899,208,30,,In Stock
390,52,463,68,25,2025-06-20,In Stock
11600,47,404,332,33,2024-01-30,In Stock
6427,37,562,145,59,2025-09-16,In Stock
10579,25,515,473,65,2025-12-18,In Stock
19548,90,93,361,46,2024-06-04,In Stock
8113,63,919,69,44,2025-09-04,In Stock
4998,37,861,45,59,2026-02-03,Low Stock
14212,63,119,487,89,2024-09-21,In Stock
19593,9,416,458,18,2026-07-12,In Stock
4797,69,818,380,13,2026-07-05,In Stock
4770,19,449,184,-5,2024-02-14,In Stock
11066,74,427,66,19,2026-06-29,In Stock
4174,76,63,70,84,2026-07-27,Low Stock
19539,66,562,144,71,2024-01-08,In Stock
1908,52,921,156,25,2025-10-26,In Stock
4947,80,905,142,50,2025-01-03,In Stock
8561,57,276,307,52,2026-07-08,In Stock
6034,5,115,453,33,2026-05-02,In Stock
7620,25,66,437,57,,In Stock
1152,87,446,85,78,2025-05-29,In Stock
18608,99,327,488,56,2024-08-27,In Stock
9690,6,591,181,84,2026-03-24,In Stock
7107,43,999,69,36,2024-11-25,In Stock
19237,83,874,80,26,2026-05-29,In Stock
4288,75,197,202,-20,2026-02-15,In Stock
2231,36,460,201,23,2025-07-22,In Stock
175,1,310,320,85,2024-12-26,In Stock
8753,81,682,375,74,2024-01-25,In Stock
3409,48,739,401,58,2024-04-10,In Stock
1539,72,453,473,10,2025-09-15,In Stock
2293,22,451,319,25,2025-11-07,In Stock
9524,64,502,77,83,2025-09-30,Low Stock
1364,33,284,498,80,2024-09-23,In Stock
4358,84,795,51,47,2025-12-07,In Stock
681,80,951,79,88,2026-04-29,Low Stock
13051,79,163,408,61,2026-02-11,In Stock
3665,31,121,52,67,2025-03-31,Low Stock
509,22,402,0,93,2025-04-14,Out of Stock
167,35,506,102,65,2025-12-12,In Stock
13690,43,352,403,90,2025-11-12,In Stock
18614,97,279,26,84,2024-11-23,Low Stock
1915,25,699,470,24,2025-06-11,In Stock
7264,90,62,310,24,2024-09-14,In Stock
10729,12,106,456,83,2024-08-01,In Stock
1105,22,975,444,60,2024-06-20,In Stock
12068,5,964,21,35,2025-04-01,Low Stock
2611,63,932,95,25,2024-09-13,In Stock
9945,31,843,153,84,2024-01-21,In Stock
5311,40,907,326,29,2025-04-02,In Stock
18797,36,173,305,68,2024-04-22,In Stock
11109,64,450,419,52,2024-10-13,In Stock
11157,22,686,372,77,2026-05-22,In Stock
153,14,387,13,19,2025-10-30,Low Stock
13423,87,396,270,19,2026-04-03,In Stock
2833,13,414,93,34,2024-05-30,In Stock
5454,2,204,458,75,2025-05-11,In Stock
17204,38,648,66,66,2025-12-18,Low Stock
3552,3,174,266,72,2024-10-10,In Stock
17818,97,269,73,80,2024-07-29,Low Stock
18915,85,345,372,15,2025-02-28,In Stock
12542,79,484,54,19,2024-01-31,In Stock
4539,88,467,359,100,2024-02-12,In Stock
14368,65,834,338,70,2026-02-18,In Stock
18555,75,73,487,45,2026-06-26,In Stock
10015,98,384,131,78,2026-06-11,In Stock
12279,95,744,24,67,2024-09-12,Low Stock
17756,25,266,444,42,2026-06-24,In Stock
15089,17,933,67,10,2026-02-13,In Stock
19410,90,981,69,55,2024-08-20,In Stock
5142,88,390,261,61,2026-03-01,In Stock
11815,54,58,243,27,2025-07-24,In Stock
19203,23,493,416,86,2026-06-22,In Stock
3451,91,604,266,46,2026-03-22,In Stock
16590,68,571,392,63,2024-08-20,In Stock
13157,68,564,441,86,2025-10-12,In Stock
2750,73,561,320,65,2026-01-09,In Stock
12708,41,93,301,-20,2024-01-16,In Stock
13132,6,900,280,90,2025-04-27,In Stock
12252,2,655,169,25,2025-09-20,In Stock
10180,12,383,401,77,2025-12-30,In Stock
5811,2,781,1,59,2025-01-02,Low Stock
5635,55,741,79,94,2024-03-12,Low Stock
11581,7,587,70,49,2024-03-19,In Stock
13927,54,558,468,79,2024-09-11,In Stock
19552,43,976,167,46,2024-12-08,In Stock
1381,32,321,229,50,2025-04-17,In Stock
19008,51,782,130,95,2026-04-21,In Stock
14902,15,22,480,100,2026-04-19,In Stock
3833,63,794,93,92,2024-01-11,In Stock
4777,55,536,199,17,2025-06-20,In Stock
4277,67,311,77,49,2025-05-21,In Stock
4959,25,337,177,51,2024-09-26,In Stock
8669,26,734,365,90,2026-02-14,In Stock
17979,74,245,421,20,2024-04-05,In Stock
16663,3,801,89,88,2024-11-21,In Stock
7416,91,769,476,19,2026-03-26,In Stock
3253,99,238,238,84,2024-10-07,In Stock
17306,34,958,301,99,2026-01-26,In Stock
16674,10,934,426,90,2025-06-23,In Stock
19549,60,139,264,25,2024-07-25,In Stock
18174,100,295,445,39,2026-03-24,In Stock
14301,31,54,323,22,2026-04-01,In Stock
15524,53,639,453,53,2024-01-30,In Stock
14271,100,447,276,20,2026-07-09,In Stock
12328,51,769,161,72,2026-01-26,In Stock
11547,32,680,-10,10,2024-04-11,Out of Stock
15640,97,297,396,66,2026-03-07,In Stock
15043,72,507,11,23,2024-02-12,Low Stock
14209,65,433,320,72,2025-09-19,In Stock
2469,35,958,126,93,2026-03-22,In Stock
18267,3,568,483,21,2026-01-06,In Stock
16655,61,157,35,42,2026-07-25,Low Stock
11758,97,2,100,82,2025-09-25,In Stock
13870,83,480,211,11,2026-01-08,In Stock
16999,93,883,191,85,2026-04-04,In Stock
9584,11,447,88,28,,In Stock
6697,2,577,268,14,2024-06-30,In Stock
3181,30,132,347,97,2024-03-21,In Stock
15090,84,385,320,20,2024-06-14,In Stock
8276,41,302,413,99,2026-01-16,In Stock
9066,30,565,261,30,2026-03-18,In Stock
11031,81,254,410,50,2024-06-24,In Stock
18200,96,572,334,14,2024-07-11,In Stock
4558,2,911,84,52,2026-03-28,In Stock
7813,36,59,108,52,2024-10-09,In Stock
12840,4,295,304,39,2024-12-28,In Stock
6298,88,842,381,88,2025-10-06,In Stock
17649,85,846,490,61,2024-09-24,In Stock
14535,50,410,288,36,2025-11-01,In Stock
15305,53,223,269,56,2024-02-17,In Stock
1133,81,399,141,39,2026-04-25,In Stock
10643,74,383,216,49,2024-08-23,In Stock
10522,68,265,446,34,2025-07-30,In Stock
17829,68,142,441,15,2024-03-30,In Stock
19578,31,443,195,89,2024-03-29,In Stock
2872,2,223,112,11,2024-10-09,In Stock
12997,69,77,126,36,2025-01-01,In Stock
1773,96,700,63,99,2024-07-16,Low Stock
10594,32,326,148,65,2025-04-15,In Stock
1914,81,989,288,56,2026-06-21,In Stock
14213,53,934,450,74,2025-05-01,In Stock
9257,80,736,16,58,2026-06-07,Low Stock
12603,24,799,270,72,2026-08-11,In Stock
14189,33,408,225,77,2025-11-20,In Stock
15418,35,484,372,23,2025-02-22,In Stock
1106,84,644,212,89,2026-05-30,In Stock
17077,75,741,88,46,2026-02-05,In Stock
18121,25,211,176,23,2025-04-07,In Stock
4957,69,934,239,98,2024-12-28,In Stock
8308,13,579,486,17,2026-08-13,In Stock
19838,26,823,249,65,2024-04-03,In Stock
3697,29,376,113,51,2025-10-29,In Stock
7779,16,3,248,86,2024-01-26,In Stock
17388,72,564,29,44,2024-05-23,Low Stock
629,36,167,329,68,2024-08-14,In Stock
2452,37,678,258,15,2024-04-21,In Stock
17299,59,462,471,34,2025-10-30,In Stock
3482,20,530,173,52,2025-09-21,In Stock
2177,63,739,447,89,2024-05-24,In Stock
17428,51,594,265,95,2026-02-05,In Stock
2788,59,343,139,57,2025-07-30,In Stock
12298,13,826,431,-20,2025-07-22,In Stock
1197,19,651,129,91,2026-04-06,In Stock
7619,76,957,387,84,2026-04-14,In Stock
4445,19,523,333,60,2024-02-17,In Stock
11129,83,212,314,56,2025-03-19,In Stock
15515,33,1,189,13,2024-08-05,In Stock
5723,91,864,104,46,2025-03-20,In Stock
18067,46,219,311,45,2024-02-13,In Stock
10696,27,588,419,69,2026-01-15,In Stock
4968,27,273,258,31,2026-04-16,In Stock
10411,43,460,428,37,2025-12-28,In Stock
4010,56,885,124,25,2026-04-16,In Stock
15516,28,159,143,95,2024-08-31,In Stock
3584,6,619,389,85,2025-09-04,In Stock
813,62,842,416,89,2026-03-26,In Stock
12425,86,969,242,31,2026-01-02,In Stock
8278,43,171,123,59,2025-08-29,In Stock
3668,51,729,435,56,2026-07-18,In Stock
12475,11,332,341,75,2024-07-01,In Stock
12783,41,9,11,28,2024-11-11,Low Stock
10212,62,918,157,91,2025-09-26,In Stock
3424,98,195,198,47,2026-01-11,In Stock
10718,44,545,479,11,2025-12-20,In Stock
8200,88,7,490,37,2025-06-28,In Stock
18933,54,630,316,56,2025-01-06,In Stock
5367,42,250,37,37,2025-05-13,Low Stock
2896,33,15,105,61,2025-12-01,In Stock
14123,69,575,305,30,2025-03-14,In Stock
1297,66,474,318,87,2026-04-21,In Stock
3643,5,48,335,56,2024-05-18,In Stock
17553,67,20,21,41,2024-04-03,Low Stock
18739,65,433,141,25,2024-04-12,In Stock
12674,18,30,412,72,2024-12-29,In Stock
19911,75,575,433,100,2026-04-04,In Stock
8549,39,513,326,80,2024-12-13,In Stock
5452,8,858,481,29,2024-06-24,In Stock
10686,24,973,17,59,2024-04-04,Low Stock
15450,96,30,480,10,2026-04-04,In Stock
7867,11,132,221,77,,In Stock
12868,17,311,194,31,2024-09-10,In Stock
14608,51,722,35,20,2025-05-09,In Stock
9798,67,29,379,54,2024-07-19,In Stock
11756,69,978,312,66,2026-02-01,In Stock
13980,35,108,174,29,2024-12-12,In Stock
9739,13,13172,413,57,2025-11-28,In Stock
14386,85,169,252,44,2024-02-02,In Stock
6475,85,514,101,48,2024-12-26,In Stock
8812,83,998,75,80,2024-12-08,Low Stock
493,81,145,294,49,2024-04-07,In Stock
11692,58,948,328,86,2025-01-25,In Stock
18306,6,65,195,42,2025-09-22,In Stock
1117,31,678,118,24,2025-05-30,In Stock
5638,100,9,329,87,2024-07-24,In Stock
5086,34,737,21,98,2024-07-24,Low Stock
1758,89,902,495,19,2026-08-05,In Stock
11487,98,997,268,83,2025-03-02,In Stock
17600,40,326,71,24,2026-07-17,In Stock
19445,85,976,155,58,2026-01-14,In Stock
6354,61,428,390,71,2024-04-04,In Stock
18912,2,526,88,43,2024-08-09,In Stock
804,59,228,383,13,2025-12-27,In Stock
3645,78,954,104,15,2024-04-11,In Stock
14351,9,670,313,82,2026-03-01,In Stock
12002,88,446,251,25,2024-04-25,In Stock
11186,38,898,236,86,2024-09-28,In Stock
1697,65,17085,210,78,2025-08-10,In Stock
2296,41,21,133,51,2025-02-13,In Stock
14795,47,675,236,67,2025-03-08,In Stock
14697,40,23,309,49,2025-10-13,In Stock
5940,94,549,432,46,2025-04-11,In Stock
19379,88,651,164,-5,2025-11-19,In Stock
9969,84,4,200,52,2025-06-09,In Stock
11034,97,288,106,50,2026-01-11,In Stock
3314,46,155,491,28,2026-05-11,In Stock
14825,35,284,171,49,2026-01-29,In Stock
9785,42,765,465,75,2024-04-22,In Stock
9916,56,339,316,76,2025-05-05,In Stock
216,81,593,429,28,2025-12-13,In Stock
1073,93,178,9,100,2025-03-06,Low Stock
8683,49,674,439,81,2024-06-03,In Stock
7007,50,471,105,100,2025-05-31,In Stock
13380,53,849,178,85,2026-03-20,In Stock
8653,35,217,425,30,2025-09-17,In Stock
13706,93,745,368,92,2025-06-15,In Stock
15385,69,944,391,90,2024-11-16,In Stock
26,27,860,315,88,2025-04-27,In Stock
19833,42,797,210,39,2025-04-25,In Stock
10602,44,44,432,47,2024-09-24,In Stock
7660,44,316,9,59,2025-01-13,Low Stock
13402,64,678,413,53,2025-06-26,In Stock
5691,30,665,344,45,2026-03-15,In Stock
9745,92,125,-10,64,2024-12-17,Out of Stock
19619,67,602,-100,97,2024-08-09,Out of Stock
18998,85,373,11,74,2024-01-01,Low Stock
12722,8,823,42,89,2024-02-22,Low Stock
9172,39,709,115,75,2024-10-29,In Stock
10848,49,558,23,77,2024-10-30,Low Stock
11909,83,60,210,90,2024-04-16,In Stock
631,34,696,49,80,2026-06-15,Low Stock
19060,9,994,366,76,2025-07-18,In Stock
8708,39,606,342,74,2025-02-09,In Stock
17941,2,936,201,24,2025-09-16,In Stock
6615,91,80,81,86,2024-03-11,Low Stock
5244,52,756,184,16,2026-02-05,In Stock
1103,44,623,419,16,2026-07-01,In Stock
2205,69,925,357,13,2025-11-28,In Stock
1693,49,74,178,63,2024-12-01,In Stock
12904,40,376,493,48,2024-10-17,In Stock
11478,13,813,76,29,2024-03-07,In Stock
11309,6,850,51,65,2025-05-22,Low Stock
13768,63,187,249,51,2025-11-16,In Stock
15065,43,851,384,88,2025-10-26,In Stock
12513,88,816,63,65,2025-06-10,Low Stock
485,77,480,197,19,2024-02-23,In Stock
14891,87,644,61,90,2024-11-27,Low Stock
720,24,54,370,52,2026-08-02,In Stock
13840,7,575,467,96,2024-05-14,In Stock
6156,28,835,135,96,2026-06-22,In Stock
4026,47,161,151,44,2024-06-02,In Stock
8225,15,921,7,65,2026-01-22,Low Stock
15494,94,524,211,48,2026-05-17,In Stock
16094,51,499,258,43,2024-05-19,In Stock
5819,85,226,193,32,2025-01-15,In Stock
11957,31,534,488,65,2024-09-07,In Stock
3867,95,891,288,73,2025-12-21,In Stock
2746,57,35,435,59,2026-08-01,In Stock
11868,30,547,197,59,2024-12-06,In Stock
10344,45,333,432,44,2024-10-27,In Stock
17850,3,331,297,65,2026-01-25,In Stock
11951,89,861,107,93,2025-03-31,In Stock
18467,77,565,176,52,2027-04-14,In Stock
4215,26,21,92,36,2024-12-03,In Stock
12097,51,211,473,28,2026-07-14,In Stock
15194,75,745,244,99,2026-06-29,In Stock
1402,23,355,-100,100,2025-05-03,Out of Stock
12829,2,948,36,81,2024-07-17,Low Stock
3254,99,439,190,53,2026-02-25,In Stock
19013,92,491,22,95,2026-01-19,Low Stock
2159,45,608,153,82,2025-07-07,In Stock
8579,33,688,102,50,2024-06-23,In Stock
17059,37,211,286,19,2026-08-11,In Stock
17854,82,746,370,61,2025-02-25,In Stock
7012,30,193,247,17,2026-07-10,In Stock
17528,81,136,382,53,2025-04-29,In Stock
10198,30,686,473,47,2025-06-04,In Stock
3842,23,347,196,16,2025-02-06,In Stock
11850,38,668,398,56,2024-07-29,In Stock
2101,96,8,427,84,2025-02-21,In Stock
1674,74,890,215,29,2024-10-01,In Stock
10294,31,967,151,50,2025-12-08,In Stock
4214,70,816,348,11,2024-07-22,In Stock
7481,96,123,334,65,2025-08-25,In Stock
14563,71,378,465,70,2026-05-11,In Stock
17392,80,363,296,32,2025-09-04,In Stock
11516,73,234,388,43,2025-08-23,In Stock
8548,17,190,30,66,2024-12-05,Low Stock
14824,60,241,284,92,2025-06-07,In Stock
16924,85,311,386,82,2026-06-08,In Stock
16364,94,526,400,11,2024-10-01,In Stock
14610,16,117,68,24,2026-02-01,In Stock
9389,79,152,436,0,2024-01-01,In Stock
10071,3,220,270,69,2024-09-17,In Stock
10861,1345,777,125,58,2024-01-09,In Stock
2006,30,253,216,91,2026-04-16,In Stock
15888,13,28,399,82,2026-07-18,In Stock
15234,29,502,129,94,2026-07-27,In Stock
13412,19,29,94,41,2025-11-13,In Stock
2258,86,534,4,22,2025-09-29,Low Stock
17467,66,288,6,48,2025-12-30,Low Stock
5575,66,445,79,14,2024-12-11,In Stock
9084,43,655,305,33,2024-08-28,In Stock
5356,93,758,121,63,2025-06-14,In Stock
6094,87,378,137,67,2025-12-23,In Stock
7936,61,187,64,-20,2026-08-07,In Stock
1520,5,574,194,84,2025-05-03,In Stock
1379,97,143,250,15,2025-07-13,In Stock
15207,51,582,230,91,2024-08-23,In Stock
13201,4,316,21,90,2026-08-14,Low Stock
18560,95,2,8,66,2024-01-06,Low Stock
5843,78,137,22,-5,2024-05-11,In Stock
7123,54,910,270,80,2025-08-09,In Stock
16212,9,44,369,69,2024-08-04,In Stock
12821,41,953,399,76,2025-08-26,In Stock
5833,23,604,82,96,2024-11-06,Low Stock
9822,6,390,345,35,2025-10-31,In Stock
12719,98,316,266,58,2026-05-12,In Stock
523,65,229,279,71,2025-04-30,In Stock
15373,17,639,368,78,2024-09-14,In Stock
235,69,400,-10,55,2024-05-19,Out of Stock
12181,49,854,400,69,2025-08-26,In Stock
6319,74,562,151,14,2024-12-30,In Stock
11993,68,824,347,97,2026-07-20,In Stock
18924,37,9,186,98,2024-05-18,In Stock
1949,24,403,498,33,2027-02-08,In Stock
6362,23,367,134,44,2025-01-30,In Stock
19822,3,360,473,45,2025-01-21,In Stock
18897,97,427,285,27,2024-09-18,In Stock
11685,13,331,-1,78,2025-06-29,Out of Stock
15928,16,789,393,99,2025-06-09,In Stock
19491,93,641,158,12,2025-01-20,In Stock
2225,34,389,81,17,2025-06-01,In Stock
19442,98,68,453,100,2025-10-17,In Stock
15247,5,658,149,78,2024-04-26,In Stock
16210,28,65,382,0,2026-06-11,In Stock
5572,61,807,316,88,2024-07-13,In Stock
4524,68,19069,193,98,2024-10-20,In Stock
5794,99,389,409,17,2026-02-09,In Stock
5739,47,32,443,47,2026-03-25,In Stock
4729,63,843,240,34,2025-03-26,In Stock
7819,38,427,230,53,2025-09-29,In Stock
8860,78,63,264,39,2026-02-03,In Stock
7764,21,110,434,92,2025-09-11,In Stock
15276,30,859,90,77,2025-05-26,In Stock
2438,45,551,277,65,2024-08-24,In Stock
14088,79,619,446,91,2025-04-01,In Stock
11990,14,958,340,47,2025-07-30,In Stock
3168,25,646,120,52,2024-02-04,In Stock
13753,95,541,164,79,2026-02-18,In Stock
15921,71,447,155,65,2026-02-04,In Stock
14028,18,657,268,54,2025-10-22,In Stock
7017,30,469,413,68,2026-01-09,In Stock
13387,45,105,33,22,2025-05-29,In Stock
15999,79,922,137,52,2024-08-11,In Stock
12642,13,965,15,42,2025-06-25,Low Stock
8601,83,625,70,40,2024-09-27,In Stock
4946,38,883,5,48,2025-11-04,Low Stock
15650,7,19208,305,96,2026-05-06,In Stock
12238,66,949,254,10,2026-06-26,In Stock
6047,78,802,79,69,2025-08-15,In Stock
9228,74,820,307,68,2025-04-13,In Stock
5586,59,872,247,42,2026-07-03,In Stock
5591,59,274,331,37,2024-12-21,In Stock
1229,68,750,468,39,2026-08-14,In Stock
13342,8,498,421,17,2025-12-12,In Stock
13334,51,753,292,93,2026-07-22,In Stock
14744,83,873,348,92,2024-11-30,In Stock
8245,78,422,187,92,2025-06-18,In Stock
18001,85,403,182,54,2025-01-17,In Stock
16238,41,776,1,74,2024-06-30,Low Stock
6556,72,587,346,47,2024-05-06,In Stock
15374,34,554,272,57,,In Stock
12146,78,48,27,24,2026-04-26,In Stock
160,9,234,177,75,2025-03-25,In Stock
1590,36,648,444,79,2024-06-16,In Stock
15370,8,432,498,37,2024-01-09,In Stock
5566,26,699,362,47,2024-07-19,In Stock
7191,41,768,279,38,2026-03-13,In Stock
17754,13,23,147,34,2026-02-01,In Stock
10577,77,651,204,75,2026-06-25,In Stock
15062,74,272,12,47,2026-08-14,Low Stock
13365,9,164,386,71,2024-11-16,In Stock
1557,56,809,83,77,2025-06-09,In Stock
2829,62,872,197,65,2025-08-14,In Stock
437,58,88,11,91,2025-04-10,Low Stock
15593,72,327,108,57,2025-07-23,In Stock
17197,39,4,118,55,2025-02-22,In Stock
2781,94,942,126,74,2025-11-06,In Stock
3702,7,29,297,35,2024-09-02,In Stock
5687,35,335,156,85,2025-10-13,In Stock
4728,10,167,328,28,,In Stock
2952,61,531,140,54,2024-06-30,In Stock
2556,86,472,234,77,2024-09-19,In Stock
10351,97,514,-1,67,2024-02-25,Out of Stock
17519,59,892,314,25,2025-10-23,In Stock
12738,42,968,-1,86,2025-01-31,Out of Stock
6466,85,363,493,95,2026-03-29,In Stock
7356,56,724,348,79,2025-08-05,In Stock
15718,21,906,500,99,2024-08-08,In Stock
7824,80,598,460,98,2024-01-25,In Stock
12450,76,534,89,65,2024-11-23,In Stock
19580,78,617,37,92,2024-01-23,Low Stock
15272,15,453,448,32,2026-05-11,In Stock
5186,27,752,456,26,2024-07-28,In Stock
8550,15,722,57,63,2024-11-15,Low Stock
5243,53,795,220,95,2026-07-15,In Stock
2093,72,666,482,99,,In Stock
10208,51,609,72,35,2024-01-23,In Stock
11949,99,136,275,100,2026-03-21,In Stock
188,1,307,66,71,2026-07-29,Low Stock
17707,89,493,496,52,2024-03-30,In Stock
17924,20,686,288,63,2024-12-04,In Stock
1382,8,193,365,24,2025-11-19,In Stock
18088,95,292,161,59,2024-07-29,In Stock
8606,86,287,440,80,2024-03-10,In Stock
15744,36,9,500,49,2024-09-03,In Stock
11529,3,662,54,90,2025-08-27,Low Stock
15039,19,375,260,98,2025-03-18,In Stock
18880,87,359,443,51,2024-07-21,In Stock
8449,78,539,312,53,2025-01-27,In Stock
11391,36,512,407,19,2024-04-18,In Stock
10650,12,137,246,38,2026-04-05,In Stock
7296,54,182,174,64,2024-02-19,In Stock
8069,17,354,68,58,2026-02-18,In Stock
12936,94,222,130,27,2024-02-02,In Stock
9960,16,821,101,70,2025-11-17,In Stock
9765,75,782,-10,57,2025-04-09,Out of Stock
25,25,409,54,92,2026-06-14,Low Stock
3364,49,424,265,15,2025-12-11,In Stock
1089,47,385,241,0,2025-03-07,In Stock
12867,42,61,395,46,2024-07-29,In Stock
10887,73,509,406,23,2025-05-18,In Stock
11591,28,296,478,72,2026-07-30,In Stock
19567,95,845,231,14,2025-12-24,In Stock
10504,77,296,372,58,2025-11-10,In Stock
12307,44,320,194,54,2024-04-30,In Stock
17080,28,311,386,35,2025-02-20,In Stock
15907,25,899,424,75,2024-08-28,In Stock
11945,59,581,136,74,2024-07-21,In Stock
6338,80,990,413,51,2025-11-27,In Stock
277,48,657,194,13,2025-11-09,In Stock
12414,52,157,385,35,2025-04-28,In Stock
3907,37,186,327,50,2025-01-19,In Stock
5846,96,36,173,89,2024-02-04,In Stock
2713,33,927,39,39,2025-11-22,Low Stock
1138,52,83,164,84,2024-10-16,In Stock
13325,2,280,369,86,2026-04-20,In Stock
2491,5,686,-1,74,2024-03-07,Out of Stock
16166,6,806,337,86,2024-04-18,In Stock
7743,86,133,354,20,2025-12-12,In Stock
14483,64,441,15,34,2024-09-07,Low Stock
13128,60,189,71,69,2025-09-15,In Stock
3936,56,611,37,72,2026-04-13,Low Stock
15073,22,645,447,32,2025-10-16,In Stock
2385,23,737,68,42,2026-07-25,In Stock
8017,21,611,379,39,2024-01-20,In Stock
7085,90,855,307,76,2025-11-13,In Stock
16500,40,799,436,29,2025-01-09,In Stock
1864,90,26,191,92,2025-09-22,In Stock
15689,51,667,104,0,2024-01-15,In Stock
365,94,587,381,62,2024-01-01,In Stock
9095,10,877,116,21,,In Stock
17875,10,963,30,82,2026-02-01,Low Stock
3803,56,482,206,83,2026-01-07,In Stock
15310,12,500,37,15,2024-03-15,In Stock
3537,63,382,456,98,2024-07-18,In Stock
3826,21,590,322,17,2025-06-16,In Stock
6643,2,257,233,64,2026-01-11,In Stock
19029,44,47,44,82,2026-08-03,Low Stock
12992,73,25,64,36,2025-03-22,In Stock
17886,13,770,54,44,2024-06-02,In Stock
13528,29,694,32,44,2026-04-28,Low Stock
7270,98,466,273,61,2026-01-16,In Stock
18082,92,876,263,73,2025-06-09,In Stock
7930,66,561,182,11,2025-11-17,In Stock
12983,20,417,270,97,2025-09-29,In Stock
7167,9,399,423,26,2026-01-10,In Stock
12870,100,487,149,22,2026-07-08,In Stock
5868,21,574,194,15,2025-04-17,In Stock
4762,53,288,438,93,2025-05-02,In Stock
883,65,89,445,25,2024-04-06,In Stock
13894,12,97,302,93,2026-03-30,In Stock
18942,38,78,379,99,2025-08-18,In Stock
558,67,180,243,44,2025-01-14,In Stock
1961,4,118,252,87,2024-10-26,In Stock
13332,45,595,428,40,2025-01-02,In Stock
1208,7,697,399,85,2026-06-29,In Stock
7685,19,364,157,19,2025-10-06,In Stock
16860,21,274,431,96,2024-06-09,In Stock
12022,95,717,287,15,2026-04-23,In Stock
10486,7,384,482,98,2025-03-27,In Stock
3631,94,546,50,87,2025-03-13,Low Stock
1709,95,18,42,40,2025-03-28,In Stock
1141,16,650,408,39,2025-01-04,In Stock
6208,39,667,130,69,2024-06-06,In Stock
18770,82,881,155,35,2024-11-17,In Stock
17992,96,170,369,38,2024-09-16,In Stock
2661,30,345,135,96,2025-07-26,In Stock
14853,2,478,129,100,2026-11-14,In Stock
1308,47,481,124,35,2025-11-27,In Stock
16213,27,290,96,84,,In Stock
12453,70,776,450,75,2024-06-09,In Stock
6906,19,782,312,55,2025-06-13,In Stock
11928,23,617,74,32,2024-02-13,In Stock
14073,8,37,156,83,2026-07-25,In Stock
9430,79,782,236,88,2024-08-26,In Stock
2152,52,393,356,49,2025-03-04,In Stock
18536,85,468,225,13,2026-08-05,In Stock
13284,33,731,211,29,2024-08-10,In Stock
5005,79,255,449,29,2025-09-09,In Stock
15997,69,79,363,15,2027-07-14,In Stock
1628,49,664,283,64,2025-12-24,In Stock
9715,74,321,323,15,2024-01-13,In Stock
359,84,574,131,95,2024-09-13,In Stock
139,84,25,353,61,,In Stock
8492,84,598,500,19,2024-05-25,In Stock
16767,67,614,271,51,2024-05-03,In Stock
11182,72,721,53,38,2024-03-26,In Stock
341,65,231,413,100,2025-07-26,In Stock
4858,72,181,338,18,2025-08-31,In Stock
9570,66,95,168,94,2024-10-21,In Stock
13866,22,901,401,14,2024-10-03,In Stock
17331,26,652,144,63,2025-12-21,In Stock
10583,97,182,121,59,2024-09-28,In Stock
5499,94,848,368,98,2025-11-19,In Stock
8557,72,200,206,46,2024-04-08,In Stock
10914,5,796,151,75,2027-01-12,In Stock
1933,53,185,237,56,2026-04-28,In Stock
2353,74,543,412,50,2024-11-03,In Stock
15849,85,23,-50,86,2025-04-27,Out of Stock
3237,96,434,244,25,2025-06-16,In Stock
12356,71,227,462,57,2026-01-31,In Stock
9494,88,656,304,34,2024-04-10,In Stock
18599,57,219,167,57,2024-06-19,In Stock
3808,95,23,410,30,2025-06-23,In Stock
1937,39,777,46,94,2025-06-29,Low Stock
5620,8,690,246,55,2024-01-19,In Stock
14974,7,143,342,97,2026-01-19,In Stock
19646,89,368,476,48,2024-09-11,In Stock
6140,24,89,125,56,2024-05-15,In Stock
786,78,5,248,18,2026-03-20,In Stock
8037,36,676,228,68,2025-10-14,In Stock
8316,97,571,460,89,2024-10-25,In Stock
19875,27,113,423,92,2024-09-15,In Stock
2170,80,698,172,46,2026-01-11,In Stock
17295,69,965,464,52,2025-08-31,In Stock
14139,10,59,157,34,2026-01-24,In Stock
11827,93,769,453,53,2024-05-19,In Stock
16347,35,673,252,64,2025-04-18,In Stock
6592,82,306,170,67,2025-11-02,In Stock
4459,35,531,321,53,2025-03-29,In Stock
14326,47,907,309,91,2025-12-06,In Stock
7598,1,705,66,13,2025-04-04,In Stock
9371,4,424,160,10,2024-07-23,In Stock
4653,50,871,457,34,2026-07-13,In Stock
443,1,58,181,20,2024-03-25,In Stock
9592,73,743,341,96,,In Stock
19138,82,675,487,21,,In Stock
17918,62,846,299,33,2024-07-17,In Stock
9650,58,283,167,82,2026-03-01,In Stock
5745,24,259,314,81,2024-05-20,In Stock
15748,77,963,346,65,2024-02-02,In Stock
17439,21,775,315,86,2025-07-25,In Stock
15846,70,250,188,95,2024-10-31,In Stock
11952,75,463,387,99,2026-02-11,In Stock
930,10,857,72,73,2025-08-29,Low Stock
19574,86,737,243,18,2026-06-04,In Stock
8768,60,233,426,-20,2025-01-21,In Stock
11121,49,494,15,18,2026-01-04,Low Stock
14731,38,74,183,81,2024-01-20,In Stock
11739,74,191,364,26,2024-10-26,In Stock
13791,53,336,198,69,2024-08-25,In Stock
19498,84,28,428,71,2025-02-13,In Stock
2012,2,561,462,95,2024-01-18,In Stock
17298,16,929,62,63,2025-10-20,Low Stock
7612,7,570,290,43,2026-07-30,In Stock
16029,54,179,-1,72,2026-02-13,Out of Stock
17965,52,606,189,42,2025-01-21,In Stock
15485,12,121,245,83,2025-10-03,In Stock
6565,68,529,461,79,2024-12-01,In Stock
18456,64,313,123,99,2025-12-25,In Stock
16391,78,520,425,18,2024-05-14,In Stock
11173,16,356,172,28,2025-12-17,In Stock
7836,44,471,77,78,2024-01-18,Low Stock
3362,7,278,302,44,2025-12-28,In Stock
12967,37,422,284,61,2025-05-26,In Stock
10136,48,545,108,99,2024-08-26,In Stock
1142,61,404,39,55,2025-02-21,Low Stock
18985,68,492,124,10,2025-04-03,In Stock
19120,20,785,248,51,2025-10-11,In Stock
15008,94,289,18,84,2025-08-17,Low Stock
15435,11,311,200,41,2024-03-03,In Stock
16744,27,331,251,10,2025-05-01,In Stock
3135,72,987,313,67,,In Stock
6991,21,740,240,25,2026-05-10,In Stock
18595,29,815,45,21,,In Stock
1824,2,600,343,100,2024-11-16,In Stock
10082,42,719,421,88,2025-05-28,In Stock
3260,46,173,221,43,2024-01-14,In Stock
10214,37,40,246,100,2024-06-07,In Stock
4021,8,594,496,23,2026-04-16,In Stock
19229,19,265,133,79,2025-01-31,In Stock
3501,64,430,43,80,2027-02-01,Low Stock
2659,17,825,178,89,2024-02-15,In Stock
17515,87,290,43,43,2026-02-14,Low Stock
13750,92,35,382,16,2024-11-30,In Stock
10517,25,842,277,80,2025-04-24,In Stock
1820,54,961,448,89,2026-06-09,In Stock
7462,68,90,162,91,2025-08-11,In Stock
5625,9,533,446,-5,2026-07-21,In Stock
18476,41,612,474,82,2024-06-01,In Stock
7065,20,738,39,45,2024-10-13,Low Stock
9343,81,477,441,42,2024-10-23,In Stock
12337,7,328,491,46,2024-11-10,In Stock
4670,79,2,267,79,2025-08-08,In Stock
9429,72,769,190,21,2025-03-26,In Stock
5477,84,737,88,33,2024-07-14,In Stock
5744,44,524,199,41,2024-04-14,In Stock
15671,87,608,86,46,2024-10-19,In Stock
1857,5,667,272,29,2024-08-17,In Stock
2283,91,809,493,36,2026-02-05,In Stock
13393,93,181,66,83,2024-05-22,Low Stock
6440,92,644,197,26,2026-04-14,In Stock
6032,8,606,40,98,2026-08-04,Low Stock
387,64,998,45,84,2025-06-03,Low Stock
1629,42,522,98,37,2025-09-15,In Stock
11778,21,968,373,78,2026-06-09,In Stock
19747,35,373,207,91,2025-03-16,In Stock
13852,39,649,469,37,2026-02-10,In Stock
7719,83,412,384,75,2024-01-22,In Stock
7545,68,999,345,76,2025-03-11,In Stock
11382,12,246,456,61,2026-07-25,In Stock
4659,67,799,388,56,2026-02-17,In Stock
12498,46,856,10,64,2025-01-15,Low Stock
9102,87,202,318,12,2024-10-13,In Stock
10059,74,744,339,63,2024-09-14,In Stock
1843,1177,179,170,36,2025-12-26,In Stock
16586,33,461,105,51,2026-04-25,In Stock
3869,83,158,6,42,2026-01-19,Low Stock
5055,74,570,253,63,2024-03-29,In Stock
5890,74,258,310,82,2025-03-24,In Stock
14377,25,221,71,-5,2024-09-07,In Stock
19429,87,354,382,19,2025-01-12,In Stock
16716,82,550,290,16,2025-05-25,In Stock
3809,3,329,161,51,2025-09-25,In Stock
18470,39,849,272,65,2025-04-07,In Stock
936,38,169,194,10,2025-08-06,In Stock
10652,93,358,497,26,2026-01-10,In Stock
1775,27,171,181,18,2026-06-14,In Stock
18171,40,104,297,88,2026-01-30,In Stock
3745,32,303,297,62,2025-12-10,In Stock
17374,21,840,319,56,2026-05-25,In Stock
5444,95,209,380,47,2024-08-23,In Stock
18672,56,415,311,87,2024-04-19,In Stock
13970,64,369,104,54,2025-08-02,In Stock
1876,39,300,208,76,2024-05-02,In Stock
3761,76,933,422,98,2026-03-03,In Stock
19092,58,487,274,45,2026-01-26,In Stock
3053,53,439,331,35,2024-03-22,In Stock
13655,17,616,446,95,2024-01-16,In Stock
13147,91,271,314,44,2025-10-05,In Stock
19111,100,900,368,19,2025-02-27,In Stock
4616,71,821,124,43,2024-09-28,In Stock
15813,16,456,340,57,2024-04-10,In Stock
3322,14,157,45,32,2024-10-21,In Stock
18540,100,469,263,68,2025-02-24,In Stock
3312,65,967,47,76,2024-01-26,Low Stock
18056,17,318,218,12,2024-07-08,In Stock
17983,34,888,155,61,2026-05-29,In Stock
18163,60,815,452,23,2024-05-30,In Stock
12744,64,824,457,98,2025-04-14,In Stock
12872,93,330,398,76,2026-07-18,In Stock
11596,7,440,319,18,2024-09-25,In Stock
8211,16,846,397,52,2026-01-26,In Stock
11432,53,993,137,39,2026-05-13,In Stock
17741,49,688,138,51,2025-07-12,In Stock
16019,19,780,298,18,2025-07-13,In Stock
1518,100,744,112,66,2026-06-29,In Stock
19424,75,621,82,16,2025-11-18,In Stock
4493,76,628,63,48,2024-02-20,In Stock
3113,40,492,188,56,2025-04-03,In Stock
16567,44,447,166,95,2025-10-07,In Stock
16295,79,625,392,98,2026-02-06,In Stock
11835,24,47,198,98,2026-03-11,In Stock
2867,82,87,61,21,2026-05-04,In Stock
856,13,839,500,90,2024-06-28,In Stock
18784,66,570,434,67,2024-09-23,In Stock
4913,79,79,52,44,2026-03-23,In Stock
13861,11,232,198,71,2026-05-08,In Stock
5464,23,853,165,45,2025-04-08,In Stock
5483,21,455,268,38,2024-04-02,In Stock
12606,11,811,174,90,2026-05-02,In Stock
18670,16,632,225,-20,2024-08-09,In Stock
3829,81,896,394,30,2024-10-30,In Stock
18462,39,19,265,31,2024-07-18,In Stock
4698,57,83,39,68,2024-06-27,Low Stock
15201,64,291,382,25,2026-08-11,In Stock
4988,16,219,310,95,2026-01-05,In Stock
4651,25,571,194,14,2026-01-05,In Stock
17544,21,914,199,34,2024-02-26,In Stock
17710,30,624,3,39,2024-06-14,Low Stock
10289,15,132,88,37,2026-05-25,In Stock
6797,14,964,99,54,2026-06-07,In Stock
5809,91,916,395,37,2024-07-30,In Stock
5411,77,74,11,30,2024-06-30,Low Stock
8334,37,642,150,18,2025-07-07,In Stock
2801,19,921,81,56,2024-05-23,In Stock
9837,1,167,136,24,2025-11-11,In Stock
10333,5,391,51,64,2024-12-07,Low Stock
12729,40,345,183,59,2024-09-19,In Stock
13779,10,22,445,12,2024-08-22,In Stock
7816,97,213,468,42,2026-07-04,In Stock
4379,37,675,254,65,2026-01-19,In Stock
8922,87,409,252,27,2025-06-07,In Stock
6717,84,455,102,43,2025-06-15,In Stock
2262,39,444,389,16,2025-04-07,In Stock
7430,20,164,55,26,2024-02-15,In Stock
9303,32,733,168,83,2024-02-25,In Stock
19371,67,727,307,97,2025-06-08,In Stock
11191,63,831,467,51,2026-04-06,In Stock
17570,90,201,348,73,2026-05-27,In Stock
2008,11,13954,259,86,2024-02-14,In Stock
194,8,279,444,10,2025-09-08,In Stock
13804,98,126,91,65,2024-07-11,In Stock
19297,85,689,179,23,2025-07-09,In Stock
8771,40,263,440,41,2024-03-15,In Stock
16301,15,611,30,0,2024-08-05,In Stock
772,43,626,13,24,2026-05-28,Low Stock
10588,81,577,240,72,2026-02-24,In Stock
12467,33,647,362,21,2025-05-18,In Stock
18303,50,200,154,22,2024-01-15,In Stock
14869,20,251,215,12,2024-09-09,In Stock
14568,61,573,461,55,,In Stock
16790,44,220,261,89,2026-05-23,In Stock
7572,57,3,334,100,2025-07-02,In Stock
10089,51,350,434,62,2024-10-06,In Stock
16911,63,368,379,44,2026-06-22,In Stock
6318,6,750,241,100,2025-08-22,In Stock
11852,77,636,103,48,2025-05-04,In Stock
6582,21,376,61,-5,2024-08-07,In Stock
1448,42,234,406,86,2024-10-27,In Stock
343,98,273,454,28,2026-07-18,In Stock
13320,36,442,202,37,2024-12-09,In Stock
11329,34,454,232,47,2025-07-18,In Stock
17112,83,498,128,70,2024-06-12,In Stock
9169,12,916,322,74,2026-03-15,In Stock
19433,78,17760,309,13,2026-03-07,In Stock
7369,38,799,110,58,2025-05-21,In Stock
2045,13,450,149,72,2024-06-09,In Stock
7157,58,279,220,27,2024-02-06,In Stock
16289,52,225,57,96,2026-04-21,Low Stock
7852,12,327,119,36,2024-05-27,In Stock
10179,48,215,64,39,2025-10-28,In Stock
12133,91,406,431,89,2026-06-18,In Stock
13616,24,230,86,82,2024-01-26,In Stock
17733,52,903,154,51,2026-03-10,In Stock
17045,16,918,169,63,2025-05-10,In Stock
1493,57,969,387,62,2025-01-10,In Stock
779,73,156,425,75,2024-12-05,In Stock
9886,60,404,210,44,2024-07-01,In Stock
9278,82,700,187,28,2025-12-31,In Stock
2525,94,915,248,90,2025-09-02,In Stock
5375,28,439,88,10,2025-06-20,In Stock
19507,96,893,186,85,2026-05-29,In Stock
16233,30,610,466,71,2026-05-22,In Stock
14850,25,758,448,70,2025-05-30,In Stock
17372,85,250,422,21,2024-08-20,In Stock
8260,18,903,241,32,2024-02-14,In Stock
18346,43,17617,217,86,2026-02-13,In Stock
41,56,862,72,41,2026-06-12,In Stock
11241,2,210,394,48,2024-01-28,In Stock
18678,62,352,55,26,2025-02-15,In Stock
14425,51,950,265,91,2026-06-21,In Stock
11640,51,475,247,18,2024-08-28,In Stock
6817,63,586,460,12,2025-01-26,In Stock
17945,67,796,45,67,2026-08-06,Low Stock
18472,39,382,492,65,2024-11-02,In Stock
10705,41,340,300,25,2024-11-06,In Stock
14141,27,42,427,47,2026-07-10,In Stock
1461,98,583,31,18,2024-10-19,In Stock
18948,47,737,249,77,2024-10-27,In Stock
4494,51,853,385,59,2026-02-03,In Stock
13075,71,112,334,85,2025-07-22,In Stock
13687,44,491,146,77,2024-04-29,In Stock
13948,81,724,455,-20,2024-05-26,In Stock
11003,48,170,99,77,2024-01-03,In Stock
15433,72,44,302,29,2024-04-15,In Stock
7231,17,471,249,95,2026-04-30,In Stock
15687,25,250,477,42,2024-02-26,In Stock
10413,76,193,16,34,2024-08-21,Low Stock
5076,36,33,459,96,2024-01-06,In Stock
9642,21,402,438,30,2024-04-15,In Stock
18805,83,618,491,39,2024-05-05,In Stock
4089,70,710,270,45,2026-06-21,In Stock
19201,64,114,465,20,2025-06-08,In Stock
14950,14,625,88,36,2025-09-06,In Stock
4250,44,27,27,24,2026-05-09,In Stock
16808,32,786,56,24,2026-06-16,In Stock
19694,84,27,23,97,2025-12-13,Low Stock
10097,84,645,261,79,2026-01-12,In Stock
19916,61,101,177,75,2024-06-21,In Stock
12110,34,885,92,-5,2026-03-09,In Stock
6143,86,68,446,72,2026-06-22,In Stock
5662,11,147,97,93,2024-03-22,In Stock
13971,1,601,313,46,2024-04-24,In Stock
15038,76,514,94,86,2026-02-19,In Stock
9032,51,102,467,86,2025-11-04,In Stock
2660,14,339,26,25,2026-06-16,In Stock
142,44,267,433,41,2024-12-19,In Stock
2598,66,170,282,95,2025-10-26,In Stock
6702,36,393,247,80,2025-03-31,In Stock
15224,59,101,432,21,2026-05-05,In Stock
17762,9,916,310,55,2024-09-09,In Stock
3211,10,935,215,43,2024-01-23,In Stock
7419,34,612,122,38,2024-11-12,In Stock
17523,66,483,55,27,2025-12-19,In Stock
10450,18,213,220,22,2024-06-24,In Stock
12131,68,303,440,22,2025-09-20,In Stock
18338,79,488,-1,66,2024-08-19,Out of Stock
16844,85,627,382,97,2025-04-10,In Stock
16014,29,380,203,14,2024-03-29,In Stock
8180,84,294,124,0,2024-05-07,In Stock
11566,59,191,454,68,2025-08-08,In Stock
17333,100,930,246,-5,2025-05-01,In Stock
9529,4,113,291,15,2025-07-28,In Stock
6371,7,636,262,18,2025-06-12,In Stock
4629,34,416,242,69,2026-08-12,In Stock
14479,9,351,389,58,2025-05-01,In Stock
442,49,515,10,14,2024-12-17,Low Stock
9795,34,582,396,95,2025-07-27,In Stock
9047,75,178,61,45,2026-07-02,In Stock
3831,30,485,359,20,2026-02-05,In Stock
19454,97,287,488,53,,In Stock
6345,91,579,85,24,2026-08-06,In Stock
18627,42,990,176,92,2025-05-08,In Stock
1959,28,630,127,31,2026-02-21,In Stock
156,63,722,24,0,2026-02-16,In Stock
10488,89,308,445,39,2025-12-21,In Stock
18888,24,263,-50,40,2026-01-17,Out of Stock
4579,29,52,368,71,2026-04-25,In Stock
1090,57,14,-10,80,2024-12-28,Out of Stock
12577,70,995,-10,22,2024-04-22,Out of Stock
9123,57,543,202,38,2026-05-26,In Stock
7951,49,467,12,38,2025-04-21,Low Stock
11102,76,621,456,86,2026-06-11,In Stock
18726,58,224,437,46,2025-12-04,In Stock
6417,18,571,287,62,2024-04-23,In Stock
16022,23,430,339,49,2025-06-29,In Stock
9088,44,59,400,14,2026-06-11,In Stock
11440,88,668,153,55,2025-10-25,In Stock
7097,83,530,366,96,2024-06-22,In Stock
1099,1649,738,500,86,2025-06-24,In Stock
5434,77,898,26,100,2026-08-07,Low Stock
13231,11,127,336,88,2025-01-30,In Stock
6451,30,664,468,64,2026-03-12,In Stock
12329,74,524,476,92,2026-02-23,In Stock
10786,74,820,285,97,2024-09-21,In Stock
3349,85,239,80,67,2025-07-09,In Stock
4080,93,798,65,99,2026-03-28,Low Stock
9178,6,558,195,19,,In Stock
19772,43,952,107,79,2025-12-09,In Stock
588,78,220,76,15,2024-07-17,In Stock
9347,14,1000,265,74,2026-03-19,In Stock
13270,77,310,109,40,2025-09-04,In Stock
13538,40,564,287,96,2024-05-18,In Stock
18179,60,533,345,35,2025-01-11,In Stock
10965,59,360,54,31,2025-01-17,In Stock
13676,72,232,225,54,2025-02-22,In Stock
16300,47,125,40,74,2027-02-01,Low Stock
646,21,41,436,80,2024-04-01,In Stock
11750,31,603,287,18,2024-01-23,In Stock
9588,11,936,202,28,2026-01-22,In Stock
16649,98,850,87,36,2024-10-30,In Stock
11740,11,259,432,45,2024-02-18,In Stock
15037,72,922,442,70,2026-02-20,In Stock
227,72,695,328,99,2024-05-01,In Stock
3865,36,534,9,59,2024-06-12,Low Stock
10593,49,584,378,82,2024-09-06,In Stock
19069,24,93,25,22,2025-07-27,In Stock
9013,71,569,82,44,2024-09-22,In Stock
16155,87,666,489,47,2026-06-05,In Stock
8439,84,437,378,45,2025-01-14,In Stock
1530,13,683,131,56,2027-04-30,In Stock
18527,59,10,224,94,2024-04-17,In Stock
924,41,871,15,74,2024-08-05,Low Stock
18140,74,824,449,16,2024-02-02,In Stock
17054,83,929,411,32,2024-04-15,In Stock
10103,22,326,100,53,2026-02-03,In Stock
7184,54,316,192,82,2024-06-16,In Stock
12151,77,694,277,80,2025-10-05,In Stock
19327,67,462,143,22,2025-12-19,In Stock
2592,8,341,342,69,2024-12-08,In Stock
5907,14,133,313,80,2026-08-11,In Stock
11206,7,265,271,79,2024-12-28,In Stock
7134,29,150,234,42,2024-05-07,In Stock
2308,63,754,256,86,2024-06-08,In Stock
17072,90,440,428,58,2026-02-27,In Stock
14204,10,156,268,44,2026-04-09,In Stock
613,21,161,44,38,2026-04-05,In Stock
11169,21,474,350,13,2024-04-12,In Stock
6630,18,882,275,19,2025-11-19,In Stock
4136,81,902,468,30,2024-06-15,In Stock
1899,35,112,303,77,2026-07-27,In Stock
13938,65,771,166,90,2026-07-02,In Stock
283,72,430,328,58,2026-06-09,In Stock
259,73,979,413,87,2026-04-14,In Stock
11117,45,760,49,33,2024-10-20,In Stock
19851,83,279,467,47,2025-05-21,In Stock
4944,63,585,482,83,2024-03-05,In Stock
14722,7,904,485,93,2026-03-22,In Stock
11532,85,980,371,90,2025-03-27,In Stock
6972,70,1000,404,93,2025-05-14,In Stock
14890,26,540,436,75,2025-09-27,In Stock
13522,16,40,451,48,2025-10-07,In Stock
5224,85,92,311,79,2024-12-23,In Stock
2286,76,252,265,22,2025-10-20,In Stock
8079,12,684,62,59,2025-12-16,In Stock
6711,40,156,202,63,2024-10-31,In Stock
19751,8,185,495,79,2024-10-29,In Stock
10404,68,18250,-100,83,2025-02-02,Out of Stock
476,43,24,182,91,2024-04-10,In Stock
16392,47,376,227,91,2025-09-11,In Stock
6412,20,32,500,65,2025-04-18,In Stock
2552,77,579,262,64,2026-07-15,In Stock
6853,47,894,325,59,2024-06-17,In Stock
5547,50,787,408,20,2026-05-31,In Stock
13490,75,437,38,41,2025-04-15,Low Stock
18427,2,192,300,70,2026-04-21,In Stock
9204,21,333,85,-20,2024-07-29,In Stock
17962,26,363,483,20,2026-02-16,In Stock
10184,86,39,404,90,2025-08-19,In Stock
13566,86,555,460,92,2024-10-12,In Stock
16281,42,671,160,12,2025-07-25,In Stock
18771,18,332,165,98,2025-01-24,In Stock
7194,57,67,273,87,2024-06-04,In Stock
6824,25,702,-50,73,2026-09-19,Out of Stock
19675,41,63,111,74,2026-03-01,In Stock
782,59,660,70,60,2026-05-23,In Stock
14940,99,898,237,98,2024-05-29,In Stock
10984,45,579,302,55,2024-06-28,In Stock
6520,80,374,396,47,2025-12-03,In Stock
5775,39,281,378,83,2025-01-12,In Stock
13172,46,205,280,88,2024-08-21,In Stock
9284,12,80,84,62,2025-10-11,In Stock
9370,54,187,326,31,2025-10-07,In Stock
19568,97,419,48,13,2024-08-04,In Stock
10272,32,924,312,49,2026-06-27,In Stock
5056,65,212,312,60,2026-05-26,In Stock
10801,78,579,321,74,2024-07-05,In Stock
19413,1527,848,101,78,2026-06-04,In Stock
1728,24,694,169,26,2024-10-21,In Stock
16995,40,427,101,64,2024-10-06,In Stock
16010,66,500,70,65,2026-05-13,In Stock
4667,87,282,139,35,2025-07-09,In Stock
8536,84,87,69,77,2025-03-24,Low Stock
3751,21,956,47,20,2024-08-26,In Stock
12925,86,84,299,53,2026-07-06,In Stock
12723,46,822,471,28,2025-09-02,In Stock
11408,55,991,143,36,2024-02-17,In Stock
98,89,238,315,64,2024-06-14,In Stock
3138,1287,61,219,67,2024-09-27,In Stock
13369,86,14599,420,98,2025-01-05,In Stock
14358,29,77,349,91,2026-07-23,In Stock
17922,3,996,200,63,2026-03-05,In Stock
13141,49,641,286,90,2024-11-20,In Stock
15178,35,317,333,85,2024-07-30,In Stock
3649,73,642,120,13,2025-08-18,In Stock
10850,54,983,189,46,2024-11-10,In Stock
18141,35,77,364,89,2025-02-06,In Stock
17902,15,919,204,34,2025-12-09,In Stock
1634,35,495,29,60,2024-01-31,Low Stock
12465,5,580,454,98,2025-11-21,In Stock
11862,60,111,274,67,2026-03-29,In Stock
2326,51,271,388,13,2024-08-03,In Stock
6172,49,503,11,68,2026-07-13,Low Stock
7522,43,858,176,79,2024-12-23,In Stock
573,2,415,97,32,2025-11-18,In Stock
9880,28,724,253,82,2026-03-25,In Stock
19478,41,744,465,20,2024-11-20,In Stock
598,20,356,397,12,2026-02-05,In Stock
15353,47,218,211,20,2024-12-09,In Stock
7346,5,16912,468,15,2025-05-07,In Stock
6305,41,824,126,12,2026-03-12,In Stock
19863,26,313,407,31,2025-07-10,In Stock
16377,97,6,201,66,2024-08-05,In Stock
18482,70,457,9,29,2026-01-10,Low Stock
1754,75,954,455,23,2024-03-19,In Stock
5433,62,916,148,41,2025-09-29,In Stock
13184,12,972,112,45,2025-07-03,In Stock
18176,91,160,143,29,2024-01-09,In Stock
19882,92,418,231,74,2024-10-10,In Stock
11930,97,293,316,11,2025-03-13,In Stock
18125,77,995,111,55,2025-11-07,In Stock
18929,46,421,48,39,2024-09-05,In Stock
9136,45,137,175,58,2024-12-06,In Stock
19196,32,362,254,69,2025-09-27,In Stock
1172,8,407,172,82,2025-04-01,In Stock
15563,74,420,461,86,2024-02-02,In Stock
7928,17,596,253,46,2025-08-17,In Stock
19689,69,824,334,68,2025-06-18,In Stock
19320,59,611,156,78,2025-03-12,In Stock
3190,94,515,354,32,2024-01-08,In Stock
18395,36,796,497,72,2025-05-01,In Stock
14532,59,205,447,87,2024-02-08,In Stock
15893,68,834,31,58,2024-01-19,Low Stock
19577,4,936,111,39,2025-03-31,In Stock
17259,58,947,151,88,2024-12-07,In Stock
19727,21,564,21,15,2025-11-08,In Stock
2644,2,433,482,79,2025-04-07,In Stock
5348,73,229,287,29,2026-08-01,In Stock
9033,45,896,83,60,2025-02-08,In Stock
16966,38,640,273,91,2024-07-16,In Stock
205,67,773,215,38,2026-03-08,In Stock
7897,6,686,230,33,2024-03-20,In Stock
9834,17,278,470,92,2025-10-22,In Stock
2015,44,868,395,79,2025-02-24,In Stock
17290,61,385,91,16,2025-09-12,In Stock
17016,38,776,284,67,2025-10-04,In Stock
8462,50,680,479,22,2025-02-25,In Stock
1975,46,565,230,10,2025-09-11,In Stock
163,86,592,19,62,2024-11-01,Low Stock
4999,14,681,219,33,2025-10-04,In Stock
18569,83,338,187,-5,2025-03-15,In Stock
9558,63,757,253,48,2026-03-03,In Stock
4714,92,43,483,100,2025-09-28,In Stock
9068,95,571,436,-5,2025-07-07,In Stock
1432,53,716,416,95,2025-10-26,In Stock
15262,50,462,104,69,2025-07-06,In Stock
12836,47,858,147,95,2025-07-15,In Stock
13976,64,139,451,-20,2024-03-14,In Stock
19547,92,911,21,93,2024-08-30,Low Stock
7711,77,881,119,55,2024-09-17,In Stock
7737,2,373,133,35,2024-05-22,In Stock
4284,97,433,190,53,2025-11-29,In Stock
7532,84,42,416,42,,In Stock
14140,28,753,129,95,2025-05-12,In Stock
17070,46,408,253,74,2026-02-15,In Stock
13494,78,698,197,68,2024-07-25,In Stock
10054,1743,55,200,90,2025-12-29,In Stock
10852,11,14,258,58,2026-08-06,In Stock
3385,36,917,178,20,2026-01-09,In Stock
2840,100,601,204,74,2025-09-23,In Stock
18671,64,687,-10,76,2026-02-18,Out of Stock
15079,84,261,464,31,2024-05-21,In Stock
15942,66,958,162,69,2025-11-01,In Stock
10596,16,478,338,44,2026-04-24,In Stock
15434,74,168,402,67,2025-08-21,In Stock
2097,74,850,263,92,2024-05-03,In Stock
10196,32,831,146,59,2024-08-29,In Stock
8000,71,810,159,90,2024-12-10,In Stock
19028,31,21,451,0,2027-05-12,In Stock
5018,82,393,405,16,2027-02-12,In Stock
17834,19,922,302,46,2025-08-26,In Stock
2758,78,216,10,17,2025-03-09,Low Stock
6398,39,143,420,16,2025-06-02,In Stock
10078,72,973,363,77,2026-07-10,In Stock
13931,54,752,242,21,2026-01-12,In Stock
14083,94,845,56,73,2025-06-26,Low Stock
2098,10,569,379,52,2025-12-15,In Stock
8330,85,554,213,13,,In Stock
9029,11,239,480,16,2024-05-17,In Stock
3472,48,940,210,90,2025-01-12,In Stock
12890,34,396,80,78,2025-07-29,In Stock
14473,39,584,472,22,2025-09-27,In Stock
16231,1,923,455,35,2025-06-14,In Stock
1734,75,442,339,60,2024-03-08,In Stock
10109,49,101,232,82,2024-02-13,In Stock
1284,67,798,167,45,2025-12-05,In Stock
12486,59,889,115,25,2025-06-03,In Stock
12449,97,267,400,30,2024-11-17,In Stock
10029,86,492,75,85,2025-05-14,Low Stock
1020,48,661,352,10,2025-04-16,In Stock
16185,89,104,460,49,2026-11-08,In Stock
18849,6,935,426,44,2026-02-19,In Stock
9519,100,419,330,83,2025-12-22,In Stock
17521,18,251,92,59,2026-06-01,In Stock
1652,31,863,476,72,2026-04-24,In Stock
831,42,522,302,95,2025-03-26,In Stock
1170,47,226,67,79,2024-02-21,Low Stock
10721,37,65,95,78,2025-11-18,In Stock
6257,96,999,169,49,2025-10-08,In Stock
5470,84,644,345,75,2026-02-15,In Stock
16045,72,992,62,99,2027-05-12,Low Stock
10259,96,175,82,38,2024-10-24,In Stock
16064,30,664,425,32,2025-05-16,In Stock
17252,20,722,357,62,2025-12-26,In Stock
11167,87,104,24,24,2026-03-02,Low Stock
19842,61,639,275,91,2024-04-16,In Stock
5094,40,785,448,93,2026-06-01,In Stock
542,82,657,201,76,2024-01-07,In Stock
9325,89,149,417,31,2025-07-16,In Stock
17048,84,389,416,32,2025-07-27,In Stock
12694,95,211,162,81,2025-12-08,In Stock
19829,34,334,419,80,2026-04-30,In Stock
3391,96,170,199,41,2025-12-25,In Stock
12081,16,516,65,53,2025-06-16,In Stock
11155,2,616,441,84,2026-06-18,In Stock
14227,80,899,474,58,2024-09-13,In Stock
16978,65,297,134,17,2025-02-27,In Stock
16030,25,892,224,87,2024-08-10,In Stock
16973,26,217,383,68,2025-08-25,In Stock
10776,21,418,184,-5,2024-08-04,In Stock
11006,48,533,170,26,2025-11-01,In Stock
3960,8,877,448,80,2025-03-10,In Stock
6644,64,539,297,70,2024-05-13,In Stock
16101,3,165,274,58,2024-05-08,In Stock
16088,58,466,251,55,2024-10-20,In Stock
3587,46,343,101,61,2025-11-15,In Stock
18380,24,526,266,61,2024-10-16,In Stock
2564,89,644,404,57,2025-05-01,In Stock
10823,17,944,325,31,2024-02-06,In Stock
18207,75,792,76,77,2026-02-18,Low Stock
5037,86,304,366,36,2024-01-23,In Stock
1081,85,195,107,10,2024-08-05,In Stock
5892,11,457,107,61,2025-09-02,In Stock
14538,8,709,410,90,2025-04-25,In Stock
2024,82,879,29,76,2024-10-21,Low Stock
13110,65,931,449,43,2025-06-08,In Stock
19378,14,494,143,99,2024-12-23,In Stock
7910,29,959,356,46,2024-09-15,In Stock
2484,68,365,297,29,2026-08-12,In Stock
16611,87,567,11,53,2025-04-28,Low Stock
1014,71,401,213,81,2024-01-08,In Stock
14872,99,949,102,13,2026-08-08,In Stock
9236,74,236,359,28,2024-10-23,In Stock
5252,65,650,122,75,2025-05-16,In Stock
9597,7,823,424,28,2024-08-11,In Stock
2180,20,932,324,43,2026-06-06,In Stock
17082,87,129,470,90,2024-03-02,In Stock
17509,44,233,136,10,2024-08-30,In Stock
12088,2,995,378,80,2024-03-19,In Stock
5111,89,341,262,43,2026-07-07,In Stock
1779,37,709,410,81,2024-07-29,In Stock
18283,30,675,469,25,2024-05-24,In Stock
15380,65,406,454,31,2026-05-31,In Stock
7605,8,553,38,85,2024-09-22,Low Stock
13945,53,940,202,67,2024-12-05,In Stock
17422,21,710,125,74,,In Stock
18484,78,888,319,74,2025-05-01,In Stock
18409,68,732,115,33,2025-01-17,In Stock
10474,91,9,43,64,2025-03-24,Low Stock
14934,29,660,457,25,2024-04-08,In Stock
5133,8,919,325,17,2025-06-12,In Stock
2160,6,684,178,65,2025-01-26,In Stock
11330,23,217,314,84,2025-06-28,In Stock
14043,13,495,36,75,2025-06-28,Low Stock
14567,86,639,75,44,2025-08-16,In Stock
6446,69,428,347,96,2025-01-10,In Stock
3968,99,653,55,84,2025-04-14,Low Stock
1429,28,625,140,82,2024-05-22,In Stock
3082,55,785,42,41,2026-05-04,In Stock
2521,37,965,135,45,2025-04-16,In Stock
11755,31,758,2,86,2024-07-12,Low Stock
10048,54,732,40,-5,2026-05-07,In Stock
18474,91,654,311,63,2024-04-16,In Stock
6020,78,873,136,48,2024-11-24,In Stock
16833,82,878,227,96,2026-11-24,In Stock
16899,13,26,456,65,2025-04-11,In Stock
3728,60,886,470,73,2025-04-16,In Stock
8554,56,522,108,87,2024-12-07,In Stock
17060,8,78,450,39,2026-03-24,In Stock
9497,71,806,254,66,2026-02-21,In Stock
6252,7,753,277,15,2026-01-12,In Stock
5927,87,171,394,19,,In Stock
16407,29,764,215,99,2026-07-26,In Stock
18038,82,22,321,66,2024-05-29,In Stock
8895,59,180,158,49,2024-06-30,In Stock
8707,90,41,15,99,2026-06-27,Low Stock
1377,40,171,169,26,2025-12-16,In Stock
1725,50,543,480,65,2025-09-29,In Stock
3755,75,206,83,67,2025-12-26,In Stock
10518,27,870,-100,53,2024-08-15,Out of Stock
19423,43,203,302,40,2024-03-12,In Stock
4083,20,180,439,59,2024-09-16,In Stock
11871,9,953,68,100,2026-08-10,Low Stock
18807,65,630,11,82,2025-11-28,Low Stock
12501,95,850,219,57,2024-06-05,In Stock
13058,48,284,342,56,2025-04-25,In Stock
16141,41,895,236,60,2024-11-15,In Stock
10774,45,203,476,52,2025-03-07,In Stock
9952,99,54,394,45,2024-04-30,In Stock
14572,29,372,422,34,2025-04-21,In Stock
17031,71,376,254,15,2025-03-12,In Stock
4771,92,267,479,20,2024-02-16,In Stock
14216,100,687,250,49,2025-09-26,In Stock
15998,32,848,300,18,2025-06-22,In Stock
7166,58,210,493,83,2024-04-21,In Stock
18290,16,139,328,17,2026-03-23,In Stock
11183,90,489,199,52,2025-10-11,In Stock
19830,22,315,322,79,2024-07-05,In Stock
4876,11,394,412,19,2024-04-04,In Stock
10737,97,279,488,50,2024-08-04,In Stock
18970,20,179,53,81,2025-07-18,Low Stock
15991,62,189,393,12,2025-11-09,In Stock
12259,81,698,398,12,2024-11-11,In Stock
686,4,981,377,71,2025-09-23,In Stock
11436,87,858,473,39,2024-01-07,In Stock
18818,40,943,147,78,2025-09-26,In Stock
14292,16,289,121,96,2025-06-08,In Stock
2462,47,132,384,30,2026-07-24,In Stock
12276,12,716,22,82,2026-03-03,Low Stock
11890,16,830,368,60,2025-11-10,In Stock
7129,4,760,24,-20,2025-12-04,In Stock
16378,44,79,133,72,2025-09-02,In Stock
5947,62,740,158,93,2024-05-21,In Stock
4584,62,604,278,82,2024-07-11,In Stock
12233,43,429,261,49,2024-07-11,In Stock
13071,95,873,238,67,2025-08-03,In Stock
16906,42,140,173,85,2025-01-03,In Stock
19328,5,63,319,24,2024-06-01,In Stock
3984,38,423,460,68,2026-03-25,In Stock
14687,61,260,369,94,2025-06-04,In Stock
6304,36,691,356,26,2024-08-29,In Stock
9909,29,361,151,10,2025-12-26,In Stock
781,90,314,439,20,2024-11-17,In Stock
17154,60,674,279,81,2024-09-12,In Stock
5979,8,181,293,61,2024-09-22,In Stock
2197,35,412,176,51,,In Stock
14090,17,927,332,86,2025-01-13,In Stock
12188,1,388,283,85,2025-04-23,In Stock
18717,38,902,273,35,2024-05-08,In Stock
9833,100,11401,278,86,2024-12-05,In Stock
6980,35,333,333,74,2024-02-22,In Stock
18212,76,193,460,52,2026-08-24,In Stock
11825,39,536,36,66,2024-10-21,Low Stock
2377,45,773,103,11,2026-02-02,In Stock
17631,25,377,190,44,2024-11-10,In Stock
11484,46,948,170,0,2026-06-23,In Stock
6512,70,436,452,88,2025-12-24,In Stock
13280,88,433,175,36,2026-07-20,In Stock
19561,28,958,140,21,2024-10-14,In Stock
14474,57,481,218,41,2024-08-05,In Stock
5440,17,499,199,11,2026-03-25,In Stock
10760,26,631,207,75,2024-09-02,In Stock
6494,7,213,435,40,2024-04-03,In Stock
8965,14,754,442,53,2024-10-27,In Stock
5511,5,916,167,33,2025-06-04,In Stock
5331,6,574,468,72,2026-07-13,In Stock
18440,9,129,440,58,2024-08-08,In Stock
4532,27,198,188,62,2024-07-09,In Stock
9867,40,283,295,69,2026-04-25,In Stock
15588,87,311,351,55,2024-08-24,In Stock
16750,57,189,248,25,2025-02-28,In Stock
10143,82,681,493,15,2026-03-02,In Stock
12090,10,10,92,48,2027-07-30,In Stock
16532,93,418,356,86,2025-04-06,In Stock
18053,57,496,322,35,2026-05-26,In Stock
11281,52,924,20,59,2024-06-23,Low Stock
19245,60,719,470,53,2024-08-14,In Stock
7789,90,703,368,15,2024-04-16,In Stock
3457,44,925,413,93,2025-09-17,In Stock
4941,50,763,381,95,2025-12-11,In Stock
9224,34,907,480,17,2025-06-11,In Stock
19298,91,461,294,-20,2026-04-13,In Stock
14917,20,697,180,66,2025-04-07,In Stock
7100,22,281,127,73,2025-12-10,In Stock
8081,29,399,62,66,,Low Stock
16463,20,304,-50,45,2024-04-29,Out of Stock
17610,51,565,149,88,2026-06-15,In Stock
18610,35,624,109,64,2024-08-26,In Stock
9313,70,810,199,53,2026-04-22,In Stock
6173,98,716,143,51,2025-02-18,In Stock
3632,94,899,387,54,2026-04-16,In Stock
16956,39,840,293,67,2025-08-03,In Stock
6273,64,19,-1,47,2024-08-13,Out of Stock
393,69,424,66,13,2025-06-21,In Stock
3192,54,5,245,16,2024-03-19,In Stock
17,26,435,80,73,2024-08-18,In Stock
19957,88,371,459,88,2026-05-09,In Stock
18885,44,813,391,21,2024-11-11,In Stock
7395,66,874,197,20,2025-08-16,In Stock
594,72,253,199,69,2024-09-10,In Stock
4720,59,916,451,14,2026-01-02,In Stock
5828,6,155,479,94,2024-12-29,In Stock
10750,5,848,461,-20,2024-07-15,In Stock
4799,96,6,448,29,2025-05-26,In Stock
10635,70,158,106,54,2025-09-22,In Stock
4796,84,581,158,39,,In Stock
11235,21,859,283,45,2024-03-23,In Stock
8657,86,315,463,72,2026-03-30,In Stock
164,44,48,422,100,2025-12-14,In Stock
672,31,290,344,100,2026-05-08,In Stock
14309,80,820,447,57,2024-05-16,In Stock
7435,58,414,260,17,2025-05-26,In Stock
16053,9,389,156,73,2025-07-25,In Stock
14829,97,393,245,44,2024-12-02,In Stock
5543,77,172,348,36,2025-07-11,In Stock
7994,90,478,51,23,2025-10-03,In Stock
10901,97,436,229,50,2026-07-12,In Stock
7759,57,264,6,47,2026-03-28,Low Stock
4838,31,674,111,19,2024-11-23,In Stock
6549,100,584,1,31,2024-10-06,Low Stock
4482,43,940,266,58,2026-05-08,In Stock
3717,79,332,272,21,2025-07-02,In Stock
10838,39,640,135,89,2025-04-05,In Stock
6141,70,971,248,96,2026-01-28,In Stock
9957,23,105,478,18,2025-12-21,In Stock
1550,93,900,190,25,2025-10-16,In Stock
14819,39,628,436,13,2025-08-29,In Stock
768,5,15349,51,66,2026-06-01,Low Stock
5694,27,301,-50,80,2025-05-11,Out of Stock
9701,70,207,416,78,2024-12-26,In Stock
3777,88,983,5,61,2025-08-26,Low Stock
4518,78,23,49,46,2026-06-06,In Stock
12412,34,755,351,62,2024-11-06,In Stock
19715,19,908,464,38,2026-05-28,In Stock
18381,98,791,361,65,2026-06-11,In Stock
3293,42,61,399,13,2025-06-29,In Stock
9012,1,469,305,34,,In Stock
1404,32,373,123,27,2025-11-25,In Stock
1383,67,580,48,56,2026-03-13,Low Stock
10341,42,75,164,57,2024-01-28,In Stock
1639,25,361,380,62,2027-04-02,In Stock
14084,97,876,496,14,2026-05-02,In Stock
8801,7,222,68,88,2024-07-12,Low Stock
6407,51,862,14,50,2024-09-24,Low Stock
9075,100,826,143,58,2025-05-25,In Stock
17564,8,882,433,74,2026-03-24,In Stock
5449,89,733,344,22,2025-12-17,In Stock
12169,88,909,89,85,2024-12-30,In Stock
5079,82,601,458,20,2024-09-19,In Stock
13565,28,526,455,24,2026-07-22,In Stock
17074,1,867,443,50,2024-08-03,In Stock
3851,15,811,312,74,2026-01-29,In Stock
6489,72,763,298,35,2026-06-17,In Stock
10146,4,415,274,41,2025-07-18,In Stock
13829,52,18523,261,46,2025-03-24,In Stock
7155,76,231,448,65,2026-05-28,In Stock
18766,78,852,63,97,2024-08-07,Low Stock
6611,76,636,284,27,2025-09-09,In Stock
5180,32,933,202,96,2025-04-04,In Stock
12331,64,70,9,12,2025-07-15,Low Stock
18269,22,719,305,15,2024-11-08,In Stock
19798,20,724,263,42,2026-06-14,In Stock
2495,40,388,335,94,2026-04-10,In Stock
846,94,529,496,30,2025-12-26,In Stock
8735,4,500,282,22,2026-02-02,In Stock
11917,48,946,112,20,2024-07-22,In Stock
11872,56,943,120,100,2024-11-13,In Stock
12416,67,791,447,31,2024-12-27,In Stock
7968,88,335,18,98,2025-12-11,Low Stock
7341,19,572,244,0,2024-10-07,In Stock
13892,6,889,358,43,2026-08-02,In Stock
19403,15,57,253,74,2026-01-03,In Stock
18600,97,788,31,14,2025-07-12,In Stock
7138,19,41,323,17,2025-03-30,In Stock
2965,77,654,427,71,2026-08-08,In Stock
15752,25,93,367,19,2024-09-23,In Stock
15477,44,932,325,84,2026-02-21,In Stock
5773,62,249,199,93,2024-11-15,In Stock
17433,89,787,-50,67,2026-08-13,Out of Stock
18345,42,678,148,38,2025-12-14,In Stock
2531,9,608,93,-5,2025-10-24,In Stock
11139,18,626,337,63,2024-03-21,In Stock
7912,98,320,287,53,2024-06-19,In Stock
14717,15,288,196,80,2025-05-18,In Stock
8430,12,394,107,69,2025-11-10,In Stock
4918,4,351,247,13,2025-10-04,In Stock
5902,27,588,444,69,2025-05-05,In Stock
8287,32,364,390,25,2025-04-05,In Stock
18944,67,288,71,39,2025-08-31,In Stock
5657,49,139,158,85,2026-06-10,In Stock
16128,3,665,155,69,2024-07-14,In Stock
5908,95,44,53,48,2025-06-11,In Stock
7374,19,323,349,84,2024-07-16,In Stock
6722,4,606,114,78,2024-08-01,In Stock
19683,54,243,156,35,2024-03-26,In Stock
12687,11,286,40,23,2024-09-12,In Stock
8265,86,12001,304,81,2024-12-20,In Stock
7694,9,870,229,55,2025-07-28,In Stock
8326,93,530,43,15,2026-01-21,In Stock
1740,79,689,405,36,2026-01-31,In Stock
12266,49,136,146,97,2025-07-11,In Stock
11422,71,591,460,32,2024-03-15,In Stock
1827,2,10307,64,36,2025-02-07,In Stock
12330,71,507,139,13,2024-08-21,In Stock
561,46,707,299,68,2024-06-14,In Stock
4108,79,274,202,48,2024-04-21,In Stock
5436,38,31,32,16,2025-06-21,In Stock
4438,70,129,62,80,,Low Stock
10383,96,80,403,42,2026-02-24,In Stock
17827,85,467,257,22,2027-02-28,In Stock
4407,39,228,89,50,2026-01-14,In Stock
19946,93,212,218,34,2025-09-12,In Stock
18074,64,70,97,28,2025-07-01,In Stock
9918,37,713,189,39,2025-09-12,In Stock
19386,90,166,82,20,2024-09-06,In Stock
15097,37,486,4,44,2025-11-10,Low Stock
2818,91,282,402,94,2024-05-05,In Stock
16725,37,68,124,74,2024-02-09,In Stock
5783,58,4,269,86,2025-02-03,In Stock
16164,1584,209,129,86,2025-06-04,In Stock
9716,1,347,290,34,2026-03-07,In Stock
10700,42,561,236,-5,2024-06-17,In Stock
19817,10,386,500,60,2026-08-09,In Stock
17397,11,695,383,15,2026-01-20,In Stock
4896,39,725,359,99,2024-02-23,In Stock
18858,87,154,480,21,2024-01-31,In Stock
149,57,790,242,25,2024-11-12,In Stock
16670,74,337,136,58,2026-02-08,In Stock
8556,69,879,362,43,2025-06-18,In Stock
15464,52,582,431,63,2025-12-01,In Stock
4444,45,464,210,10,2024-08-02,In Stock
7447,58,819,313,78,2025-10-20,In Stock
237,29,380,388,85,2024-01-07,In Stock
15902,53,119,208,23,2026-02-14,In Stock
19999,64,49,365,58,2024-06-01,In Stock
10755,12,906,249,28,2024-01-01,In Stock
7124,56,658,352,32,2024-12-01,In Stock
10124,64,419,82,43,2027-01-27,In Stock
13712,59,814,85,97,2026-03-11,Low Stock
3084,68,596,286,49,2025-06-18,In Stock
633,10,472,142,24,2024-01-11,In Stock
2666,28,745,346,28,2025-04-10,In Stock
18857,51,67,185,16,2026-03-01,In Stock
18767,58,415,209,60,2026-06-29,In Stock
10527,6,196,33,75,2026-07-30,Low Stock
15837,33,683,454,66,2025-11-30,In Stock
10061,42,295,394,65,2024-06-19,In Stock
14789,21,810,136,-5,2025-01-28,In Stock
12076,32,349,289,25,2024-07-31,In Stock
18831,71,648,250,68,2026-08-06,In Stock
14110,1244,310,292,87,,In Stock
9687,1895,642,239,34,2024-08-05,In Stock
5250,31,209,67,73,2025-08-14,Low Stock
8534,59,668,126,13,2024-07-14,In Stock
7427,31,111,262,76,2025-04-25,In Stock
12346,60,76,58,67,2025-07-30,Low Stock
18980,47,599,244,0,2026-06-05,In Stock
7980,77,314,368,92,2025-01-12,In Stock
19620,62,93,142,44,2025-07-11,In Stock
1736,1295,576,50,41,2025-11-22,In Stock
14485,86,379,480,17,2026-05-07,In Stock
4256,77,862,46,47,2024-10-03,Low Stock
18598,26,537,20,78,2025-12-16,Low Stock
2476,29,696,454,99,2025-04-27,In Stock
10757,29,554,25,30,2025-06-22,Low Stock
475,74,948,125,51,2024-07-08,In Stock
3714,86,959,186,30,2026-05-02,In Stock
6705,55,10,434,52,2026-01-29,In Stock
18189,68,344,111,14,2024-07-10,In Stock
17092,15,562,342,62,2024-08-22,In Stock
19610,23,991,386,72,2025-11-24,In Stock
5190,2,823,482,39,2026-04-19,In Stock
19823,77,703,308,60,2025-10-16,In Stock
16457,45,75,303,35,2024-01-29,In Stock
14211,76,711,17,46,2025-06-13,Low Stock
7844,59,908,189,26,2025-03-26,In Stock
12641,18,412,466,89,2024-11-08,In Stock
14053,74,702,377,14,2026-05-29,In Stock
13032,24,208,252,45,2024-10-27,In Stock
10499,22,678,31,78,2026-02-17,Low Stock
6765,92,686,430,29,2025-09-13,In Stock
10794,59,740,38,61,2025-09-10,Low Stock
1126,64,190,43,24,2024-02-11,In Stock
17626,91,842,166,84,2024-03-29,In Stock
15156,6,621,341,22,2025-12-27,In Stock
11544,1,961,309,82,2024-02-15,In Stock
4359,85,163,483,80,2025-05-31,In Stock
14115,47,358,206,27,2024-03-13,In Stock
17728,5,4,339,92,2025-02-05,In Stock
18288,26,786,135,67,2025-10-13,In Stock
7422,20,112,486,18,2025-06-27,In Stock
6653,80,378,400,55,2024-12-30,In Stock
17485,53,247,294,72,2025-06-07,In Stock
9161,6,887,152,80,,In Stock
7623,61,735,413,37,2024-05-03,In Stock
988,4,210,130,79,,In Stock
16015,89,249,-10,88,2026-02-17,Out of Stock
2853,99,295,490,57,2025-12-15,In Stock
11696,70,564,418,43,2026-01-13,In Stock
8854,99,110,335,95,2024-06-06,In Stock
16337,64,29,445,69,2026-01-16,In Stock
14997,34,438,0,71,2024-06-05,Out of Stock
17015,47,60,149,59,2025-08-12,In Stock
17634,14,38,37,59,2025-09-18,Low Stock
16867,54,497,260,50,2024-04-15,In Stock
9655,60,157,226,-20,2024-10-01,In Stock
3041,19,85,67,76,2024-05-19,Low Stock
16036,16,577,208,23,2026-03-22,In Stock
5011,3,706,213,54,2024-08-21,In Stock
19995,13,129,35,27,2025-11-22,In Stock
3274,33,368,278,62,2025-11-09,In Stock
7228,87,10154,259,85,2026-01-08,In Stock
3684,45,345,-100,48,2026-02-28,Out of Stock
6808,1,520,352,88,2026-06-01,In Stock
12338,54,475,290,47,2024-10-03,In Stock
1317,3,869,137,42,2026-07-26,In Stock
3226,35,272,35,20,2024-09-24,In Stock
17457,69,470,437,69,2025-04-03,In Stock
18808,41,961,221,94,2024-03-23,In Stock
9853,62,472,88,78,2025-02-10,In Stock
5753,23,533,265,14,2025-05-17,In Stock
10618,71,734,325,58,2024-06-15,In Stock
16394,94,17,240,86,2025-02-24,In Stock
4617,3,59,325,24,2026-01-10,In Stock
19857,71,509,473,66,2025-08-27,In Stock
1301,42,478,418,81,2026-06-26,In Stock
15223,8,758,64,34,2024-06-01,In Stock
19898,91,558,25,65,2024-10-15,Low Stock
13674,10,379,218,74,2024-08-08,In Stock
9901,56,987,5,64,,Low Stock
5496,62,2,66,29,2026-08-02,In Stock
9601,43,311,178,86,2024-08-08,In Stock
1799,68,881,174,86,2027-02-18,In Stock
12150,47,818,33,12,2025-03-14,In Stock
9668,67,644,489,16,2025-04-05,In Stock
6442,84,835,82,64,2025-07-20,In Stock
8637,61,510,293,49,2025-05-30,In Stock
15601,78,440,7,94,2024-03-16,Low Stock
3655,42,264,209,43,2026-07-10,In Stock
7053,76,372,65,67,2026-06-15,Low Stock
15946,20,985,490,98,2025-08-06,In Stock
11372,26,426,179,85,2026-02-04,In Stock
15711,47,939,132,31,2024-06-16,In Stock
1287,57,332,36,55,2026-03-02,Low Stock
2138,90,515,355,71,2025-02-18,In Stock
10829,4,423,344,54,2025-10-25,In Stock
12209,99,347,72,91,2026-02-23,Low Stock
12290,2,445,395,12,2025-03-19,In Stock
9874,99,237,273,64,2026-05-24,In Stock
16490,65,906,340,22,2024-09-14,In Stock
13468,92,290,494,65,2024-03-25,In Stock
6895,58,593,373,91,2026-06-10,In Stock
9885,46,723,248,58,2026-06-03,In Stock
3611,30,553,167,48,2026-05-01,In Stock
7152,57,217,387,82,2024-11-12,In Stock
17348,59,87,313,88,2024-04-24,In Stock
6013,82,260,306,39,2026-02-05,In Stock
13646,78,329,45,34,2025-10-27,In Stock
14114,79,452,251,90,2024-09-01,In Stock
4883,72,73,338,29,2024-04-16,In Stock
16525,94,4,304,58,2025-09-25,In Stock
13077,18,687,-10,64,2024-05-06,Out of Stock
12612,78,443,166,50,2024-04-18,In Stock
12047,86,970,143,71,2024-07-29,In Stock
4147,14,500,269,83,2026-02-02,In Stock
8907,84,863,146,27,2024-11-15,In Stock
6543,36,734,239,54,2026-07-01,In Stock
4432,58,775,348,62,2025-08-25,In Stock
18699,60,694,449,25,2024-04-12,In Stock
407,25,145,216,66,2026-04-20,In Stock
18714,1,406,462,39,2024-02-27,In Stock
13179,25,496,395,18,2025-05-28,In Stock
16174,57,660,184,52,2025-10-04,In Stock
8235,82,644,245,32,2025-12-20,In Stock
11023,63,393,325,18,2026-06-08,In Stock
14052,18,359,-100,59,2026-02-13,Out of Stock
11564,92,70,10,92,2025-06-05,Low Stock
11557,73,383,340,28,2024-11-21,In Stock
16354,27,995,411,94,2026-04-26,In Stock
12,63,689,78,97,2026-05-30,Low Stock
4761,52,427,472,-20,2024-12-04,In Stock
1178,86,405,367,52,2025-07-03,In Stock
10694,2,234,185,47,2026-01-28,In Stock
2864,11,375,389,68,2024-09-17,In Stock
6472,44,576,433,23,2024-02-12,In Stock
9219,38,576,164,19,2026-04-28,In Stock
12041,84,693,127,43,2024-10-20,In Stock
2990,97,614,152,75,2025-05-17,In Stock
11208,36,3,174,42,2024-02-03,In Stock
7011,80,89,11,18,2026-02-01,Low Stock
11531,87,42,222,85,2024-04-25,In Stock
14438,29,903,314,95,2026-04-13,In Stock
8928,79,622,478,78,2024-01-19,In Stock
12593,38,194,117,48,,In Stock
17825,78,838,2,14,2024-10-17,Low Stock
5710,45,421,269,68,,In Stock
2876,98,849,439,84,2025-07-20,In Stock
12179,31,469,439,56,2025-12-05,In Stock
9109,60,853,406,36,2026-08-10,In Stock
2191,47,992,465,87,2025-10-10,In Stock
19193,87,721,76,46,2025-01-30,In Stock
3727,77,985,455,73,2025-11-30,In Stock
16839,36,481,276,40,2026-08-06,In Stock
9014,42,540,115,77,,In Stock
8190,82,140,166,76,2024-10-04,In Stock
1368,16,524,22,0,2024-01-06,In Stock
3713,60,444,140,98,2026-07-25,In Stock
5451,14,913,30,56,2024-09-11,Low Stock
17773,22,681,13,40,2025-02-03,Low Stock
15639,21,26,311,67,2024-03-11,In Stock
1001,13,814,329,72,2024-01-15,In Stock
7762,67,754,363,55,2024-03-15,In Stock
3554,96,308,113,53,2025-09-09,In Stock
4115,93,112,258,37,2026-02-14,In Stock
1668,38,539,311,57,2024-08-01,In Stock
3174,23,10063,356,49,2024-12-25,In Stock
15741,87,649,57,37,2024-11-15,In Stock
19821,72,600,323,24,2024-06-08,In Stock
489,9,724,493,16,2024-03-02,In Stock
19038,19,144,172,93,2024-10-28,In Stock
12976,1,317,108,77,2025-12-01,In Stock
7849,14,342,333,42,2024-03-30,In Stock
5705,49,970,125,14,2026-05-24,In Stock
4059,79,289,254,16,2025-11-30,In Stock
8134,83,93,42,98,2026-03-24,Low Stock
17088,1083,82,435,0,2025-10-02,In Stock
5106,75,89,22,20,2025-06-11,In Stock
19284,87,512,40,67,2025-12-18,Low Stock
3292,63,470,244,58,2025-08-07,In Stock
8126,78,457,10,74,2025-09-25,Low Stock
11866,68,581,322,52,2024-08-31,In Stock
13381,35,934,52,80,2026-04-26,Low Stock
9520,96,340,367,88,2024-11-11,In Stock
13966,81,735,-10,12,2025-03-06,Out of Stock
14288,72,814,169,74,2025-02-17,In Stock
13599,54,996,493,15,2026-06-08,In Stock
19414,78,602,94,83,2026-07-20,In Stock
4441,90,915,87,13,2026-02-03,In Stock
10056,96,971,225,20,2026-08-10,In Stock
17371,73,774,83,43,2025-03-30,In Stock
19918,44,851,337,77,2024-07-06,In Stock
19664,62,845,161,41,2025-08-09,In Stock
19813,2,899,496,48,2026-01-22,In Stock
15505,79,458,368,26,2024-01-27,In Stock
15578,69,283,253,80,2025-03-18,In Stock
5239,59,80,319,31,,In Stock
14647,98,327,461,33,2025-03-10,In Stock
15553,89,903,73,40,2024-08-14,In Stock
17583,71,309,144,28,2025-07-25,In Stock
12374,78,960,60,85,2025-09-21,Low Stock
19474,82,179,130,58,2026-05-17,In Stock
13670,84,878,204,10,2024-12-24,In Stock
7520,91,967,291,68,2024-07-26,In Stock
9992,97,30,479,39,2025-12-03,In Stock
9207,15,50,169,53,2026-03-21,In Stock
9557,74,16,76,58,2024-02-15,In Stock
10226,99,80,84,73,2025-07-26,In Stock
4471,86,114,41,87,2025-01-31,Low Stock
17276,30,679,341,32,2024-10-06,In Stock
10986,94,122,314,60,2024-02-07,In Stock
1970,35,940,83,18,2025-03-12,In Stock
12596,43,690,364,61,2026-01-11,In Stock
5758,84,772,446,99,2025-02-12,In Stock
6295,67,435,15,70,2024-08-18,Low Stock
12116,97,970,-10,83,2024-09-10,Out of Stock
13606,62,92,269,19,2025-04-20,In Stock
7596,76,317,83,-5,2025-02-16,In Stock
9111,81,300,387,83,2026-01-10,In Stock
3250,77,118,249,98,2025-05-13,In Stock
6571,1,126,401,91,2026-07-02,In Stock
6639,41,406,215,24,2025-09-20,In Stock
15399,70,423,229,56,2024-10-10,In Stock
12505,9,842,301,100,2024-09-04,In Stock
126,40,711,60,24,2026-02-06,In Stock
16171,51,289,169,47,2026-02-22,In Stock
5371,23,884,361,74,2024-09-30,In Stock
1240,39,862,495,35,2026-01-01,In Stock
2290,39,526,176,21,2024-12-20,In Stock
8468,50,645,309,58,2025-03-18,In Stock
1230,98,684,274,87,2024-10-02,In Stock
9201,75,391,140,62,2025-12-11,In Stock
6981,78,112,1,19,2024-01-13,Low Stock
5179,11,864,338,37,2026-06-06,In Stock
10725,24,601,228,77,2024-11-18,In Stock
1059,78,412,161,97,2025-03-18,In Stock
6263,83,362,96,93,2025-06-23,In Stock
15361,1,790,140,92,2026-08-07,In Stock
282,99,464,15,60,2024-09-02,Low Stock
14847,7,14591,393,65,2025-07-11,In Stock
969,7,633,293,19,2024-04-05,In Stock
16002,77,555,481,21,2025-07-06,In Stock
1940,87,89,98,29,2026-04-20,In Stock
6704,97,262,463,57,2025-12-27,In Stock
17659,85,101,282,13,,In Stock
620,60,367,119,66,2025-03-27,In Stock
18310,76,561,195,73,2026-03-17,In Stock
1743,100,378,10,99,2026-02-22,Low Stock
17775,94,805,66,39,2025-05-28,In Stock
18588,72,393,80,78,2026-03-29,In Stock
14136,81,1000,60,21,2024-10-09,In Stock
9848,97,129,361,30,2026-01-27,In Stock
3569,74,663,1,66,2024-09-03,Low Stock
15564,94,550,434,11,2024-02-14,In Stock
6117,8,550,370,69,2024-04-07,In Stock
3179,51,353,301,53,2025-09-06,In Stock
9500,62,64,82,69,2024-10-10,In Stock
6100,85,288,363,26,2024-04-30,In Stock
16960,24,637,2,15,2025-11-15,Low Stock
10553,34,370,18,49,2024-04-06,Low Stock
13995,11,634,128,47,2026-01-14,In Stock
19205,81,17,148,100,2024-11-24,In Stock
15636,48,760,444,52,2024-06-05,In Stock
6277,30,495,192,88,2024-10-24,In Stock
9473,10,50,349,-20,2025-01-19,In Stock
13150,27,256,269,91,2026-01-05,In Stock
11084,19,610,287,26,2024-08-27,In Stock
5725,18,106,104,86,2025-05-14,In Stock
10832,74,998,311,44,2024-11-26,In Stock
16654,38,428,433,80,2024-11-30,In Stock
630,24,607,470,62,2025-03-09,In Stock
11971,49,794,-10,26,2024-03-15,Out of Stock
6431,89,740,286,27,2026-05-08,In Stock
3375,5,422,229,13,2024-02-11,In Stock
12589,74,267,1,75,2025-01-29,Low Stock
13761,99,775,257,22,2026-06-20,In Stock
10239,51,792,390,17,2024-05-01,In Stock
2114,94,594,232,54,2026-03-24,In Stock
3217,69,758,330,39,2024-06-27,In Stock
13126,8,567,421,48,2025-01-16,In Stock
3815,98,728,377,12,2026-06-21,In Stock
8322,12,147,339,20,2026-05-06,In Stock
3156,23,578,147,73,2026-05-06,In Stock
14297,22,405,212,91,2024-04-03,In Stock
2279,15,120,43,47,2024-02-05,Low Stock
4600,66,156,249,38,2025-05-06,In Stock
14,99,486,477,24,2026-01-30,In Stock
1647,29,219,28,88,2024-07-03,Low Stock
17910,39,104,162,58,2024-06-04,In Stock
2366,82,206,289,64,2024-12-11,In Stock
4649,60,949,47,35,2025-07-15,In Stock
12198,27,306,355,41,2024-03-24,In Stock
375,39,487,119,65,2024-08-01,In Stock
18887,81,16580,151,65,2024-03-13,In Stock
526,58,665,189,93,2027-06-17,In Stock
9132,38,715,495,62,2024-01-21,In Stock
11562,67,183,226,75,2024-08-16,In Stock
13911,53,582,283,60,2026-01-20,In Stock
12766,82,721,64,71,2025-11-21,Low Stock
530,96,896,92,30,2024-03-21,In Stock
15597,45,42,208,67,2024-08-02,In Stock
9462,79,277,264,90,2026-02-23,In Stock
12474,97,6,278,44,2025-01-09,In Stock
17779,43,468,49,82,2024-02-08,Low Stock
12202,22,692,163,38,2025-11-12,In Stock
12583,100,852,245,36,2027-06-14,In Stock
11172,47,586,18,32,2024-01-24,Low Stock
12100,38,539,136,39,2024-09-15,In Stock
12004,98,852,174,79,2025-08-21,In Stock
6564,17,455,431,17,2024-09-17,In Stock
4704,82,247,36,55,2024-08-23,Low Stock
15283,92,834,346,15,2024-04-22,In Stock
18097,35,29,224,48,2025-02-09,In Stock
15922,79,222,476,50,2025-10-10,In Stock
8863,43,285,252,70,2025-10-17,In Stock
956,91,512,41,19,2025-06-02,In Stock
6676,86,520,65,68,2025-11-11,Low Stock
3454,15,442,74,93,2026-06-21,Low Stock
12804,54,358,396,80,2026-07-21,In Stock
15141,87,126,379,40,2024-10-11,In Stock
8596,98,101,222,92,2026-01-27,In Stock
2072,89,965,-100,18,2026-06-30,Out of Stock
957,41,145,457,67,2025-10-19,In Stock
16543,85,641,273,35,2025-08-13,In Stock
14037,50,944,9,91,2026-03-28,Low Stock
7006,72,347,233,94,2024-07-08,In Stock
353,69,357,94,17,2025-03-21,In Stock
13519,39,617,228,0,2025-05-08,In Stock
16310,59,502,446,88,2025-07-30,In Stock
6237,38,818,389,91,2025-05-28,In Stock
12733,39,79,469,55,2025-10-15,In Stock
8947,30,560,1,45,2025-05-10,Low Stock
14026,5,470,383,88,2025-04-02,In Stock
19352,47,267,6,65,2025-09-11,Low Stock
2921,68,883,449,13,2026-01-15,In Stock
15712,22,302,475,76,2025-05-25,In Stock
4645,75,568,410,100,2024-09-12,In Stock
662,67,183,32,72,2025-01-19,Low Stock
16083,76,322,462,33,2025-10-22,In Stock
7058,1440,677,224,15,2024-10-14,In Stock
10182,92,931,29,13,2024-10-01,In Stock
16691,21,524,420,66,2026-10-27,In Stock
4791,73,476,111,39,2025-11-19,In Stock
2357,27,226,431,93,2025-06-11,In Stock
11895,44,696,141,16,2025-07-10,In Stock
18312,56,564,214,24,2024-05-22,In Stock
7555,41,706,260,26,2024-09-17,In Stock
17651,82,306,71,81,2025-01-24,Low Stock
13613,90,166,414,90,2025-10-26,In Stock
1561,10,223,104,27,2025-11-19,In Stock
11788,23,921,43,34,2026-02-02,In Stock
10327,28,425,401,55,2025-02-24,In Stock
7180,90,567,453,89,2025-01-27,In Stock
15350,40,989,133,86,2024-05-12,In Stock
15314,9,751,324,85,,In Stock
13259,31,598,173,13,2024-09-02,In Stock
4110,31,588,448,45,2026-04-23,In Stock
515,11,731,286,59,2025-08-14,In Stock
895,76,175,14,19,2025-11-04,Low Stock
8602,17,499,323,51,2024-08-14,In Stock
16406,73,200,272,10,2024-08-19,In Stock
6601,96,533,229,32,2025-01-05,In Stock
900,84,578,475,14,2025-01-05,In Stock
208,32,319,278,72,2024-02-19,In Stock
19375,32,306,147,87,2024-03-17,In Stock
459,21,873,155,66,2024-03-06,In Stock
2431,46,892,384,20,2024-02-22,In Stock
13630,49,368,236,55,2024-11-01,In Stock
3390,4,479,376,65,2025-02-28,In Stock
3912,24,553,133,94,2025-12-11,In Stock
553,74,931,293,24,2025-05-27,In Stock
6918,43,699,484,26,2025-11-08,In Stock
18441,11,418,56,71,2025-11-23,Low Stock
1926,65,399,17,52,2024-12-14,Low Stock
17019,33,518,448,60,2024-11-11,In Stock
6083,83,332,460,61,2026-04-23,In Stock
19698,45,449,78,30,2025-03-04,In Stock
18280,97,871,391,44,2025-03-13,In Stock
18968,48,839,215,61,2026-07-06,In Stock
106,88,373,439,26,2025-02-04,In Stock
3042,66,758,305,88,2026-04-08,In Stock
16370,55,382,313,42,2025-05-22,In Stock
10362,19,427,401,10,2025-11-10,In Stock
18094,92,952,412,58,2024-04-11,In Stock
90,94,886,108,17,,In Stock
15526,93,591,105,42,2024-10-13,In Stock
10434,41,131,24,98,2024-03-13,Low Stock
17302,19,754,282,89,2024-05-13,In Stock
14452,32,789,267,86,2026-02-17,In Stock
18334,87,624,299,-5,2024-02-03,In Stock
12237,87,406,348,50,2026-07-23,In Stock
14057,53,198,205,67,2024-06-07,In Stock
6369,87,866,234,74,2024-04-13,In Stock
16386,25,521,104,59,2024-09-01,In Stock
9128,8,146,301,88,2026-02-09,In Stock
8906,75,777,106,74,2025-05-07,In Stock
2721,82,4,494,55,2026-02-18,In Stock
16020,49,723,436,23,2024-01-04,In Stock
13622,22,130,139,35,2025-04-11,In Stock
8784,33,392,-10,38,2024-05-15,Out of Stock
15823,45,906,468,82,2026-07-27,In Stock
6814,57,623,399,32,2024-06-02,In Stock
19885,48,157,118,70,2026-01-07,In Stock
10641,74,793,71,53,2026-05-03,In Stock
9769,23,257,312,89,2024-12-02,In Stock
13400,51,975,89,48,2024-06-20,In Stock
3763,97,785,166,11,2024-07-08,In Stock
214,95,897,299,25,2024-12-23,In Stock
17163,89,610,-10,56,2026-01-24,Out of Stock
18428,65,545,144,86,2024-09-17,In Stock
8921,7,555,184,85,2024-12-01,In Stock
6155,9,451,2,80,2024-01-08,Low Stock
8358,93,1,266,43,,In Stock
17774,21,991,169,30,2025-03-29,In Stock
4168,54,746,348,82,2024-07-02,In Stock
16968,55,788,269,71,2024-03-12,In Stock
6483,71,593,456,82,2025-12-06,In Stock
16501,2,275,119,37,2025-11-07,In Stock
5110,20,985,311,41,2025-08-20,In Stock
9544,42,858,192,65,2024-05-03,In Stock
19355,11,163,266,87,2026-02-09,In Stock
8713,4,869,346,27,2025-03-28,In Stock
1764,8,96,68,83,2024-07-18,Low Stock
18260,46,820,51,54,2026-03-03,Low Stock
13548,97,686,223,99,2024-02-19,In Stock
11537,22,210,436,40,2025-07-25,In Stock
15070,19,444,242,16,2024-07-30,In Stock
3225,4,18,393,24,2024-07-07,In Stock
527,82,64,206,94,2024-09-08,In Stock
15252,30,409,44,26,2026-02-10,In Stock
12092,84,274,451,84,2025-08-16,In Stock
5656,14,28,-1,-5,2026-08-08,Out of Stock
8885,53,255,357,36,2024-01-14,In Stock
6060,76,310,14,61,2025-12-08,Low Stock
17344,23,880,14,34,2025-02-05,Low Stock
6343,88,848,199,76,2026-03-04,In Stock
13998,74,428,413,91,2025-11-09,In Stock
17435,20,776,396,30,2025-10-31,In Stock
8783,5,988,9,43,2024-12-09,Low Stock
8712,26,238,135,36,2024-10-28,In Stock
3381,36,60,153,89,2026-04-22,In Stock
3677,86,142,26,81,2026-06-04,Low Stock
5777,63,943,363,100,2024-09-10,In Stock
19439,92,416,20,53,2024-10-09,Low Stock
6574,90,409,230,24,2024-11-10,In Stock
1608,91,831,54,59,2024-04-21,Low Stock
386,26,475,408,81,2024-12-30,In Stock
19133,85,149,353,39,2025-05-08,In Stock
15884,43,622,477,92,2025-05-07,In Stock
17176,92,680,310,54,2025-11-28,In Stock
8985,47,409,318,76,2024-07-13,In Stock
15523,68,178,-100,78,2024-11-13,Out of Stock
1981,42,927,232,43,2026-01-06,In Stock
11426,65,899,111,37,2024-04-08,In Stock
17318,83,983,75,60,2025-02-16,In Stock
12156,34,768,306,43,2024-06-28,In Stock
12858,30,525,210,57,2024-12-21,In Stock
7425,6,986,-50,97,2025-08-06,Out of Stock
5627,31,560,336,26,2025-01-02,In Stock
1683,61,460,170,36,2025-08-01,In Stock
16134,66,606,107,61,2025-09-25,In Stock
16336,4,821,4,90,2025-06-08,Low Stock
6447,73,711,229,46,2026-01-10,In Stock
989,56,912,12,76,2024-09-21,Low Stock
15084,48,368,109,43,,In Stock
11646,29,623,469,44,2024-05-18,In Stock
11723,75,375,250,78,2026-06-18,In Stock
3094,46,106,59,36,2024-03-30,In Stock
13262,51,744,376,45,2025-11-27,In Stock
13999,42,858,198,14,2026-05-01,In Stock
18208,14,654,86,0,2025-10-28,In Stock
17483,68,873,411,52,2024-09-07,In Stock
10397,13,946,379,93,2024-08-13,In Stock
2845,70,163,160,27,2024-01-14,In Stock
9079,8,978,148,90,2024-02-08,In Stock
3343,70,47,69,73,2024-03-27,Low Stock
16423,99,509,398,26,2026-07-28,In Stock
6541,52,659,101,89,2025-10-09,In Stock
14289,5,157,280,17,2025-02-18,In Stock
3357,70,739,427,35,2025-09-04,In Stock
13026,82,375,468,48,2025-04-02,In Stock
11746,94,50,191,73,2025-12-21,In Stock
11802,12,552,311,28,2025-02-10,In Stock
14415,80,819,154,39,2026-06-07,In Stock
7814,95,162,146,31,2024-06-30,In Stock
15646,56,649,74,88,2025-08-31,Low Stock
2429,69,441,141,84,2024-03-04,In Stock
11940,49,613,23,60,2025-03-18,Low Stock
17071,35,561,33,74,2024-11-08,Low Stock
4800,56,732,274,46,2024-11-15,In Stock
2354,70,249,-50,61,2026-02-17,Out of Stock
16379,70,229,388,80,2025-06-04,In Stock
11384,32,594,295,38,2025-11-27,In Stock
9078,55,203,402,56,2026-06-13,In Stock
8074,67,886,272,67,2024-10-14,In Stock
14860,85,255,465,67,2024-06-27,In Stock
17425,76,337,119,40,2024-01-08,In Stock
19934,60,445,488,36,2024-07-02,In Stock
7492,39,609,51,10,2025-03-30,In Stock
17650,71,334,302,70,2024-09-09,In Stock
12772,93,405,319,40,2024-12-18,In Stock
19693,57,327,90,45,2024-10-29,In Stock
7060,68,600,221,96,2026-05-01,In Stock
13508,32,182,51,50,2025-04-01,In Stock
16662,31,36,26,10,2024-05-28,In Stock
5085,79,764,194,53,2027-03-30,In Stock
2383,69,928,4,61,2025-08-06,Low Stock
572,47,628,32,45,2025-05-06,Low Stock
1436,58,442,102,66,2024-08-01,In Stock
13282,22,607,43,78,2026-08-08,Low Stock
9440,85,689,465,15,2025-04-07,In Stock
11719,96,871,125,11,2024-10-05,In Stock
14750,58,734,164,56,2026-05-25,In Stock
10707,25,53,272,76,2026-05-30,In Stock
5446,30,700,458,46,2024-06-20,In Stock
1008,31,160,389,95,2024-04-04,In Stock
4544,20,24,408,27,2025-09-14,In Stock
12988,60,419,342,87,2024-12-16,In Stock
7010,78,663,494,51,2025-09-04,In Stock
2065,78,512,500,48,2025-10-01,In Stock
1137,33,700,204,56,2024-09-26,In Stock
9883,99,411,487,70,2024-08-16,In Stock
10178,14,407,53,18,2025-04-12,In Stock
295,81,830,419,25,2025-02-26,In Stock
16078,93,337,113,76,2024-02-06,In Stock
18788,12,844,205,61,2026-01-05,In Stock
3999,32,455,306,41,2025-01-29,In Stock
9767,5,131,408,76,2026-07-13,In Stock
3742,9,116,257,29,2026-08-08,In Stock
11701,99,356,438,35,2024-04-09,In Stock
2720,79,426,460,56,2025-01-19,In Stock
19621,6,558,459,97,2024-11-01,In Stock
12714,50,463,466,53,2026-04-29,In Stock
14871,6,113,32,53,2025-01-15,Low Stock
16371,92,44,326,46,2024-07-10,In Stock
2809,81,900,13,17,2026-02-25,Low Stock
9018,50,885,129,22,2025-04-27,In Stock
16941,18,385,293,74,2026-01-20,In Stock
16107,91,406,184,10,2024-09-06,In Stock
2470,31,700,362,36,2026-07-17,In Stock
3739,54,403,179,0,2025-10-03,In Stock
13482,31,873,464,71,2025-11-18,In Stock
18989,97,637,479,21,2026-08-02,In Stock
363,71,588,192,12,,In Stock
6925,63,157,91,11,2024-05-06,In Stock
18089,63,971,432,69,2025-11-11,In Stock
14689,82,505,14,40,2026-08-08,Low Stock
2140,23,792,1,75,2026-02-17,Low Stock
18768,87,245,176,80,2025-12-10,In Stock
7315,47,940,19,27,2024-12-10,Low Stock
1313,96,244,247,30,2024-06-16,In Stock
6184,99,18337,468,38,2024-07-01,In Stock
11304,16,174,318,34,2025-02-23,In Stock
1592,64,255,267,83,2026-07-03,In Stock
18547,82,666,357,94,2024-07-31,In Stock
2397,51,180,145,80,2025-12-22,In Stock
16702,30,932,302,39,2026-05-22,In Stock
14560,79,269,163,36,2024-08-19,In Stock
9517,87,312,495,33,2025-10-31,In Stock
5234,79,867,124,32,2025-06-09,In Stock
19295,47,643,381,57,2025-11-20,In Stock
8988,39,967,219,53,2025-09-23,In Stock
3021,10,369,442,63,2024-04-08,In Stock
9904,33,525,355,65,2024-11-17,In Stock
8229,39,483,-50,21,2026-07-16,Out of Stock
9106,80,511,208,62,2024-08-22,In Stock
13914,3,334,288,39,2026-03-19,In Stock
5296,82,779,319,70,2025-07-06,In Stock
3973,26,770,464,94,2024-02-26,In Stock
14664,72,826,400,93,2024-09-12,In Stock
4134,61,600,473,75,2024-05-29,In Stock
975,23,478,290,48,2025-08-02,In Stock
7292,90,852,242,33,2024-02-01,In Stock
15586,14,20,269,32,2025-03-14,In Stock
17339,10,789,154,38,2026-02-05,In Stock
9753,6,858,77,15,,In Stock
13775,54,244,100,16,2024-07-03,In Stock
5017,66,899,315,85,2025-03-07,In Stock
17603,31,142,365,38,2025-08-25,In Stock
10875,37,324,477,100,2024-04-03,In Stock
13240,38,50,379,22,2026-03-22,In Stock
18025,35,11159,81,58,2025-12-22,In Stock
17675,11,552,181,68,,In Stock
11874,30,983,214,43,2025-10-27,In Stock
17765,73,538,326,44,2026-06-18,In Stock
1934,8,122,109,28,2025-05-22,In Stock
4676,48,956,61,71,2025-01-23,Low Stock
10223,77,644,64,63,2026-06-24,In Stock
893,56,305,195,25,2024-05-09,In Stock
7288,66,386,361,67,2025-07-25,In Stock
7907,88,783,351,42,2025-09-26,In Stock
14552,2,727,325,80,2025-09-07,In Stock
18851,68,20,116,57,2024-04-02,In Stock
7658,45,258,381,21,2025-04-16,In Stock
10107,68,373,44,100,2024-06-23,Low Stock
18298,56,770,116,60,2024-07-29,In Stock
11363,49,102,415,25,2024-10-01,In Stock
13833,24,322,311,82,2024-05-25,In Stock
727,99,785,248,50,2026-01-09,In Stock
7215,28,900,285,45,2025-08-10,In Stock
8246,1,116,245,66,2025-04-23,In Stock
18181,22,97,242,100,2026-06-08,In Stock
15877,2,559,36,93,2024-02-07,Low Stock
14200,14,940,256,74,2026-08-06,In Stock
10746,94,355,353,63,2024-08-18,In Stock
17321,64,325,282,37,2024-01-06,In Stock
18650,14,9,474,45,,In Stock
17209,25,210,142,76,2024-08-01,In Stock
7275,1592,322,373,70,2026-05-13,In Stock
11594,47,627,366,67,2024-12-20,In Stock
1390,91,188,239,95,2024-01-20,In Stock
3565,13,630,73,92,2024-05-18,Low Stock
9077,92,633,99,78,2024-11-21,In Stock
5430,58,44,499,52,2024-02-24,In Stock
16593,27,896,80,32,2025-10-18,In Stock
16221,8,305,278,74,2026-07-03,In Stock
14900,38,799,56,93,2025-11-11,Low Stock
15513,33,215,476,29,2025-02-12,In Stock
14562,72,163,470,38,2024-02-28,In Stock
1869,67,250,259,95,2024-05-25,In Stock
8203,11,516,112,58,2025-09-16,In Stock
807,60,697,10,15,2025-05-01,Low Stock
4806,85,532,229,69,2024-02-14,In Stock
323,43,761,312,85,2025-03-29,In Stock
12261,59,441,433,0,2024-06-15,In Stock
19560,23,375,75,76,2025-07-02,Low Stock
3406,62,877,89,60,2025-04-26,In Stock
10427,85,297,450,92,2024-01-12,In Stock
9156,1771,200,434,20,2024-06-24,In Stock
15153,74,929,342,64,2024-06-18,In Stock
4495,41,580,263,23,2024-11-28,In Stock
2633,39,187,36,35,2025-08-26,In Stock
14287,14,781,134,91,2026-03-04,In Stock
7833,69,478,53,88,2026-01-11,Low Stock
14270,19,305,209,65,2025-01-24,In Stock
146,17,291,279,90,2024-04-04,In Stock
2034,3,698,227,45,,In Stock
1166,87,297,334,82,2025-10-27,In Stock
11693,9,300,237,71,2024-06-01,In Stock
2051,21,827,427,13,2024-01-11,In Stock
10817,37,892,473,96,2026-07-06,In Stock
12677,21,700,-50,62,2025-08-08,Out of Stock
3431,42,521,43,52,2026-08-23,Low Stock
19163,85,649,226,31,2026-05-22,In Stock
7070,30,880,293,94,2025-05-04,In Stock
4362,81,188,54,55,2025-12-27,Low Stock
10617,15,66,261,40,2026-01-31,In Stock
18156,93,940,91,16,2026-08-08,In Stock
272,9,223,393,57,2024-03-22,In Stock
12985,54,454,275,47,2026-05-24,In Stock
8437,53,542,101,72,2024-07-22,In Stock
18417,42,383,458,91,2025-01-10,In Stock
12317,31,314,275,66,2024-02-25,In Stock
17021,15,55,-10,43,2025-06-02,Out of Stock
9006,65,455,166,23,2026-06-02,In Stock
5484,30,733,390,33,2026-05-01,In Stock
3811,17,755,23,39,2025-03-20,Low Stock
13920,39,78,422,52,2026-03-01,In Stock
15776,85,965,454,21,2025-08-14,In Stock
9997,57,925,398,74,2025-01-27,In Stock
4347,31,230,243,74,2024-02-09,In Stock
546,27,38,474,33,2026-02-27,In Stock
8503,61,870,-100,98,2024-12-14,Out of Stock
11714,92,146,133,91,2025-10-28,In Stock
15230,67,429,98,68,2024-09-04,In Stock
9324,5,758,155,60,2025-10-15,In Stock
13738,45,391,408,61,2025-06-22,In Stock
15521,64,811,458,52,2024-08-08,In Stock
7565,26,803,482,34,2025-11-11,In Stock
17305,8,280,66,28,2025-09-12,In Stock
15318,95,356,216,59,2024-12-21,In Stock
11780,54,163,134,0,2025-01-08,In Stock
6641,86,118,150,-5,2024-01-02,In Stock
8231,1499,103,270,18,2025-03-19,In Stock
12652,16,897,42,41,2025-05-17,In Stock
2984,36,437,166,77,2024-10-26,In Stock
16515,69,944,2,48,2026-01-30,Low Stock
13410,100,275,184,82,2025-09-20,In Stock
2668,78,802,275,95,2026-02-09,In Stock
9375,65,6,427,78,2025-07-18,In Stock
615,87,536,186,54,2024-06-26,In Stock
17851,48,497,80,33,2025-06-26,In Stock
4498,37,131,115,48,2025-11-02,In Stock
18804,44,160,103,83,2024-10-31,In Stock
3295,24,36,387,11,2025-10-26,In Stock
6738,19,638,353,69,2024-06-17,In Stock
1501,100,731,356,29,2025-01-04,In Stock
9019,70,835,61,31,2024-02-23,In Stock
17906,56,403,221,14,2024-08-29,In Stock
19521,64,412,479,73,2026-01-24,In Stock
15024,95,137,492,34,2025-01-06,In Stock
11123,56,551,29,98,2025-04-11,Low Stock
4233,75,851,40,18,2026-05-04,In Stock
8821,80,678,488,59,2024-12-04,In Stock
4431,77,278,440,31,2025-06-20,In Stock
12046,88,267,482,10,2024-02-06,In Stock
16775,40,334,368,18,2025-03-15,In Stock
12183,1378,521,306,68,2026-08-01,In Stock
8593,49,877,455,49,2025-01-02,In Stock
4807,61,851,194,58,2025-10-04,In Stock
19350,36,402,163,19,2026-01-23,In Stock
13850,46,745,444,51,2024-11-26,In Stock
11919,50,77,268,24,2024-05-02,In Stock
15897,71,862,302,94,2025-01-20,In Stock
5320,40,371,416,44,2026-03-21,In Stock
7120,73,987,429,28,2024-10-04,In Stock
2422,82,566,3,55,2027-07-17,Low Stock
1751,98,198,317,19,2025-07-17,In Stock
11345,16,414,486,100,2024-06-27,In Stock
19093,44,334,442,57,2025-01-14,In Stock
12255,55,548,400,85,2025-09-02,In Stock
5805,19,652,279,55,2026-06-07,In Stock
339,7,340,-10,76,2026-06-28,Out of Stock
11856,86,234,198,73,2025-04-06,In Stock
1342,78,272,84,75,2026-06-15,In Stock
3641,71,555,70,-5,2026-07-16,In Stock
16714,83,93,209,17,2026-07-06,In Stock
3005,96,622,290,46,2025-03-16,In Stock
6961,69,630,235,63,2026-07-04,In Stock
4091,20,946,274,49,2024-03-28,In Stock
16315,6,388,302,82,2024-01-18,In Stock
18707,10,896,21,56,2024-01-16,Low Stock
9651,23,583,497,20,2024-11-21,In Stock
8364,28,585,271,53,2024-03-20,In Stock
19736,95,162,24,18,2026-08-09,In Stock
12419,50,130,125,23,2026-04-14,In Stock
13351,86,53,352,31,2025-05-26,In Stock
19388,11,766,493,95,2024-08-03,In Stock
18024,13,739,140,90,2024-06-21,In Stock
9131,99,86,146,97,2025-12-05,In Stock
61,63,264,59,32,2025-06-24,In Stock
1241,82,260,156,75,2024-10-17,In Stock
5137,54,757,236,72,2025-09-24,In Stock
2344,97,3,293,64,,In Stock
15049,67,627,27,85,2025-04-17,Low Stock
2121,48,18449,370,14,2024-08-29,In Stock
1525,72,183,428,37,2027-03-27,In Stock
7618,41,137,296,53,2025-07-13,In Stock
154,8,545,86,28,2026-01-23,In Stock
14537,29,171,387,78,2025-10-23,In Stock
482,88,859,45,66,2024-10-04,Low Stock
6123,53,819,34,56,2026-04-21,Low Stock
12653,41,420,165,70,2026-01-21,In Stock
12113,11,348,53,31,,In Stock
15851,6,48,420,51,2025-07-06,In Stock
1763,83,119,445,90,2024-09-25,In Stock
15827,66,712,39,94,2025-10-28,Low Stock
15508,37,321,273,64,2025-01-30,In Stock
8943,85,753,149,25,2024-08-11,In Stock
7716,67,142,301,86,2024-02-07,In Stock
4854,90,400,133,86,2024-04-01,In Stock
2712,91,857,438,40,2024-01-02,In Stock
17718,33,861,169,60,2026-01-11,In Stock
11047,73,850,269,23,2026-01-12,In Stock
6820,60,568,399,97,2026-02-12,In Stock
13082,27,190,183,63,2026-06-15,In Stock
11556,21,766,182,89,2025-04-17,In Stock
19251,66,308,261,46,2026-02-12,In Stock
17771,40,898,273,55,2024-11-08,In Stock
5942,61,74,480,79,2024-06-03,In Stock
3068,28,870,66,40,2026-08-13,In Stock
3630,33,636,292,95,2024-02-21,In Stock
19874,84,555,451,83,2024-06-11,In Stock
3029,85,675,114,59,2026-02-21,In Stock
2970,81,322,500,61,2024-02-12,In Stock
11665,58,637,287,55,2024-02-01,In Stock
8647,12,134,384,18,2024-05-22,In Stock
15157,1,153,497,44,2026-03-15,In Stock
19514,75,74,242,100,2024-12-29,In Stock
4264,86,389,498,91,2025-03-31,In Stock
17030,42,555,214,55,2026-07-05,In Stock
15647,52,2,325,20,2024-02-13,In Stock
7993,78,568,324,21,2025-09-22,In Stock
18459,89,937,86,25,2024-05-25,In Stock
16726,100,55,48,53,2025-10-09,Low Stock
8042,17,222,210,35,2024-09-10,In Stock
15989,8,576,251,27,2024-01-05,In Stock
1623,89,587,221,44,2025-07-11,In Stock
12876,87,827,17,31,2024-05-03,Low Stock
7185,34,853,137,86,2025-12-17,In Stock
5476,71,777,471,69,2025-12-16,In Stock
16459,50,395,173,80,2025-03-11,In Stock
8997,75,517,318,25,2024-10-10,In Stock
11373,9,809,21,60,2025-06-02,Low Stock
8634,37,916,350,0,,In Stock
18436,35,462,141,70,2024-06-08,In Stock
18926,85,461,214,26,2025-02-08,In Stock
17686,61,235,282,63,2026-01-01,In Stock
1305,66,362,300,83,2027-02-21,In Stock
8429,51,918,253,11,2025-01-12,In Stock
4034,61,280,378,53,2024-08-11,In Stock
2600,81,217,145,12,2024-10-28,In Stock
12809,52,819,460,75,2025-08-08,In Stock
2574,61,581,17,96,2026-06-28,Low Stock
3187,39,271,304,44,2026-05-27,In Stock
19153,71,595,376,33,2024-01-10,In Stock
4832,63,317,23,70,2025-12-20,Low Stock
16087,24,789,478,82,2026-01-24,In Stock
2107,9,817,321,67,2025-05-09,In Stock
19064,59,984,133,32,2026-05-20,In Stock
15518,62,46,360,66,2025-07-18,In Stock
12881,23,288,5,11,2025-08-21,Low Stock
17772,15,243,282,93,2026-07-03,In Stock
11641,36,143,-100,32,2024-08-18,Out of Stock
7084,61,119,334,94,2026-04-27,In Stock
13193,70,570,342,88,2026-08-12,In Stock
1280,76,516,235,38,2024-06-17,In Stock
13222,77,922,177,52,2025-12-14,In Stock
805,24,334,356,100,2025-03-18,In Stock
14597,42,864,436,52,2024-06-02,In Stock
17940,52,918,497,63,2024-04-03,In Stock
11383,47,981,221,37,2024-10-15,In Stock
4567,2,748,481,19,2026-01-28,In Stock
981,22,693,411,48,2025-07-22,In Stock
15359,57,981,29,14,2024-09-15,In Stock
4842,35,599,91,99,2024-02-23,Low Stock
10113,47,720,44,79,2025-01-03,Low Stock
8706,17,828,347,40,2024-03-31,In Stock
17693,23,60,208,94,,In Stock
13860,31,121,354,88,2024-06-25,In Stock
9107,25,129,370,55,2025-09-16,In Stock
3453,4,679,488,53,2024-06-14,In Stock
2199,27,113,236,77,2026-04-09,In Stock
16033,13,9,371,44,2024-04-04,In Stock
4426,15,58,180,86,2025-08-31,In Stock
6151,93,14,84,36,2024-07-11,In Stock
14290,20,578,78,58,2026-06-18,In Stock
17328,39,369,337,12,2026-08-02,In Stock
823,33,666,204,13,2025-03-02,In Stock
15071,19,78,35,34,2024-04-19,In Stock
8357,42,362,303,81,2024-02-18,In Stock
12176,91,408,236,91,2024-08-13,In Stock
18923,48,611,342,45,2025-11-13,In Stock
15150,25,347,407,57,2024-06-28,In Stock
9504,87,998,204,19,2024-05-10,In Stock
19927,17,781,435,24,2025-05-02,In Stock
19404,96,658,289,20,2026-04-23,In Stock
13576,58,997,111,91,2024-06-05,In Stock
3055,22,178,334,62,2026-07-20,In Stock
7219,15,389,291,0,2025-06-12,In Stock
6723,20,499,20,99,2025-12-11,Low Stock
3301,7,677,100,94,2024-10-31,In Stock
8520,40,681,145,90,2025-04-14,In Stock
16381,51,436,292,30,2024-08-07,In Stock
10683,39,635,491,48,2025-06-25,In Stock
14296,71,244,407,72,2026-08-02,In Stock
10999,99,274,107,24,2024-01-08,In Stock
12601,10,810,387,75,2025-09-18,In Stock
17217,56,994,31,64,2024-07-18,Low Stock
11272,44,575,300,98,2025-09-07,In Stock
5108,68,817,494,61,2024-12-06,In Stock
7644,24,317,118,19,2026-05-20,In Stock
16439,15,759,448,33,2024-05-05,In Stock
14423,54,829,58,31,2026-03-10,In Stock
10094,94,636,494,-5,2024-08-20,In Stock
1482,27,927,244,74,2026-03-20,In Stock
4874,12,283,488,58,2025-01-11,In Stock
13088,53,133,375,85,2024-03-15,In Stock
16003,81,467,184,26,2025-03-21,In Stock
8039,63,748,365,0,2026-03-01,In Stock
12343,59,428,374,76,2024-09-11,In Stock
5798,91,298,358,40,2024-11-13,In Stock
11486,74,246,285,64,2025-12-04,In Stock
5233,75,572,144,16,2024-09-08,In Stock
6646,61,162,68,47,2025-02-08,In Stock
15535,29,694,398,11,2024-01-31,In Stock
5491,48,773,317,42,2026-03-20,In Stock
769,38,677,69,22,2024-05-09,In Stock
18450,80,18,435,82,2025-09-05,In Stock
7312,7,15,129,44,2024-11-11,In Stock
5747,33,856,0,80,2024-09-01,Out of Stock
2718,13,734,254,19,2026-01-03,In Stock
2080,87,628,225,48,2026-03-30,In Stock
952,86,810,116,23,2026-06-10,In Stock
2483,88,702,111,100,2026-07-31,In Stock
9182,13,197,38,92,2024-03-14,Low Stock
1760,91,186,188,35,2025-04-04,In Stock
9985,46,658,399,100,2025-03-12,In Stock
9917,97,679,450,85,2024-08-29,In Stock
4244,9,744,23,11,,In Stock
17073,46,908,176,73,2025-01-15,In Stock
13396,96,625,326,72,2025-08-03,In Stock
4945,49,42,394,100,2025-06-27,In Stock
17351,34,696,199,47,2025-10-04,In Stock
5589,56,598,372,74,2026-03-02,In Stock
16242,97,794,478,61,2024-11-09,In Stock
10396,50,552,408,23,2024-07-29,In Stock
19098,69,232,179,93,2026-12-19,In Stock
4758,91,632,484,65,2026-06-12,In Stock
4381,37,59,-10,88,2024-06-30,Out of Stock
13473,39,73,276,14,2025-05-12,In Stock
12998,4,202,258,37,2025-06-30,In Stock
5300,84,284,87,54,2025-07-10,In Stock
1991,81,449,413,94,2024-08-18,In Stock
12313,43,282,145,72,2026-03-14,In Stock
12952,96,173,436,90,2024-11-14,In Stock
17590,32,207,145,36,2025-03-01,In Stock
13491,80,17,1,14,2025-08-09,Low Stock
4972,69,924,349,15,2024-02-20,In Stock
17444,52,534,234,10,2025-12-31,In Stock
13227,15,345,141,69,2025-03-31,In Stock
6784,26,787,136,27,2025-01-28,In Stock
3601,13,525,446,60,2026-02-01,In Stock
6886,83,881,385,86,2026-06-20,In Stock
8071,5,987,456,73,2024-04-22,In Stock
8578,88,529,294,48,2025-03-26,In Stock
7974,19,4,474,26,2025-01-26,In Stock
10315,59,615,175,49,2024-08-22,In Stock
1626,57,28,129,41,2024-06-13,In Stock
16921,52,134,32,63,2024-09-02,Low Stock
7971,91,437,24,58,2025-06-24,Low Stock
13225,41,32,68,38,2026-03-01,In Stock
4213,90,571,277,78,2026-03-24,In Stock
6457,50,349,299,60,2025-09-17,In Stock
9525,83,367,48,73,2024-02-12,Low Stock
11695,41,734,330,72,2024-09-03,In Stock
2709,20,283,146,66,2027-01-23,In Stock
6515,95,877,399,60,2024-05-01,In Stock
4663,52,171,492,39,2027-08-01,In Stock
1855,93,404,109,64,2024-07-02,In Stock
3073,41,886,441,36,2025-04-16,In Stock
19257,25,201,378,71,2026-02-11,In Stock
19415,60,393,57,87,2025-03-18,Low Stock
14756,23,709,155,91,2026-05-27,In Stock
1646,2,18609,229,34,2026-01-07,In Stock
3418,91,615,198,31,2024-09-03,In Stock
3477,34,406,345,65,2024-03-31,In Stock
11054,16,540,224,89,2024-11-26,In Stock
1793,63,897,48,72,2025-10-12,Low Stock
13719,27,396,67,12,2025-02-12,In Stock
15115,62,437,214,67,2024-02-13,In Stock
3798,39,764,327,98,2024-02-04,In Stock
3369,55,651,148,54,2025-07-18,In Stock
11560,53,536,499,23,2025-05-19,In Stock
7197,2,415,-100,47,2025-12-18,Out of Stock
11642,88,799,234,35,2026-04-23,In Stock
8796,40,121,432,95,2024-02-29,In Stock
127,39,146,9,50,,Low Stock
5960,59,402,37,59,2025-06-08,Low Stock
13636,31,784,280,62,2025-08-11,In Stock
15344,21,337,52,54,2025-01-19,Low Stock
4452,17,206,225,89,2026-03-11,In Stock
7148,10,752,180,76,2024-11-06,In Stock
828,28,250,429,15,2024-06-07,In Stock
972,100,322,250,42,2024-12-02,In Stock
17369,96,81,292,60,2025-04-26,In Stock
11474,20,33,152,78,2025-12-26,In Stock
7784,22,97,442,92,2025-11-21,In Stock
10381,64,168,378,80,,In Stock
19988,94,904,84,62,2025-02-18,In Stock
2444,11,96,435,79,2024-02-27,In Stock
10542,53,242,479,91,2024-06-09,In Stock
16730,1,304,331,15,2024-08-16,In Stock
815,23,210,74,47,2024-08-27,In Stock
13000,63,984,371,70,2025-07-22,In Stock
11398,2,41,203,14,2024-09-02,In Stock
19482,39,768,138,76,2025-11-26,In Stock
8511,63,993,122,37,2024-02-05,In Stock
14154,68,13210,334,62,2024-03-10,In Stock
12299,19,48,395,75,2025-11-06,In Stock
5780,86,990,80,97,2024-07-05,Low Stock
2117,47,496,274,80,2024-12-03,In Stock
794,10,69,348,28,2025-07-24,In Stock
10148,34,688,337,92,2025-08-23,In Stock
6899,97,470,204,31,2024-07-14,In Stock
2675,8,569,194,48,2024-08-08,In Stock
16479,100,836,118,69,2025-10-27,In Stock
15771,53,871,427,27,2025-01-06,In Stock
3757,11,587,79,39,2025-06-05,In Stock
2892,44,257,141,14,2024-04-30,In Stock
18756,97,788,285,64,2026-06-15,In Stock
14383,59,390,140,26,2025-07-04,In Stock
3229,27,324,363,63,2025-01-23,In Stock
7864,72,757,362,93,2025-12-05,In Stock
6360,77,817,490,74,2025-09-04,In Stock
19618,83,395,52,48,2025-03-29,In Stock
13430,18,680,109,35,2024-02-09,In Stock
11105,93,304,488,76,2026-06-04,In Stock
18250,62,597,140,60,2025-02-04,In Stock
13947,41,896,210,40,2025-10-05,In Stock
4613,84,282,334,73,2025-10-09,In Stock
19030,84,772,450,54,2024-02-09,In Stock
2244,94,750,116,14,2025-11-18,In Stock
5374,94,377,136,43,2024-08-15,In Stock
2337,87,452,180,34,2025-09-28,In Stock
17335,64,651,17,60,2024-02-14,Low Stock
11261,85,985,364,41,2025-11-09,In Stock
1121,77,758,115,62,2026-07-10,In Stock
10790,53,451,357,49,2026-04-21,In Stock
18589,91,30,88,41,2024-01-26,In Stock
420,63,77,269,79,2025-10-30,In Stock
923,72,345,424,42,2026-05-21,In Stock
9447,12,733,150,13,2024-12-09,In Stock
5409,69,809,325,63,2024-01-25,In Stock
5789,12,259,253,73,2026-07-15,In Stock
15375,12,688,364,62,2024-09-14,In Stock
17587,90,660,221,50,2024-07-26,In Stock
8390,57,609,403,96,2024-11-22,In Stock
1971,10,514,191,42,2024-09-21,In Stock
11303,53,166,75,48,2024-01-13,In Stock
4019,16,520,229,40,2025-04-06,In Stock
3688,10,121,400,84,2024-06-27,In Stock
18382,27,965,438,48,2025-02-02,In Stock
12791,26,50,171,48,2024-04-29,In Stock
11247,80,969,287,23,2025-10-26,In Stock
1249,98,334,256,43,2025-08-16,In Stock
2193,6,488,468,64,2025-04-14,In Stock
19097,51,593,450,88,2024-03-19,In Stock
9185,62,230,246,29,2026-02-16,In Stock
18575,48,258,401,44,2024-09-26,In Stock
4671,81,874,343,62,2024-12-25,In Stock
5985,6,60,151,-5,2025-09-16,In Stock
6566,28,158,405,63,2025-02-07,In Stock
7805,4,624,293,90,2025-04-07,In Stock
11955,6,899,4,81,2025-01-29,Low Stock
6944,91,998,206,39,2024-10-09,In Stock
9511,84,616,463,48,2025-02-06,In Stock
10536,43,6,464,63,2025-11-17,In Stock
18521,11,890,195,78,2026-11-19,In Stock
17450,35,660,256,70,2025-06-01,In Stock
14061,34,206,465,18,2024-11-17,In Stock
16985,31,813,92,43,2025-03-13,In Stock
7578,79,759,418,67,2024-02-20,In Stock
78,78,643,80,40,2025-02-19,In Stock
19283,72,851,72,44,2024-12-24,In Stock
15525,20,339,16,79,2025-11-10,Low Stock
9065,1456,370,50,91,2024-06-07,Low Stock
8008,9,555,8,49,2024-04-23,Low Stock
5952,13,178,327,79,2025-02-20,In Stock
11158,82,14,300,59,2024-10-03,In Stock
3392,45,332,39,60,2024-12-10,Low Stock
5416,75,587,469,35,,In Stock
18945,38,904,399,97,2024-07-12,In Stock
8163,1,546,453,25,2024-02-12,In Stock
19020,39,751,48,32,2025-08-22,In Stock
5257,5,411,314,60,2026-04-07,In Stock
3531,36,368,221,16,2026-03-09,In Stock
8568,96,227,456,31,2024-12-31,In Stock
1909,68,460,146,34,2024-02-10,In Stock
19688,89,144,354,31,2026-01-31,In Stock
236,74,11624,367,83,2024-10-16,In Stock
12220,50,872,-10,12,2025-02-19,Out of Stock
17989,44,329,216,13,2024-04-06,In Stock
7985,48,354,138,78,2025-11-22,In Stock
9311,6,194,327,-5,2025-06-11,In Stock
3491,41,595,336,55,2024-10-18,In Stock
14232,42,640,360,21,2026-07-03,In Stock
18379,84,513,220,20,2024-03-09,In Stock
19209,58,797,469,54,2025-03-16,In Stock
19714,16,262,99,83,2024-11-08,In Stock
10569,68,850,478,34,2026-01-07,In Stock
1343,95,357,492,46,2024-05-02,In Stock
8513,65,734,106,42,2025-04-12,In Stock
1620,17,332,227,70,2025-10-19,In Stock
5288,83,396,73,94,2026-03-17,Low Stock
18445,86,354,367,70,2026-05-04,In Stock
7042,82,128,51,84,2026-05-10,Low Stock
2220,10,129,120,86,2025-07-24,In Stock
9866,51,867,85,77,2025-10-14,In Stock
16645,46,12594,424,50,2025-06-27,In Stock
19792,32,539,410,89,2025-12-30,In Stock
12978,70,360,199,72,2025-08-04,In Stock
14595,43,608,283,18,2025-02-26,In Stock
18411,39,190,483,33,2026-01-12,In Stock
6989,40,829,390,12,2024-03-29,In Stock
1918,39,16,464,27,2025-07-25,In Stock
1829,39,57,367,94,2024-08-31,In Stock
9766,55,658,120,13,2026-04-07,In Stock
12608,1161,384,216,52,2025-06-04,In Stock
12942,39,49,287,82,2026-01-08,In Stock
6234,71,337,29,99,2024-08-18,Low Stock
19760,11,216,500,44,2024-09-06,In Stock
6284,73,514,316,46,2026-05-07,In Stock
4209,46,806,462,39,2024-11-24,In Stock
12820,79,449,57,97,2025-02-17,Low Stock
16609,64,8,385,64,2024-01-26,In Stock
9334,3,998,359,0,2026-03-03,In Stock
6470,7,798,486,34,2026-01-03,In Stock
13747,6,345,-50,87,2025-08-06,Out of Stock
15386,42,281,235,34,2025-10-19,In Stock
13704,64,98,25,34,2025-03-06,Low Stock
10955,12,459,189,53,2025-08-13,In Stock
847,59,480,194,27,2024-04-27,In Stock
5561,55,496,34,36,2026-05-02,Low Stock
13235,5,688,466,53,2025-02-22,In Stock
14310,39,279,486,11,2025-11-18,In Stock
18936,29,659,353,36,,In Stock
13918,5,686,428,31,2025-07-31,In Stock
118,86,892,427,36,2025-11-23,In Stock
8838,22,274,61,58,2024-12-31,In Stock
14044,82,700,479,71,2025-04-29,In Stock
8660,92,907,310,58,2025-07-14,In Stock
16390,82,504,-10,83,2024-04-20,Out of Stock
5343,10,337,292,30,2025-12-09,In Stock
9112,54,357,356,34,2024-07-30,In Stock
10788,66,987,354,18,2024-11-01,In Stock
4325,44,604,232,81,2025-08-17,In Stock
17448,52,488,329,21,2025-05-14,In Stock
2591,98,25,412,-5,2026-06-08,In Stock
13047,6,237,35,12,2025-08-11,In Stock
13919,21,758,145,82,2025-03-08,In Stock
10590,17,48,272,58,2025-07-29,In Stock
11614,83,146,323,41,2024-03-26,In Stock
6768,100,904,26,23,2026-06-17,In Stock
5623,70,299,129,66,2024-08-24,In Stock
1606,7,795,65,100,2024-03-27,Low Stock
18118,11,114,129,39,2024-08-23,In Stock
19767,67,862,160,76,2024-07-25,In Stock
3813,20,106,455,99,2025-05-08,In Stock
14278,38,746,464,48,2025-07-21,In Stock
17261,20,997,326,73,2024-04-22,In Stock
10555,40,514,24,78,2024-02-03,Low Stock
10168,97,461,349,54,2024-06-19,In Stock
1762,89,780,182,41,2024-07-15,In Stock
15680,73,228,467,45,2024-09-30,In Stock
19124,72,914,137,96,2026-07-07,In Stock
2473,89,898,243,48,2026-07-02,In Stock
15914,48,549,349,76,2025-03-27,In Stock
6739,21,697,496,51,2025-10-23,In Stock
15729,89,746,-10,42,2024-10-25,Out of Stock
12200,60,880,382,26,2026-02-14,In Stock
7944,64,820,107,19,2025-08-14,In Stock
12911,33,454,191,82,2025-12-20,In Stock
14370,87,615,285,47,2024-03-01,In Stock
6372,56,409,98,66,2025-03-23,In Stock
16617,3,159,121,97,2025-11-04,In Stock
8259,42,194,116,52,2025-04-01,In Stock
7562,63,429,373,71,2024-11-22,In Stock
9796,99,64,108,77,2025-11-08,In Stock
6169,24,956,305,16,2025-11-07,In Stock
11476,1,167,36,35,2026-07-16,In Stock
3597,35,508,468,27,2024-06-19,In Stock
6289,31,885,499,59,2024-01-05,In Stock
4633,89,699,374,14,2024-01-26,In Stock
15148,47,270,68,76,2024-03-04,Low Stock
16510,87,507,268,66,2024-12-28,In Stock
6230,51,44,95,85,2026-03-29,In Stock
17681,96,216,459,23,2025-03-19,In Stock
18361,73,609,131,90,2026-03-13,In Stock
11541,48,792,441,28,2025-03-07,In Stock
10268,64,465,59,75,2024-06-21,Low Stock
12773,8,788,232,56,2024-11-04,In Stock
5751,98,801,87,48,2025-11-08,In Stock
8153,54,38,107,34,2026-03-16,In Stock
13504,5,3,370,33,2025-07-21,In Stock
3087,80,649,402,38,2025-03-14,In Stock
1907,86,135,90,22,,In Stock
6883,25,974,483,87,2025-11-21,In Stock
7674,84,293,114,32,2024-02-25,In Stock
8173,79,810,106,52,2024-01-06,In Stock
19846,85,244,309,69,2026-06-05,In Stock
5871,87,664,392,86,2025-02-16,In Stock
19182,54,235,18,71,2026-01-16,Low Stock
17303,34,610,92,36,2024-04-23,In Stock
18031,74,998,359,66,2025-02-18,In Stock
5123,62,203,228,26,2025-05-02,In Stock
5127,98,47,221,98,2027-05-11,In Stock
13624,47,700,343,94,2025-06-30,In Stock
15035,12,57,458,31,2026-06-05,In Stock
4622,64,879,112,82,2024-06-15,In Stock
6810,30,138,160,32,2025-04-01,In Stock
16749,83,759,423,94,2026-02-28,In Stock
15746,42,262,387,93,2025-01-24,In Stock
11480,40,943,420,31,2026-06-18,In Stock
2126,7,153,41,35,2025-06-19,In Stock
8151,57,796,460,30,2026-07-26,In Stock
8718,88,944,158,41,2024-05-19,In Stock
13014,31,810,65,99,2026-07-10,Low Stock
56,19,317,270,17,2024-11-11,In Stock
17023,27,978,199,38,2024-03-02,In Stock
303,11,823,140,63,2026-08-03,In Stock
17661,11,138,440,36,2024-11-16,In Stock
14179,66,322,380,87,2025-11-26,In Stock
13569,60,770,476,69,2025-12-15,In Stock
4433,40,16972,59,67,2026-05-30,Low Stock
19263,68,437,-50,71,2026-06-09,Out of Stock
12395,13,914,448,84,2024-07-30,In Stock
10479,73,728,112,79,2025-09-28,In Stock
10454,89,332,342,27,2025-05-28,In Stock
5241,41,320,279,47,2024-03-21,In Stock
10489,81,828,458,28,2026-07-06,In Stock
16283,30,55,46,89,2025-02-27,Low Stock
14125,6,426,480,56,2025-04-03,In Stock
10161,76,625,150,15,2024-07-29,In Stock
18978,93,795,428,62,2024-07-07,In Stock
18778,85,104,105,18,2024-09-13,In Stock
16908,48,884,8,53,2025-11-03,Low Stock
6377,65,542,361,41,2024-12-10,In Stock
6982,89,632,201,38,2024-04-18,In Stock
13717,98,747,133,69,2024-03-15,In Stock
3901,20,442,311,49,2024-07-26,In Stock
13138,83,410,208,45,2024-07-22,In Stock
12892,91,355,416,67,2025-09-17,In Stock
11315,70,724,361,-5,2024-09-25,In Stock
10162,91,994,451,81,,In Stock
17056,37,286,159,61,2026-01-31,In Stock
4189,89,903,131,57,2024-01-18,In Stock
667,17,464,35,25,2024-06-24,In Stock
3267,10,861,418,73,2025-08-13,In Stock
18272,1757,719,420,0,2026-08-02,In Stock
8473,21,788,423,52,2025-07-13,In Stock
9912,84,973,134,69,2026-03-02,In Stock
12648,51,33,421,82,2024-03-06,In Stock
11638,34,821,207,84,2025-01-09,In Stock
6091,66,787,377,28,2025-04-05,In Stock
6239,65,168,220,54,2025-01-11,In Stock
15184,21,731,243,40,,In Stock
7351,43,971,188,82,2025-11-28,In Stock
17145,79,773,402,86,2024-04-18,In Stock
6255,22,298,397,99,2025-08-26,In Stock
18291,40,793,355,21,2025-03-17,In Stock
12235,25,767,15,55,2026-05-01,Low Stock
12016,62,164,186,39,2024-02-28,In Stock
3819,1,87,104,18,2024-06-29,In Stock
6270,55,328,283,19,2025-10-13,In Stock
4301,100,477,419,16,2024-09-04,In Stock
5570,52,66,430,11,2025-12-20,In Stock
14389,19,580,83,0,2024-03-24,In Stock
7942,43,895,364,0,2025-07-16,In Stock
4165,98,816,253,65,2024-11-26,In Stock
19217,33,971,297,76,2025-07-24,In Stock
16522,51,969,157,81,2026-04-05,In Stock
7044,27,858,495,61,2025-11-24,In Stock
4893,13,634,113,47,2025-11-01,In Stock
18565,26,102,386,27,2025-10-14,In Stock
10321,53,836,339,59,2025-02-19,In Stock
19562,82,437,22,55,2025-11-25,Low Stock
4855,82,73,270,69,2026-01-09,In Stock
4638,87,22,481,29,2024-09-18,In Stock
9551,4,261,15,56,2026-01-15,Low Stock
17716,67,426,233,96,2024-11-30,In Stock
10210,43,115,402,17,2024-07-11,In Stock
6942,77,187,35,64,2025-10-05,Low Stock
8018,91,99,259,80,2025-06-27,In Stock
9522,88,138,223,85,2026-06-01,In Stock
6950,84,492,232,60,2024-01-04,In Stock
6882,97,771,164,87,2026-01-04,In Stock
13052,33,639,371,23,2026-03-01,In Stock
15782,12,701,252,62,2026-01-09,In Stock
4674,80,567,261,68,2024-03-08,In Stock
12174,14,24,306,77,2025-06-08,In Stock
6997,95,237,421,61,2024-05-03,In Stock
1253,26,340,161,79,2025-09-12,In Stock
11471,35,78,462,57,2025-06-21,In Stock
15255,13,727,349,26,2026-03-20,In Stock
19199,65,249,409,41,2024-07-27,In Stock
10041,6,10,28,68,2024-04-26,Low Stock
4859,31,345,175,46,2025-08-31,In Stock
8581,95,255,498,23,2025-07-29,In Stock
8428,37,705,474,76,2024-06-12,In Stock
17462,40,518,289,43,,In Stock
10177,95,560,493,87,2024-10-08,In Stock
4364,33,117,270,-20,2025-08-19,In Stock
17155,45,848,475,14,2026-08-14,In Stock
10358,40,776,497,22,2024-11-19,In Stock
16634,87,526,161,74,2024-06-11,In Stock
14490,77,503,58,90,2025-04-26,Low Stock
7240,75,197,400,12,2025-06-01,In Stock
14431,50,595,159,17,2025-04-04,In Stock
3420,49,191,465,85,2026-07-31,In Stock
10016,23,472,84,65,2025-02-21,In Stock
19772,43,952,107,79,2025-12-09,In Stock
4977,9,895,34,76,2025-04-04,Low Stock
4545,77,51,-1,37,2024-07-17,Out of Stock
17101,63,336,174,21,2025-07-05,In Stock
12339,91,61,245,11,2025-06-22,In Stock
2049,98,960,463,38,2026-01-10,In Stock
5998,33,870,338,63,2024-11-01,In Stock
15445,57,980,173,52,2024-04-16,In Stock
13457,72,447,476,58,2024-05-02,In Stock
4810,67,865,362,49,2025-10-21,In Stock
10917,33,665,426,91,2024-12-22,In Stock
3637,41,87,185,82,2025-09-20,In Stock
17845,50,31,274,38,2025-04-10,In Stock
15107,66,680,237,81,2024-06-12,In Stock
5990,54,824,102,91,2026-03-18,In Stock
9861,40,461,407,60,2024-02-18,In Stock
18385,12,15110,460,73,2024-06-07,In Stock
12764,32,24,51,78,2025-01-30,Low Stock
15159,6,863,151,61,2024-01-05,In Stock
8176,93,505,104,84,2026-05-12,In Stock
405,61,72,301,27,2025-01-11,In Stock
385,95,489,36,11,2024-08-12,In Stock
8703,66,571,65,45,2024-05-19,In Stock
7267,48,596,406,32,2024-01-06,In Stock
10345,36,388,274,83,2025-09-05,In Stock
18018,37,930,397,49,2025-01-04,In Stock
13773,56,545,-10,27,2024-11-01,Out of Stock
6939,73,474,227,52,2025-08-22,In Stock
6971,18,564,23,50,2025-03-26,Low Stock
4159,88,486,456,86,2026-07-19,In Stock
19910,19,336,125,66,2026-03-19,In Stock
13551,88,95,190,89,2025-05-15,In Stock
8416,14,542,282,50,2024-10-21,In Stock
2194,3,408,488,10,,In Stock
1016,3,257,56,83,2025-02-06,Low Stock
5125,80,281,484,14,2024-01-06,In Stock
19256,46,120,246,40,2025-11-17,In Stock
10,69,767,253,80,2024-07-08,In Stock
10137,74,456,367,97,2024-03-30,In Stock
18223,84,652,237,48,2024-03-19,In Stock
4805,95,936,98,21,2024-12-22,In Stock
16640,36,352,486,96,2025-09-17,In Stock
5714,13,111,417,96,2024-12-27,In Stock
12678,9,296,422,31,2026-08-09,In Stock
19709,51,680,5,88,2026-06-07,Low Stock
1582,86,167,24,85,2025-05-28,Low Stock
17309,98,621,441,96,2024-07-21,In Stock
2780,70,483,206,39,2025-03-07,In Stock
13217,57,53,294,96,2025-03-07,In Stock
5321,22,931,294,39,2024-04-11,In Stock
7313,26,317,431,48,2024-01-31,In Stock
14838,89,416,286,44,2026-06-07,In Stock
6043,10,287,247,70,2024-06-28,In Stock
4836,82,568,121,84,2024-04-24,In Stock
4965,9,273,180,22,2026-05-29,In Stock
540,10,743,377,47,2025-03-28,In Stock
7484,82,846,143,36,2025-04-02,In Stock
19130,40,101,180,74,2026-02-18,In Stock
3720,75,496,296,26,2024-11-29,In Stock
13660,74,110,428,59,2024-10-09,In Stock
9338,4,164,381,94,2024-01-13,In Stock
668,59,625,37,15,2025-02-21,In Stock
11024,92,617,478,75,2025-01-08,In Stock
10976,56,242,217,81,2025-06-23,In Stock
1354,4,155,402,99,2024-04-10,In Stock
13324,16,43,498,41,2025-02-25,In Stock
7115,86,582,111,49,2024-11-12,In Stock
8663,84,779,487,52,2026-01-27,In Stock
19088,64,254,466,94,2025-04-21,In Stock
3331,58,990,334,29,2025-01-05,In Stock
8054,80,213,248,72,2025-01-31,In Stock
11830,31,463,67,12,2026-04-15,In Stock
9589,47,941,389,34,2024-01-03,In Stock
5646,73,28,74,82,2025-08-28,Low Stock
19761,28,128,464,48,2024-07-06,In Stock
17641,49,750,461,33,2024-10-17,In Stock
6191,88,475,192,32,2025-02-02,In Stock
15762,25,258,97,64,2026-02-09,In Stock
11705,63,675,283,91,2025-05-12,In Stock
13844,3,56,375,75,2025-03-03,In Stock
11004,36,781,425,24,2026-08-10,In Stock
4911,73,887,268,66,2024-08-30,In Stock
1853,79,466,0,14,2024-06-21,Out of Stock
12973,69,802,434,15,2025-01-15,In Stock
14047,97,781,327,34,2025-05-17,In Stock
2106,6,975,74,59,2025-03-14,In Stock
16518,30,468,376,92,2026-06-30,In Stock
13429,8,749,6,56,2025-06-25,Low Stock
5030,89,165,460,33,2025-05-16,In Stock
17313,7,255,198,32,2024-10-10,In Stock
824,60,458,291,28,2026-03-02,In Stock
1532,65,398,214,48,2024-10-03,In Stock
1215,86,934,186,67,2026-06-11,In Stock
505,45,17,175,11,2024-04-30,In Stock
14684,87,978,112,93,2025-04-10,In Stock
10189,73,742,370,98,2024-02-27,In Stock
6531,28,740,496,50,2025-04-11,In Stock
19457,7,652,301,71,,In Stock
10151,46,372,280,28,2025-08-09,In Stock
9577,56,455,124,31,2024-07-03,In Stock
13117,47,331,116,22,2024-01-27,In Stock
3710,69,248,219,98,2025-10-15,In Stock
19994,12,122,389,45,2025-02-07,In Stock
4749,79,74,467,49,2026-07-09,In Stock
11715,49,326,22,16,,In Stock
15486,10,18,70,94,,Low Stock
5302,17,553,485,35,2025-04-25,In Stock
19308,69,471,83,12,2025-06-16,In Stock
6589,6,323,204,66,2025-02-18,In Stock
1811,84,149,93,12,2024-07-02,In Stock
3142,51,827,497,20,2025-12-17,In Stock
1325,100,513,25,63,2025-08-28,Low Stock
4313,48,768,28,54,2025-05-26,Low Stock
7495,59,986,366,86,2026-03-21,In Stock
8692,1,398,130,24,2024-02-19,In Stock
19913,75,744,50,20,2025-09-23,In Stock
9581,20,682,243,76,2025-02-08,In Stock
13808,54,50,83,85,2024-11-01,Low Stock
17925,78,982,219,98,2024-11-20,In Stock
19066,45,238,465,15,2025-10-28,In Stock
6314,89,121,268,14,2024-03-06,In Stock
17576,40,63,227,63,2024-04-14,In Stock
13965,91,381,328,31,2024-12-17,In Stock
1543,66,992,221,95,2026-03-25,In Stock
11494,12,74,220,71,2024-12-01,In Stock
11517,50,928,188,53,2026-06-13,In Stock
7057,78,403,133,93,2026-04-16,In Stock
2540,43,539,270,45,2026-01-17,In Stock
17338,81,12,293,48,2025-04-01,In Stock
15369,42,74,346,38,2025-08-23,In Stock
6732,5,237,86,19,2025-10-10,In Stock
4847,96,678,294,57,2025-05-15,In Stock
6802,78,464,251,54,2025-02-22,In Stock
4331,68,835,441,45,2025-01-08,In Stock
8925,42,979,283,10,2024-12-31,In Stock
5335,6,58,182,23,2025-01-31,In Stock
9349,15,268,260,26,2024-11-20,In Stock
4730,85,109,30,86,2024-12-17,Low Stock
11175,14,941,237,25,2024-11-03,In Stock
18541,10,352,261,37,2026-07-10,In Stock
1063,69,846,323,17,2025-05-16,In Stock
1168,100,441,300,85,2025-08-01,In Stock
7652,56,930,496,67,2024-11-09,In Stock
11131,17,354,469,82,2025-06-01,In Stock
4492,63,465,186,74,2024-08-07,In Stock
8336,3,655,106,63,2026-06-20,In Stock
5487,58,223,412,84,2025-05-07,In Stock
19167,92,255,-100,16,2026-06-21,Out of Stock
17102,2,370,312,88,2026-08-02,In Stock
2503,97,223,393,51,2024-03-19,In Stock
4361,40,1000,252,23,2024-04-30,In Stock
4172,19,856,497,82,2024-11-21,In Stock
14991,73,58,495,38,2024-09-10,In Stock
16780,92,702,22,57,2026-01-25,Low Stock
13924,25,95,4,27,2025-03-02,Low Stock
14513,25,562,193,69,2025-08-20,In Stock
7187,54,989,359,99,2025-08-16,In Stock
699,25,848,155,31,2024-12-10,In Stock
17750,84,622,195,73,2026-03-20,In Stock
19939,58,527,10,87,2026-01-20,Low Stock
14192,24,968,442,87,2025-10-13,In Stock
8788,41,996,465,82,2024-01-10,In Stock
14398,23,709,125,43,2025-11-04,In Stock
12145,4,197,458,92,2024-08-22,In Stock
13585,59,169,215,82,2024-04-02,In Stock
2915,27,514,127,69,2024-03-03,In Stock
14553,35,629,489,52,2024-10-01,In Stock
10519,84,154,174,68,2025-06-16,In Stock
5645,33,579,36,33,2025-03-07,In Stock
3441,1340,202,96,69,2024-11-05,In Stock
12044,78,618,359,21,2024-06-20,In Stock
7358,3,958,455,32,2025-05-08,In Stock
2144,76,386,258,64,2024-03-13,In Stock
5105,87,866,355,70,2026-03-06,In Stock
5074,48,798,487,70,2026-01-22,In Stock
17956,49,465,4,96,2025-06-14,Low Stock
17507,65,816,90,85,2024-11-08,In Stock
16049,5,350,322,54,2024-09-13,In Stock
19171,67,920,33,31,2025-11-15,In Stock
14528,27,172,421,96,2024-09-07,In Stock
2968,49,373,300,33,2025-09-23,In Stock
18889,6,148,93,65,2026-06-17,In Stock
5989,1002,13799,499,30,2026-03-05,In Stock
11658,70,422,61,94,2025-06-02,Low Stock
729,35,751,339,45,2024-01-15,In Stock
7588,3,455,155,23,2025-05-11,In Stock
7544,89,223,363,21,2026-02-27,In Stock
413,46,891,159,28,2025-03-16,In Stock
11339,47,422,485,41,2025-03-18,In Stock
5746,34,767,191,70,2024-11-09,In Stock
17210,18,636,346,81,2026-06-28,In Stock
3268,85,441,195,98,2025-01-25,In Stock
8809,76,609,41,12,2024-01-05,In Stock
418,52,521,55,43,2026-08-04,In Stock
11262,73,602,160,15,2026-02-15,In Stock
9818,31,428,239,10,2024-06-19,In Stock
15306,5,886,224,56,2024-05-19,In Stock
16282,36,97,269,35,2025-02-10,In Stock
2083,36,545,143,63,2024-03-03,In Stock
12162,94,779,452,23,2026-02-03,In Stock
3374,10,409,143,23,2024-04-17,In Stock
5727,32,401,143,79,2025-12-09,In Stock
10637,22,244,70,95,2026-06-18,Low Stock
17451,71,632,157,83,2025-08-02,In Stock
3914,10,480,194,-5,2026-07-06,In Stock
13480,68,465,105,34,2025-12-29,In Stock
5537,17,712,103,61,2025-02-08,In Stock
8003,15,665,167,49,2024-05-05,In Stock
5388,94,912,319,70,2026-07-02,In Stock
2739,5,131,217,13,2024-09-23,In Stock
5053,51,208,284,25,2026-01-08,In Stock
4001,84,464,449,56,2025-12-10,In Stock
2428,29,481,105,95,2024-03-01,In Stock
11939,28,104,192,91,2024-05-10,In Stock
6834,76,371,295,52,2024-04-10,In Stock
18072,76,602,168,62,2026-01-23,In Stock
852,56,780,275,65,2025-07-11,In Stock
16348,88,778,80,81,2024-05-31,Low Stock
5879,98,465,402,71,2026-01-26,In Stock
19224,86,46,37,40,2024-12-12,Low Stock
4612,53,835,149,15,2026-05-21,In Stock
16365,70,351,353,99,2025-01-01,In Stock
9541,82,338,356,69,2025-07-10,In Stock
9208,54,566,496,59,2026-06-04,In Stock
9824,87,890,495,86,2026-01-13,In Stock
2490,70,675,287,51,2026-05-16,In Stock
11923,14,97,-10,90,2025-08-29,Out of Stock
7391,59,151,286,22,2024-05-05,In Stock
2850,93,459,122,64,2024-11-12,In Stock
14070,23,777,301,11,2025-07-20,In Stock
5882,12,242,477,76,2024-03-18,In Stock
4453,6,549,414,11,2026-06-12,In Stock
2480,67,17308,453,76,2024-03-15,In Stock
10458,12,227,320,100,2024-11-24,In Stock
11152,20,338,340,65,2025-10-27,In Stock
13246,1394,371,12,32,2024-02-27,Low Stock
18526,43,303,114,0,2025-06-19,In Stock
13297,29,734,232,91,2025-11-02,In Stock
11311,41,949,375,60,2024-09-22,In Stock
9436,79,348,150,65,2026-01-14,In Stock
19129,80,846,108,92,2025-10-19,In Stock
7254,6,241,128,14,2024-09-13,In Stock
13285,54,707,380,52,2025-08-31,In Stock
3507,6,396,268,52,2025-01-31,In Stock
1680,62,319,32,23,2025-05-05,In Stock
19532,98,157,83,86,2025-10-19,Low Stock
8131,96,221,357,87,,In Stock
15126,2,888,135,99,2024-08-04,In Stock
16965,87,672,210,54,2025-07-30,In Stock
9663,56,100,6,34,2024-04-26,Low Stock
13501,72,705,378,39,2026-02-07,In Stock
3344,85,15,346,83,2024-08-22,In Stock
13185,96,48,-1,-20,2024-05-11,Out of Stock
16245,9,665,131,57,2026-02-19,In Stock
12776,81,419,200,35,2026-02-21,In Stock
16944,60,538,176,44,2026-05-24,In Stock
5238,64,89,140,44,2024-12-10,In Stock
7806,61,562,338,54,2025-09-11,In Stock
13408,79,497,145,18,2025-11-23,In Stock
16897,13,812,127,84,2026-05-06,In Stock
1082,14,159,27,38,2026-06-03,Low Stock
18049,18,231,416,17,,In Stock
9205,5,905,111,35,2025-03-21,In Stock
1932,14,717,340,16,2025-10-09,In Stock
1151,90,449,243,78,2026-03-04,In Stock
19223,87,353,171,23,2025-12-09,In Stock
5950,96,892,481,51,2026-08-01,In Stock
8309,39,140,270,40,2026-03-17,In Stock
14263,57,178,417,22,2025-04-16,In Stock
5178,11,544,156,88,2025-04-08,In Stock
14099,55,127,23,17,,In Stock
17215,100,62,323,91,2024-05-05,In Stock
8312,85,258,218,17,2026-06-09,In Stock
11549,92,358,152,75,2025-05-15,In Stock
8852,36,741,204,76,2026-01-14,In Stock
17020,68,435,351,21,2025-05-24,In Stock
4466,95,191,131,49,2025-10-11,In Stock
6800,27,629,436,46,2026-05-23,In Stock
7988,46,672,359,79,2024-01-11,In Stock
7080,14,354,339,12,2025-05-20,In Stock
6967,82,326,213,82,2025-07-28,In Stock
15203,1929,312,180,37,2026-03-11,In Stock
4143,61,448,321,31,2025-02-18,In Stock
877,99,296,406,33,2026-03-10,In Stock
16389,54,10,137,39,2025-09-29,In Stock
15980,32,604,22,40,2024-03-16,Low Stock
3052,41,217,363,26,2025-09-02,In Stock
19509,57,44,301,92,2025-03-21,In Stock
14600,51,821,385,32,2024-01-30,In Stock
15329,2,181,497,23,2024-03-28,In Stock
2492,65,895,-1,21,2026-06-27,Out of Stock
15339,63,332,50,97,2026-03-02,Low Stock
4778,13,802,291,17,2024-04-02,In Stock
9908,51,582,468,31,2025-07-29,In Stock
17533,93,146,34,-20,2025-11-24,In Stock
16959,22,437,330,87,2024-05-31,In Stock
854,47,461,357,38,2024-01-17,In Stock
10967,9,954,90,30,2026-06-20,In Stock
13122,7,144,104,58,2025-01-03,In Stock
13404,43,204,22,82,2024-07-22,Low Stock
10894,13,196,327,50,2024-03-03,In Stock
4496,80,600,291,90,2024-12-31,In Stock
8174,65,605,285,86,2024-12-20,In Stock
6656,8,30,38,85,2024-03-19,Low Stock
12040,33,249,37,100,2026-01-12,Low Stock
2369,93,116,496,0,2026-04-09,In Stock
4781,97,788,342,57,2024-06-06,In Stock
12324,18,219,82,36,2024-01-21,In Stock
19335,46,393,256,10,2024-02-17,In Stock
8717,69,559,274,84,2027-07-12,In Stock
10648,24,11977,227,70,2024-08-07,In Stock
18226,26,308,186,32,2026-01-30,In Stock
5987,88,176,207,46,2025-09-29,In Stock
16922,50,49,-10,50,2026-01-02,Out of Stock
19191,57,729,341,22,2024-02-03,In Stock
5802,59,31,93,26,2026-04-29,In Stock
7207,1023,874,166,82,2026-08-04,In Stock
7344,25,652,118,78,2025-07-20,In Stock
12534,80,769,-100,24,2026-02-16,Out of Stock
7561,53,169,453,73,2025-12-09,In Stock
8097,20,6,312,34,2026-01-19,In Stock
785,34,993,400,48,2026-01-22,In Stock
12250,82,778,414,18,2026-07-28,In Stock
1410,73,322,24,44,2025-10-14,Low Stock
10730,30,622,383,63,2025-09-18,In Stock
16539,24,929,245,57,2026-01-01,In Stock
3010,28,121,95,97,2026-05-23,Low Stock
18071,85,376,60,67,2025-10-29,Low Stock
11094,89,759,234,92,2025-12-30,In Stock
4015,84,17709,475,32,2025-07-18,In Stock
7456,43,120,320,53,2025-06-27,In Stock
12914,38,89,305,45,,In Stock
3864,34,348,104,19,2024-02-06,In Stock
19118,15,133,180,42,2024-09-24,In Stock
1896,69,250,359,17,2025-05-01,In Stock
5443,31,168,111,26,2027-05-21,In Stock
570,67,697,242,54,2024-08-10,In Stock
1817,23,433,283,10,2026-05-17,In Stock
19779,2,320,110,74,2025-10-15,In Stock
19712,40,969,464,82,2026-04-30,In Stock
14971,20,41,454,42,2025-06-03,In Stock
6103,85,500,70,89,2024-08-18,Low Stock
2976,85,526,285,91,2025-05-07,In Stock
17365,56,730,154,14,2024-08-18,In Stock
10493,59,221,155,24,2024-11-07,In Stock
191,11,575,308,86,2025-08-16,In Stock
700,71,957,335,78,2026-03-26,In Stock
2196,19,762,385,30,2024-06-30,In Stock
16991,92,669,498,74,2024-01-09,In Stock
12469,41,628,348,95,2025-06-10,In Stock
302,81,991,295,89,,In Stock
3421,47,74,351,20,2024-06-22,In Stock
18712,84,693,213,19,2024-07-30,In Stock
1061,63,142,1,76,2025-11-17,Low Stock
14435,58,626,284,54,2024-01-06,In Stock
10758,39,490,84,54,2026-01-07,In Stock
3445,73,116,104,20,2025-12-03,In Stock
17454,46,582,286,80,2024-05-21,In Stock
10717,48,974,106,65,2025-02-04,In Stock
18590,14,737,83,76,2026-05-17,In Stock
8209,83,440,449,47,2026-01-23,In Stock
7680,51,474,1,81,2026-03-19,Low Stock
11313,96,924,270,28,2025-08-11,In Stock
4643,47,751,398,90,2025-06-16,In Stock
12947,96,897,352,20,2025-09-21,In Stock
9008,6,922,276,88,,In Stock
7997,69,307,386,28,2024-10-28,In Stock
5601,39,72,445,81,2024-11-02,In Stock
9152,16,89,260,11,2025-09-20,In Stock
7023,67,606,302,25,2027-06-15,In Stock
15637,68,552,147,60,2026-04-23,In Stock
16610,24,699,53,39,2025-05-09,In Stock
19739,61,472,419,97,2024-11-28,In Stock
5896,27,344,145,26,2024-03-27,In Stock
10678,29,958,8,36,2025-02-23,Low Stock
8755,70,999,244,38,2024-02-22,In Stock
3437,99,699,38,-5,2025-11-23,In Stock
14566,89,974,111,72,2027-07-01,In Stock
14374,49,175,314,95,2025-12-05,In Stock
18078,79,993,466,74,2024-08-10,In Stock
6894,60,891,289,87,2026-07-14,In Stock
17430,38,268,276,74,2024-07-23,In Stock
19831,79,642,419,81,2024-08-18,In Stock
12758,94,418,172,22,2024-08-13,In Stock
8051,9,328,280,98,2025-01-04,In Stock
9147,48,966,432,14,2026-05-28,In Stock
4556,26,615,121,80,2025-08-23,In Stock
11297,59,450,261,23,2025-12-11,In Stock
4736,2,318,378,25,2024-07-18,In Stock
1219,12,115,389,82,2026-02-07,In Stock
13447,28,155,207,25,2025-06-28,In Stock
3988,56,763,303,67,2024-05-24,In Stock
5700,73,404,199,92,2024-10-05,In Stock
13993,18,703,214,66,2024-05-21,In Stock
17341,32,370,216,15,2024-09-02,In Stock
2870,12,130,84,53,2024-06-13,In Stock
11970,30,602,161,79,2025-08-04,In Stock
14208,97,739,72,71,2025-05-28,In Stock
2962,56,819,449,100,2024-06-01,In Stock
14173,17,336,493,33,2025-05-13,In Stock
2201,7,368,73,14,2024-08-30,In Stock
16483,46,782,144,21,2026-05-06,In Stock
5593,9,277,471,16,2026-02-14,In Stock
2558,20,52,200,51,2026-03-27,In Stock
15587,40,745,92,49,2026-02-06,In Stock
9638,44,553,348,67,2024-08-08,In Stock
5540,76,924,135,46,2024-03-11,In Stock
18033,87,282,300,66,2024-10-10,In Stock
12875,81,540,380,29,2026-02-20,In Stock
12184,38,239,437,69,2025-02-12,In Stock
6296,68,622,208,53,2026-01-17,In Stock
4500,22,377,228,19,2025-01-10,In Stock
1155,51,442,197,24,2025-10-25,In Stock
18640,25,768,278,32,2024-07-09,In Stock
15152,35,855,27,96,2024-07-02,Low Stock
9875,97,169,144,92,2026-05-11,In Stock
19555,13,91,135,56,2025-03-28,In Stock
7401,85,770,397,53,2025-08-11,In Stock
10249,39,259,98,24,2025-05-28,In Stock
7159,19,366,248,55,2024-12-28,In Stock
19493,87,835,260,41,2025-02-25,In Stock
14590,24,10,255,80,2025-04-14,In Stock
5424,84,687,259,17,2024-06-21,In Stock
2050,56,285,113,57,2025-01-05,In Stock
13169,71,599,305,62,2026-04-11,In Stock
11836,84,915,71,61,2024-03-26,In Stock
16372,98,101,318,32,2025-06-01,In Stock
9209,68,959,61,67,2025-06-05,Low Stock
14076,26,922,173,86,2025-03-04,In Stock
16647,74,829,161,57,2026-05-12,In Stock
14487,1,961,406,29,2024-10-01,In Stock
14258,94,27,195,96,2025-08-25,In Stock
6617,29,962,180,-5,2025-06-19,In Stock
8121,51,830,500,37,2024-03-23,In Stock
8156,72,546,35,-5,2025-04-23,In Stock
1803,50,677,99,10,2026-07-23,In Stock
4737,53,627,37,34,2024-02-11,In Stock
11112,97,699,175,53,2026-02-16,In Stock
2386,5,371,64,26,2026-06-03,In Stock
5760,89,847,288,41,,In Stock
18344,85,936,463,88,2024-04-30,In Stock
19361,81,36,92,47,2026-07-28,In Stock
8681,53,281,297,85,2024-08-25,In Stock
18228,92,317,154,64,2025-05-19,In Stock
1735,59,931,201,25,2024-05-24,In Stock
2912,95,475,48,73,2025-02-20,Low Stock
11412,80,31,463,71,2024-11-05,In Stock
8339,76,491,144,99,2025-01-04,In Stock
1987,16,503,59,34,2025-12-10,In Stock
6547,74,918,346,93,2025-11-29,In Stock
14244,25,67,466,99,2024-08-02,In Stock
2812,67,687,204,78,2026-05-07,In Stock
17044,21,406,405,15,2025-10-02,In Stock
15709,8,510,269,81,2025-08-15,In Stock
18896,17,243,181,62,2025-04-15,In Stock
11590,93,736,289,43,2025-10-19,In Stock
9340,69,279,78,33,2026-04-24,In Stock
15088,82,762,80,70,2025-06-02,In Stock
11775,91,49,427,36,2025-07-03,In Stock
1931,68,32,49,60,2026-06-25,Low Stock
198,64,69,241,46,2026-08-08,In Stock
7778,30,555,243,36,2025-03-19,In Stock
19316,47,736,180,28,2025-10-16,In Stock
8005,10,46,480,72,2025-02-20,In Stock
2328,74,248,194,39,2024-10-11,In Stock
4390,98,83,28,20,2025-12-24,In Stock
12689,21,792,-50,77,,Out of Stock
11448,86,708,446,54,2025-08-13,In Stock
203,71,595,209,22,2024-08-25,In Stock
19895,35,874,389,90,2025-09-02,In Stock
4932,100,445,105,15,2024-09-11,In Stock
5792,16,115,162,27,2025-11-26,In Stock
18092,80,355,52,98,2024-06-12,Low Stock
13950,96,208,274,46,2024-11-17,In Stock
7393,49,514,312,77,2026-02-23,In Stock
5856,86,220,417,77,2025-12-27,In Stock
855,93,408,184,87,2024-07-24,In Stock
13878,61,707,1,73,2026-12-04,Low Stock
14556,38,619,385,92,2025-07-13,In Stock
4738,77,64,294,95,2026-05-10,In Stock
17083,34,884,6,46,2024-04-21,Low Stock
11519,56,281,409,50,2025-11-28,In Stock
1637,27,968,74,42,2025-01-19,In Stock
11650,88,665,92,18,2025-05-02,In Stock
19966,14,601,316,37,2024-07-24,In Stock
17676,75,876,-10,69,2024-05-11,Out of Stock
6586,23,982,227,20,2025-09-22,In Stock
13809,21,55,138,81,2026-06-11,In Stock
18238,1080,973,232,98,2025-07-08,In Stock
17277,1310,2,394,85,2025-12-27,In Stock
3305,74,460,304,21,2025-09-28,In Stock
17880,19,579,408,69,2025-02-26,In Stock
7995,5,719,450,77,2024-09-21,In Stock
1999,37,502,308,74,2024-06-17,In Stock
664,49,239,469,66,2024-01-26,In Stock
13546,28,43,464,29,2025-08-20,In Stock
3749,27,280,337,13,2025-05-05,In Stock
5531,71,126,202,71,2024-05-29,In Stock
7527,68,949,199,50,2025-08-17,In Stock
9475,66,412,83,64,2026-03-06,In Stock
6777,44,12482,352,69,2024-11-23,In Stock
1307,77,443,207,52,2025-10-01,In Stock
11495,69,699,271,85,2024-12-07,In Stock
15708,90,556,296,95,2025-08-08,In Stock
10231,98,307,216,59,,In Stock
18048,38,729,496,79,2025-02-23,In Stock
10174,95,76,263,37,2026-01-30,In Stock
16158,19,368,427,84,2025-11-17,In Stock
3628,31,43,104,25,2024-10-13,In Stock
13932,20,803,296,70,2025-02-28,In Stock
2694,34,686,371,82,2024-11-25,In Stock
11253,39,277,297,92,2025-02-09,In Stock
16313,32,378,470,48,2024-05-25,In Stock
9790,19,283,449,44,2026-06-24,In Stock
10922,67,802,312,26,2026-06-15,In Stock
10818,87,402,133,55,2026-10-29,In Stock
19542,9,432,373,21,2024-01-05,In Stock
9915,62,362,101,91,2025-02-05,In Stock
16199,67,433,460,26,2024-12-15,In Stock
1060,26,279,332,33,2025-11-10,In Stock
19627,59,490,305,88,2024-09-21,In Stock
1679,99,407,148,95,2025-05-29,In Stock
6375,71,667,105,16,2025-02-02,In Stock
7575,75,930,225,74,2026-05-06,In Stock
14821,77,392,130,35,2024-04-15,In Stock
18142,6,375,46,46,2026-03-22,Low Stock
12384,58,10551,469,16,2024-04-12,In Stock
8756,23,585,400,100,2026-03-31,In Stock
19175,70,661,332,100,2026-01-17,In Stock
17248,37,959,248,47,2024-09-23,In Stock
15935,2,890,327,31,2024-07-11,In Stock
17869,20,448,153,22,2025-02-24,In Stock
207,21,486,167,74,2024-02-17,In Stock
12686,63,48,306,82,2026-02-20,In Stock
6911,94,485,251,-5,2025-03-28,In Stock
503,86,499,162,42,2024-11-30,In Stock
17413,33,721,140,47,2026-01-29,In Stock
219,41,904,498,57,2026-03-01,In Stock
13774,63,903,347,53,,In Stock
8111,73,233,80,39,2024-02-04,In Stock
14949,46,58,466,55,2024-10-31,In Stock
5057,75,449,31,86,2026-10-25,Low Stock
9763,1424,271,32,69,2026-07-20,Low Stock
10966,40,135,286,14,2026-05-20,In Stock
19116,5,981,95,93,2025-10-27,In Stock
14040,28,728,376,15,2024-07-03,In Stock
11838,42,515,-10,52,2025-03-13,Out of Stock
2455,94,791,458,0,2025-11-11,In Stock
19489,40,556,291,30,2027-06-27,In Stock
15266,13,803,1,37,2026-02-05,Low Stock
13068,36,157,130,82,2024-05-17,In Stock
8393,35,659,91,29,2025-04-10,In Stock
19484,72,946,307,78,2025-03-04,In Stock
6185,16,327,233,18,2024-09-30,In Stock
3562,21,956,251,44,2025-05-30,In Stock
5893,33,193,131,24,2025-04-06,In Stock
12667,92,429,93,54,2024-05-04,In Stock
13987,14,386,484,12,2024-04-24,In Stock
392,36,555,146,20,2025-06-07,In Stock
6737,1,514,265,55,2024-08-20,In Stock
5259,50,3,299,76,2024-12-19,In Stock
15423,46,711,456,17,2024-03-26,In Stock
2696,30,508,134,24,2024-03-15,In Stock
2028,42,248,242,75,2026-03-27,In Stock
2569,63,432,102,36,2025-01-04,In Stock
8007,72,553,269,45,2024-04-06,In Stock
16217,36,974,303,63,2025-06-29,In Stock
16449,51,340,418,68,2025-11-24,In Stock
18447,62,858,438,12,2024-04-21,In Stock
5277,82,534,280,78,2025-01-27,In Stock
7209,2,848,250,16,2024-11-27,In Stock
8572,20,974,457,60,2025-07-03,In Stock
6332,21,185,334,96,2026-04-07,In Stock
12186,77,393,414,55,2025-12-04,In Stock
9269,68,561,242,98,2025-02-05,In Stock
17263,85,940,271,50,2025-10-01,In Stock
8530,95,320,474,68,2025-06-16,In Stock
1017,9,496,418,43,2025-12-05,In Stock
7630,90,502,446,100,2025-08-07,In Stock
11535,49,68,340,75,2025-10-06,In Stock
996,84,627,53,17,2024-07-10,In Stock
4298,17,629,346,56,2026-06-03,In Stock
162,33,18,345,63,2025-06-26,In Stock
5676,73,457,379,11,2024-06-08,In Stock
6874,19,744,58,51,2025-04-10,In Stock
12991,76,883,293,11,2026-02-10,In Stock
9693,72,281,129,28,2026-02-16,In Stock
7990,53,161,276,59,2026-03-14,In Stock
15730,97,508,36,54,2024-09-06,Low Stock
13418,57,81,97,63,2025-06-21,In Stock
10806,48,952,275,70,2025-03-16,In Stock
11654,54,707,59,34,2025-08-16,In Stock
1022,7,144,140,31,2024-07-24,In Stock
19458,93,333,485,56,2025-11-28,In Stock
3944,57,361,167,24,2024-03-13,In Stock
1586,100,572,160,20,2025-03-20,In Stock
3153,83,559,435,51,2026-03-04,In Stock
14542,75,638,233,73,2026-07-02,In Stock
8227,92,646,459,14,2025-07-06,In Stock
12207,43,907,62,75,2025-08-29,Low Stock
17160,82,265,414,42,2024-05-02,In Stock
15788,20,490,278,36,2024-04-02,In Stock
2613,77,792,417,42,2024-07-17,In Stock
11017,41,522,138,32,2024-10-10,In Stock
10234,84,127,-1,60,2025-06-27,Out of Stock
8434,7,929,76,20,2025-04-22,In Stock
10254,46,276,276,84,2026-03-28,In Stock
10556,72,387,62,99,,Low Stock
8793,97,303,188,93,2025-04-17,In Stock
10628,28,579,4,24,2024-12-30,Low Stock
14503,47,126,38,77,2025-10-16,Low Stock
8839,49,898,335,50,2025-05-10,In Stock
3891,75,60,304,97,2025-04-07,In Stock
3557,60,843,123,46,2025-12-05,In Stock
11395,3,610,174,56,2024-09-17,In Stock
17913,5,564,394,99,2024-08-03,In Stock
1268,18,334,87,59,2024-09-20,In Stock
1900,99,530,160,31,2025-05-29,In Stock
3006,72,851,64,23,2025-09-18,In Stock
19119,77,249,224,28,2026-04-02,In Stock
190,65,598,83,18,2025-09-25,In Stock
2748,70,931,212,94,2024-11-18,In Stock
18432,100,80,328,13,2025-05-15,In Stock
18943,89,72,453,-5,2025-04-29,In Stock
8667,9,708,174,93,2025-12-20,In Stock
6397,85,674,25,95,2024-07-15,Low Stock
19770,96,1000,469,88,2025-08-11,In Stock
17569,10,677,346,37,2025-08-03,In Stock
6421,67,389,173,73,2025-05-22,In Stock
5052,40,344,288,64,2025-05-14,In Stock
5312,38,248,406,23,2024-08-20,In Stock
2434,72,607,80,35,2025-11-02,In Stock
770,43,6,222,93,2026-03-24,In Stock
1686,79,139,494,45,2024-05-01,In Stock
8323,98,319,417,66,2026-08-13,In Stock
16024,65,513,250,79,2024-07-20,In Stock
11364,3,607,297,66,2025-10-06,In Stock
14424,71,422,439,50,,In Stock
4427,79,936,13,92,2025-02-18,Low Stock
16851,38,8,458,79,2024-07-26,In Stock
6266,51,525,485,96,2025-05-14,In Stock
11285,32,12674,174,100,2025-04-20,In Stock
11965,21,253,50,33,2024-09-29,In Stock
5391,36,15650,90,37,2024-03-19,In Stock
861,59,76,295,54,2024-04-12,In Stock
15796,66,840,158,80,2026-03-09,In Stock
